smiles,pubchem_compound_id,pubchem_substance_id,pubchem_parent_compound_id,name,pubchem_name
,,,, 1st Precursur Intermediate to TDP 665759,
Cc1cc(Nc2ncc(F)c(N[C@H]3[C@@H](C(N)=O)[C@@H]4C=C[C@H]3C4)n2)ccc1N1CCN(C)CC1,11569967.0,,11569967.0, AS-703569 ,Cenisertib
CC(C)(C)c1cnc(CSc2cnc(NC(=O)C3CCNCC3)s2)o1,3025986.0,,3025986.0, BMS-387032,"N-(5-(((5-(1,1-Dimethylethyl)-2-oxazolyl)methyl)thio)-2-thiazolyl)-4-piperidinecarboxamide"
Cc1ccc(NC(=O)c2ccc(CN3CC[C@H](N(C)C)C3)c(C(F)(F)F)c2)cc1Nc1nccc(-c2cncnc2)n1,11387605.0,,11387605.0, CNS-9,Bafetinib
CC(C)(C)c1nc(-c2cccc(NS(=O)(=O)c3c(F)cccc3F)c2F)c(-c2ccnc(N)n2)s1,44462760.0,,44462760.0, Dabrafenib,Dabrafenib
Cc1ccc(Nc2nccc(N(C)c3ccc4c(C)n(C)nc4c3)n2)cc1S(N)(=O)=O,10113978.0,,10113978.0, Pazopanib,Pazopanib
,,,, ZIP-301,
CN1CCc2cc3c(cc2[C@H]1[C@@H]1OC(=O)c2c1ccc1c2OCO1)OCO3,10237.0,,10237.0,(+)-Bicuculline,Bicuculline
CC[C@@]1(O)C(=O)OCc2c1cc1n(c2=O)Cc2cc3ccccc3nc2-1,24360.0,,24360.0,(+)-Camptothecin,Camptothecin
O.Oc1cc(O)c2c(c1)O[C@H](c1ccc(O)c(O)c1)[C@@H](O)C2,107957.0,,9064.0,(+)-Catechin Hydrate,(+)-Catechin Hydrate
CC[C@H]1CN2CCc3cc(OC)c(OC)cc3[C@@H]2C[C@@H]1C[C@H]1NCCc2cc(OC)c(OC)cc21.Cl.Cl.O,201899.0,,10219.0,(+)-Emetine dihydrochloride hydrate,(+)-Emetine dihydrochloride hydrate
Cc1sc2c(c1C)C(c1ccc(Cl)cc1)=N[C@@H](CC(=O)OC(C)(C)C)c1nnc(C)n1-2,46907787.0,,46907787.0,(+)-JQ-1,JQ1 compound
Cc1sc2c(c1C)C(c1ccc(Cl)cc1)=N[C@@H](CC(=O)OC(C)(C)C)c1nnc(C)n1-2,46907787.0,,46907787.0,(+)-JQ1,JQ1 compound
O=C1CCC[C@@H]2[C@H]3CCCN4CCC[C@@H](CN12)[C@@H]34,91466.0,,91466.0,(+)-Matrine,Matrine
COc1ccc(C2=NC(c3ccc(Cl)cc3)C(c3ccc(Cl)cc3)N2C(=O)N2CCNC(=O)C2)c(OC(C)C)c1,216345.0,,216345.0,(+)-Nutlin-3,"4-(4,5-bis(4-chlorophenyl)-2-(2-isopropoxy-4-methoxyphenyl)-4,5-dihydro-1H-imidazole-1-carbonyl)piperazin-2-one"
CC[C@@H]1C(=O)OC[C@@H]1Cc1cncn1C.Cl,5909.0,,5910.0,(+)-Pilocarpine hydrochloride,Pilocarpine Hydrochloride
,46907787.0,,,(+)JQ1,JQ1 compound
Cc1ccc2c(c1)C(=O)C1(O)CCN(c3ccccc3)C1=N2,3476986.0,,3476986.0,(+/-)-BLEBBISTATIN,"1,2,3,3a-Tetrahydro-3a-hydroxy-6-methyl-1-phenyl-4H-pyrrolo(2,3-b)quinolin-4-one"
COc1ccc(C2=N[C@H](c3ccc(Cl)cc3)[C@H](c3ccc(Cl)cc3)N2C(=O)N2CCNC(=O)C2)c(OC(C)C)c1,16755649.0,,16755649.0,(+/-)-nutlin-3,nutlin-3B
C/C=C1/[C@H]2C=C(C)C[C@]1(N)c1ccc(=O)[nH]c1C2,907504.0,,907504.0,(-)-Huperzine A (HupA),(-)-Isoselagine
,,,,(-)-gallocatechin-3-monogallate,
COc1ccc(C2=N[C@@H](c3ccc(Cl)cc3)[C@@H](c3ccc(Cl)cc3)N2C(=O)N2CCNC(=O)C2)c(OC(C)C)c1,11433190.0,,11433190.0,(-)-nutlin-3,Nutlin 3
,46907787.0,,,(-)JQ1,JQ1 compound
COc1cc(O)c2c(c1)/C=C/C[C@H](O)[C@H](O)C(=O)/C=C\C[C@H](C)OC2=O,9863776.0,,9863776.0,(5Z)-7-OXOZEAENOL,(5Z)-7-Oxozeaenol
COc1cc(O)c2c(c1)/C=C/C[C@H](O)[C@H](O)C(=O)/C=C\C[C@H](C)OC2=O,9863776.0,,9863776.0,(5Z)-7-Oxozeaenol,(5Z)-7-Oxozeaenol
C=C(C)[C@H]1CC=C(C)CC1,440917.0,,440917.0,(R)-(+)-Limonene,(+)-Limonene
CNCC[C@@H](Oc1cccc2ccccc12)c1cccs1.Cl,23656722.0,,10334821.0,(R)-Duloxetine hydrochloride,"Duloxetine hydrochloride, (R)-"
COc1ccc2cc([C@@H](C)C(=O)O)ccc2c1,169118.0,,169118.0,(R)-Naproxen,"Naproxen, (-)-"
C[C@H](C(=O)O)c1cccc(C(=O)c2ccccc2)c1,667550.0,,667550.0,(S)-(+)-Ketoprofen,Dexketoprofen
,45358949.0,,25142181.0,(S)-Clopidogrel hydrogen sulfate,Clopidogrel-d3 hydrogen sulfate
CC(C)NC[C@H](O)COc1cccc2ccccc12.Cl,165193.0,,91536.0,(S)-propranolol hydrochloride,Levopropranolol hydrochloride
,168312271.0,,2405.0,(±)-Bisoprolol hemifumarate,Bisoprolol (hemifumarate)
O=C1Cc2c([nH]c3ccc(Br)cc23)-c2ncccc2N1,6538897.0,,6538897.0,1-Azakenpaullone,Azakenpaullone
,162623745.0,,126483021.0,1-Methyl-[D]-tryptophan,Ethyl leucyl-1-methyl-D-tryptophanate hydrochloride
Cn1cc(C[C@@H](N)C(=O)O)c2ccccc21,405012.0,,405012.0,1-methyl-D-tryptophan,Indoximod
,,,,1-methyl-D-tryptophan aq,
NC(=O)N1c2ccccc2CCc2ccccc21,19099.0,,19099.0,"10,11-Dihydrocarbamazepine","10,11-Dihydrocarbamazepine"
CC[C@@]1(O)C(=O)OCc2c1cc1n(c2=O)Cc2cc3cc(O)ccc3nc2-1,97226.0,,97226.0,10-Hydroxycamptothecin,Hydroxycamptothecin
CCc1ccc(/C=C2/SC(=S)NC2=O)cc1,1271002.0,,1271002.0,10058-F4,5-(4-Ethylbenzylidene)-2-thioxothiazolidin-4-one
O=[N+]([O-])c1ccc(Nc2ccccc2-c2ccccc2)c2nonc12,2836600.0,,2836600.0,10074-G5,"4-nitro-N-(2-phenylphenyl)-2,1,3-benzoxadiazol-7-amine"
,138686260.0,,,1074,"US10544143, Example 1074"
,26570.0,,,1092,Oms 1092
,16156783.0,,,1240,"11,40-Diazatetratriacontacyclo[18.13.13.1240,41.74,12.617,44.219,46.228,45.114,25.130,43.05,10.016,24.018,23.022,27.032,42.034,39.111,67.013,65.015,64.021,50.026,73.029,74.031,75.033,77.047,52.048,55.049,57.051,58.053,59.054,62.056,63.060,68.061,66.070,72.071,76]octaheptaconta-1(33),2,4(77),5,7,9,12(71),13(65),14(70),15,17(56),18,20(46),21,23,25,27,29(74),30(57),31,34,36,38,41(58),42,44,47,49,51,53(59),54,60(68),61,63,66,72,75-heptatriacontaene-69,78-dione"
CCCCC/C=C/C=C1/C(=O)C=C[C@@H]1C/C=C\CCCC(=O)O,5311211.0,,5311211.0,15D-PGJ2,"15-Deoxy-delta12,14-prostaglandin"
,,,,16-BETA-BROMOANDROSTERONE,
,,,,16-beta-bromoandrosterone,
CCC(=O)O[C@]1(C(=O)CO)CC[C@H]2[C@@H]3CCC4=CC(=O)CC[C@]4(C)[C@H]3CC[C@@]21C,11750009.0,,11750009.0,17 alpha-propionate,Clascoterone
C=CCNC1=C2C[C@@H](C)C[C@H](OC)[C@H](O)[C@@H](C)/C=C(\C)[C@H](OC(N)=O)[C@@H](OC)/C=C\C=C(/C)C(=O)NC(=CC1=O)C2=O,6505803.0,,6505803.0,17-AAG,Tanespimycin
C=CCNC1=C2C[C@@H](C)C[C@H](OC)[C@H](O)[C@@H](C)/C=C(\C)[C@H](OC(N)=O)[C@@H](OC)/C=C\C=C(/C)C(=O)NC(=CC1=O)C2=O,6505803.0,,6505803.0,17-AAG (Tanespimycin),Tanespimycin
CCC(=O)Oc1ccc2c(c1)CC[C@@H]1[C@@H]2CC[C@]2(C)[C@@H](OC(=O)CC)CC[C@@H]12,8225.0,,8225.0,"17-Beta-Estradiol-3,17-Dipropionate",Estradiol Dipropionate
CO[C@H]1/C=C\C=C(/C)C(=O)NC2=CC(=O)C(NCCN(C)C)=C(C[C@@H](C)C[C@H](OC)[C@H](O)[C@@H](C)/C=C(\C)[C@@H]1OC(N)=O)C2=O,5288674.0,,5288674.0,17-DMAG,Alvespimycin
C[C@]12CCC(=O)C=C1CC[C@@H]1[C@@H]2CC[C@@]2(C)[C@H]1CC[C@]2(C)O,6010.0,,6010.0,17-Methyltestosterone,Methyltestosterone
C=CCNC1=C2C[C@@H](C)C[C@H](OC)[C@H](O)[C@@H](C)/C=C(\C)[C@H](OC(N)=O)[C@@H](OC)/C=C\C=C(/C)C(=O)NC(=CC1=O)C2=O,6505803.0,,6505803.0,17AAG,Tanespimycin
,1750826.0,275361737.0,,"1S,3R-RSL-3","methyl (1S,3R)-2-(2-chloroacetyl)-1-(4-methoxycarbonylphenyl)-1,3,4,9-tetrahydropyrido[3,4-b]indole-3-carboxylate"
O=c1ccn([C@H]2C[C@H](O)[C@@H](CO)O2)c(=O)[nH]1,13712.0,,13712.0,2'-Deoxyuridine,Deoxyuridine
,,,,"2,4-dideoxy-DC-45-A2",
Nc1ccccc1S(N)(=O)=O,72894.0,,72894.0,2-Aminobenzenesulfonamide,2-Aminobenzenesulfonamide
NCCS,6058.0,,6058.0,2-Aminoethanethiol,Cysteamine
Nc1nc(F)nc2c1ncn2[C@@H]1O[C@H](CO)[C@@H](O)[C@H]1O,8975.0,,8975.0,2-Fluoroadenosine,2-Fluoroadenosine
O=C(O)c1cc(NCc2cc(O)ccc2O)ccc1O,3896.0,,3896.0,"2-Hydroxy-5-(2,5-dihydroxybenzylamino)benzoic acid",Lavendustin C
C[n+]1ccccc1/C=N/O.Cl,135705239.0,,135398747.0,2-Pyridinealdoxime methochloride,2-Pyridinealdoxime methochloride
COc1cc2c(cc1O)CC[C@@H]1[C@@H]2CC[C@]2(C)[C@@H](O)CC[C@@H]12,66414.0,,66414.0,2-methoxyestradiol,2-Methoxyestradiol
COc1cc2c(cc1O)CC[C@@H]1[C@@H]2CC[C@]2(C)[C@@H](O)CC[C@@H]12,66414.0,,66414.0,2-methoxyestradiol ,2-Methoxyestradiol
,53469860.0,,53389303.0,2104,"18a,21a,22,25,50a,53a,54,57,86,89-Decaoxa-2a,5a,6,9,12a,15a,16,19,24a,28,31,38,41,47a,48,51,56a,60,62a,63,63a,66a,67a,70,70a,73,78a,79a,83,92-triacontazahenicosacyclo[156.2.2.24,7.28,11.214,17.230,33.236,39.240,43.246,49.262,65.268,71.272,75.278,81.294,97.2100,103.2104,107.2110,113.2126,129.2132,135.2136,139.2142,145]dicta-a(1a),b(99a),1(61a),2a(3a),4,4a(5a),6,6a(7a),8,10,10a(11a),12a(13a),14,14a(15a),16,18,24a(25a),26a(70a),27a(28a),28,29a(69a),30,32,32a(68a),33a(34a),35a(67a),36,36a(66a),37a(38a),38,39a(65a),40,42,42a(64a),43a(44a),45a(63a),46,46a(47a),48,50,56a(57a),58a(62a),59a(60a),60,62,64,68,70,71a(72a),72,73a(74a),74,75a(76a),77a(97),78(80a),78a(94),79,79a(81),81a(82a),82,83a(84a),85a(86a),87a(88a),89a(90a),91a(92a),92,93a(94a),95,95a(96a),97a(98a)-heptacontaene;pentakis(iron(2+))"
,2150.0,,,2150,Aminomethylenecarbonylaminodi(ethyloxy)ethylaminocarbonylbenzenesulfonamide
,,7885162.0,,2DG,2-DEOXY-BETA-D-GALACTOSE
,,,,2nd Precursur Intermediate to TDP 665759,
NC(=S)N/N=C/c1ncccc1N,9571836.0,,9571836.0,3-AP,Triapine
O=C(O)C(=O)CBr,70684.0,,70684.0,3-Bromopyruvic acid,Bromopyruvic Acid
O=C(O)/C=C/c1ccc(-c2ccc(O)c(C34CC5CC(CC(C5)C3)C4)c2)c(Cl)c1,9866186.0,,9866186.0,3-Cl-AHPC,3-Cl-AHPC
Cn1cnc(=N)c2[nH]cnc21,135398661.0,,135398661.0,3-MA,3-Methyladenine
Cn1cnc(=N)c2[nH]cnc21,135398661.0,,135398661.0,3-Methyladenine,3-Methyladenine
N[C@@H](CCl)C(=O)O,439772.0,,439772.0,3-chloro-L-alanine,3-chloro-L-alanine
Cc1c(N)c(=O)n(-c2ccccc2)n1C,2151.0,,2151.0,4-Aminoantipyrine,4-Aminoantipyrine
Nc1ccncc1,1727.0,,1727.0,4-Aminopyridine,4-Aminopyridine
O=C(O)Cc1ccc(-c2ccccc2)cc1,3332.0,,3332.0,4-Biphenylacetic acid,Felbinac
Cc1c(O)c(=O)n(-c2ccccc2)n1C,98889.0,,98889.0,4-Hydroxyantipyrine,4-Hydroxyantipyrine
Cc1cn[nH]c1,3406.0,,3406.0,4-Methylpyrazole,4-Methylpyrazole
Cc1cc(=O)oc2cc(O)ccc12,5280567.0,,5280567.0,4-Methylumbelliferone (4-MU),4-Methylumbelliferone
CC/C(=C(\c1ccc(O)cc1)c1ccc(OCCN(C)C)cc1)c1ccccc1,449459.0,,449459.0,4-hydroxytamoxifen,4-Hydroxytamoxifen
,,,,4-methylfasudil,
O=C(O)/C(Cc1ccccc1[N+](=O)[O-])=N/Nc1nc(-c2ccc(Cl)c(Cl)c2)cs1,5717952.0,,5717952.0,4EGI-1,"(2E)-2-[[4-(3,4-dichlorophenyl)-1,3-thiazol-2-yl]hydrazinylidene]-3-(2-nitrophenyl)propanoic acid"
Cn1cc(-c2ccc(S(=O)(=O)n3ccc(/C=C/C(=O)Nc4ccccc4N)c3)cc2)cn1,15985904.0,,15985904.0,4SC-202 ,Domatinostat
,3165.0,,,"5,6-dichloro-1-?-D-ribofuranosylbenzimidazole","5,6-Dichloro-1-beta-D-ribofuranosylbenzimidazole"
CC(=O)c1ccc(O)c(C(=O)O)c1,83151.0,,83151.0,5-Acetylsalicylic acid,5-Acetylsalicylic acid
Cl.NCC(=O)CCC(=O)O,123608.0,,137.0,5-Aminolevulinic acid hydrochloride,Aminolevulinic Acid Hydrochloride
Nc1ncn([C@@H]2O[C@H](CO)[C@@H](O)[C@H]2O)c(=O)n1,9444.0,,9444.0,5-Azacitidine,Azacytidine
Nc1ncn([C@@H]2O[C@H](CO)[C@@H](O)[C@H]2O)c(=O)n1,9444.0,,9444.0,5-Azacytidine,Azacytidine
O=c1[nH]cc(F)c(=O)[nH]1,3385.0,,3385.0,5-FLUOROURACIL,5-Fluorouracil
O=c1[nH]cc(F)c(=O)[nH]1,3385.0,,3385.0,5-FU,5-Fluorouracil
O=c1[nH]cc(F)c(=O)[nH]1,3385.0,,3385.0,5-Fluorouracil,5-Fluorouracil
CCCCCCCCCOc1ccc2[nH]cc(CCN)c2c1.O=C(O)C(=O)O,10126593.0,,1797.0,5-Nonyloxytryptamine oxalate,5-Nonyloxytryptamine oxalate
O=c1[nH]cc(F)c(=O)[nH]1,3385.0,,3385.0,5-fu,5-Fluorouracil
NC(Cc1c[nH]c2ccc(O)cc12)C(=O)O,144.0,,144.0,5-hydroxytryptophan (5-HTP),(+-)-5-Hydroxytryptophan
O=c1[nH]cc(F)c(=O)[nH]1,3385.0,,3385.0,5FU,5-Fluorouracil
O=c1[nH]cc(F)c(=O)[nH]1,3385.0,,3385.0,5fu,5-Fluorouracil
NCCCCCC(=O)O,564.0,,564.0,6-Aminocaproic acid,6-Aminohexanoic Acid
S=c1nc[nH]c2nc[nH]c12,667490.0,,667490.0,6-Mercaptopurine,6-Mercaptopurine
O.S=c1nc[nH]c2nc[nH]c12,2724350.0,,667490.0,6-Mercaptopurine monohydrate,6-Mercaptopurine Monohydrate
Nc1nc(=S)c2[nH]cnc2[nH]1,2723601.0,,2723601.0,6-Thioguanine,Thioguanine
O=c1cnn([C@@H]2O[C@H](CO)[C@@H](O)[C@H]2O)c(=O)[nH]1,5901.0,,5901.0,6-azauridine,6-Azauridine
,681640.0,,,681640,1-Cyclohexyl-3-[[(2~{r})-Oxolan-2-Yl]methyl]urea
O=c1cc(-c2ccccc2)oc2c(O)c(O)ccc12,1880.0,,1880.0,"7,8-Dihydroxyflavone","7,8-Dihydroxyflavone"
CCc1c2c(nc3ccc(O)cc13)-c1cc3c(c(=O)n1C2)COC(=O)[C@]3(O)CC,104842.0,,104842.0,7-Ethyl-10-hydroxycamptothecin,7-Ethyl-10-Hydroxycamptothecin
Nc1nc2n[nH]nc2c(=O)[nH]1,135403646.0,,135403646.0,8-Azaguanin,8-Azaguanine
CCCCCCCCCCCCSc1nc2c([nH]1)c(=O)n(C)c(=O)n2C,253871.0,,253871.0,"8-DODECYLSULFANYL-1,3-DIMETHYL-7H-PURINE-2,6-DIONE","8-dodecylsulfanyl-1,3-dimethyl-7H-purine-2,6-dione"
COc1c2occc2cc2ccc(=O)oc12,4114.0,,4114.0,8-Methoxypsoralen,8-Methoxypsoralen
Nc1ncnc2c1nc(N)n2[C@@H]1O[C@H](CO)[C@@H](O)[C@H]1O,96851.0,,96851.0,8-amino-adenosine,8-Aminoadenosine
Nc1ncnc2c1nc(Cl)n2[C@@H]1O[C@H](CO)[C@@H](O)[C@H]1O,147569.0,,147569.0,8-chloro-adenosine,8-Chloroadenosine
,59972331.0,,,968,"22-Hexyl-10,17,18,19,23,25,26,27,33,67,77,78,79,80-tetradecamethyl-49-[3,4,5,6-tetramethyl-7-(11,14,15-trimethyl-2-bicyclo[10.5.4]henicosanyl)heptan-2-yl]tetracosacyclo[27.10.10.1024,28.1043,46.79,42.011,20.015,35.016,34.036,48.040,45.041,44.968,74.367,76.043,53.044,52.045,51.054,59.055,58.056,65.057,62.057,64.058,61.059,60.063,66]octaoctacontane"
C[C@H](N=C(NC#N)Nc1cccc2ncccc12)c1ccccc1,53325874.0,,53325874.0,A 804598,A804598
CN(C)CC#Cc1ccc(OCCCc2sc(N3CCc4cccc(C(=O)Nc5nc6ccccc6s5)c4C3)nc2C(=O)O)c(F)c1,59447577.0,,59447577.0,A-1155463,A-1155463
Cc1nn(C)c(COc2ccc(N3CCN(S(=O)(=O)N(C)C)CC3)cc2)c1-c1cccc2c(CCCOc3cccc4ccccc34)c(C(=O)O)n(CCN3CCOCC3)c12,66575373.0,,66575373.0,A-1210477,A-1210477
Cc1c(-c2ccc(N3CCc4cccc(C(=O)Nc5nc6ccccc6s5)c4C3)nc2C(=O)O)cnn1CC12CC3CC(CC(C3)C1)C2,71565985.0,,71565985.0,A-1331852,A-1331852
COc1cc2c(cc1OCCCN1CCCC1)N=C(N)C21CCC1,76285486.0,,76285486.0,A-366,"5'-Methoxy-6'-(3-(pyrrolidin-1-yl)propoxy)spiro(cyclobutane-1,3'-indol)-2'-amine"
CN1CCN(C2CCC(n3cc(-c4ccc(Oc5ccccc5)cc4)c4c(N)ncnc43)CC2)CC1,6539952.0,,6539952.0,A-419259,"7-[trans-4-(4-Methylpiperazin-1-Yl)cyclohexyl]-5-(4-Phenoxyphenyl)-7h-Pyrrolo[2,3-D]pyrimidin-4-Amine"
,,,,"A-443654, KIN001-139",
CCn1c(=O)c2cc(C(N)=O)c(N)nc2n(C2CC2)c1=O,14998470.0,,14998470.0,A-484954,"7-Amino-1-cyclopropyl-3-ethyl-2,4-dioxo-1,2,3,4-tetrahydropyrido[2,3-d]pyrimidine-6-carboxamide"
Cc1[nH]nc2ccc(-c3cncc(OC[C@@H](N)Cc4ccccc4)c3)cc12,11314340.0,,11314340.0,A-674563,A-674563
N#Cc1c(O)c2c(-c3ccc(-c4ccccc4O)cc3)csc2[nH]c1=O,54708532.0,,54708532.0,A-769662,A-769662
,9549184.0,,,"A-770041, KIN001-111","1H-Indole-2-carboxamide, N-(4-(1-(trans-4-(4-acetyl-1-piperazinyl)cyclohexyl)-4-amino-1H-pyrazolo(3,4-d)pyrimidin-3-yl)-2-methoxyphenyl)-1-methyl-"
C[C@H](N=C(NC#N)Nc1cccc2ncccc12)c1ccccc1,53325874.0,,53325874.0,A-804598,A804598
Cc1cccc(-c2nn(C(=S)Nc3ccccc3)cc2-c2ccnc3ccccc23)n1,16218924.0,,16218924.0,A-83-01,A-83-01
CNc1ccc2oc(C[C@H]3O[C@@]4(CC[C@H]3C)O[C@H]([C@H](C)C(=O)c3ccc[nH]3)[C@H](C)C[C@H]4C)nc2c1C(=O)O,11957499.0,,11957499.0,A23187,Calcimycin
Cc1nc(NC(=O)N2CCC[C@H]2C(N)=O)sc1-c1csc(C(C)(C)C)n1,42636535.0,,42636535.0,A66,"(S)-N1-(2-(tert-butyl)-4'-methyl-[4,5'-bithiazol]-2'-yl)pyrrolidine-1,2-dicarboxamide"
,,516560761.0,,A770041,
,,131320118.0,,A832234,5927-18-4
CCCCC/C=C\C/C=C\C/C=C\C/C=C\CCCC(=O)C(F)(F)F,5280436.0,,5280436.0,AA-COCF3,"(6Z,9Z,12Z,15Z)-1,1,1-Trifluoro-6,9,12,15-heneicosatetraen-2-one"
Cc1ccc(NC(=O)c2ccc(CN3CCN(C)CC3)cc2)cc1Nc1nc(-c2cccnc2)cs1,10074640.0,,10074640.0,AB-1010,Masitinib
O=C(NCc1ccncc1)C12CC3CC(C1)CC(c1ccc(Cl)cc1)(C3)C2,15604015.0,,15604015.0,ABC294640,Opaganib
C[C@]12CC[C@H](O)CC1=CC[C@@H]1[C@@H]2CC[C@]2(C)C(c3cccnc3)=CC[C@@H]12,132971.0,,132971.0,ABIRATERONE,Abiraterone
CC1(C)CCC(CN2CCN(c3ccc(C(=O)NS(=O)(=O)c4ccc(NCC5CCOCC5)c([N+](=O)[O-])c4)c(Oc4cnc5[nH]ccc5c4)c3)CC2)=C(c2ccc(Cl)cc2)C1,49846579.0,,49846579.0,ABT-199,Venetoclax
CC1(C)CCC(CN2CCN(c3ccc(C(=O)NS(=O)(=O)c4ccc(NCC5CCOCC5)c([N+](=O)[O-])c4)c(Oc4cnc5[nH]ccc5c4)c3)CC2)=C(c2ccc(Cl)cc2)C1,49846579.0,,49846579.0,ABT-199 (GDC-0199),Venetoclax
CC1(C)CCC(c2ccc(Cl)cc2)=C(CN2CCN(c3ccc(C(=O)NS(=O)(=O)c4ccc(N[C@H](CCN5CCOCC5)CSc5ccccc5)c(S(=O)(=O)C(F)(F)F)c4)cc3)CC2)C1,24978538.0,,24978538.0,ABT-263,Abt 263
CC1(C)CCC(c2ccc(Cl)cc2)=C(CN2CCN(c3ccc(C(=O)NS(=O)(=O)c4ccc(N[C@H](CCN5CCOCC5)CSc5ccccc5)c(S(=O)(=O)C(F)(F)F)c4)cc3)CC2)C1,24978538.0,,24978538.0,ABT-263 (NAVITOCLAX),Abt 263
CC1(C)CCC(c2ccc(Cl)cc2)=C(CN2CCN(c3ccc(C(=O)NS(=O)(=O)c4ccc(N[C@H](CCN5CCOCC5)CSc5ccccc5)c(S(=O)(=O)C(F)(F)F)c4)cc3)CC2)C1,24978538.0,,24978538.0,ABT-263 (Navitoclax),Abt 263
Nc1ncc(-c2cnn(CCO)c2)c2scc(-c3ccc(NC(=O)Nc4cccc(F)c4)cc3)c12,46207586.0,,46207586.0,ABT-348,Ilorasertib
CN(C)CC[C@H](CSc1ccccc1)Nc1ccc(S(=O)(=O)NC(=O)c2ccc(N3CCN(Cc4ccccc4-c4ccc(Cl)cc4)CC3)cc2)cc1[N+](=O)[O-],11228183.0,,11228183.0,ABT-737,"4-(4-((4'-Chloro(1,1'-biphenyl)-2-yl)methyl)-1-piperazinyl)-N-((4-(((1R)-3-(dimethylamino)-1-((phenylthio)methyl)propyl)amino)-3-nitrophenyl)sulfonyl)benzamide"
CN(C)CC[C@H](CSc1ccccc1)Nc1ccc(S(=O)(=O)NC(=O)c2ccc(N3CCN(Cc4ccccc4-c4ccc(Cl)cc4)CC3)cc2)cc1[N+](=O)[O-],11228183.0,,11228183.0,ABT-737 ,"4-(4-((4'-Chloro(1,1'-biphenyl)-2-yl)methyl)-1-piperazinyl)-N-((4-(((1R)-3-(dimethylamino)-1-((phenylthio)methyl)propyl)amino)-3-nitrophenyl)sulfonyl)benzamide"
COc1ccc(S(=O)(=O)Nc2cccnc2Nc2ccc(O)cc2)cc1,3035714.0,,3035714.0,ABT-751,N-(2-((4-hydroxyphenyl)amino)-3-pyridinyl)-4-methoxybenzenesulfonamide
COc1ccc(S(=O)(=O)Nc2cccnc2Nc2ccc(O)cc2)cc1,3035714.0,,3035714.0,ABT-751 (E7010),N-(2-((4-hydroxyphenyl)amino)-3-pyridinyl)-4-methoxybenzenesulfonamide
Cc1ccc(F)c(NC(=O)Nc2ccc(-c3cccc4[nH]nc(N)c34)cc2)c1,11485656.0,,11485656.0,ABT-869,Linifanib
C[C@]1(c2nc3c(C(N)=O)cccc3[nH]2)CCCN1.Cl.Cl,45480520.0,,11960529.0,ABT-888,(R)-2-(2-methylpyrrolidin-2-yl)-1H-benzo(d)imidazole-4-carboxamide dihydrochloride
C[C@]1(c2nc3c(C(N)=O)cccc3[nH]2)CCCN1.Cl.Cl,45480520.0,,11960529.0,ABT888 hydrochloride,(R)-2-(2-methylpyrrolidin-2-yl)-1H-benzo(d)imidazole-4-carboxamide dihydrochloride
CCCCCCCCc1ccc(-c2ccc(C(=O)O)cc2)cc1,1714884.0,,1714884.0,AC 55649,AC55649
CC(C)(C)c1cc(NC(=O)Nc2ccc(-c3cn4c(n3)sc3cc(OCCN5CCOCC5)ccc34)cc2)no1,24889392.0,,24889392.0,AC-220,Quizartinib
Cc1c(NC(=O)OC[C@@H]2COCCN2)cn2ncnc(Nc3ccc4c(cnn4Cc4cccc(F)c4)c3)c12,10437018.0,,10437018.0,AC480,Bms-599626
Cc1c(NC(=O)OC[C@@H]2COCCN2)cn2ncnc(Nc3ccc4c(cnn4Cc4cccc(F)c4)c3)c12,10437018.0,,10437018.0,AC480 (BMS-599626),Bms-599626
CCCCCCCCc1ccc(-c2ccc(C(=O)O)cc2)cc1,1714884.0,,1714884.0,AC55649,AC55649
,8269.0,,,"ACETALAX, OXYPHENISATIN ACETATE",Oxyphenisatin Acetate
Cc1cc(NC(=O)NCCN2CCC(O)(Cc3ccccc3)CC2)c2ccccc2n1,10173280.0,,10173280.0,ACT 058362; Palosuran,Palosuran
,,,,ACT1-013,
O=C(CCCCCCNC(=O)c1cnc(N(c2ccccc2)c2ccccc2)nc1)NO,53340666.0,,53340666.0,ACY-1215,Ricolinostat
O=C(CCCCCCNC(=O)c1cnc(N(c2ccccc2)c2ccccc2Cl)nc1)NO,53340426.0,,53340426.0,ACY-241,Citarinostat
O=C(NO)c1cnc(NC2(c3ccccc3)CC2)nc1,57381425.0,,57381425.0,ACY-738,Acy-738
Nc1ncnc2c1ncn2[C@@H]1O[C@H](COP(=O)(O)OP(=O)(O)O)[C@@H](O)[C@H]1O,6022.0,,6022.0,ADP,5'-Adp
Nc1ncnc2c1c(-c1cccc(OCc3ccccc3)c1)cn2C1CC(CN2CCCC2)C1,9825149.0,,9825149.0,ADW-742,Nvp-adw742
O=C(c1ccc(F)cc1)N1CCC[C@H](c2nc(-c3ccc(F)cc3)no2)C1,11383075.0,,11383075.0,ADX 47273,Adx 47273
CN1CCN(c2nc(C3=C(c4c[nH]c5ccccc45)C(=O)NC3=O)c3ccccc3n2)CC1,10296883.0,,10296883.0,AEB-071,Sotrastaurin
CCN1CCN(Cc2ccc(-c3cc4c(N[C@H](C)c5ccccc5)ncnc4[nH]3)cc2)CC1,10297043.0,,10297043.0,AEE-788 ,"6-(4-((4-Ethyl-1-piperazinyl)methyl)phenyl)-N-((1R)-1-phenylethyl)-7H-pyrrolo(2,3-d)pyrimidin-4-amine"
CCN1CCN(Cc2ccc(-c3cc4c(N[C@H](C)c5ccccc5)ncnc4[nH]3)cc2)CC1,10297043.0,,10297043.0,AEE788,"6-(4-((4-Ethyl-1-piperazinyl)methyl)phenyl)-N-((1R)-1-phenylethyl)-7H-pyrrolo(2,3-d)pyrimidin-4-amine"
CCN1CCN(Cc2ccc(-c3cc4c(N[C@H](C)c5ccccc5)ncnc4[nH]3)cc2)CC1,10297043.0,,10297043.0,AEE788 (NVP-AEE788),"6-(4-((4-Ethyl-1-piperazinyl)methyl)phenyl)-N-((1R)-1-phenylethyl)-7H-pyrrolo(2,3-d)pyrimidin-4-amine"
NS(=O)(=O)c1nn2cc(-c3ccccc3)nc2s1,698112.0,,698112.0,AEG 3482,Aeg-3482
,155807259.0,,,AEG-40730 ,Aeg-40730 (iap)
Nc1ncnc2c1c(-c1cccc(OCc3ccccc3)c1)cn2C1CC(CN2CCC2)C1,11476171.0,,11476171.0,AEW-541,Nvp-aew541
Nc1ncnc2c1c(-c1cccc(OCc3ccccc3)c1)cn2C1CC(CN2CCC2)C1,11476171.0,,11476171.0,AEW541,Nvp-aew541
CN(C)C/C=C/C(=O)Nc1cc2c(Nc3ccc(F)c(Cl)c3)ncnc2cc1O[C@H]1CCOC1,10184653.0,,10184653.0,AFATINIB,Afatinib
CS(=O)(=O)O.CS(=O)(=O)O.Cc1c(F)c(N)c2c(=O)cc(-c3ccc(NC(=O)[C@@H](N)CCCCN)c(F)c3)oc2c1F,21144069.0,,396364.0,AFP-464,Afp-464
N#C/C(=C\c1ccc(O)c(O)c1)C(=O)NCc1ccccc1,5328779.0,,5328779.0,AG 490,AG-490
CNCc1ccc(-c2[nH]c3cc(F)cc4c3c2CCNC4=O)cc1.O=P(O)(O)O,9931953.0,,9931954.0,AG-014699,Rucaparib Phosphate
CC(C)(C)c1cc(C=C(C#N)C#N)cc(Br)c1O,2044.0,,2044.0,AG-1024,Tyrphostin AG 1024
CC(C)(C)c1cc(C=C(C#N)C#N)cc(Br)c1O,2044.0,,2044.0,AG-1024 ,Tyrphostin AG 1024
N#Cc1ccnc(N2C(=O)CC[C@H]2C(=O)N(c2cncc(F)c2)[C@H](C(=O)NC2CC(F)(F)C2)c2ccccc2Cl)c1,71657455.0,,71657455.0,AG-120,Ivosidenib
N#CC(C#N)=Cc1ccc([N+](=O)[O-])c(O)c1,2046.0,,2046.0,AG-126,AG 126
CN(C)Cc1ccc(-c2nc3cccc4c3n2CCNC4=O)cc1,9840076.0,,9840076.0,AG-14361,AG-14361
COc1cc2ncnc(Nc3cccc(Cl)c3)c2cc1OC,2051.0,,2051.0,AG-1478,"N-(3-Chlorophenyl)-6,7-dimethoxy-4-quinazolinamine"
COc1cc2ncnc(Nc3cccc(Cl)c3)c2cc1OC,2051.0,,2051.0,AG-1478 (Tyrphostin AG-1478),"N-(3-Chlorophenyl)-6,7-dimethoxy-4-quinazolinamine"
N#CC(C#N)=Cc1ccc(O)c(O)c1,2052.0,,2052.0,AG-18,Tyrphostin 23
Cc1cc(C(=O)N[C@@H](CCC(=O)O)C(=O)O)sc1CC[C@@H]1CNc2nc(N)[nH]c(=O)c2C1,135431074.0,,135431074.0,AG-2037,Pelitrexol
CC(C)(O)CNc1nc(Nc2ccnc(C(F)(F)F)c2)nc(-c2cccc(C(F)(F)F)n2)n1,89683805.0,,89683805.0,AG-221 (Enasidinib),Enasidenib
Cc1ccc2nc(N)[nH]c(=O)c2c1Sc1ccncc1,135400184.0,,135400184.0,AG-337;Nolatrexed dihydrochloride,Nolatrexed
N#C/C(=C\c1ccc(O)c(O)c1)C(=O)NCc1ccccc1,5328779.0,,5328779.0,AG-490,AG-490
N#C/C(=C\c1ccc(O)c(O)c1)C(=O)NCc1ccccc1,5328779.0,,5328779.0,AG-490 (Tyrphostin B42),AG-490
N#C/C(=C\c1ccc(O)c(O)c1)C(=O)Nc1ccccc1,5328771.0,,5328771.0,AG-494,AG 494
CNCc1ccc(-c2[nH]c3cc(F)cc4c3c2CCNC4=O)cc1.O=P(O)(O)O,9931953.0,,9931954.0,AG014699,Rucaparib Phosphate
CN(C)Cc1ccc(-c2nc3cccc4c3n2CCNC4=O)cc1,9840076.0,,9840076.0,AG14361,AG-14361
COc1cc2ncnc(Nc3cccc(Cl)c3)c2cc1OC,2051.0,,2051.0,AG1478,"N-(3-Chlorophenyl)-6,7-dimethoxy-4-quinazolinamine"
Cc1ccccc1C(C(=O)NC1CCCCC1)N(C(=O)Cn1ccnc1C)c1cccc(F)c1,56645356.0,,56645356.0,AGI-5198,Agi-5198
O=C(Nc1cccc(C(F)(F)F)c1)Nc1cc(S(=O)(=O)NC2CC2)ccc1-c1ccsc1,71299339.0,,71299339.0,AGI-6780,Agi-6780
N#C/C(=C\c1ccc(-c2cc(Cl)ccc2Cl)o1)C(=O)Nc1cccc2ncccc12,2130404.0,,2130404.0,AGK 2,Agk-2
N#C/C(=C\c1ccc(-c2cc(Cl)ccc2Cl)o1)C(=O)Nc1cccc2ncccc12,2130404.0,,2130404.0,AGK-2,Agk-2
NC(=O)c1ncn([C@@H]2O[C@H](COP(=O)(O)O)[C@@H](O)[C@H]2O)c1N,65110.0,,65110.0,AICAR,AICA Ribotide
NC(=O)c1ncn([C@@H]2O[C@H](CO)[C@@H](O)[C@H]2O)c1N,17513.0,,17513.0,AICAR (Acadesine),Acadesine
,17513.0,,,"AICAR, N1-(B-D-RIBOFURANOSYL)-5-AMINOIMIDAZOLE-4-CARBOXAMIDE",Acadesine
,,,,"AKT INHIBITOR VIII, KIN001-102",
CC[n+]1c(/C=C/N(C)c2ccccc2)n(-c2ccccc2)c2ccc(-c3nc4ccccc4s3)cc21.[I-],5719375.0,,2326992.0,AKT Inhibitor IV,5-(2-Benzothiazolyl)-3-ethyl-2-[2-(methylphenylamino)ethenyl]-1-phenyl-1H-benzimidazolium iodide
CCN(CC)CCCCN1c2ccccc2Oc2ccc(Cl)cc21.Cl,16760284.0,,10521421.0,AKT Inhibitor X,"4-(2-Chloro-10H-phenoxazin-10-yl)-N,N-diethylbutan-1-amine--hydrogen chloride (1/1)"
O=c1[nH]c2ccccc2n1C1CCN(Cc2ccc(-c3[nH]c4cc5ncnc5cc4nc3-c3ccccc3)cc2)CC1,135398501.0,,135398501.0,AKT inhibitor VIII,Akt inhibitor VIII
,71308451.0,,71308452.0,ALA hydrochloride,Arg-B-ala hydrochloride
CCc1cc2c(cc1N1CCC(N3CCOCC3)CC1)C(C)(C)c1[nH]c3cc(C#N)ccc3c1C2=O,49806720.0,,49806720.0,ALECTINIB,Alectinib
COc1cc(Nc2ncc3c(n2)-c2ccc(Cl)cc2C(c2c(F)cccc2OC)=NC3)ccc1C(=O)O,24771867.0,,24771867.0,ALISERTIB,Alisertib
O=c1[nH]cnc2[nH]ncc12,135401907.0,,135401907.0,ALLOPURINOL,Allopurinol
Cc1nc(NC(=O)N2CCC[C@H]2C(N)=O)sc1-c1ccnc(C(C)(C)C(F)(F)F)c1,56649450.0,,56649450.0,ALPELISIB,Alpelisib
CC1(C)CC[C@]2(C)CC[C@]3(C)C(=CC[C@@H]4[C@@]5(C)CC[C@@H](O)[C@](C)(C(=O)O)[C@@H]5CC[C@]43C)[C@@H]2C1,637234.0,,637234.0,ALPHA-BOSWELLIC ACID,alpha-Boswellic acid
CN(C)c1nc(N(C)C)nc(N(C)C)n1,2123.0,,2123.0,ALTRETAMINE,Altretamine
CN1CC[C@H](c2c(O)cc(O)c3c(=O)cc(-c4ccccc4Cl)oc23)[C@H](O)C1,5287969.0,,5287969.0,ALVOCIDIB,Alvocidib
Cc1ccc(C(=O)Nc2cccc(C(F)(F)F)c2)cc1Nc1cncc(C(N)=O)c1,24875320.0,,24875320.0,ALW-II-49-7,5-((2-Methyl-5-((3-(trifluoromethyl)phenyl)carbamoyl)phenyl)amino)pyridine-3-carboxamide
CC1(C)CCC(C)(C)c2cc(C(=O)Nc3ccc(C(=O)O)cc3)ccc21,2126.0,,2126.0,AM 580,Ro 40-6055
CN[C@@H]1C[C@H]2O[C@@](C)([C@@H]1OC)n1c3ccccc3c3c4c(c5c6ccccc6n2c5c31)C(=O)NC4,44259.0,,44259.0,AM-2282,Staurosporine
CC1(C)CCC(C)(C)c2cc(C(=O)Nc3ccc(C(=O)O)cc3)ccc21,2126.0,,2126.0,AM-580,Ro 40-6055
Cc1noc(-c2ccc(-c3ccc(CC(=O)[O-])cc3)cc2)c1NC(=O)O[C@H](C)c1ccccc1.[Na+],53303875.0,,46213949.0,AM095,"Sodium (R)-2-(4'-(3-methyl-4-(((1-phenylethoxy)carbonyl)amino)isoxazol-5-yl)-[1,1'-biphenyl]-4-yl)acetate"
Cc1c(C(=O)NN2CCOCC2)nn(-c2ccc(Cl)cc2Cl)c1-c1ccc(I)cc1,4302962.0,,4302962.0,AM281,AM 281
,,,,AMA404,
NCCCCN(Cc1nc2ccccc2[nH]1)[C@H]1CCCc2cccnc21,11256587.0,,11256587.0,AMD-070,Mavorixafor
Cc1ccccn1.N.[Cl-].[Cl-].[Pt+2],177358.0,,7975.0,AMD-473,Picoplatin
COCCOc1cnc2ccn([C@H](C)c3nnc4c(F)cc(-c5cnn(C)c5)cn34)c(=O)c2c1,44181686.0,,44181686.0,AMG 337,Amg-337
COc1ccc2c(OCc3nnc4ccc(-c5ccccc5)nn34)ccnc2c1,24864821.0,,24864821.0,AMG-208,Amg-208
CC(C)[C@@H](CS(=O)(=O)C(C)C)N1C(=O)[C@@](C)(CC(=O)O)C[C@H](c2cccc(Cl)c2)[C@H]1c1ccc(Cl)cc1,58573469.0,,58573469.0,AMG-232,Navtemadlin
,68947304.0,,,"AMG-319, AMG319",(alphaS)-7-Fluoro-alpha-methyl-N-9H-purin-6-yl-2-(2-pyridinyl)-3-quinolinemethanamine
COCCOc1cnc2ccn([C@H](C)c3nnc4c(F)cc(-c5cnn(C)c5)cn34)c(=O)c2c1,44181686.0,,44181686.0,AMG-337,Amg-337
COc1ccc2c(Oc3ccc(NC(=O)c4c(C)n(CC(C)(C)O)n(-c5ccccc5)c4=O)nc3)ccnc2c1,24764449.0,,24764449.0,AMG-458,Amg-458
CC1(C)CNc2cc(NC(=O)c3cccnc3NCc3ccncc3)ccc21,11667893.0,,11667893.0,AMG-706,Motesanib
Cc1csc(-c2nnc(Nc3ccc(Oc4ncccc4-c4ccnc(N)n4)cc3)c3ccccc23)c1,24856041.0,,24856041.0,AMG-900,N-(4-((3-(2-Amino-4-pyrimidinyl)-2-pyridinyl)oxy)phenyl)-4-(4-methyl-2-thienyl)-1-phthalazinamine
CC1CCC(n2c3cnccc3c3cnc(Nc4ccc5c(n4)CCN(C(=O)CO)C5)nc32)CC1,60202647.0,,60202647.0,AMG-925,"Ethanone, 1-(7,8-dihydro-2-((9-(trans-4-methylcyclohexyl)-9H-pyrido(4',3':4,5)pyrrolo(2,3-d)pyrimidin-2-yl)amino)-1,6-naphthyridin-6(5H)-yl)-2-hydroxy-"
C[C@H](Nc1ncnc2nc[nH]c12)c1cc2ccc(F)cc2nc1-c1ccccn1,68947304.0,,68947304.0,AMG319,(alphaS)-7-Fluoro-alpha-methyl-N-9H-purin-6-yl-2-(2-pyridinyl)-3-quinolinemethanamine
NCCCNCCSP(=O)(O)O,2141.0,,2141.0,AMIFOSTINE,Amifostine
Cl.NCC(=O)CCC(=O)O,123608.0,,137.0,AMINOLEVULINIC ACID HYDROCHLORIDE,Aminolevulinic Acid Hydrochloride
c1cc(-c2cnn3cc(-c4ccc(OCCN5CCCCC5)cc4)cnc23)ccn1,11524144.0,,11524144.0,AMPK Inhibitor,Dorsomorphin
S=C(NCc1ccc2c(c1)OCO2)N1CCN(c2ncnc3c2oc2ccccc23)CC1,11282283.0,,11282283.0,AMUVATINIB,Amuvatinib
O=C(Nc1ccccc1C(=O)NC1CCCCNC1=O)c1cc2ccccc2s1,2799722.0,,2799722.0,ANA-12,N-[2-[[(Hexahydro-2-oxo-1H-azepin-3-yl)amino]carbonyl]phenyl]benzo[b]thiophene-2-carboxamide
CC(C)(C#N)c1cc(Cn2cncn2)cc(C(C)(C)C#N)c1,2187.0,,2187.0,ANASTROZOLE,Anastrozole
,,,,AP0-866,
,,313080144.0,,AP24534  Ponatinib,943319-70-8
COc1cc(N2CCC(N(C)C)CC2)ccc1Nc1ncc(Cl)c(Nc2ccccc2P(C)(C)=O)n1,57390074.0,,57390074.0,AP26113,"5-Chloro-N2-(4-(4-(dimethylamino)-1-piperidinyl)-2-methoxyphenyl)-N4-(2-(dimethylphosphinyl)phenyl)-2,4-pyrimidinediamine"
COc1cc(N2CCC(N(C)C)CC2)ccc1Nc1ncc(Cl)c(Nc2ccccc2P(C)(C)=O)n1,57390074.0,,57390074.0,AP26113 (Brigatinib),"5-Chloro-N2-(4-(4-(dimethylamino)-1-piperidinyl)-2-methoxyphenyl)-N4-(2-(dimethylphosphinyl)phenyl)-2,4-pyrimidinediamine"
COc1cc(OC)c2c(=O)[nH]c(-c3cc(C)c(OCCO)c(C)c3)nc2c1,135564749.0,,135564749.0,APABETALONE,Apabetalone
CC(C)OC(=O)N1CCC(Oc2ncnc3c2cnn3-c2ccc(S(C)(=O)=O)cc2F)CC1,11705608.0,,11705608.0,APD 668,Apd-668
COc1c(Nc2ccc(S(C)(=O)=O)nc2C)ncnc1OC1CCN(C(=O)OC(C)C)CC1,11691484.0,,11691484.0,APD597,Isopropyl 4-((5-methoxy-6-((2-methyl-6-(methylsulfonyl)pyridin-3-yl)amino)pyrimidin-4-yl)oxy)piperidine-1-carboxylate
CCC(=O)CCCCC[C@@H]1NC(=O)[C@H]2CCCCN2C(=O)[C@H]([C@@H](C)CC)NC(=O)[C@H](Cc2cn(OC)c3ccccc23)NC1=O,6918328.0,,6918328.0,APICIDIN,Apicidin
,25254071.0,,,"APITOLISIB, GDC0980",Apitolisib
,146159435.0,,53396328.0,"APO866, FK866",FK866;Apo866
COCC1(CO)C(=O)C2CCN1CC2,52918385.0,,52918385.0,APR-246,2-(Hydroxymethyl)-2-(methoxymethyl)-1-azabicyclo(2.2.2)octan-3-one
CC(C)CC(NC(=O)C(Cc1ccccc1)NC(=O)C(CCC(N)=O)NC(=O)C(Cc1ccc(O)cc1)NC(=O)C(C)NC(=O)CNC(=O)C(CCCCN)NC(=O)C(Cc1c[nH]c2ccccc12)NC(=O)C(NC(=O)C(Cc1c[nH]c2ccccc12)NC(=O)C(CCCCN)NC(=O)CNC(=O)C(CC(N)=O)NC(=O)C(CCC(=O)O)NC(=O)C(Cc1c[nH]c2ccccc12)NC(=O)C(NC(=O)C(Cc1c[nH]c2ccccc12)NC(=O)C(CO)NC(=O)CNC(=O)C1CCCN1C(=O)C(Cc1c[nH]c2ccccc12)NC(=O)C(CCC(N)=O)NC(=O)C(Cc1ccccc1)NC(=O)CNC(=O)C(N)Cc1c[nH]cn1)C(C)O)C(C)O)C(=O)NC(CCCCN)C(=O)NCC(=O)NCC(=O)NCC(=O)NCC(=O)NC(CO)C(=O)NC(CCCNC(=N)N)C(=O)NC(CCCNC(=N)N)C(=O)NC(CCCNC(=N)N)C(=O)NC(CCCNC(=N)N)C(=O)NC(CCCNC(=N)N)C(=O)NC(CCCNC(=N)N)C(=O)NC(CCCNC(=N)N)C(=O)NC(CCCNC(=N)N)C(=O)NC(CCCNC(=N)N)C(=O)O,131709226.0,,131709226.0,APTSTAT3-9R,Aptstat3-9R
NCC(=O)Nc1ccc(-n2nc(C(F)(F)F)cc2-c2ccc3c(ccc4ccccc43)c2)cc1,10027278.0,,10027278.0,AR-12,2-Amino-N-(4-(5-(2-phenanthrenyl)-3-(trifluoromethyl)-1H-pyrazol-1-yl)phenyl)acetamide
CC(C)[C@H](C(=O)Nc1ccc(C(=O)NO)cc1)c1ccccc1,6918848.0,,6918848.0,AR-42,Ar-42
COc1ccc(CNC(=O)Nc2ncc([N+](=O)[O-])s2)cc1,448014.0,,448014.0,AR-A014418,AR-A014418
Cc1n[nH]c(C)c1Cc1sc2c(c1C(=O)N1C[C@H](O)CO1)c(=O)n(C)c(=O)n2CC(C)C,10226546.0,,10226546.0,AR-C155858,AR-C155858
,135499520.0,,,"ARA-G, 9-??-D-ARABINOFURANOSYL GUANINE",9-beta-D-arabinofuranosylguanine
CNC(=O)c1ccc(N2C(=S)N(c3cnc(C#N)c(C(F)(F)F)c3)C(=O)C23CCC3)cc1F,24872560.0,,24872560.0,ARN 509,Apalutamide
CNC(=O)c1ccc(N2C(=S)N(c3cnc(C#N)c(C(F)(F)F)c3)C(=O)C23CCC3)cc1F,24872560.0,,24872560.0,ARN-509,Apalutamide
O=C1NC(=O)[C@@H](c2cn3c4c(cccc24)CCC3)[C@@H]1c1c[nH]c2ccccc12,11494412.0,,11494412.0,ARQ-197,Tivantinib
C#CC[C@H](c1nc2cc(Cl)ccc2c(=O)n1Nc1ccccc1)N(CCCN)C(=O)c1cccc(Cl)c1F,25110841.0,,25110841.0,ARQ-621,Arq-621
Cn1ccc(S(=O)(=O)N2CCC[C@H](Nc3nccc(-c4c(-c5cccc(O)c5)nc5occn45)n3)C2)n1,155813556.0,,155813556.0,ARQ-680,"3-[5-[2-[[(3S)-1-(1-methylpyrazol-3-yl)sulfonylpiperidin-3-yl]amino]pyrimidin-4-yl]imidazo[2,1-b][1,3]oxazol-6-yl]phenol"
Cn1cnc2c(F)c(Nc3ccc(Br)cc3F)c(C(=O)NOCCO)cc21,10288191.0,,10288191.0,ARRY-162,Binimetinib
Cc1cc(Nc2ncnc3ccc(-c4ccc(CNCCS(C)(=O)=O)o4)cc23)ccc1Oc1ccn2ncnc2c1,42598643.0,,42598643.0,ARRY-380,"6-(5-((2-methylsulfonylethylamino)methyl)furan-2-yl)-N-(3-methyl-4-((1,2,4)triazolo(1,5-a)pyridin-7-yloxy)phenyl)quinazolin-4-amine"
CON(C)C(=O)N1N=C(c2cc(F)ccc2F)S[C@@]1(CCCN)c1ccccc1,44224257.0,,44224257.0,ARRY-520 (isomer A),Filanesib
CON(C)C(=O)N1N=C(c2cc(F)ccc2F)S[C@@]1(CCCN)c1ccccc1,44224257.0,,44224257.0,ARRY-520 (isomer B),Filanesib
,,136340155.0,,ARRY380,Arry 380
[As+3].[As+3].[O-2].[O-2].[O-2],14888.0,,,ARSENIC TRIOXIDE,Arsenic Trioxide
Cc1sc2c(c1C)C(c1ccc(Cl)cc1)=N[C@@H](CC(=O)Nc1ccc(OCCOCCOCCOCCNc3cccc4c3C(=O)N(C3CCC(=O)NC3=O)C4=O)cc1)c1nnc(C)n1-2,92044400.0,,92044400.0,ARV-825,"2-((S)-4-(4-chlorophenyl)-2,3,9-trimethyl-6H-thieno[3,2-f][1,2,4]triazolo[4,3-a][1,4]diazepin-6-yl)-N-(4-(2-(2-(2-(2-((2-(2,6-dioxopiperidin-3-yl)-1,3-dioxoisoindolin-4-yl)amino)ethoxy)ethoxy)ethoxy)ethoxy)phenyl)acetamide"
O=C1NC(=O)/C(=C/c2ccc(-c3ccc(F)cc3O)o2)S1,11630874.0,,11630874.0,AS 252424,AS-252424
O=C1NC(=O)/C(=C/c2ccc3c(c2)OCO3)S1,1269519.0,,1269519.0,AS-041164,"(5Z)-5-(1,3-benzodioxol-5-ylmethylidene)-1,3-thiazolidine-2,4-dione"
O=C1NC(=O)/C(=C/c2ccc(-c3ccc(F)cc3O)o2)S1,11630874.0,,11630874.0,AS-252424,AS-252424
O=C1NC(=O)/C(=C/c2ccc3c(c2)OC(F)(F)O3)S1,5287855.0,,5287855.0,AS-604850,AS 604850
O=C(NC[C@H](O)CO)c1ccncc1Nc1ccc(I)cc1F,44187362.0,,44187362.0,AS-703026,Pimasertib
N#CC(c1ccnc(NCCc2cccnc2)n1)c1nc2ccccc2s1,10109823.0,,10109823.0,AS601245,"1,3-Benzothiazol-2-yl(2-((2-(3-pyridinyl)ethyl)amino)-4-pyrimidinyl)acetonitrile"
O=C1NC(=O)/C(=C\c2ccc3nccnc3c2)S1,10377751.0,,10377751.0,AS605240,AS-605240
,,,,"AS605240, KIN001-173",
COc1cc(N2CCC(N3CCN(C)CC3)CC2)ccc1Nc1ncnc(Nc2ccccc2S(=O)(=O)C(C)C)n1,25134326.0,,25134326.0,ASP 3026,Asp-3026
COc1cc(N2CCC(N3CCN(C)CC3)CC2)ccc1Nc1ncnc(Nc2ccccc2S(=O)(=O)C(C)C)n1,25134326.0,,25134326.0,ASP-3026,Asp-3026
COc1cc2nccc(Oc3ccc(NC(=O)Nc4cc(C)on4)c(Cl)c3)c2cc1OC.Cl.O,11547978.0,,9911830.0,ASP-4130,Tivozanib Hydrochloride
CC1(O)CC(c2nc(-c3ccc4ccc(-c5ccccc5)nc4c3)c3c(N)nccn23)C1,11640390.0,,11640390.0,ASP-7487,Osi-906
COc1cc(N2CCC(N3CCN(C)CC3)CC2)ccc1Nc1ncnc(Nc2ccccc2S(=O)(=O)C(C)C)n1,25134326.0,,25134326.0,ASP3026,Asp-3026
C=CC(=O)Nc1ccc2ncnc(Nc3ccc(OCc4cccc(F)c4)c(Cl)c3)c2c1,24739943.0,,24739943.0,AST-1306,Allitinib
CCN1CCN(Cc2ccc(NC(=O)Nc3ccc(Oc4cc(NC)ncn4)cc3)cc2C(F)(F)F)CC1,11409972.0,,11409972.0,AST-487,Ast-487
Cc1cc2c(C(C)C)c(O)c(O)c(C=O)c2c(O)c1-c1c(C)cc2c(C(C)C)c(O)c(O)c(C=O)c2c1O,3503.0,,3503.0,AT 101,Gossypol
Cl.O=C(NC1CNNC1C(=O)NC1CCNCC1)c1c(Cl)cccc1Cl,123134635.0,,72807086.0,AT 7519  hydrochloride salt,"4-[(2,6-dichlorobenzoyl)amino]-N-piperidin-4-ylpyrazolidine-3-carboxamide;hydrochloride"
Cc1cc2c(C(C)C)c(O)c(O)c(C=O)c2c(O)c1-c1c(C)cc2c(C(C)C)c(O)c(O)c(C=O)c2c1O,3503.0,,3503.0,AT-101,Gossypol
,3503.0,,,AT-101; BL-193,Gossypol
NC[C@@](O)(c1ccc(Cl)cc1)c1ccc(-c2cn[nH]c2)cc1,24905401.0,,24905401.0,AT-13148,At-13148
CC(C)c1cc(C(=O)N2Cc3ccc(CN4CCN(C)CC4)cc3C2)c(O)cc1O,11955716.0,,11955716.0,AT-13387 ,Onalespib
CN[C@@H](C)C(=O)N[C@H]1CN(C(=O)CC(C)C)CC[C@H]2CC[C@@H](C(=O)NC(c3ccccc3)c3ccccc3)N2C1=O,25022340.0,,25022340.0,AT-406,Xevinapant
O=C(NC1CCNCC1)c1[nH]ncc1NC(=O)c1c(Cl)cccc1Cl,11338033.0,,11338033.0,AT-7519,"4-(2,6-dichlorobenzoylamino)-1H-pyrazole-3-carboxylic acid piperidin-4-ylamide"
O=C(Nc1cn[nH]c1-c1nc2ccc(CN3CCOCC3)cc2[nH]1)NC1CC1,135398495.0,,135398495.0,AT-9283,At-9283
NC[C@@](O)(c1ccc(Cl)cc1)c1ccc(-c2cn[nH]c2)cc1,24905401.0,,24905401.0,AT13148,At-13148
CC(C)c1cc(C(=O)N2Cc3ccc(CN4CCN(C)CC4)cc3C2)c(O)cc1O,11955716.0,,11955716.0,AT13387,Onalespib
CN[C@@H](C)C(=O)N[C@H]1CN(C(=O)CC(C)C)CC[C@H]2CC[C@@H](C(=O)NC(c3ccccc3)c3ccccc3)N2C1=O,25022340.0,,25022340.0,"AT406 (SM- 406, ARRY- 334543)",Xevinapant
O=C(NC1CCNCC1)c1[nH]ncc1NC(=O)c1c(Cl)cccc1Cl,11338033.0,,11338033.0,AT7519,"4-(2,6-dichlorobenzoylamino)-1H-pyrazole-3-carboxylic acid piperidin-4-ylamide"
O=C(NC1CCNCC1)c1[nH]ncc1NC(=O)c1c(Cl)cccc1Cl.O=C(O)C(F)(F)F,71576690.0,,11338033.0,AT7519 trifluoroacetate,AT7519 trifluoroacetate
Clc1ccc(C2(c3ccc(-c4cn[nH]c4)cc3)CCNCC2)cc1,11175137.0,,11175137.0,AT7867,AT-7867
O=C(Nc1cn[nH]c1-c1nc2ccc(CN3CCOCC3)cc2[nH]1)NC1CC1,135398495.0,,135398495.0,AT9283,At-9283
COc1ccc2cc([C@H](C)C(=O)Oc3ccc(C(N)=S)cc3)ccc2c1,72941967.0,,72941967.0,ATB 346,Otenaproxesul
CC1=C(/C=C/C(C)=C/C=C/C(C)=C/C(=O)O)C(C)(C)CCC1,444795.0,,444795.0,ATRA,Retinoic Acid
CCNC(=O)c1noc(-c2cc(C(C)C)c(O)cc2O)c1-c1ccc(CN2CCOCC2)cc1,135539077.0,,135539077.0,AUY-922,Luminespib
CCNC(=O)c1noc(-c2cc(C(C)(C)C)c(O)cc2O)c1-c1ccc(CN2CCOCC2)cc1,135545855.0,,135545855.0,AUY922,Auy922
NC(=O)[C@@H](CCC(F)(F)F)N(Cc1ccc(-c2ncon2)cc1F)S(=O)(=O)c1ccc(Cl)cc1,46883536.0,,46883536.0,AVAGACESTAT,Avagacestat
C=CC(=O)Nc1cccc(Nc2nc(Nc3ccc(OCCOC)cc3)ncc2F)c1,59174488.0,,59174488.0,AVL-292,Spebrutinib
CC[C@H](CC#N)OC(=O)N[C@@H](C)c1cccc(NC(=O)Nc2ccc(-c3cnco3)c(OC)c2)c1,9918559.0,,9918559.0,AVN-944,Avn 944
CC[C@H](CC#N)OC(=O)N[C@@H](C)c1cccc(NC(=O)Nc2ccc(-c3cnco3)c(OC)c2)c1,9918559.0,,9918559.0,AVN944,Avn 944
O=C1N=C(N2CCOCC2)CN1c1ccc(Cl)cc1,3083511.0,,3083511.0,AWD 131-138,Imepitoin
CNC(=O)c1ccccc1Sc1ccc2c(/C=C/c3ccccn3)n[nH]c2c1,6450551.0,,6450551.0,AXITINIB,Axitinib
COc1cc(OC2CCN(C)CC2)ccc1Nc1ncc2c(n1)n(C1CCCC1)c(=O)n2C,56973724.0,,56973724.0,AZ 3146,"9-Cyclopentyl-2-[[2-methoxy-4-[(1-methylpiperidin-4-yl)oxy]-phenyl]amino]-7-methyl-7,9-dihydro-8H-purin-8-one"
Cc1ccc(NC(=O)c2cccc(C(C)(C)C#N)c2)cc1Nc1ccc2ncn(C)c(=O)c2c1,11676786.0,,11676786.0,AZ 628,AZ-628
Cc1cc(Nc2nc(N[C@@H](C)c3ccc(F)cc3)c(C#N)cc2F)n[nH]1,25099184.0,,25099184.0,AZ 960,AZ-960
CC(C)Oc1cc(Nc2nc(N[C@@H](C)c3ccc(F)cn3)ncc2Cl)[nH]n1,16097523.0,,16097523.0,AZ-23,AZ-23
COc1cc(OC2CCN(C)CC2)ccc1Nc1ncc2c(n1)n(C1CCCC1)c(=O)n2C,56973724.0,,56973724.0,AZ-3146,"9-Cyclopentyl-2-[[2-methoxy-4-[(1-methylpiperidin-4-yl)oxy]-phenyl]amino]-7-methyl-7,9-dihydro-8H-purin-8-one"
Cc1ccc(NC(=O)c2cccc(C(C)(C)C#N)c2)cc1Nc1ccc2ncn(C)c(=O)c2c1,11676786.0,,11676786.0,AZ-628,AZ-628
COc1cc(N2CCN(C)CC2)ccc1Nc1nccc(-c2cn(C)c3cnccc23)n1,72716071.0,,72716071.0,AZ191,AZ191
C[C@@H]1COCCN1c1cc(C2(S(C)(=O)=O)CC2)nc(-c2cccc3[nH]ccc23)n1,46244454.0,,46244454.0,AZ20,(3R)-4-(2-(1H-indol-4-yl)-6-(1-methylsulfonylcyclopropyl)pyrimidin-4-yl)-3-methylmorpholine
CC(C)Oc1cc(Nc2nc(N[C@@H](C)c3ccc(F)cn3)ncc2Cl)[nH]n1,16097523.0,,16097523.0,AZ23,AZ-23
COc1cc(OC2CCN(C)CC2)ccc1Nc1ncc2c(n1)n(C1CCCC1)c(=O)n2C,56973724.0,,56973724.0,AZ3146,"9-Cyclopentyl-2-[[2-methoxy-4-[(1-methylpiperidin-4-yl)oxy]-phenyl]amino]-7-methyl-7,9-dihydro-8H-purin-8-one"
O=C1COc2c(CCNCCN(C(=O)CCNCCc3ccc(Cl)c(Cl)c3)C3CCCCC3)ccc(O)c2N1,24961094.0,,24961094.0,AZ505,AZ505
C=CC(=O)Nc1cc(Nc2nccc(-c3c[nH]c4ccccc34)n2)c(OC)cc1N(C)CCN(C)C,71496460.0,,71496460.0,AZ5104,AZ-5104
Cc1cc(N2C[C@@H](C)N[C@@H](C)C2)ncc1-c1ccc(-c2nc3c(ccn3C)c(=O)[nH]2)cc1,135905416.0,,135905416.0,AZ6102,"2-(4-{6-[(3R,5S)-3,5-dimethylpiperazin-1-yl]-4-methylpyridin-3-yl}phenyl)-7-methyl-3H,4H,7H-pyrrolo[2,3-d]pyrimidin-4-one"
Cc1ccc(NC(=O)c2cccc(C(C)(C)C#N)c2)cc1Nc1ccc2ncn(C)c(=O)c2c1,11676786.0,,11676786.0,AZ628,AZ-628
Cc1cc(Nc2nc(N[C@@H](C)c3ccc(F)cc3)c(C#N)cc2F)n[nH]1,25099184.0,,25099184.0,AZ960,AZ-960
Nc1ncn([C@@H]2O[C@H](CO)[C@@H](O)[C@H]2O)c(=O)n1,9444.0,,9444.0,AZACITIDINE,Azacytidine
CN1CCN(CCOc2cc(OC3CCOCC3)c3c(Nc4c(Cl)ccc5c4OCO5)ncnc3c2)CC1,10302451.0,,10302451.0,AZD 0530,Saracatinib
O=C(c1cc(Cc2n[nH]c(=O)c3ccccc23)ccc1F)N1CCN(C(=O)C2CC2)CC1,23725625.0,,23725625.0,AZD 2281,Olaparib
COc1cc(CCc2cc(NC(=O)c3ccc(N4C[C@@H](C)N[C@@H](C)C4)cc3)n[nH]2)cc(OC)c1,51039095.0,,51039095.0,AZD 4547,Azd-4547
NC1(C(=O)N[C@@H](CCO)c2ccc(Cl)cc2)CCN(c2ncnc3[nH]ccc23)CC1,25227436.0,,25227436.0,AZD 5363,Capivasertib
Cn1cnc2c(F)c(Nc3ccc(Br)cc3Cl)c(C(=O)NOCCO)cc21,10127622.0,,10127622.0,AZD 6244,Selumetinib
NC(=O)Nc1cc(-c2cccc(F)c2)sc1C(=O)N[C@H]1CCCNC1,11152667.0,,11152667.0,AZD 7762,Azd7762
CN1CCN(CCOc2cc(OC3CCOCC3)c3c(Nc4c(Cl)ccc5c4OCO5)ncnc3c2)CC1,10302451.0,,10302451.0,AZD-0530,Saracatinib
N#Cc1ccc2[nH]c(O)c(-c3ccc(CN4CCOCC4)cn3)c2c1,135564570.0,,135564570.0,AZD-1080,Azd-1080
CCN(CCCOc1ccc2c(Nc3cc(CC(=O)Nc4cccc(F)c4)[nH]n3)ncnc2c1)CCOP(=O)(O)O,11497983.0,,11497983.0,AZD-1152,Barasertib
Cc1cc(Nc2nc(N[C@@H](C)c3ncc(F)cn3)ncc2Cl)n[nH]1,16659841.0,,16659841.0,AZD-1480,Azd-1480
CNC(=O)c1cccc(-c2ccc3c(N4CCOC[C@@H]4C)nc(N4CCOC[C@@H]4C)nc3n2)c1,25262792.0,,25262792.0,AZD-2014,Vistusertib
COc1cc2c(Oc3ccc4[nH]c(C)cc4c3F)ncnc2cc1OCCCN1CCCC1,9933475.0,,9933475.0,AZD-2171,Cediranib
COC1CCN(C(=O)c2cc(Cc3n[nH]c(=O)c4ccccc34)ccc2F)CC1,44199317.0,,44199317.0,AZD-2461,Azd-2461
CN1CCN(S(=O)(=O)c2ccc(-c3cnc(N)c(C(=O)Nc4cccnc4)n3)cc2)CC1,10138980.0,,10138980.0,AZD-2858,Azd2858
CC(=O)N1CCN(CCOc2ccc(C3CCN(C4=Nn5c(nnc5C(F)(F)F)CC4)CC3)cc2)CC1,46893585.0,,46893585.0,AZD-3514,Azd 3514
Cc1[nH]nc(C(F)(F)F)c1Cc1sc2c(c1C(=O)N1C[C@](C)(O)CO1)c(=O)n(C)c(=O)n2C(C)C,10369242.0,,10369242.0,AZD-3965 ,Azd-3965
COc1cc(CCc2cc(NC(=O)c3ccc(N4C[C@@H](C)N[C@@H](C)C4)cc3)n[nH]2)cc(OC)c1,51039095.0,,51039095.0,AZD-4547,Azd-4547
NC1(C(=O)N[C@@H](CCO)c2ccc(Cl)cc2)CCN(c2ncnc3[nH]ccc23)CC1,25227436.0,,25227436.0,AZD-5363,Capivasertib
Cc1ncc(-c2ccnc(Nc3ccc(S(C)(=O)=O)cc3)n2)n1C(C)C,16747683.0,,16747683.0,AZD-5438,4-(2-Methyl-1-(1-methylethyl)-1H-imidazol-5-yl)-N-(4-(methylsulfonyl)phenyl)-2-pyrimidinamine
Cn1cnc2c(F)c(Nc3ccc(Br)cc3Cl)c(C(=O)NOCCO)cc21,10127622.0,,10127622.0,AZD-6244,Selumetinib
Cc1cc([C@@H](C)Nc2ccccc2C(=O)O)c2nc(N3CCOCC3)cc(=O)n2c1,44137675.0,,44137675.0,AZD-6482,Azd-6482
CN(C)C(=O)c1ccc(S(=O)(=O)c2ccc(NC(=O)[C@@](C)(O)C(F)(F)F)c(Cl)c2)cc1,16741245.0,,16741245.0,AZD-7545,Azd7545
NC(=O)Nc1cc(-c2cccc(F)c2)sc1C(=O)N[C@H]1CCCNC1,11152667.0,,11152667.0,AZD-7762 ,Azd7762
COc1ccc(-c2ccc3c(N4CCOC[C@@H]4C)nc(N4CCOC[C@@H]4C)nc3n2)cc1CO,25262965.0,,25262965.0,AZD-8055,Azd8055
C[C@@H](Nc1cc(F)cc(F)c1)c1cc(C(=O)N(C)C)cc2c(=O)cc(N3CCOCC3)oc12,52913813.0,,52913813.0,AZD-8186,Azd-8186
Cc1cc(C(=O)NOCCO)c(Nc2ccc(I)cc2F)n(C)c1=O,16666708.0,,16666708.0,AZD-8330,Azd-8330
CNC(=O)CN1CCC(Oc2cc3c(Nc4cccc(Cl)c4F)ncnc3cc2OC)CC1,11488320.0,,11488320.0,AZD-8931,Sapitinib
CN(C)CCCOc1ccc(-c2ccc3ncc4c(c3c2)n(C2CCOCC2)c(=O)n4C)cn1,118502708.0,,118502708.0,AZD0156,Azd-0156
CN1CCN(CCOc2cc(OC3CCOCC3)c3c(Nc4c(Cl)ccc5c4OCO5)ncnc3c2)CC1,10302451.0,,10302451.0,AZD0530,Saracatinib
N#Cc1ccc2[nH]c(O)c(-c3ccc(CN4CCOCC4)cn3)c2c1,135564570.0,,135564570.0,AZD1080,Azd-1080
CCN(CCO)CCCOc1ccc2c(Nc3cc(CC(=O)Nc4cccc(F)c4)[nH]n3)ncnc2c1,16007391.0,,16007391.0,AZD1152-HQPA,Defosbarasertib
CCN(CCO)CCCOc1ccc2c(Nc3cc(CC(=O)Nc4cccc(F)c4)[nH]n3)ncnc2c1,16007391.0,,16007391.0,AZD1152-HQPA (AZD2811),Defosbarasertib
N[C@@H]1CCCN(c2c(/C=C3\SC(=O)NC3=O)cccc2-c2ccccc2)C1,58423153.0,,58423153.0,AZD1208,Azd-1208
Cc1cc(Nc2nc(N[C@@H](C)c3ncc(F)cn3)ncc2Cl)n[nH]1,16659841.0,,16659841.0,AZD1480,Azd-1480
C=CCn1c(=O)c2cnc(Nc3ccc(N4CCN(C)CC4)cc3)nc2n1-c1cccc(C(C)(C)O)n1,24856436.0,,24856436.0,AZD1775,MK 1775
CNC(=O)c1cccc(-c2ccc3c(N4CCOC[C@@H]4C)nc(N4CCOC[C@@H]4C)nc3n2)c1,25262792.0,,25262792.0,AZD2014,Vistusertib
O=C(c1cc(Cc2n[nH]c(=O)c3ccccc23)ccc1F)N1CCN(C(=O)C2CC2)CC1,23725625.0,,23725625.0,AZD2281,Olaparib
COC1CCN(C(=O)c2cc(Cc3n[nH]c(=O)c4ccccc34)ccc2F)CC1,44199317.0,,44199317.0,AZD2461,Azd-2461
CCN(CCO)CCCOc1ccc2c(Nc3cc(CC(=O)Nc4cccc(F)c4)[nH]n3)ncnc2c1,16007391.0,,16007391.0,AZD2811,Defosbarasertib
CN1CCN(S(=O)(=O)c2ccc(-c3cnc(N)c(C(=O)Nc4cccnc4)n3)cc2)CC1,10138980.0,,10138980.0,AZD2858,Azd2858
COc1cc2ncnc(Oc3ccc(CC(=O)Nc4cnn(C(C)C)c4)cc3)c2cc1OC,11517980.0,,11517980.0,AZD2932,"2-(4-((6,7-dimethoxyquinazolin-4-yl)oxy)phenyl)-N-(1-isopropyl-1H-pyrazol-4-yl)acetamide"
COc1cc(N2CCC(N)CC2)ccc1Nc1ncc(Cl)c(-c2c[nH]c3ccccc23)n1,56599293.0,,56599293.0,AZD3463,Azd3463
COc1cc2ncnc(Nc3cccc(Cl)c3F)c2cc1OC(=O)N1CCN(C)C[C@H]1C,78209992.0,,78209992.0,AZD3759,Zorifertinib
Cc1[nH]nc(C(F)(F)F)c1Cc1sc2c(c1C(=O)N1C[C@](C)(O)CO1)c(=O)n(C)c(=O)n2C(C)C,10369242.0,,10369242.0,AZD3965,Azd-3965
COc1cc(CCc2cc(NC(=O)c3ccc(N4C[C@@H](C)N[C@@H](C)C4)cc3)n[nH]2)cc(OC)c1,51039095.0,,51039095.0,AZD4547,Azd-4547
COc1nnc2ccc(N3CCC(c4ccc(OCCN5CCN(C)C(=O)[C@H]5C)cc4)CC3)nn12,118693659.0,,118693659.0,AZD5153,Azd-5153
NC1(C(=O)N[C@@H](CCO)c2ccc(Cl)cc2)CCN(c2ncnc3[nH]ccc23)CC1,25227436.0,,25227436.0,AZD5363,Capivasertib
Cc1ncc(-c2ccnc(Nc3ccc(S(C)(=O)=O)cc3)n2)n1C(C)C,16747683.0,,16747683.0,AZD5438,4-(2-Methyl-1-(1-methylethyl)-1H-imidazol-5-yl)-N-(4-(methylsulfonyl)phenyl)-2-pyrimidinamine
CN[C@@H](C)C(=O)N[C@H](C(=O)N1CCC[C@H]1C(=O)N[C@H]1c2ccccc2C[C@H]1OCC#CC#CCO[C@@H]1Cc2ccccc2[C@@H]1NC(=O)[C@@H]1CCCN1C(=O)[C@@H](NC(=O)[C@H](C)NC)C1CCCCC1)C1CCCCC1,49847690.0,,49847690.0,AZD5582,Azd5582
Cn1cnc2c(F)c(Nc3ccc(Br)cc3Cl)c(C(=O)NOCCO)cc21,10127622.0,,10127622.0,AZD6244,Selumetinib
Cc1cc([C@@H](C)Nc2ccccc2C(=O)O)c2nc(N3CCOCC3)cc(=O)n2c1,44137675.0,,44137675.0,AZD6482,Azd-6482
C[C@@H]1COCCN1c1cc(C2([S@](C)(=N)=O)CC2)nc(-c2cncc3[nH]ccc23)n1,121596701.0,,121596701.0,AZD6738,Ceralasertib
CN(C)C(=O)c1ccc(S(=O)(=O)c2ccc(NC(=O)[C@@](C)(O)C(F)(F)F)c(Cl)c2)cc1,16741245.0,,16741245.0,AZD7545,Azd7545
NC(=O)Nc1cc(-c2cccc(F)c2)sc1C(=O)N[C@H]1CCCNC1,11152667.0,,11152667.0,AZD7762,Azd7762
COc1ccc(-c2ccc3c(N4CCOC[C@@H]4C)nc(N4CCOC[C@@H]4C)nc3n2)cc1CO,25262965.0,,25262965.0,AZD8055,Azd8055
C[C@@H](Nc1cc(F)cc(F)c1)c1cc(C(=O)N(C)C)cc2c(=O)cc(N3CCOCC3)oc12,52913813.0,,52913813.0,AZD8186,Azd-8186
Cc1cc(C(=O)NOCCO)c(Nc2ccc(I)cc2F)n(C)c1=O,16666708.0,,16666708.0,AZD8330,Azd-8330
CCn1nc(C2CCN(C(=O)CCO)CC2)nc1-c1cnc(N)c(-c2nnc(C(C)(C)C)o2)n1,76685059.0,,76685059.0,AZD8835,Azd-8835
CNC(=O)CN1CCC(Oc2cc3c(Nc4cccc(Cl)c4F)ncnc3cc2OC)CC1,11488320.0,,11488320.0,AZD8931,Sapitinib
CNC(=O)CN1CCC(Oc2cc3c(Nc4cccc(Cl)c4F)ncnc3cc2OC)CC1,11488320.0,,11488320.0,AZD8931 (Sapitinib),Sapitinib
C=CC(=O)Nc1cc(Nc2nccc(-c3cn(C)c4ccccc34)n2)c(OC)cc1N(C)CCN(C)C,71496458.0,,71496458.0,AZD9291,Osimertinib
CC[C@H](C)[C@H]1O[C@]2(C=C[C@@H]1C)C[C@@H]1C[C@@H](C/C=C(\C)[C@@H](O[C@H]3C[C@H](OC)[C@@H](O[C@H]4C[C@H](OC)[C@@H](O)[C@H](C)O4)[C@H](C)O3)[C@@H](C)/C=C/C=C3\CO[C@@H]4[C@H](O)C(C)=C[C@@H](C(=O)O1)[C@]34O)O2.CO[C@H]1C[C@H](O[C@H]2[C@H](C)O[C@@H](O[C@@H]3/C(C)=C/C[C@@H]4C[C@@H](C[C@]5(C=C[C@H](C)[C@@H](C(C)C)O5)O4)OC(=O)[C@@H]4C=C(C)[C@@H](O)[C@H]5OC/C(=C\C=C\[C@@H]3C)[C@]54O)C[C@@H]2OC)O[C@@H](C)[C@@H]1O,9920327.0,,,Abamectin,Abamectin
CC(=O)S[C@@H]1CC2=CC(=O)CC[C@]2(C)[C@H]2CC[C@@]3(C)[C@@H](CC[C@@]34CCC(=O)O4)[C@H]12,5833.0,,5833.0,Abbolactone,Spironolactone
CCN1CCN(Cc2ccc(Nc3ncc(F)c(-c4cc(F)c5nc(C)n(C(C)C)c5c4)n3)nc2)CC1,46220502.0,,46220502.0,Abemaciclib,Abemaciclib
CCN1CCN(Cc2ccc(Nc3ncc(F)c(-c4cc(F)c5nc(C)n(C(C)C)c5c4)n3)nc2)CC1.CS(=O)(=O)O,71576678.0,,46220502.0,Abemaciclib (LY2835219),Abemaciclib Mesylate
CCN1CCN(Cc2ccc(Nc3ncc(F)c(-c4cc(F)c5nc(C)n(C(C)C)c5c4)n3)nc2)CC1.CS(=O)(=O)O,71576678.0,,46220502.0,Abemaciclib mesylate,Abemaciclib Mesylate
CN(C)Cc1c(C(=O)NCCOc2ccc(C(=O)NO)cc2)oc2ccccc12,11749858.0,,11749858.0,Abexinostat,Abexinostat
C[C@]12CC[C@H](O)CC1=CC[C@@H]1[C@@H]2CC[C@]2(C)C(c3cccnc3)=CC[C@@H]12,132971.0,,132971.0,Abiraterone,Abiraterone
CC(=O)O[C@H]1CC[C@@]2(C)C(=CC[C@@H]3[C@@H]2CC[C@]2(C)C(c4cccnc4)=CC[C@@H]32)C1,9821849.0,,9821849.0,Abiraterone Acetate,Abiraterone Acetate
,,,,Acacytidine,
NC(=O)c1ncn([C@@H]2O[C@H](CO)[C@@H](O)[C@H]2O)c1N,17513.0,,17513.0,Acadesine,Acadesine
CC#CC(=O)N1CCC[C@H]1c1nc(-c2ccc(C(=O)Nc3ccccn3)cc2)c2c(N)nccn12,71226662.0,,71226662.0,Acalabrutinib,Acalabrutinib
CC#CC(=O)N1CCC[C@H]1c1nc(-c2ccc(C(=O)Nc3ccccn3)cc2)c2c(N)nccn12,71226662.0,,71226662.0,Acalabrutinib (ACP-196),Acalabrutinib
C[C@H](Nc1ncnc2nc[nH]c12)c1nc2ccc(F)cc2c(=O)n1-c1ccccc1,11618268.0,,11618268.0,Acalisib (GS-9820),Acalisib
C[C@H]1O[C@H](O[C@H]2[C@H](O)[C@@H](O)[C@@H](O[C@@H]([C@H](O)[C@@H](O)C=O)[C@H](O)CO)O[C@@H]2CO)[C@H](O)[C@@H](O)[C@@H]1N[C@H]1C=C(CO)[C@@H](O)[C@H](O)[C@H]1O,9811704.0,,9811704.0,Acarbose,Acarbose
CCCC(=O)Nc1ccc(OCC(O)CNC(C)C)c(C(C)=O)c1.Cl,441307.0,,1978.0,Acebutolol hydrochloride,Acebutolol Hydrochloride
CCN(CC)CCNC(=O)c1ccc(NC(C)=O)cc1,4342.0,,4342.0,Acecainide,N-Acetylprocainamide
O=C(O)COC(=O)Cc1ccccc1Nc1c(Cl)cccc1Cl,71771.0,,71771.0,Aceclofenac,Aceclofenac
CC(=O)N[C@@H](CCC(N)=O)C(=O)O,182230.0,,182230.0,Aceglutamide,Aceglutamide
COc1ccc2c(c1)c(CC(=O)OCC(=O)O)c(C)n2C(=O)c1ccc(Cl)cc1,1981.0,,1981.0,Acemetacin,Acemetacin
CC(=O)Nc1ccc(O)cc1,1983.0,,1983.0,Acetaminophen,Acetaminophen
CC(=O)Nc1ccccc1,904.0,,904.0,Acetanilide,Acetanilide
CC(=O)Nc1nnc(S(N)(=O)=O)s1,1986.0,,1986.0,Acetazolamide,Acetazolamide
CC(=O)c1ccc(S(=O)(=O)NC(=O)NC2CCCCC2)cc1,1989.0,,1989.0,Acetohexamide,Acetohexamide
CC(=O)NO,1990.0,,1990.0,Acetohydroxamic acid,Acetohydroxamic Acid
COc1cc(C(C)=O)ccc1O,2214.0,,2214.0,Acetovanillone,Acetovanillone
CC(=O)OCC[N+](C)(C)C.[Cl-],6060.0,,187.0,Acetylcholine chloride,Acetylcholine Chloride
CC(=O)N[C@@H](CS)C(=O)O,12035.0,,12035.0,Acetylcysteine,N-Acetyl-L-Cysteine
CC(=O)NC(CC(C)C)C(=O)O,1995.0,,1995.0,Acetylleucine,acetyl-DL-leucine
CC(=O)Oc1ccccc1C(=O)O,2244.0,,2244.0,Acetylsalicylic acid,Aspirin
CO[C@@H]1[C@@H](O[C@@H]2O[C@H](C)[C@@H](O[C@H]3C[C@@](C)(O)[C@@H](O)[C@H](C)O3)[C@H](N(C)C)[C@H]2O)[C@@H](CC=O)C[C@@H](C)[C@@H](O[C@H]2CC[C@H](N(C)C)[C@@H](C)O2)/C=C/C=C/C[C@@H](C)OC(=O)C[C@H]1OC(C)=O,49787020.0,,49787020.0,Acetylspiramycin,spiramycin II
Nc1nc2c(ncn2COCCO)c(=O)[nH]1,135398513.0,,135398513.0,Aciclovir,Acyclovir
Cc1cnc(C(=O)O)c[n+]1[O-],5310993.0,,5310993.0,Acipimox,Acipimox
COc1cc(C)c(/C=C/C(C)=C/C=C/C(C)=C/C(=O)O)c(C)c1C,5284513.0,,5284513.0,Acitretin,Acitretin
CC[C@@]1(O)C[C@H](O[C@H]2C[C@H](N(C)C)[C@H](O[C@H]3C[C@H](O)[C@H](O[C@H]4CCC(=O)[C@H](C)O4)[C@H](C)O3)[C@H](C)O2)c2c(cc3c(c2O)C(=O)c2c(O)cccc2C3=O)[C@H]1C(=O)OC,451415.0,,451415.0,Aclarubicin,Aclarubicin
O=C(O[C@H]1C[N+]2(CCCOc3ccccc3)CCC1CC2)C(O)(c1cccs1)c1cccs1.[Br-],11519741.0,,11434515.0,Aclidinium bromide,Aclidinium Bromide
CCN1C[C@]2(COC)[C@H](O)C[C@H](OC)[C@]34C1[C@H]([C@H](OC)[C@H]23)[C@]1(OC(C)=O)[C@H]2[C@@H](OC(=O)c3ccccc3)[C@](O)(C[C@H]24)[C@@H](OC)[C@@H]1O,245005.0,,245005.0,Aconitine,Aconitine
COc1cc(O)c(C(=O)Nc2nc(C(=O)NCCN(C(C)C)C(C)C)cs2)cc1OC.Cl.O.O.O,6918406.0,,5282338.0,Acotiamide hydrochloride,Acotiamide Hydrochloride
CC[NH+](CC)CCCC(C)Nc1c2ccc(Cl)cc2[nH+]c2ccc(OC)cc12,15329120.0,,237.0,Acrichine,Acrichine
c1ccc2nc3ccccc3cc2c1,9215.0,,9215.0,Acridine,Acridine
CC(=O)Nc1ccc(CC(=O)O)cc1,2018.0,,2018.0,Actarit,Actarit
C[C@@H]1C[C@@H]([C@H](O)CC2CC(=O)NC(=O)C2)C(=O)[C@@H](C)C1,6197.0,,6197.0,Actidione,Cycloheximide
Cc1c2oc3c(C)ccc(C(=O)N[C@@H]4C(=O)N[C@H](C(C)C)C(=O)N5CCC[C@H]5C(=O)N(C)CC(=O)N(C)[C@@H](C(C)C)C(=O)O[C@@H]4C)c3nc-2c(C(=O)N[C@@H]2C(=O)N[C@H](C(C)C)C(=O)N3CCC[C@H]3C(=O)N(C)CC(=O)N(C)[C@@H](C(C)C)C(=O)O[C@@H]2C)c(N)c1=O,457193.0,,457193.0,Actinomycin D,Dactinomycin
C=C(F)C(=O)N1CCN(c2nc(OC[C@@H]3CCCN3C)nc3c2CCN(c2cccc4cccc(Cl)c24)C3)C[C@@H]1CC#N,138611145.0,,138611145.0,Adagrasib,Adagrasib
COc1ccc(-c2ccc3cc(C(=O)O)ccc3c2)cc1C12CC3CC(CC(C3)C1)C2,60164.0,,60164.0,Adapalene,Adapalene
C=CCn1c(=O)c2cnc(Nc3ccc(N4CCN(C)CC4)cc3)nc2n1-c1cccc(C(C)(C)O)n1,24856436.0,,24856436.0,Adavosertib,MK 1775
CC(C)(C)C(=O)OCOP(=O)(COCCn1cnc2c(N)ncnc21)OCOC(=O)C(C)(C)C,60871.0,,60871.0,Adefovir dipivoxil,Adefovir Dipivoxil
Nc1nc(N)c2nc(-c3ccccc3)c(N)nc2n1,5546.0,,5546.0,Ademine,Triamterene
Nc1ncnc2nc[nH]c12,190.0,,190.0,Adenine,Adenine
Cl.Nc1ncnc2nc[nH]c12,76219.0,,190.0,Adenine hydrochloride,Adenine hydrochloride
Nc1ncnc2c1ncn2[C@@H]1O[C@H](CO)[C@@H](O)[C@H]1O,60961.0,,60961.0,Adenosine,Adenosine
Nc1ncnc2c1ncn2[C@@H]1O[C@H](COP(=O)(O)O)[C@@H](O)[C@H]1O,6083.0,,6083.0,Adenosine 5'-monophosphate,Adenosine Monophosphate
Nc1ncnc2c1ncn2[C@@H]1O[C@H](COP(=O)(O)O)[C@@H](O)[C@H]1O.O,6419976.0,,6083.0,Adenosine 5'-monophosphate monohydrate,"5'-Adenylic acid, monohydrate"
Nc1ncnc2c1ncn2[C@@H]1O[C@H](COP(=O)(O)OP(=O)(O)OP(=O)(O)O)[C@@H](O)[C@H]1O.[Na].[Na],87059358.0,,5957.0,Adenosine disodium triphosphate ,Adenosine disodium triphosphate
CCN(CC)CCOC(=O)C(c1ccccc1)c1ccccc1.Cl,5763.0,,2031.0,Adiphenine HCl,Adiphenine Hydrochloride
CCN(CC)CCOC(=O)C(c1ccccc1)c1ccccc1.Cl,5763.0,,2031.0,Adiphenine hydrochloride,Adiphenine Hydrochloride
CNCC(=O)c1ccc(O)c(O)c1.Cl,66136.0,,7436.0,Adrenalone hydrochloride,"Ethanone, 1-(3,4-dihydroxyphenyl)-2-(methylamino)-, hydrochloride (1:1)"
C[C@]12CCC(=O)C=C1CC[C@@H]1[C@@H]2C(=O)C[C@]2(C)C(=O)CC[C@@H]12,223997.0,,223997.0,Adrenosterone,Adrenosterone
CN(C)C/C=C/C(=O)Nc1cc2c(Nc3ccc(F)c(Cl)c3)ncnc2cc1O[C@H]1CCOC1,10184653.0,,10184653.0,Afatinib,Afatinib
CN(C)C/C=C/C(=O)Nc1cc2c(Nc3ccc(F)c(Cl)c3)ncnc2cc1O[C@H]1CCOC1,10184653.0,,10184653.0,Afatinib (BIBW-2992),Afatinib
CN(C)C/C=C/C(=O)Nc1cc2c(Nc3ccc(F)c(Cl)c3)ncnc2cc1O[C@H]1CCOC1,10184653.0,,10184653.0,Afatinib (BIBW2992),Afatinib
CN(C)C/C=C/C(=O)Nc1cc2c(Nc3ccc(F)c(Cl)c3)ncnc2cc1O[C@H]1CCOC1.O=C(O)/C=C\C(=O)O.O=C(O)/C=C\C(=O)O,15606394.0,,10184653.0,Afatinib (BIBW2992) Dimaleate,Afatinib Dimaleate
Cn1ncc(Cl)c1-c1cc(C(=O)N[C@H](CN)Cc2cccc(F)c2)sc1Cl,46843057.0,,46843057.0,Afuresertib,Afuresertib
Cn1ncc(Cl)c1-c1cc(C(=O)N[C@H](CN)Cc2cccc(F)c2)sc1Cl,46843057.0,,46843057.0,Afuresertib (GSK2110183),Afuresertib
,,,,Agios Cmp 301,
CCC1(C)CC(=O)NC(=O)C1,2310.0,,2310.0,Agipnon,Bemegride
COc1ccc2cccc(CCNC(C)=O)c2c1,82148.0,,82148.0,Agomelatine,Agomelatine
O=c1[nH]c2ccccc2n1C1CCN(Cc2ccc(-c3[nH]c4cc5ncnc5cc4nc3-c3ccccc3)cc2)CC1,135398501.0,,135398501.0,Akti-1/2,Akt inhibitor VIII
CCNC(=O)[C@@H]1CCCN1C(=O)[C@H](CCCN=C(N)N)NC(=O)[C@H](CC(C)C)NC(=O)[C@@H](C)NC(=O)[C@H](Cc1ccc(O)cc1)NC(=O)[C@H](CO)NC(=O)[C@H](Cc1c[nH]c2ccccc12)NC(=O)[C@H](Cc1cnc[nH]1)NC(=O)[C@@H]1CCC(=O)N1,9855027.0,,9855027.0,Alarelin,Alarelin
COC1C(OC(N)=O)C(O)C(Oc2ccc3c(O)c(NC(=O)c4ccc([O-])c(CC=C(C)C)c4)c(=O)oc3c2C)OC1(C)C.[Na+],54730021.0,,54678491.0,Albamycinsodium,Novobiocin sodium salt
CCCSc1ccc2nc(NC(=O)OC)[nH]c2c1,2082.0,,2082.0,Albendazole,Albendazole
CN1CCC(=C2c3ccccc3CCn3c(C=O)cnc32)CC1,19371515.0,,19371515.0,Alcaftadine,Alcaftadine
COc1cccc2c1C(=O)c1c(O)c3c(c(O)c1C2=O)C[C@@](O)(/C(CO)=N/NC(=O)CCCCCN1C(=O)C=CC1=O)C[C@@H]3O[C@H]1C[C@H](N)[C@H](O)[C@H](C)O1,9810709.0,,9810709.0,Aldoxorubicin,Aldoxorubicin
CCc1cc2c(cc1N1CCC(N3CCOCC3)CC1)C(C)(C)c1[nH]c3cc(C#N)ccc3c1C2=O,49806720.0,,49806720.0,Alectinib,Alectinib
NCCCC(O)(P(=O)(O)O)P(=O)(O)O,2088.0,,2088.0,Alendronate,Alendronic Acid
C=C1/C(=C\C=C2/CCC[C@]3(C)[C@@H]([C@H](C)CCCC(C)C)CC[C@@H]23)C[C@@H](O)C[C@@H]1O,5282181.0,,5282181.0,Alfacalcidol,Alfacalcidol
COc1cc2nc(N(C)CCCNC(=O)C3CCCO3)nc(N)c2cc1OC.Cl,71764.0,,2092.0,Alfuzosin hydrochloride,Alfuzosin Hydrochloride
C=CCc1cc(OC)c(O)c(C(=O)NCCO)c1,71916.0,,71916.0,Alibendol,Alibendol
COc1cc(Nc2ncc3c(n2)-c2ccc(Cl)cc2C(c2c(F)cccc2OC)=NC3)ccc1C(=O)O,24771867.0,,24771867.0,Alisertib,Alisertib
COc1cc(Nc2ncc3c(n2)-c2ccc(Cl)cc2C(c2c(F)cccc2OC)=NC3)ccc1C(=O)O,24771867.0,,24771867.0,Alisertib ,Alisertib
COc1cc(Nc2ncc3c(n2)-c2ccc(Cl)cc2C(c2c(F)cccc2OC)=NC3)ccc1C(=O)O,24771867.0,,24771867.0,Alisertib (MLN8237),Alisertib
COCCCOc1cc(C[C@@H](C[C@H](N)[C@@H](O)C[C@H](C(=O)NCC(C)(C)C(N)=O)C(C)C)C(C)C)ccc1OC.COCCCOc1cc(C[C@@H](C[C@H](N)[C@@H](O)C[C@H](C(=O)NCC(C)(C)C(N)=O)C(C)C)C(C)C)ccc1OC.O=C(O)/C=C/C(=O)O,6918427.0,,5493444.0,Aliskiren hemifumarate,Aliskiren Hemifumarate
C=CCN1CCCC1CNC(=O)c1cc2[nH]nnc2cc1OC.Cl,135497066.0,,135413504.0,Alizapride hydrochloride,Alizapride hydrochloride
CC1=C(/C=C/C(C)=C/C=C/C(C)=C/C(=O)O)C(C)(C)CCC1,444795.0,,444795.0,All-Trans retinoic acid,Retinoic Acid
NC(=O)NC1NC(=O)NC1=O,204.0,,204.0,Allantoin,Allantoin
C=CC(=O)Nc1ccc2ncnc(Nc3ccc(OCc4cccc(F)c4)c(Cl)c3)c2c1,24739943.0,,24739943.0,Allitinib,Allitinib
O=c1[nH]cnc2[nH]ncc12,135401907.0,,135401907.0,Allopurinol,Allopurinol
C=CC[C@]1(O)CC[C@H]2[C@@H]3CCC4=CCCC[C@@H]4[C@H]3CC[C@@]21C,235905.0,,235905.0,Allylestrenol,Allylestrenol
C=CCNC(N)=S,1549517.0,,1549517.0,Allylthiourea,Allylthiourea
CNC(=O)[C@@H](c1ccccc1)N1CCc2cc(OC)c(OC)cc2[C@@H]1CCc1ccc(C(F)(F)F)cc1,23727689.0,,23727689.0,Almorexant,Almorexant
CN(C)CCc1c[nH]c2ccc(CS(=O)(=O)N3CCCC3)cc12.O=C(O)CC(O)C(=O)O,123607.0,,123606.0,Almotriptan Malate,Almotriptan Malate
ClCC1C(CCl)[C@@]2(Cl)C(Cl)=C(Cl)[C@]1(Cl)C2(Cl)Cl,92043635.0,,92043635.0,Alodan,Chlorbicyclen
O=C1c2cccc(O)c2C(=O)c2c(O)cc(CO)cc21,10207.0,,10207.0,Aloe-emodin,Aloe emodin
Cn1c(=O)cc(N2CCC[C@@H](N)C2)n(Cc2ccccc2C#N)c1=O.O=C(O)c1ccccc1,16088021.0,,11450633.0,Alogliptin Benzoate,Alogliptin Benzoate
O=C1c2c(O)cccc2C([C@@H]2O[C@H](CO)[C@@H](O)[C@H](O)[C@H]2O)c2cc(CO)cc(O)c21,9866696.0,,9866696.0,Aloin,Aloin
Cc1[nH]cnc1CN1CCc2c(c3ccccc3n2C)C1=O.Cl,60758.0,,2099.0,Alosetron hydrochloride,Alosetron Hydrochloride
Cc1nc(NC(=O)N2CCC[C@H]2C(N)=O)sc1-c1ccnc(C(C)(C)C(F)(F)F)c1,56649450.0,,56649450.0,Alpelisib,Alpelisib
N#CCCc1ccc2c(c1)-c1[nH]c3ccc([N+](=O)[O-])cc3c1CC(=O)N2,16760286.0,,16760286.0,"Alsterpaullone, 2-cyanoethyl","Alsterpaullone, 2-Cyanoethyl"
O=C(Nc1cc(Oc2cc(F)c(NC(=O)C3(C(=O)Nc4ccc(F)cc4)CC3)cc2F)ccn1)C1CC1,54576299.0,,54576299.0,Altiratinib,Altiratinib
O=C(Nc1cc(Oc2cc(F)c(NC(=O)C3(C(=O)Nc4ccc(F)cc4)CC3)cc2F)ccn1)C1CC1,54576299.0,,54576299.0,Altiratinib(DCC2701),Altiratinib
C=CC[C@]1(O)CC[C@H]2[C@@H]3CCC4=CC(=O)CCC4=C3C=C[C@@]21C,10041070.0,,10041070.0,Altrenogest,Altrenogest
CN(C)c1nc(N(C)C)nc(N(C)C)n1,2123.0,,2123.0,Altretamine,Altretamine
Cc1c(-c2ccnn2C)cc(C(=O)NCc2ccc(S(C)(=O)=O)cn2)c(=O)n1-c1cccc(C(F)(F)F)c1,46861623.0,,46861623.0,Alvelestat (AZD9668),Alvelestat
CCN(CCCc1ccccc1)CCCc1ccccc1.O=C(O)CC(O)(CC(=O)O)C(=O)O,21718.0,,,Alverine citrate,Alverine Citrate
CO[C@H]1/C=C\C=C(/C)C(=O)NC2=CC(=O)C(NCCN(C)C)=C(C[C@@H](C)C[C@H](OC)[C@H](O)[C@@H](C)/C=C(\C)[C@@H]1OC(N)=O)C2=O,5288674.0,,5288674.0,Alvespimycin,Alvespimycin
C[C@H]1CN(C[C@H](Cc2ccccc2)C(=O)NCC(=O)O)CC[C@@]1(C)c1cccc(O)c1,5488548.0,,5488548.0,Alvimopan,Alvimopan
CN1CC[C@H](c2c(O)cc(O)c3c(=O)cc(-c4ccccc4Cl)oc23)[C@H](O)C1,5287969.0,,5287969.0,Alvocidib,Alvocidib
CN1CC[C@H](c2c(O)cc(O)c3c(=O)cc(-c4ccccc4Cl)oc23)[C@H](O)C1,5287969.0,,5287969.0,Alvocidib ,Alvocidib
Cl.NC12CC3CC(CC(C3)C1)C2,64150.0,,2130.0,Amantadine hydrochloride,Amantadine Hydrochloride
COC(c1ccccc1)(c1ccccc1)[C@H](Oc1nc(C)cc(C)n1)C(=O)O,6918493.0,,6918493.0,Ambrisentan,Ambrisentan
Nc1c(Br)cc(Br)cc1CNC1CCC(O)CC1,2132.0,,2132.0,Ambroxol,Ambroxol
Cl.Nc1c(Br)cc(Br)cc1CNC1CCC(O)CC1,108013.0,,2132.0,Ambroxol hydrochloride,"4-(((2-Amino-3,5-dibromophenyl)methyl)amino)cyclohexan-1-ol--hydrogen chloride (1/1)"
CCN(CC)CCNC(=O)c1c(C)[nH]c(/C=C2\C(=O)Nc3ccc(-c4csc(-c5ccccc5)n4)cc32)c1C,25190990.0,,25190990.0,Amcasertib,Amcasertib
CC(=O)OCC(=O)[C@@]12OC3(CCCC3)O[C@@H]1C[C@H]1[C@@H]3CCC4=CC(=O)C=C[C@]4(C)[C@@]3(F)[C@@H](O)C[C@@]12C,443958.0,,443958.0,Amcinonide,Amcinonide
Nc1c(CC(=O)[O-])cccc1C(=O)c1ccccc1.O.[Na+],23663941.0,,2136.0,Amfenac Sodium Monohydrate,Amfenac Sodium
CCN(CC)C(C)C(=O)c1ccccc1.Cl,91442.0,,7029.0,Amfepramone hydrochloride,Diethylpropion Hydrochloride
,,49976728.0,,Amidrine,"(1)-1,5-Dimethylhexylamine"
NCCCNCCSP(=O)(O)O,2141.0,,2141.0,Amifostine,Amifostine
NCC[C@H](O)C(=O)N[C@@H]1C[C@H](N)[C@@H](O[C@H]2O[C@H](CN)[C@@H](O)[C@H](O)[C@H]2O)[C@H](O)[C@H]1O[C@H]1O[C@H](CO)[C@@H](O)[C@H](N)[C@H]1O,37768.0,,37768.0,Amikacin,Amikacin
NCC[C@H](O)C(=O)N[C@@H]1C[C@H](N)[C@@H](O[C@H]2O[C@H](CN)[C@@H](O)[C@H](O)[C@H]2O)[C@H](O)[C@H]1O[C@H]1O[C@H](CO)[C@@H](O)[C@H](N)[C@H]1O.O=S(=O)(O)O,5458175.0,,37768.0,Amikacin Sulfate Salt,Amikacin Sulfate Salt
Cl.NC(N)=NC(=O)c1nc(Cl)c(N)nc1N.O.O,68540.0,,16231.0,Amiloride hydrochloride,Amiloride Hydrochloride
Cl.NC(N)=NC(=O)c1nc(Cl)c(N)nc1N.O.O,68540.0,,16231.0,Amiloride hydrochloride dihydrate,Amiloride Hydrochloride
Nc1c2ccccc2nc2ccccc12,7019.0,,7019.0,Aminacrine,9-Aminoacridine
NCCCCCC(=O)O,564.0,,564.0,Aminocaproic acid,6-Aminohexanoic Acid
Cc1c(F)c(N)c2c(=O)cc(-c3ccc(N)c(F)c3)oc2c1F,389710.0,,389710.0,Aminoflavone,"5-amino-2-(4-amino-3-fluorophenyl)-6,8-difluoro-7-methyl-4H-1-benzopyran-4-one"
CCC1(c2ccc(N)cc2)CCC(=O)NC1=O,2145.0,,2145.0,Aminoglutethimide,Aminoglutethimide
Cl.NN=C(N)N,2734687.0,,2146.0,Aminoguanidine hydrochloride,Aminoguanidinium chloride
NCC(=O)CCC(=O)O,137.0,,137.0,Aminolevulinic ,5-Aminolevulinic Acid
NCC(=O)CCC(=O)O,137.0,,137.0,Aminolevulinic acid,5-Aminolevulinic Acid
Nc1ccc(C(=O)O)c(O)c1,4649.0,,4649.0,Aminopar,4-Aminosalicylic Acid
Cc1c(N(C)C)c(=O)n(-c2ccccc2)n1C,6009.0,,6009.0,Aminophenazone,Aminopyrine
Cn1c(=O)c2[nH]cnc2n(C)c1=O.Cn1c(=O)c2[nH]cnc2n(C)c1=O.NCCN,9433.0,,2153.0,Aminophylline,Aminophylline
Nc1nccs1,2155.0,,2155.0,Aminothiazole,2-Aminothiazole
CCCCc1oc2ccccc2c1C(=O)c1cc(I)c(OCCN(CC)CC)c(I)c1.Cl,441325.0,,2157.0,Amiodarone hydrochloride,Amiodarone Hydrochloride
CCN1CCCC1CNC(=O)c1cc(S(=O)(=O)CC)c(N)cc1OC,2159.0,,2159.0,Amisulpride,Amisulpride
Cc1ccc(N=CN(C)C=Nc2ccc(C)cc2C)c(C)c1,36324.0,,36324.0,Amitraz,Amitraz
CN(C)CCC=C1c2ccccc2CCc2ccccc21.Cl,11065.0,,2160.0,Amitriptyline hydrochloride,Amitriptyline Hydrochloride
CC(C)c1ccc2oc3nc(N)c(C(=O)O)cc3c(=O)c2c1,2161.0,,2161.0,Amlexanox,Amlexanox
CCOC(=O)C1=C(COCCN)NC(C)=C(C(=O)OC)C1c1ccccc1Cl,2162.0,,2162.0,Amlodipine,Amlodipine
CCOC(=O)C1=C(COCCN)NC(C)=C(C(=O)OC)C1c1ccccc1Cl.O=S(=O)(O)c1ccccc1,60496.0,,2162.0,Amlodipine Besylate,Amlodipine Besylate
CCN(CC)Cc1cc(Nc2ccnc3cc(Cl)ccc23)ccc1O.Cl.Cl.O.O,64646.0,,2165.0,Amodiaquin dihydrochloride dihydrate,Amodiaquine Hydrochloride
CCN(CC)Cc1cc(Nc2ccnc3cc(Cl)ccc23)ccc1O.Cl.Cl.O.O,64646.0,,2165.0,Amodiaquine hydrochloride,Amodiaquine Hydrochloride
CN(C)CCN1C(=O)c2cccc3cc(N)cc(c23)C1=O,50515.0,,50515.0,Amonafide,Amonafide
CCC(C)(C)c1ccc(CC(C)CN2C[C@@H](C)O[C@@H](C)C2)cc1.Cl,54259.0,,54260.0,Amorolfine hydrochloride,Amorolfine hydrochloride
Clc1ccc2c(c1)C(N1CCNCC1)=Nc1ccccc1O2,2170.0,,2170.0,Amoxapine,Amoxapine
CC1(C)S[C@@H]2[C@H](NC(=O)[C@H](N)c3ccc(O)cc3)C(=O)N2[C@H]1C(=O)O,33613.0,,33613.0,Amoxicillin,Amoxicillin
CC1(C)S[C@@H]2[C@H](NC(=O)[C@H](N)c3ccc(O)cc3)C(=O)N2[C@H]1C(=O)O.O.O.O,62883.0,,33613.0,Amoxicillin trihydrate,Amoxicillin Trihydrate
O=C(c1ccc2nccnc2c1)N1CCCCC1,148184.0,,148184.0,Ampalex,1-(Quinoxalin-6-ylcarbonyl)piperidine
C[C@@H]1[C@H](O)[C@@H](C)/C=C/C=C/C=C/C=C/C=C/C=C/C=C/[C@H](O[C@@H]2O[C@H](C)[C@@H](O)[C@H](N)[C@@H]2O)C[C@@H]2O[C@](O)(C[C@@H](O)C[C@@H](O)[C@H](O)CC[C@@H](O)C[C@@H](O)CC(=O)O[C@H]1C)C[C@H](O)[C@H]2C(=O)O,5280965.0,,5280965.0,Amphotericin B,Amphotericin B
CC1(C)S[C@@H]2[C@H](NC(=O)[C@H](N)c3ccccc3)C(=O)N2[C@H]1C(=O)O,6249.0,,6249.0,Ampicillin,Ampicillin
CC1(C)S[C@@H]2[C@H](NC(=O)[C@H](N)c3ccccc3)C(=O)N2[C@H]1C(=O)O.O.O.O,23565.0,,6249.0,Ampicillin Trihydrate ,Ampicillin Trihydrate
CCCc1ncc(C[n+]2ccccc2C)c(N)n1.[Cl-],73341.0,,2178.0,Amprolium,Amprolium
CCCc1ncc(C[n+]2ccccc2C)c(N)n1.Cl.[Cl-],8732.0,,2178.0,Amprolium Hydrochloride,Amprolium Hydrochloride
Nc1cc(-c2ccncc2)c[nH]c1=O,3698.0,,3698.0,Amrinone,Amrinone
COc1cc(NS(C)(=O)=O)ccc1Nc1c2ccccc2nc2ccccc12,2179.0,,2179.0,Amsacrine,Amsacrine
NCC1CCC(C(=O)O)CC1,5526.0,,5526.0,Amstat,4-(Aminomethyl)cyclohexanecarboxylic acid
S=C(NCc1ccc2c(c1)OCO2)N1CCN(c2ncnc3c2oc2ccccc23)CC1,11282283.0,,11282283.0,Amuvatinib,Amuvatinib
S=C(NCc1ccc2c(c1)OCO2)N1CCN(c2ncnc3c2oc2ccccc23)CC1,11282283.0,,11282283.0,Amuvatinib (MP-470),Amuvatinib
S=C(NCc1ccc2c(c1)OCO2)N1CCN(c2ncnc3c2oc2ccccc23)CC1,11282283.0,,11282283.0,Amuvatinib(MP470),Amuvatinib
CCCCCCCCCCCCCCCc1cccc(O)c1C(=O)O,167551.0,,167551.0,Anacardic Acid,Anacardic Acid
COc1cc(F)c(C(C)C)cc1-c1ccc(C(F)(F)F)cc1CN1C(=O)O[C@H](c2cc(C(F)(F)F)cc(C(F)(F)F)c2)[C@@H]1C,11556427.0,,11556427.0,Anacetrapib (MK-0859),Anacetrapib
CN(C)CCCN1c2ccccc2CCc2ccc(Cl)cc21.Cl,68539.0,,2801.0,Anafranil,Clomipramine Hydrochloride
O=C1CN2Cc3c(ccc(Cl)c3Cl)N=C2N1,135409400.0,,135409400.0,Anagrelide,Anagrelide
Cc1c(N(C)CS(=O)(=O)[O-])c(=O)n(-c2ccccc2)n1C.[Na+],522325.0,,3111.0,Analgin,Metamizole Sodium
CC(C)(C#N)c1cc(Cn2cncn2)cc(C(C)(C)C#N)c1,2187.0,,2187.0,Anastrozole,Anastrozole
CC(C)(C#N)c1cc(Cn2cncn2)cc(C(C)(C)C#N)c1,2187.0,,2187.0,Anastrozole  ,Anastrozole
CC(=O)Nc1ccc(OC[C@](C)(O)C(=O)Nc2ccc([N+](=O)[O-])c(C(F)(F)F)c2)cc1,9824562.0,,9824562.0,Andarine,Andarine
C=C1CC[C@@H]2[C@](C)(CO)[C@H](O)CC[C@@]2(C)[C@@H]1C/C=C1/C(=O)OC[C@H]1O,5318517.0,,5318517.0,Andrographolide,Andrographolide
FC(F)(F)C(Cl)Br,3562.0,,3562.0,Anestan,Halothane
COc1ccc(-c2cc(=S)ss2)cc1,2194.0,,2194.0,Anethole trithione,"5-(4-methoxyphenyl)-3H-1,2-dithiole-3-thione"
COc1ccc(C(=O)N2CCCC2=O)cc1,2196.0,,2196.0,Aniracetam,Aniracetam
COc1ccc(C[C@H]2NC[C@H](O)[C@H]2OC(C)=O)cc1,253602.0,,253602.0,Anisomycin,Anisomycin
COc1cc2c(Oc3ccc4[nH]c(C)cc4c3F)ccnc2cc1OCC1(N)CC1,25017411.0,,25017411.0,Anlotinib,Anlotinib
CCOc1ccccc1C(N)=O,3282.0,,3282.0,Anovigam,2-Ethoxybenzamide
Cl.c1ccc(CN(CC2=NCCN2)c2ccccc2)cc1,17275.0,,2200.0,Antazoline hydrochloride,Antazoline Hydrochloride
,,597839.0,,Antepan,24305-27-9
O=C1c2c(O)cccc2Cc2cccc(O)c21,2202.0,,2202.0,Anthralin,Anthralin
CNc1ccc2oc(C[C@H]3O[C@@]4(CC[C@H]3C)O[C@H]([C@H](C)C(=O)c3ccc[nH]3)[C@H](C)C[C@H]4C)nc2c1C(=O)O,11957499.0,,11957499.0,Antibiotic A-23187,Calcimycin
Cc1cc(=O)n(-c2ccccc2)n1C,2206.0,,2206.0,Antipyrine,Antipyrine
O=C1c2cccc(O)c2C(=O)c2c(O)cccc21,2950.0,,2950.0,Antrapurol,"1,8-Dihydroxyanthraquinone"
CNC(=O)c1ccc(N2C(=S)N(c3cnc(C#N)c(C(F)(F)F)c3)C(=O)C23CCC3)cc1F,24872560.0,,24872560.0,Apalutamide,Apalutamide
CS(=O)(=O)O.N#CC1(c2ccc(NC(=O)c3cccnc3NCc3ccncc3)cc2)CCCC1,45139106.0,,11315474.0,Apatinib,Rivoceranib Mesylate
O=c1cc(-c2ccc(O)cc2)oc2cc(O)cc(O)c12,5280443.0,,5280443.0,Apigenin,Apigenin
Cc1cccc(/C=N/Nc2cc(N3CCOCC3)nc(OCCc3ccccn3)n2)c1,10173277.0,,10173277.0,Apilimod,Apilimod
Cc1c(CN2CCN(C(=O)[C@H](C)O)CC2)sc2c(N3CCOCC3)nc(-c3cnc(N)nc3)nc12,25254071.0,,25254071.0,Apitolisib,Apitolisib
Cc1c(CN2CCN(C(=O)[C@H](C)O)CC2)sc2c(N3CCOCC3)nc(-c3cnc(N)nc3)nc12,25254071.0,,25254071.0,"Apitolisib (GDC-0980, RG7422)",Apitolisib
COc1ccc(-n2nc(C(N)=O)c3c2C(=O)N(c2ccc(N4CCCCC4=O)cc2)CC3)cc1,10182969.0,,10182969.0,Apixaban,Apixaban
CN[C@@H]1[C@@H](O[C@H]2O[C@H](CO)[C@@H](N)[C@H](O)[C@H]2O)O[C@H]2C[C@@H](N)[C@@H](O[C@H]3[C@H](O)[C@@H](O)[C@H](N)C[C@@H]3N)O[C@@H]2[C@@H]1O.O=S(=O)(O)O,3081544.0,,3081545.0,Apramycin sulfate,Apramycin Sulfate
CCOc1cc([C@@H](CS(C)(=O)=O)N2C(=O)c3cccc(NC(C)=O)c3C2=O)ccc1OC,11561674.0,,11561674.0,Apremilast (CC-10004),Apremilast
C[C@@H](O[C@H]1OCCN(Cc2n[nH]c(=O)[nH]2)[C@H]1c1ccc(F)cc1)c1cc(C(F)(F)F)cc(C(F)(F)F)c1,135413536.0,,135413536.0,Aprepitant ,Aprepitant
Cc1cc(O)ccc1Cl,1732.0,,1732.0,Aptal,4-Chloro-3-methylphenol
C[C@]12CC[C@@H]3c4ccc(O)cc4CC[C@H]3[C@@H]1CCC2=O,5870.0,,5870.0,Aquacrine,Estrone
,,135158627.0,,Arabinoside,Arabinoside
CCOC(=O)c1c(CSc2ccccc2)n(C)c2cc(Br)c(O)c(CN(C)C)c12.Cl,9958103.0,,131411.0,Arbidol hydrochloride,Arbidol
OC[C@H]1O[C@@H](Oc2ccc(O)cc2)[C@H](O)[C@@H](O)[C@@H]1O,440936.0,,440936.0,Arbutin,Arbutin
COc1cc(C[C@H]2C(=O)OC[C@@H]2Cc2ccc(OC)c(OC)c2)ccc1O,64981.0,,64981.0,Arctigenin,(-)-Arctigenin
Br.COC(=O)C1=CCCN(C)C1,9301.0,,2230.0,Arecoline HBr,Arecoline Hydrobromide
CC1CNc2c(cccc2S(=O)(=O)N[C@@H](CCCN=C(N)N)C(=O)N2CC[C@@H](C)C[C@@H]2C(=O)O)C1,92722.0,,92722.0,Argatroban,Argatroban
,,,,Ariad Alk/EGFR inhibitor related to AP-26113,
O=C1CCc2ccc(OCCCCN3CCN(c4cccc(Cl)c4Cl)CC3)cc2N1,60795.0,,60795.0,Aripiprazole,Aripiprazole
COc1cccc2c1cc([N+](=O)[O-])c1c(C(=O)O)cc3c(c12)OCO3,2236.0,,2236.0,Aristolochic Acid,Aristolochic Acid
NC(=O)C[S@@](=O)C(c1ccccc1)c1ccccc1,9690109.0,,9690109.0,Armodafinil,Armodafinil
[As+3].[As+3].[O-2].[O-2].[O-2],14888.0,,,Arsenic Trioxide,Arsenic Trioxide
O[As](O)O,545.0,,,Arsenic oxide (3),Arsenous acid
[As+3].[As+3].[O-2].[O-2].[O-2],14888.0,,,Arsenic trioxide,Arsenic Trioxide
[As+3].[As+3].[O-2].[O-2].[O-2],14888.0,,,Arsenic(III) oxide,Arsenic Trioxide
CC(C)(S)[C@@H](N)C(=O)O,5852.0,,5852.0,Artamine,Penicillamine
CCO[C@H]1O[C@@H]2O[C@@]3(C)CC[C@H]4[C@H](C)CC[C@@H]([C@H]1C)[C@@]24OO3,3000469.0,,3000469.0,Arteether,Arteether
CO[C@H]1O[C@@H]2O[C@@]3(C)CC[C@H]4[C@H](C)CC[C@@H]([C@H]1C)[C@@]24OO3,68911.0,,68911.0,Artemether,Artemether
C[C@@H]1CC[C@H]2[C@@H](C)C(=O)O[C@@H]3O[C@@]4(C)CC[C@@H]1[C@]32OO4,68827.0,,68827.0,Artemisinin,Artemisinin
C[C@H]1[C@H](OC(=O)CCC(=O)O)O[C@@H]2O[C@@]3(C)CC[C@H]4[C@H](C)CC[C@@H]1[C@@]24OO3,6917864.0,,6917864.0,Artesunate,Artesunate
CCCNC(C)C(=O)Nc1c(C)csc1C(=O)OC.Cl,32169.0,,32170.0,Articaine hydrochloride,Articaine Hydrochloride
O=C(Nc1ccc(OC(F)(F)Cl)cc1)c1cnc(N2CC[C@@H](O)C2)c(-c2ccn[nH]2)c1,72165228.0,,72165228.0,Asciminib,Asciminib
CC[C@@H]1/C=C(\C)C[C@H](C)C[C@H](OC)[C@H]2O[C@@](O)(C(=O)C(=O)N3CCCC[C@H]3C(=O)O[C@H](/C(C)=C/[C@@H]3CC[C@@H](O)[C@H](OC)C3)[C@H](C)[C@@H](O)CC1=O)[C@H](C)C[C@@H]2OC,5282071.0,,5282071.0,Ascomycin (FK520),Ascomycin
CN1C[C@@H]2c3ccccc3Oc3ccc(Cl)cc3[C@H]2C1.O=C(O)/C=C\C(=O)O,6917875.0,,163091.0,Asenapine Maleate,Asenapine Maleate
C[C@H]1[C@H](C)CC[C@]2(C(=O)O)CC[C@]3(C)C(=CC[C@@H]4[C@@]5(C)C[C@@H](O)[C@H](O)[C@@](C)(CO)[C@@H]5CC[C@]43C)[C@H]12,119034.0,,119034.0,Asiatic Acid,Asiatic Acid
C[C@H]1[C@H](C)CC[C@]2(C(=O)O)CC[C@]3(C)C(=CC[C@@H]4[C@@]5(C)C[C@@H](O)[C@H](O)[C@@](C)(CO)[C@@H]5CC[C@]43C)[C@H]12,119034.0,,119034.0,Asiatic acid,Asiatic Acid
C[C@H]1[C@H](C)CC[C@]2(C(=O)O[C@@H]3O[C@H](CO[C@@H]4O[C@H](CO)[C@@H](O[C@@H]5O[C@@H](C)[C@H](O)[C@@H](O)[C@H]5O)[C@H](O)[C@H]4O)[C@@H](O)[C@H](O)[C@H]3O)CC[C@]3(C)C(=CC[C@@H]4[C@@]5(C)C[C@@H](O)[C@H](O)[C@@](C)(CO)[C@@H]5CC[C@]43C)[C@H]12,11954171.0,,11954171.0,Asiaticoside,Asiaticoside
,72941984.0,,,Asorbic Acid,Ascorbyl lactoside
COC(=O)[C@H](Cc1ccccc1)NC(=O)[C@@H](N)CC(=O)O,134601.0,,134601.0,Aspartame,Aspartame
COc1ccc(CCN2CCC(Nc3nc4ccccc4n3Cc3ccc(F)cc3)CC2)cc1,2247.0,,2247.0,Astemizole,Astemizole
O=C(NCC(F)(F)F)Nc1cccc(-c2cnc3cc(-c4ccc(F)cc4)ccn23)c1,56589626.0,,56589626.0,Astex FGF inhibitor,"1-{3-[7-(4-Fluoro-phenyl)-imidazo[1,2-a]pyridin-3-yl]-phenyl}-3-(2,2,2-trifluoro-ethyl)-urea"
CC(C)(O)[C@H]1CC[C@@](C)([C@H]2[C@@H](O)C[C@@]3(C)[C@@H]4C[C@H](O[C@@H]5O[C@H](CO)[C@@H](O)[C@H](O)[C@H]5O)[C@H]5C(C)(C)[C@@H](O[C@@H]6OC[C@@H](O)[C@H](O)[C@H]6O)CC[C@@]56C[C@@]46CC[C@]23C)O1,13943299.0,,13943299.0,Astragaloside A,Astragaloside A
O=C(O)c1cccc(-c2noc(-c3ccccc3F)n2)c1,11219835.0,,11219835.0,Ataluren (PTC124),Ataluren
OC(c1ccccc1)(c1ccccc1)C1CCNCC1,15723.0,,15723.0,Ataractan,Azacyclonol
COC(=O)N[C@H](C(=O)N[C@@H](Cc1ccccc1)[C@@H](O)CN(Cc1ccc(-c2ccccn2)cc1)NC(=O)[C@@H](NC(=O)OC)C(C)(C)C)C(C)(C)C.O=S(=O)(O)O,158550.0,,148192.0,Atazanavir sulfate,Atazanavir Sulfate
CC(C)NCC(O)COc1ccc(CC(N)=O)cc1,2249.0,,2249.0,Atenolol,Atenolol
CNCC[C@@H](Oc1ccccc1C)c1ccccc1.Cl,54840.0,,54841.0,Atomoxetine hydrochloride,Atomoxetine Hydrochloride
CCOc1cc2c(c(F)c1OCC)C(=N)N(CC(=O)c1cc(N3CCOCC3)c(OC)c(C(C)(C)C)c1)C2,10459564.0,,10459564.0,Atopaxar,Atopaxar
Br.CCOc1cc2c(c(F)c1OCC)C(=N)N(CC(=O)c1cc(N3CCOCC3)c(OC)c(C(C)(C)C)c1)C2,22929978.0,,10459564.0,Atopaxar Hydrobromide,Atopaxar Hydrobromide
CC(C)c1c(C(=O)Nc2ccccc2)c(-c2ccccc2)c(-c2ccc(F)cc2)n1CC[C@@H](O)C[C@@H](O)CC(=O)O,60823.0,,60823.0,Atorvastatin,Atorvastatin
CC(C)c1c(C(=O)Nc2ccccc2)c(-c2ccccc2)c(-c2ccc(F)cc2)n1CC[C@@H](O)C[C@@H](O)CC(=O)[O-].CC(C)c1c(C(=O)Nc2ccccc2)c(-c2ccccc2)c(-c2ccc(F)cc2)n1CC[C@@H](O)C[C@@H](O)CC(=O)[O-].[Ca+2],60822.0,,60823.0,Atorvastatin Calcium ,Atorvastatin Calcium
O=C1C(=O)c2ccccc2C(O)=C1C1CCC(c2ccc(Cl)cc2)CC1,74989.0,,74989.0,Atovaquone,"3-(4-(4-Chlorophenyl)cyclohexyl)-4-hydroxynaphthalene-1,2-dione"
CN1[C@@H]2CC[C@H]1CC(OC(=O)C(CO)c1ccccc1)C2,174174.0,,174174.0,Atropine,Npc209773
CN1C2CCC1CC(OC(=O)C(CO)c1ccccc1)C2.CN1C2CCC1CC(OC(=O)C(CO)c1ccccc1)C2.O=S(=O)(O)O,5927.0,,3661.0,Atropine sulfate,Atropine sulfate
CN1[C@@H]2CC[C@H]1CC(OC(=O)C(CO)c1ccccc1)C2.CN1[C@@H]2CC[C@H]1CC(OC(=O)C(CO)c1ccccc1)C2.O.O=S(=O)(O)O,656678.0,,174174.0,Atropine sulfate monohydrate,Atropine sulfate monohydrate
CC(=O)OC[C@H]1O[C@@H]([S-])[C@H](OC(C)=O)[C@@H](OC(C)=O)[C@@H]1OC(C)=O.CCP(CC)CC.[Au+],16667669.0,,88293.0,Auranofin,Auranofin
CCN1CCN(C(=O)Cc2ccc(Nc3ncc(F)c(Nc4ccc(C(=O)Nc5ccccc5Cl)cc4)n3)cc2)CC1,44139710.0,,44139710.0,Aurora A Inhibitor I,"2,4-Bisanilinopyrimidine, 10"
O=C(Nc1cccc(Nc2nccc(Nc3cccc(C(F)(F)F)c3)n2)c1)C1CC1,9549303.0,,9549303.0,Aurora kinase inhibitor III,C-1368
Nc1nc(Nc2ccc(S(N)(=O)=O)cc2)nn1C(=O)c1c(F)cccc1F,5330790.0,,5330790.0,Aurora kinase/cdk inhibitor,Jnj-7706621
NC(=O)[C@@H](CCC(F)(F)F)N(Cc1ccc(-c2ncon2)cc1F)S(=O)(=O)c1ccc(Cl)cc1,46883536.0,,46883536.0,Avagacestat,Avagacestat
NC(=O)[C@@H](CCC(F)(F)F)N(Cc1ccc(-c2ncon2)cc1F)S(=O)(=O)c1ccc(Cl)cc1,46883536.0,,46883536.0,Avagacestat (BMS-708163),Avagacestat
COc1ccc(CNc2nc(N3CCC[C@H]3CO)ncc2C(=O)NCc2ncccn2)cc1Cl,9869929.0,,9869929.0,Avanafil,Avanafil
Cn1cc(-c2cc3c(N4CCN(c5ncc([C@@](C)(N)c6ccc(F)cc6)cn5)CC4)ncnn3c2)cn1,118023034.0,,118023034.0,Avapritinib,Avapritinib
CC(C)c1cc(C(C)C)c(CC(=O)NS(=O)(=O)Oc2c(C(C)C)cccc2C(C)C)c(C(C)C)c1,166558.0,,166558.0,Avasimibe,Avasimibe
COc1ccc(C(=O)CC(=O)c2ccc(C(C)(C)C)cc2)cc1,51040.0,,51040.0,Avobenzone,Avobenzone
CNC(=O)c1ccccc1Sc1ccc2c(/C=C/c3ccccn3)n[nH]c2c1,6450551.0,,6450551.0,Axitinib,Axitinib
CNC(=O)c1ccccc1Sc1ccc2c(/C=C/c3ccccn3)n[nH]c2c1,6450551.0,,6450551.0,Axitinib (AG-013736),Axitinib
Nc1ncn([C@@H]2O[C@H](CO)[C@@H](O)[C@H]2O)c(=O)n1,9444.0,,9444.0,Azacitidine,Azacytidine
Nc1ncn([C@@H]2O[C@H](CO)[C@@H](O)[C@H]2O)c(=O)n1,9444.0,,9444.0,Azacitidine  ,Azacytidine
Nc1ncn([C@@H]2O[C@H](CO)[C@@H](O)[C@H]2O)c(=O)n1,9444.0,,9444.0,Azacytidine,Azacytidine
Nc1ncn([C@@H]2O[C@H](CO)[C@@H](O)[C@H]2O)c(=O)n1,9444.0,,9444.0,Azacytidine (Vidaza),Azacytidine
Nc1ncn(C2O[C@H](CO)[C@@H](O)[C@H]2O)c(=O)n1,23760137.0,,23760137.0,Azacytidine-5,Azacytidine-5
Nc1nc2n[nH]nc2c(=O)[nH]1,135403646.0,,135403646.0,Azaguanine-8,8-Azaguanine
CN1C(=O)COc2c(C(=O)NC3CN4CCC3CC4)cc(Cl)cc21.Cl,115000.0,,2264.0,Azasetron hydrochloride,Y 25130
CN1CCC(=C2c3ccccc3CCc3cccnc32)CC1.O=C(O)/C=C\C(=O)O.O=C(O)/C=C\C(=O)O,5281066.0,,19861.0,Azatadine Maleate,Azatadine Maleate
Cn1cnc([N+](=O)[O-])c1Sc1ncnc2nc[nH]c12,2265.0,,2265.0,Azathioprine,Azathioprine
C[C@@H]1COCCN1c1cc(C2([S@](C)(=N)=O)CC2)nc(-c2cncc3[nH]ccc23)n1,121596701.0,,121596701.0,Azd6738,Ceralasertib
O=C(O)CCCCCCCC(=O)O,2266.0,,2266.0,Azelaic acid,Azelaic Acid
CN1CCCC(n2nc(Cc3ccc(Cl)cc3)c3ccccc3c2=O)CC1,2267.0,,2267.0,Azelastine,Azelastine
CN1CCCC(n2nc(Cc3ccc(Cl)cc3)c3ccccc3c2=O)CC1.Cl,54360.0,,2267.0,Azelastine HCl,Azelastine Hydrochloride
CC1=C(C(=O)OC(C)C)C(c2cccc([N+](=O)[O-])c2)C(C(=O)OC2CN(C(c3ccccc3)c3ccccc3)C2)=C(N)N1,65948.0,,65948.0,Azelnidipine,Azelnidipine
CCOc1nc2cccc(C(=O)O)c2n1Cc1ccc(-c2ccccc2-c2noc(=O)[nH]2)cc1,135415867.0,,135415867.0,Azilsartan,Azilsartan
CC[C@H]1OC(=O)[C@H](C)[C@@H](O[C@H]2C[C@@](C)(OC)[C@@H](O)[C@H](C)O2)[C@H](C)[C@@H](O[C@@H]2O[C@H](C)C[C@H](N(C)C)[C@H]2O)[C@](C)(O)C[C@@H](C)CN(C)[C@H](C)[C@@H](O)[C@]1(C)O,447043.0,,447043.0,Azithromycin,Azithromycin
,447043.0,,,Azithromycin A,Azithromycin
CC[C@H]1OC(=O)[C@H](C)[C@@H](O[C@H]2C[C@@](C)(OC)[C@@H](O)[C@H](C)O2)[C@H](C)[C@@H](O[C@@H]2O[C@H](C)C[C@H](N(C)C)[C@H]2O)[C@](C)(O)C[C@@H](C)CN(C)[C@H](C)[C@@H](O)[C@]1(C)O.O.O,3033819.0,,447043.0,Azithromycin dihydrate,Azithromycin Dihydrate
CC1(C)S[C@@H]2[C@H](NC(=O)[C@H](NC(=O)N3CCNC3=O)c3ccccc3)C(=O)N2[C@H]1C(=O)[O-].[Na+],23685176.0,,6479523.0,Azlocillin sodium,Azlocillin Sodium
c1ccc(N=Nc2ccccc2)cc1,2272.0,,2272.0,Azobenzene,Azobenzene
C[C@H]1[C@H](NC(=O)/C(=N\OC(C)(C)C(=O)O)c2csc(N)n2)C(=O)N1S(=O)(=O)O,5742832.0,,5742832.0,Aztreonam,Aztreonam
O=c1c2ccccc2nc(/C=C/c2cccnc2)n1Cc1ccccc1,5738263.0,,5738263.0,B02,((E)-3-benzyl-2-(2-(pyridin-3-yl)vinyl)quinazolin-4-(3H)-one)
CCc1cc(/C(C)=N/OCc2ccc(C3CCCCC3)c(C(F)(F)F)c2)ccc1CN1CC(C(=O)O)C1,44599207.0,,44599207.0,BAF312 (Siponimod),Siponimod
CO/C1=C\C(C)=C\[C@@H](C)[C@@H](O)[C@@H](C)C/C(C)=C/C=C/[C@H](OC)[C@@H]([C@@H](C)[C@@H](O)[C@H](C)[C@@]2(O)C[C@@H](O)[C@H](C)[C@@H](C(C)C)O2)OC1=O,6436223.0,,6436223.0,BAFILOMYCIN A1,Bafilomycin A1
N#CCCNc1nonc1-c1nc2ccccc2n1CC(=O)c1ccc(NC(=O)[C@@H](N)CCCCN)cc1,45259014.0,,45259014.0,BAL-101553,Lisavanbulin
N#CCCNc1nonc1-c1nc2ccccc2n1CC(=O)c1ccc(N)cc1,11176685.0,,11176685.0,BAL-27862,Avanbulin
CCOc1ccccc1N=Nc1c(C)[nH]n(-c2nc(-c3ccccc3)cs2)c1=O,3101542.0,,3101542.0,BAM7,(E)-4-(2-(2-Ethoxyphenyl)hydrazono)-3-methyl-1-(4-phenylthiazol-2-yl)-1H-pyrazol-5(4H)-one
CCN(CCCOc1ccc2c(Nc3cc(CC(=O)Nc4cccc(F)c4)[nH]n3)ncnc2c1)CCOP(=O)(O)O,11497983.0,,11497983.0,BARASERTIB,Barasertib
COC(=O)[C@]12CCC(C)(C)C[C@H]1[C@H]1C(=O)C=C3[C@@]4(C)C=C(C#N)C(=O)C(C)(C)[C@@H]4CC[C@@]3(C)[C@]1(C)CC2,400769.0,,400769.0,BARDOXOLONE METHYL,Bardoxolone Methyl
Cl.Cl.OC(CN1CCNCC1)Cn1c2ccc(Br)cc2c2cc(Br)ccc21,2729026.0,,2729027.0,BAX CHANNEL BLOCKER,Bax Channel Blocker
Cc1ccc(S(=O)(=O)/C=C/C#N)cc1,5353431.0,,5353431.0,BAY 11-7082,(2E)-3-(4-methylbenzenesulfonyl)prop-2-enenitrile
CC(C)(C)c1ccc(S(=O)(=O)/C=C/C#N)cc1,5353432.0,,5353432.0,BAY 11-7085,Bay 11-7085
C[C@H]1C[C@@H](n2c(Nc3ccc(OC(F)(F)F)cc3)nc3cc(CCC(=O)O)ccc32)CC(C)(C)C1,118310260.0,,118310260.0,BAY 1436032,Bay1436032
COc1ccc(-c2cc3nccn3c(Nc3ncccc3C(N)=O)n2)cc1OC,10200390.0,,10200390.0,BAY 61-3606,Bay 61-3606
Cc1cc(-c2nc(-c3ccc(OC(F)(F)F)cc3)no2)nn1Cc1ccnc(N2CCN(C3CC3)CC2)c1,67377767.0,,67377767.0,BAY 87-2243,"1-cyclopropyl-4-(4-((5-methyl-3-(3-(4-(trifluoromethoxy)phenyl)-1,2,4-oxadiazol-5-yl)-1H-pyrazol-1-yl)methyl)pyridin-2-yl)piperazine"
C[C@H]1C[C@@H](n2c(Nc3ccc(OC(F)(F)F)cc3)nc3cc(CCC(=O)O)ccc32)CC(C)(C)C1,118310260.0,,118310260.0,BAY-1436032,Bay1436032
,,,,BAY-1942,
COc1ccc(-c2cc3nccn3c(Nc3ncccc3C(N)=O)n2)cc1OC.Cl.Cl,11784504.0,,10200390.0,BAY-61-3606,BAY 61-3606 dihydrochloride
COc1c(OCCCN2CCOCC2)ccc2c3n(c(=NC(=O)c4cnc(N)nc4)nc12)CCN3,135565596.0,,135565596.0,BAY-80-6946 ,Copanlisib
COc1cc(F)c(F)c(Nc2ccc(I)cc2F)c1NS(=O)(=O)C1(C[C@H](O)CO)CC1,44182295.0,,44182295.0,BAY-86-9766,Refametinib
COc1ccc(-c2cc3nccn3c(Nc3ncccc3C(N)=O)n2)cc1OC,10200390.0,,10200390.0,BAY61-3606,Bay 61-3606
,59603622.0,,,BAY85-3934;Molidustat,Molidustat
O=C1/C(=C/c2ccccc2)C(NC2CCCCC2)c2ccccc21,6419844.0,,6419844.0,BCI,"2-benzylidene-3-(cyclohexylamino)-2,3-dihydro-1H-inden-1-one"
COc1ccc(C2C(C(=O)Nc3ccccc3)=C(C)N=c3s/c(=C\c4cn(Cc5ccccc5)c5ccccc45)c(=O)n32)cc1,168313307.0,,168313307.0,BCL-LZH-4,Bcl-lzh-4
,,,,BDP-00009066,
N[C@@H](CSCCB(O)O)C(=O)O,9877608.0,,9877608.0,BEC,S-(2-boronoethyl)-L-cysteine
O=C(/C=C/c1cccc(S(=O)(=O)Nc2ccccc2)c1)NO,6918638.0,,6918638.0,BELINOSTAT,Belinostat
Cl.Cn1c(CCCC(=O)O)nc2cc(N(CCCl)CCCl)ccc21,77082.0,,65628.0,BENDAMUSTINE HCL,Bendamustine Hydrochloride
Cl.Cn1c(CCCC(=O)O)nc2cc(N(CCCl)CCCl)ccc21,77082.0,,65628.0,BENDAMUSTINE HYDROCHLORIDE,Bendamustine Hydrochloride
CC(=O)Nc1ccc(OC(=O)c2ccccc2OC(C)=O)cc1,21102.0,,21102.0,BENORILATE,Benorylate
C=C(C)[C@@H]1CC[C@]2(C(=O)O)CC[C@]3(C)[C@H](CC[C@@H]4[C@@]5(C)CC[C@H](O)C(C)(C)[C@@H]5CC[C@]43C)[C@@H]12,64971.0,,64971.0,BETULINIC ACID,Betulinic Acid
C=C(c1ccc(C(=O)O)cc1)c1cc2c(cc1C)C(C)(C)CCC2(C)C,82146.0,,82146.0,BEXAROTENE,Bexarotene
Cn1c(=O)n(-c2ccc(C(C)(C)C#N)cc2)c2c3cc(-c4cnc5ccccc5c4)ccc3ncc21,11977753.0,,11977753.0,BEZ 235,Dactolisib
Cn1c(=O)n(-c2ccc(C(C)(C)C#N)cc2)c2c3cc(-c4cnc5ccccc5c4)ccc3ncc21,11977753.0,,11977753.0,BEZ-235,Dactolisib
Cn1c(=O)n(-c2ccc(C(C)(C)C#N)cc2)c2c3cc(-c4cnc5ccccc5c4)ccc3ncc21,11977753.0,,11977753.0,BEZ235,Dactolisib
Cn1c(=O)n(-c2ccc(C(C)(C)C#N)cc2)c2c3cc(-c4cnc5ccccc5c4)ccc3ncc21,11977753.0,,11977753.0,"BEZ235 (NVP-BEZ235, Dactolisib)",Dactolisib
O=C1CCc2c(Oc3ccc4c(c3)[C@@H]3[C@H](O4)[C@H]3c3nc4ccc(C(F)(F)F)cc4[nH]3)ccnc2N1,89670174.0,,89670174.0,BGB-283,Lifirafenib
Nc1nc(Nc2ccc3c(c2)CC[C@@H](N2CCCC2)CC3)nn1-c1cc2c(nn1)-c1ccccc1CCC2,46215462.0,,46215462.0,BGB324,Bemcentinib
CCN1CCN(c2ccc(Nc3cc(N(C)C(=O)Nc4c(Cl)c(OC)cc(OC)c4Cl)ncn3)cc2)CC1,53235510.0,,53235510.0,BGJ-398,Infigratinib
CCN1CCN(c2ccc(Nc3cc(N(C)C(=O)Nc4c(Cl)c(OC)cc(OC)c4Cl)ncn3)cc2)CC1,53235510.0,,53235510.0,BGJ398,Infigratinib
CCN1CCN(c2ccc(Nc3cc(N(C)C(=O)Nc4c(Cl)c(OC)cc(OC)c4Cl)ncn3)cc2)CC1,53235510.0,,53235510.0,BGJ398 (NVP-BGJ398),Infigratinib
COc1ccc(-c2ccc3ncc4c(c3c2)n(-c2ccc(N3CCNCC3)c(C(F)(F)F)c2)c(=O)n4C)cn1,11978790.0,,11978790.0,BGT-226,BGT-226 free base
COc1ccc(-c2ccc3ncc4c(c3c2)n(-c2ccc(N3CCNCC3)c(C(F)(F)F)c2)c(=O)n4C)cn1.O=C(O)/C=C\C(=O)O,57336745.0,,11978790.0,BGT226,Bgt226
COc1ccc(-c2ccc3ncc4c(c3c2)n(-c2ccc(N3CCNCC3)c(C(F)(F)F)c2)c(=O)n4C)cn1.O=C(O)/C=C\C(=O)O,57336745.0,,11978790.0,BGT226 (NVP-BGT226),Bgt226
CC[C@@H]1C(=O)N(C)c2cnc(Nc3ccc(C(=O)NC4CCN(C)CC4)cc3OC)nc2N1C1CCCC1,11364421.0,,11364421.0,BI 2536,Bi 2536
CC[C@@H]1C(=O)N(C)c2cnc(Nc3ccc(C(=O)NC4CCN(C)CC4)cc3OC)nc2N1C1CCCC1,11364421.0,,11364421.0,BI-2536,Bi 2536
CC[C@@H]1C(=O)N(C)c2cnc(Nc3ccc(C(=O)NC4CCC(N5CCN(CC6CC6)CC5)CC4)cc3OC)nc2N1C(C)C,10461508.0,,10461508.0,BI-6727,Volasertib
O=c1[nH]nc(Sc2ncc([N+](=O)[O-])s2)n1-c1ccc2c(c1)OCCO2,2747117.0,,2747117.0,BI-78D3,BI-78D3
CC(C)CCN1c2nc(Nc3cc(F)c(O)c(F)c3)ncc2N(C)C(=O)C1C,25023738.0,,25023738.0,BI-D1870,BI-D1870
CC[C@@H]1C(=O)N(C)c2cnc(Nc3ccc(C(=O)NC4CCN(C)CC4)cc3OC)nc2N1C1CCCC1,11364421.0,,11364421.0,BI2536,Bi 2536
CC[C@@H]1C(=O)N(C)c2cnc(Nc3ccc(C(=O)NC4CCC(N5CCN(CC6CC6)CC5)CC4)cc3OC)nc2N1C(C)C,10461508.0,,10461508.0,BI6727,Volasertib
,,433969177.0,,BIA,123134-61-2
COC(=O)c1ccc2c(C(=Nc3ccc(N(C)C(=O)CN4CCN(C)CC4)cc3)c3ccccc3)c(O)[nH]c2c1,135423438.0,,135423438.0,BIBF-1120,Nintedanib
C/C(=C\C(=O)Nc1ccccc1C(=O)O)c1ccc2ccccc2c1,9927531.0,,9927531.0,BIBR-1532,Bibr 1532
CCCCc1nc2ccc(NC(=O)NC3CCCCC3)cc2n1Cc1ccc(-c2ccccc2C(=O)O)cc1,131590.0,,131590.0,BIBS 39,Bibs 39
CN(C)C/C=C/C(=O)Nc1cc2c(Nc3ccc(F)c(Cl)c3)ncnc2cc1O[C@H]1CCOC1,10184653.0,,10184653.0,BIBW2992,Afatinib
CC(O)(CS(=O)(=O)c1ccc(F)cc1)C(=O)Nc1ccc(C#N)c(C(F)(F)F)c1,2375.0,,2375.0,BICALUTAMIDE,Bicalutamide
COc1c(C)cnc(Cn2cnc3c(Cl)nc(N)nc32)c1C,16736529.0,,16736529.0,BIIB-021,"(6-Chloro-9-(4-methoxy-3,5-dimethylpyridin-2-ylmethyl)-9H-purin-2-yl)amine"
COc1c(C)cnc(Cn2cnc3c(Cl)nc(N)nc32)c1C,16736529.0,,16736529.0,BIIB021,"(6-Chloro-9-(4-methoxy-3,5-dimethylpyridin-2-ylmethyl)-9H-purin-2-yl)amine"
N[C@@H](CSSC[C@H](N)C(=O)N1CCn2cc(-c3ccccc3)nc2[C@@H]1CC1CCCCC1)C(=O)N1CCn2cc(-c3ccccc3)nc2[C@@H]1CC1CCCCC1,11593027.0,,11593027.0,BIM-46187 ,"(2R,2'R)-3,3'-disulfanediylbis(2-amino-1-((S)-8-(cyclohexylmethyl)-2-phenyl-5,6-dihydroimidazo[1,2-a]pyrazin-7(8H)-yl)propan-1-one)"
O=Nc1c(-c2c(O)[nH]c3cc(Br)ccc23)[nH]c2ccccc12,448949.0,,448949.0,BIO,6-Bromoindirubin-3'-oxime
Cc1ccc(-n2nc(C(C)(C)C)cc2NC(=O)Nc2ccc(OCCN3CCOCC3)c3ccccc23)cc1,156422.0,,156422.0,BIRB 0796,Doramapimod
Cc1ccc(-n2nc(C(C)(C)C)cc2NC(=O)Nc2ccc(OCCN3CCOCC3)c3ccccc23)cc1,156422.0,,156422.0,BIRB 796 (Doramapimod),Doramapimod
Cc1ccc(-n2nc(C(C)(C)C)cc2NC(=O)Nc2ccc(OCCN3CCOCC3)c3ccccc23)cc1,156422.0,,156422.0,BIRB-796,Doramapimod
CC[C@H](NC(=O)[C@H](C)NC)C(=O)N1C[C@@H](O)C[C@H]1Cc1c(-c2[nH]c3cc(F)ccc3c2C[C@@H]2C[C@H](O)CN2C(=O)[C@H](CC)NC(=O)[C@H](C)NC)[nH]c2cc(F)ccc12,49836020.0,,49836020.0,BIRINAPANT,Birinapant
CN(C)Cc1cccc(N=C(c2ccccc2)c2c(O)[nH]c3cc(C(N)=O)ccc23)c1,135398492.0,,135398492.0,BIX 02188,(Z)-3-(((3-((dimethylamino)methyl)phenyl)amino)(phenyl)methylene)-2-oxoindoline-6-carboxamide
CN(C)Cc1cccc(N=C(c2ccccc2)c2c(O)[nH]c3cc(C(=O)N(C)C)ccc23)c1,135659062.0,,135659062.0,BIX 02189,"(Z)-3-((3-((dimethylamino)methyl)phenylamino)(phenyl)methylene)-N,N-dimethyl-2-oxoindoline-6-carboxamide"
COc1cc2nc(N3CCCN(C)CC3)nc(NC3CCN(Cc4ccccc4)CC3)c2cc1OC,25150857.0,,25150857.0,BIX-01294,"N-(1-benzylpiperidin-4-yl)-6,7-dimethoxy-2-(4-methyl-1,4-diazepan-1-yl)quinazolin-4-amine"
COc1cc2nc(N3CCCN(C)CC3)nc(NC3CCN(c4ccccc4)CC3)c2cc1OC,124219522.0,,124219522.0,BIX01294,Bix 01294
COc1cc2nc(N3CCCN(C)CC3)nc(NC3CCN(c4ccccc4)CC3)c2cc1OC,124219522.0,,124219522.0,BIX01294(HYDROCHLORIDE HYDRATE),Bix 01294
CN(C)Cc1cccc(N=C(c2ccccc2)c2c(O)[nH]c3cc(C(=O)N(C)C)ccc23)c1,135659062.0,,135659062.0,BIX02189,"(Z)-3-((3-((dimethylamino)methyl)phenylamino)(phenyl)methylene)-N,N-dimethyl-2-oxoindoline-6-carboxamide"
Nc1cc(C(F)(F)F)c(-c2cc(N3CCOCC3)nc(N3CCOCC3)n2)cn1,16654980.0,,16654980.0,BKM-120,Buparlisib
Nc1cc(C(F)(F)F)c(-c2cc(N3CCOCC3)nc(N3CCOCC3)n2)cn1,16654980.0,,16654980.0,BKM120,Buparlisib
Nc1cc(C(F)(F)F)c(-c2cc(N3CCOCC3)nc(N3CCOCC3)n2)cn1,16654980.0,,16654980.0,"BKM120 (NVP-BKM120, Buparlisib)",Buparlisib
Cc1c(N)nc([C@H](CC(N)=O)NC[C@H](N)C(N)=O)nc1C(=O)N[C@H](C(=O)N[C@H](C)[C@@H](O)[C@H](C)C(=O)N[C@H](C(=O)NCCc1nc(-c2nc(C(=O)NCCC[S+](C)C)cs2)cs1)[C@@H](C)O)[C@@H](OC1OC(CO)C(O)C(O)C1OC1OC(CO)C(O)C(OC(N)=O)C1O)c1cnc[nH]1,5360373.0,,5360373.0,BLEOMYCIN,Bleomycin
Cc1c(N)nc([C@H](CC(N)=O)NC[C@H](N)C(N)=O)nc1C(=O)N[C@H](C(=O)N[C@H](C)[C@@H](O)[C@H](C)C(=O)N[C@H](C(=O)NCCc1nc(-c2nc(C(=O)NCCC[S+](C)C)cs2)cs1)[C@@H](C)O)[C@@H](OC1OC(CO)C(O)C(O)C1OC1OC(CO)C(O)C(OC(N)=O)C1O)c1cnc[nH]1,5360373.0,,5360373.0,BLEOMYCIN (50 UM),Bleomycin
Cc1c(N)nc([C@H](CC(N)=O)NC[C@H](N)C(N)=O)nc1C(=O)N[C@H](C(=O)N[C@H](C)[C@@H](O)[C@H](C)C(=O)N[C@H](C(=O)NCCc1nc(-c2nc(C(=O)NCCC[S+](C)C)cs2)cs1)[C@@H](C)O)[C@@H](O[C@@H]1O[C@@H](CO)[C@@H](O)[C@H](O)[C@@H]1O[C@H]1O[C@H](CO)[C@@H](O)[C@H](OC(N)=O)[C@@H]1O)c1cnc[nH]1,5460769.0,,5460769.0,BLEOMYCIN A2,Bleomycin A2
Cc1c(N)nc([C@H](CC(N)=O)NC[C@H](N)C(N)=O)nc1C(=O)N[C@H](C(=O)N[C@H](C)[C@@H](O)[C@H](C)C(=O)N[C@H](C(=O)NCCc1nc(-c2nc(C(=O)NCCC[S+](C)C)cs2)cs1)[C@@H](C)O)[C@@H](O[C@@H]1O[C@@H](CO)[C@@H](O)[C@H](O)[C@@H]1O[C@H]1O[C@H](CO)[C@@H](O)[C@H](OC(N)=O)[C@@H]1O)c1cnc[nH]1.O=S(=O)(O)O,71587153.0,,5460769.0,BLEOMYCIN SULFATE,Bleomycin Sulfate
C=CC(=O)Nc1cccc(C)c1Nc1ncc2cc(-c3c(Cl)c(OC)cc(OC)c3Cl)ccc2n1,72710839.0,,72710839.0,BLU9931,Blu-9931
CNC(=O)c1cc(Oc2ccc3nc(N[C@@H]4CCCC[C@H]4O)sc3c2)ccn1,46184986.0,,46184986.0,BLZ-945,Sotuletinib
CNC(=O)c1cc(Oc2ccc3nc(N[C@@H]4CCCC[C@H]4O)sc3c2)ccn1,46184986.0,,46184986.0,BLZ945,Sotuletinib
CC(C)c1cnc(NC(=O)Cc2ccccc2)s1,16760027.0,,16760027.0,BML-259,2-phenyl-N-(5-propan-2-yl-2-thiazolyl)acetamide
NC(=O)c1ccc2nc(-c3ccc(Oc4ccc(Cl)cc4)cc3)[nH]c2c1,9969021.0,,9969021.0,BML-277,2-(4-(4-chlorophenoxy)phenyl)-1H-benzimidazole-5-carboxamide
Cn1ncnc1[C@H]1c2n[nH]c(=O)c3cc(F)cc(c23)N[C@@H]1c1ccc(F)cc1,135565082.0,,135565082.0,BMN 673,Talazoparib
Cn1ncnc1[C@H]1c2n[nH]c(=O)c3cc(F)cc(c23)N[C@@H]1c1ccc(F)cc1,135565082.0,,135565082.0,BMN-673,Talazoparib
Cn1ncnc1[C@H]1c2n[nH]c(=O)c3cc(F)cc(c23)N[C@@H]1c1ccc(F)cc1,135565082.0,,135565082.0,BMN-673 (inactive enantiomer),Talazoparib
Cn1ncnc1[C@H]1c2n[nH]c(=O)c3cc(F)cc(c23)N[C@@H]1c1ccc(F)cc1,135565082.0,,135565082.0,BMN-673 (racemate),Talazoparib
CC1(C)CC=C(c2cnc3ccccc3c2)c2cc(C(=O)Nc3ccc(C(=O)O)cc3)ccc21,445091.0,,445091.0,BMS 195614,"4-(5,6-Dihydro-5,5-dimethyl-8-(quinolin-3-yl)naphthalen-2-carboxamido)benzoic acid"
COc1ccc(Cl)cc1[C@]1(F)C(=O)Nc2cc(C(F)(F)F)ccc21,214350.0,,214350.0,BMS 204352,Bms 204352
CC1(C)CCC(C)(C)c2cc([C@@H](O)C(=O)Nc3ccc(C(=O)O)cc3F)ccc21,445455.0,,445455.0,BMS 270394,Bms 961
Cc1ccc2nc(NCCN)c3ncc(C)n3c2c1.Cl,9926054.0,,9813758.0,BMS 345541,Bms 345541
Cc1c(NC(=O)OC[C@@H]2COCCN2)cn2ncnc(Nc3ccc4c(cnn4Cc4cccc(F)c4)c3)c12,10437018.0,,10437018.0,BMS 599626,Bms-599626
CC1(C)CC=C(c2cnc3ccccc3c2)c2cc(C(=O)Nc3ccc(C(=O)O)cc3)ccc21,445091.0,,445091.0,BMS-195614,"4-(5,6-Dihydro-5,5-dimethyl-8-(quinolin-3-yl)naphthalen-2-carboxamido)benzoic acid"
CCCCOc1c(C(=O)c2c(F)cc(C)cc2F)cnc2n[nH]cc12,135402864.0,,135402864.0,BMS-265246,Bms-265246
CC1(C)CCC(C)(C)c2cc([C@@H](O)C(=O)Nc3ccc(C(=O)O)cc3F)ccc21,445455.0,,445455.0,BMS-270394,Bms 961
C[C@H](c1ccc(F)cc1CCCC(=O)O)N(c1cc(F)ccc1F)S(=O)(=O)c1ccc(Cl)cc1,11249248.0,,11249248.0,BMS-299897,"4-(2-((1R)-1-(((4-chlorophenyl)sulfonyl)-2,5-difluoroanilino)ethyl)-5-fluorophenyl)butanoic acid"
Cc1ccc2nc(NCCN)c3ncc(C)n3c2c1.Cl,9926054.0,,9813758.0,BMS-345541,Bms 345541
,,,,"BMS-509744, KIN001-127",
Cc1cc(N2CCOCC2)cc2[nH]c(-c3c(NC[C@@H](O)c4cccc(Cl)c4)cc[nH]c3=O)nc12,135440466.0,,135440466.0,BMS-536924,Bms-536924
Cc1cc2c(F)c(Oc3ncnn4cc(OC[C@@H](C)OC(=O)[C@H](C)N)c(C)c34)ccc2[nH]1,11154925.0,,11154925.0,BMS-582664 ,Brivanib Alaninate
CCCNC(=O)c1cn2ncnc(Nc3cc(C(=O)NC4CC4)ccc3C)c2c1C,10409068.0,,10409068.0,BMS-582949,Bms-582949
CCCNC(=O)c1cn2ncnc(Nc3cc(C(=O)NC4CC4)ccc3C)c2c1C,10409068.0,,10409068.0,BMS-582949 ,Bms-582949
Cc1c(NC(=O)OC[C@@H]2COCCN2)cn2ncnc(Nc3ccc4c(cnn4Cc4cccc(F)c4)c3)c12,10437018.0,,10437018.0,BMS-599626,Bms-599626
COc1cccc(Nc2ncnn3ccc(CN4CC[C@@H](N)[C@H](O)C4)c23)c1,11349170.0,,11349170.0,BMS-690514,Bms-690514
NC(=O)[C@@H](CCC(F)(F)F)N(Cc1ccc(-c2ncon2)cc1F)S(=O)(=O)c1ccc(Cl)cc1,46883536.0,,46883536.0,BMS-708163,Avagacestat
C[C@@]1(C(=O)Nc2ccc(F)nc2)CCCN1c1nc(Nc2cc(C3CC3)[nH]n2)c2cccn2n1,24785538.0,,24785538.0,BMS-754807,Bms-754807
CCOc1ccn(-c2ccc(F)cc2)c(=O)c1C(=O)Nc1ccc(Oc2ccnc(N)c2Cl)c(F)c1,24794418.0,,24794418.0,BMS-777607,Bms-777607
Nc1nccc(Oc2ccc(NC(=O)c3c[nH]cc(-c4ccc(F)cc4)c3=O)cc2F)c1Cl,44155856.0,,44155856.0,BMS-794833,"N-(4-((2-amino-3-chloropyridin-4-yl)oxy)-3-fluorophenyl)-5-(4-fluorophenyl)-4-oxo-1,4-dihydropyridine-3-carboxamide"
CNCc1ccc(C)c(NC(=O)c2ccc(Nc3nc(-c4ccccc4)c4ccccc4n3)cc2)c1,57662985.0,,57662985.0,BMS-833923,Bms-833923
CCn1c(C(=O)N(C2CC2)C2CC2)cc2c3c(ncn3C)c(Nc3cc(C)n(C)n3)nc21,50922691.0,,50922691.0,BMS-911543,Bms-911543
O=c1[nH]c([C@@H]2CCCN2)nc2c1oc1ccc(Cl)cc12,135564632.0,,135564632.0,BMS863233,Bms-863233
C=CC(=O)Nc1cc(-n2c(=O)ccc3cnc4ccc(-c5ccc(NS(C)(=O)=O)cc5)cc4c32)ccc1C,71576693.0,,71576693.0,BMX-IN-1,Bmx-IN-1
COc1ccccc1N1CCN(CCN2C(=O)CC3(CCCC3)CC2=O)CC1.Cl.Cl,210172.0,,2419.0,BMY 7378 dihydrochloride,Bmy-7378
CC(C)C[C@H](NC(=O)[C@H](Cc1ccccc1)NC(=O)c1cnccn1)B(O)O,387447.0,,387447.0,BORTEZOMIB,Bortezomib
COc1cc(Nc2c(C#N)cnc3cc(OCCCN4CCN(C)CC4)c(OC)cc23)c(Cl)cc1Cl,5328940.0,,5328940.0,BOSUTINIB,Bosutinib
CN(CC(=O)N(Cc1ccc(C2CCCCC2)cc1)c1ccc(C(=O)O)c(O)c1)S(=O)(=O)c1c(F)c(F)c(F)c(F)c1F,53388144.0,,53388144.0,BP-1-102,BP-1-102
,,,,BPD-00008900,
Brc1cccc(Nc2ncnc3cc4nc[nH]c4cc23)c1,2428.0,,2428.0,BPIQ-II,"N-(3-bromophenyl)-1H-imidazo[4,5-g]quinazolin-8-amine"
CN1CCN(c2ccc(C(=O)Nc3cc(-c4cccc(NS(=O)(=O)c5ccccc5)c4)[nH]n3)cc2)CC1,56673651.0,,56673651.0,BPR1J-097,N-[5-[3-(benzenesulfonamido)phenyl]-1H-pyrazol-3-yl]-4-(4-methylpiperazin-1-yl)benzamide
CC(C)(C)c1ccc2cc(C#N)c(C#N)cc2c1,613000.0,,613000.0,BRD 9876,"6-tert-Butyl-2,3-naphthalenedicarbonitrile"
CC(C)N(CCCNC(=O)Nc1ccc(C(C)(C)C)cc1)CC1OC(n2cnc3c(N)ncnc32)C(O)C1O,76446078.0,,76446078.0,BRD-A02303741,"1-[3-[[5-(6-Aminopurin-9-yl)-3,4-dihydroxyoxolan-2-yl]methyl-propan-2-ylamino]propyl]-3-(4-tert-butylphenyl)urea"
,,,,BRD-A02303741:carboplatin (1:1 mol/mol),
,,,,BRD-A02303741:navitoclax (2:1 mol/mol),
Cc1ccccc1C(C(=O)NC1CCCCC1)N(C(=O)Cc1ccncc1)c1cccc(F)c1,56646779.0,,56646779.0,BRD-A05715709,N-cyclohexyl-2-(3-fluoro-N-(2-pyridin-4-ylacetyl)anilino)-2-(2-methylphenyl)acetamide
O=C(NC1CCCCC1)C(c1ccccc1Cl)N(C(=O)Cc1cccs1)c1cccc(F)c1,68056272.0,,68056272.0,BRD-A71883111,2-(2-chlorophenyl)-N-cyclohexyl-2-(3-fluoro-N-(2-thiophen-2-ylacetyl)anilino)acetamide
,,,,BRD-A86708339,
CC(=O)CCCCC[C@H](C(=O)Nc1nc(-c2ccccc2)cs1)C(=O)NC1CCCCN1C,124202324.0,,124202324.0,BRD-A94377914,"(2S)-N-(1-methylpiperidin-2-yl)-2-(6-oxoheptyl)-N'-(4-phenyl-1,3-thiazol-2-yl)propanediamide"
COc1ccc(NC(=O)Nc2ccc3c(c2)C(=O)N(C(C)CO)CC(C)C(CN(C)Cc2ccc4c(c2)OCO4)O3)cc1,75083073.0,,75083073.0,BRD-K01737880,"1-[2-[[1,3-benzodioxol-5-ylmethyl(methyl)amino]methyl]-5-(1-hydroxypropan-2-yl)-3-methyl-6-oxo-3,4-dihydro-2H-1,5-benzoxazocin-8-yl]-3-(4-methoxyphenyl)urea"
C[C@H](CO)N1C[C@H](C)[C@H](CN(C)C(=O)NC2CCCCC2)Oc2c(NS(=O)(=O)c3ccc(F)cc3)cccc2C1=O,44486219.0,,44486219.0,BRD-K02251932,"3-cyclohexyl-1-[[(2R,3S)-10-[(4-fluorophenyl)sulfonylamino]-5-[(2R)-1-hydroxypropan-2-yl]-3-methyl-6-oxo-3,4-dihydro-2H-1,5-benzoxazocin-2-yl]methyl]-1-methylurea"
CN1CCN(C(=O)CC2C=CC(NS(=O)(=O)c3cccc(F)c3)C(CO)O2)CC1,76030139.0,,76030139.0,BRD-K02492147,"3-fluoro-N-[2-(hydroxymethyl)-6-[2-(4-methylpiperazin-1-yl)-2-oxoethyl]-3,6-dihydro-2H-pyran-3-yl]benzenesulfonamide"
,,,,BRD-K03536150,
,,,,BRD-K03911514,
Cc1noc(C)c1NC(=O)Nc1ccc2c(c1)C(=O)N([C@@H](C)CO)C[C@@H](C)[C@@H](CN(C)CC1CCCCC1)O2,44487872.0,,44487872.0,BRD-K04800985,"1-[(2S,3R)-2-[[cyclohexylmethyl(methyl)amino]methyl]-5-[(2S)-1-hydroxypropan-2-yl]-3-methyl-6-oxo-3,4-dihydro-2H-1,5-benzoxazocin-8-yl]-3-(3,5-dimethyl-4-isoxazolyl)urea"
,3101542.0,,,BRD-K07442505,(E)-4-(2-(2-Ethoxyphenyl)hydrazono)-3-methyl-1-(4-phenylthiazol-2-yl)-1H-pyrazol-5(4H)-one
C[C@@H]1CN([C@H](C)CO)C(=O)c2cccc(NC(=O)c3ccncc3)c2O[C@H]1CN(C)Cc1ccc2c(c1)OCO2,44493952.0,,44493952.0,BRD-K09344309,"N-[(2R,3R)-2-[[1,3-benzodioxol-5-ylmethyl(methyl)amino]methyl]-5-[(2R)-1-hydroxypropan-2-yl]-3-methyl-6-oxo-3,4-dihydro-2H-1,5-benzoxazocin-10-yl]pyridine-4-carboxamide"
CC(NC(=O)CC1CCC(NC(=O)CN2CCOCC2)C(CO)O1)c1ccccc1,76030147.0,,76030147.0,BRD-K09587429,2-[6-(hydroxymethyl)-5-[(2-morpholin-4-ylacetyl)amino]oxan-2-yl]-N-(1-phenylethyl)acetamide
CC(=O)NC1CCN(C(=O)Nc2cc(-c3cccs3)ccc2N)CC1,89183176.0,,89183176.0,BRD-K11533227,4-acetamido-N-(2-amino-5-thiophen-2-ylphenyl)-1-piperidinecarboxamide
,,,,BRD-K13185470,
C[C@H]1CN([C@@H](C)CO)S(=O)(=O)c2ccc(C#Cc3ccccc3F)cc2O[C@H]1CN(C)C(=O)Cc1ccncc1,54618164.0,,54618164.0,BRD-K13999467,"N-[[(4S,5R)-8-[2-(2-fluorophenyl)ethynyl]-2-[(2S)-1-hydroxypropan-2-yl]-4-methyl-1,1-dioxo-4,5-dihydro-3H-6,1$l^{6},2-benzoxathiazocin-5-yl]methyl]-N-methyl-2-pyridin-4-ylacetamide"
CC(C)CC#Cc1ccc2c(c1)O[C@@H](CN(C)C(=O)c1cnccn1)[C@H](C)CN([C@H](C)CO)S2(=O)=O,54618305.0,,54618305.0,BRD-K14844214,"N-[[(4R,5R)-2-[(2R)-1-hydroxypropan-2-yl]-4-methyl-8-(4-methylpent-1-ynyl)-1,1-dioxo-4,5-dihydro-3H-6,1$l^{6},2-benzoxathiazocin-5-yl]methyl]-N-methyl-2-pyrazinecarboxamide"
,,,,BRD-K16130065,
CC(C)NC(=O)Nc1ccc2c(c1)CC(=O)N([C@H](C)CO)C[C@H](C)[C@H](CN(C)S(C)(=O)=O)O2,44498493.0,,44498493.0,BRD-K16147474,"1-[(2R,3S)-5-[(2R)-1-hydroxypropan-2-yl]-3-methyl-2-[[methyl(methylsulfonyl)amino]methyl]-6-oxo-2,3,4,7-tetrahydro-1,5-benzoxazonin-9-yl]-3-propan-2-ylurea"
CN(C)CC(=O)NC1CCC(CCNC(=O)Nc2ccc(F)cc2)OC1CO,76159840.0,,76159840.0,BRD-K17060750,2-(dimethylamino)-N-[6-[2-[(4-fluorophenyl)carbamoylamino]ethyl]-2-(hydroxymethyl)oxan-3-yl]acetamide
C[C@H](CO)N1C[C@H](C)[C@H](CN(C)Cc2ccc(Cl)c(Cl)c2)Oc2ccc(N(C)C)cc2C1=O,44491742.0,,44491742.0,BRD-K19103580,"(2R,3S)-2-[[(3,4-dichlorophenyl)methyl-methylamino]methyl]-8-(dimethylamino)-5-[(2R)-1-hydroxypropan-2-yl]-3-methyl-3,4-dihydro-2H-1,5-benzoxazocin-6-one"
,73707440.0,,,BRD-K20514654,"(4S)-4-[[(2S)-2-[[(2S)-2-[[(2S)-2-[[(2S)-2-[[(2S,3S)-2-[[(2S)-2-[[(2S)-2-(3-acetamidopropanoylamino)-5-carbamimidamidopentanoyl]amino]-5-carbamimidamidopentanoyl]amino]-3-methylpentanoyl]amino]-5-amino-5-oxopentanoyl]amino]-4-methylsulfanylbutanoyl]amino]-4-methylpentanoyl]amino]-4-methylpentanoyl]amino]-5-[[(2S)-1-[[(2S)-1-[[(2S)-4-amino-1-[[(2S)-1-[[(3S,6S,9S,12R,16Z,21R)-21-[[(2S)-1-amino-5-carbamimidamido-1-oxopentan-2-yl]carbamoyl]-3,6-bis(3-carbamimidamidopropyl)-9-(2-carboxyethyl)-12,21-dimethyl-2,5,8,11-tetraoxo-1,4,7,10-tetrazacyclohenicos-16-en-12-yl]amino]-5-carbamimidamido-1-oxopentan-2-yl]amino]-1,4-dioxobutan-2-yl]amino]-1-oxopropan-2-yl]amino]-1-oxopropan-2-yl]amino]-5-oxopentanoic acid"
CN(C)CC1CN(C(=O)Nc2cc(-c3ccc(F)cc3)ccc2N)C1,71466380.0,,71466380.0,BRD-K24690302,"N-(4-amino-4'-fluoro-[1,1'-biphenyl]-3-yl)-3-((dimethylamino)methyl)azetidine-1-carboxamide"
COc1cc(CCC(=O)N2CCC=CC2=O)cc(OC)c1OC,613753.0,,613753.0,BRD-K26531177,"1-[3-(3,4,5-Trimethoxyphenyl)propanoyl]-2,3-dihydropyridin-6-one"
,,,,BRD-K27188169,
,,,,BRD-K27188169:navitoclax (2:1 mol/mol),
CC1CN(C(C)CO)C(=O)c2cc(C#CC3(O)CCCC3)cnc2OC1CN(C)C(=O)C1CCOCC1,76199406.0,,76199406.0,BRD-K27224038,"N-[[8-[2-(1-hydroxycyclopentyl)ethynyl]-5-(1-hydroxypropan-2-yl)-3-methyl-6-oxo-3,4-dihydro-2H-pyrido[2,3-b][1,5]oxazocin-2-yl]methyl]-N-methyloxane-4-carboxamide"
C[C@H](CO)N1C[C@H](C)[C@H](CN(C)Cc2ccc3c(c2)OCCO3)OCc2cn(nn2)CCCC1=O,44505237.0,,44505237.0,BRD-K27986637,"(8S,9R)-9-[[2,3-dihydro-1,4-benzodioxin-6-ylmethyl(methyl)amino]methyl]-6-[(2R)-1-hydroxypropan-2-yl]-8-methyl-10-oxa-1,6,13,14-tetrazabicyclo[10.2.1]pentadeca-12(15),13-dien-5-one"
Cc1c([N+](=O)[O-])oc2ccc3ccccc3c12,55508.0,,55508.0,BRD-K28456706,"NAPHTHO(2,1-b)FURAN, 1-METHYL-2-NITRO-"
C[C@@H]1CN([C@H](C)CO)C(=O)Cc2cc(NC(=O)Nc3ccc(F)cc3)ccc2O[C@@H]1CN(C)Cc1ccc(C(=O)O)cc1,44494015.0,,44494015.0,BRD-K29086754,"4-[[[(2S,3R)-9-[[(4-fluoroanilino)-oxomethyl]amino]-5-[(2R)-1-hydroxypropan-2-yl]-3-methyl-6-oxo-2,3,4,7-tetrahydro-1,5-benzoxazonin-2-yl]methyl-methylamino]methyl]benzoic acid"
,,,,BRD-K29313308,
CC(C)NC(=O)N(C)C[C@H]1Oc2ccc(N(C)C)cc2C(=O)N([C@H](C)CO)C[C@H]1C,44486093.0,,44486093.0,BRD-K30019337,"1-[[(2S,3R)-8-(dimethylamino)-5-[(2R)-1-hydroxypropan-2-yl]-3-methyl-6-oxo-3,4-dihydro-2H-1,5-benzoxazocin-2-yl]methyl]-1-methyl-3-propan-2-ylurea"
Cc1c(-c2ccnc(Nc3ccc(N4CCNCC4)cc3)n2)sc(=O)n1C,11257553.0,,11257553.0,BRD-K30748066,"2(3H)-Thiazolone, 3,4-diMethyl-5-[2-[[4-(1-piperazinyl)phenyl]aMino]-4-pyriMidinyl]-"
CNC[C@@H]1Oc2ccc(N(C)C)cc2CC(=O)N([C@@H](C)CO)C[C@@H]1C,44495899.0,,44495899.0,BRD-K33199242,"(2R,3S)-9-(dimethylamino)-5-[(2S)-1-hydroxypropan-2-yl]-3-methyl-2-(methylaminomethyl)-2,3,4,7-tetrahydro-1,5-benzoxazonin-6-one"
C[C@@H]1CN([C@H](C)CO)S(=O)(=O)c2ccc(C#Cc3ccncc3)cc2O[C@H]1CN(C)C(=O)Nc1ccc2c(c1)OCO2,54618795.0,,54618795.0,BRD-K33514849,"3-(1,3-benzodioxol-5-yl)-1-[[(4R,5R)-2-[(2R)-1-hydroxypropan-2-yl]-4-methyl-1,1-dioxo-8-(2-pyridin-4-ylethynyl)-4,5-dihydro-3H-6,1$l^{6},2-benzoxathiazocin-5-yl]methyl]-1-methylurea"
CC(C)N1C[C@@H](C)[C@H](CN(C)Cc2ccc(Oc3ccccc3)cc2)Oc2c(NC(=O)c3ccncc3)cccc2C1=O,60168763.0,,60168763.0,BRD-K34099515,"N-[(2R,3R)-3-methyl-2-[[methyl-[(4-phenoxyphenyl)methyl]amino]methyl]-6-oxo-5-propan-2-yl-3,4-dihydro-2H-1,5-benzoxazocin-10-yl]pyridine-4-carboxamide"
COc1ccc(C#CC2=CCCN(C(=O)C=Cc3cc(OC)c(OC)c(OC)c3)C2=O)cc1,139031980.0,,139031980.0,BRD-K34222889,"5-[2-(4-Methoxyphenyl)ethynyl]-1-[3-(3,4,5-trimethoxyphenyl)prop-2-enoyl]-2,3-dihydropyridin-6-one"
CNC[C@@H]1Oc2ccc(NC(=O)CCN3CCOCC3)cc2CC(=O)N([C@H](C)CO)C[C@@H]1C,44484440.0,,44484440.0,BRD-K34485477,"N-[(2R,3S)-5-[(2R)-1-hydroxypropan-2-yl]-3-methyl-2-(methylaminomethyl)-6-oxo-2,3,4,7-tetrahydro-1,5-benzoxazonin-9-yl]-3-(4-morpholinyl)propanamide"
,,,,BRD-K35604418,
C[C@H](CO)N1C[C@H](C)[C@@H](CN(C)C(=O)Nc2cccc3ccccc23)Oc2ccc(NC(=O)c3ccncc3)cc2CC1=O,44620216.0,,44620216.0,BRD-K37390332,"N-[(2S,3S)-5-[(2R)-1-hydroxypropan-2-yl]-3-methyl-2-[[methyl-[(1-naphthalenylamino)-oxomethyl]amino]methyl]-6-oxo-2,3,4,7-tetrahydro-1,5-benzoxazonin-9-yl]-4-pyridinecarboxamide"
CNC[C@@H]1Oc2ccc(NS(C)(=O)=O)cc2CC(=O)N([C@H](C)CO)C[C@@H]1C,44490293.0,,44490293.0,BRD-K41334119,"N-[(2R,3S)-5-[(2R)-1-hydroxypropan-2-yl]-3-methyl-2-(methylaminomethyl)-6-oxo-2,3,4,7-tetrahydro-1,5-benzoxazonin-9-yl]methanesulfonamide"
C[C@H](CO)N1C[C@H](C)[C@H](CN(C)C(=O)Nc2cc(F)ccc2F)Oc2cc(C#CC3CCCC3)ccc2S1(=O)=O,54619267.0,,54619267.0,BRD-K41597374,"1-[[(4S,5R)-8-(2-cyclopentylethynyl)-2-[(2R)-1-hydroxypropan-2-yl]-4-methyl-1,1-dioxo-4,5-dihydro-3H-6,1$l^{6},2-benzoxathiazocin-5-yl]methyl]-3-(2,5-difluorophenyl)-1-methylurea"
Cc1cc(C)c(CNC(=O)c2cc(-c3ccc(N4CCNCC4)nc3)cc3c2cnn3C(C)C)c(=O)[nH]1,54596558.0,,54596558.0,BRD-K42260513,"N-[(4,6-dimethyl-2-oxo-1,2-dihydro-3-pyridinyl)methyl]-1-(1-methylethyl)-6-[6-(1-piperazinyl)-3-pyridinyl]-1H-indazole-4-carboxamide"
CNC[C@@H]1Oc2ccc(NC(=O)C3CCCCC3)cc2C(=O)N([C@@H](C)CO)C[C@@H]1C,44487330.0,,44487330.0,BRD-K44224150,"N-[(2R,3S)-5-[(2S)-1-hydroxypropan-2-yl]-3-methyl-2-(methylaminomethyl)-6-oxo-3,4-dihydro-2H-1,5-benzoxazocin-8-yl]cyclohexanecarboxamide"
C=CCNC1=C(Cl)C(=O)c2ccccc2C1=O,1716436.0,,1716436.0,BRD-K45681478,2-(Allylamino)-3-chloronaphthoquinone
C[C@H](CO)N1C[C@H](C)[C@@H](CN(C)C(=O)NC2CCCCC2)Oc2ccc(NC(=O)Cc3cn(C)c4ccccc34)cc2C1=O,44489367.0,,44489367.0,BRD-K48334597,"N-[(2S,3S)-2-[[[(cyclohexylamino)-oxomethyl]-methylamino]methyl]-5-[(2R)-1-hydroxypropan-2-yl]-3-methyl-6-oxo-3,4-dihydro-2H-1,5-benzoxazocin-8-yl]-2-(1-methyl-3-indolyl)acetamide"
Cc1[nH]nc2c1[C@@H](c1ccccc1)C1=C(CC(C)(C)CC1=O)N2,1474550.0,,1474550.0,BRD-K48477130,"(4R)-3,7,7-trimethyl-4-phenyl-4,6,8,9-tetrahydro-2H-pyrazolo[3,4-b]quinolin-5-one"
O=C(CC1CCC(NC(=O)c2ccc(F)cc2)C(CO)O1)NCc1ccncn1,76159685.0,,76159685.0,BRD-K49290616,4-fluoro-N-[2-(hydroxymethyl)-6-[2-oxo-2-(pyrimidin-4-ylmethylamino)ethyl]oxan-3-yl]benzamide
COc1ccccc1-c1cccc(-c2nc(C(=O)NCc3ccncc3)cc3c2[C@H](CCO)N([S@@](=O)C(C)(C)C)C3)c1,54649381.0,,54649381.0,BRD-K50799972,"(3S)-2-[(S)-tert-butylsulfinyl]-3-(2-hydroxyethyl)-4-[3-(2-methoxyphenyl)phenyl]-N-(pyridin-4-ylmethyl)-1,3-dihydropyrrolo[3,4-c]pyridine-6-carboxamide"
O=C(NO)c1cccc(C(=O)Nc2ccccc2)c1,71680916.0,,71680916.0,BRD-K51490254,"1-N-hydroxy-3-N-phenylbenzene-1,3-dicarboxamide"
Cc1cc(C)c(CNC(=O)c2cc(Br)cc3c2cnn3C(C)C)c(=O)[nH]1,54596490.0,,54596490.0,BRD-K51831558,"6-bromo-N-((1,2-dihydro-4,6-dimethyl-2-oxopyridin-3-yl)methyl)-1-isopropyl-1H-indazole-4-carboxamide"
C[C@H]1CN([C@@H](C)CO)C(=O)Cc2cc(NC(=O)NC3CCCCC3)ccc2O[C@H]1CN(C)C(=O)Nc1cccc2ccccc12,44493528.0,,44493528.0,BRD-K52037352,"1-[[(2R,3S)-9-[[(cyclohexylamino)-oxomethyl]amino]-5-[(2S)-1-hydroxypropan-2-yl]-3-methyl-6-oxo-2,3,4,7-tetrahydro-1,5-benzoxazonin-2-yl]methyl]-1-methyl-3-(1-naphthalenyl)urea"
CC1CN(C(C)CO)C(=O)c2cccc(NC(=O)Nc3ccccc3)c2OC1CN(C)Cc1ccc(C(=O)Nc2ccccc2N)cc1,75036740.0,,75036740.0,BRD-K55116708,"N-(2-aminophenyl)-4-[[[5-(1-hydroxypropan-2-yl)-3-methyl-6-oxo-10-(phenylcarbamoylamino)-3,4-dihydro-2H-1,5-benzoxazocin-2-yl]methyl-methylamino]methyl]benzamide"
,73707442.0,,,BRD-K55473186,"(4S)-4-(3-acetamidopropanoylamino)-5-[[(2S)-1-[[(2S)-1-[[(2S)-1-[[(2S)-1-[[(2S)-1-[[(2S,3S)-1-[[(3S,6R,9S,12R,16Z,21R)-21-[[(2S)-1-[[(2S)-1-[[(2S)-1-[[(2S,3R)-1-amino-3-hydroxy-1-oxobutan-2-yl]amino]-3-hydroxy-1-oxopropan-2-yl]amino]-3-(1H-imidazol-4-yl)-1-oxopropan-2-yl]amino]-3-(1H-imidazol-4-yl)-1-oxopropan-2-yl]carbamoyl]-3-(3-carbamimidamidopropyl)-12,21-dimethyl-9-(2-methylpropyl)-2,5,8,11-tetraoxo-6-(sulfanylmethyl)-1,4,7,10-tetrazacyclohenicos-16-en-12-yl]amino]-3-methyl-1-oxopentan-2-yl]amino]-5-carbamimidamido-1-oxopentan-2-yl]amino]-5-carbamimidamido-1-oxopentan-2-yl]amino]-5-carbamimidamido-1-oxopentan-2-yl]amino]-4-methyl-1-oxopentan-2-yl]amino]-5-carbamimidamido-1-oxopentan-2-yl]amino]-5-oxopentanoic acid"
,,,,BRD-K58730230,
Nc1ccc(-c2cccs2)cc1NC(=O)c1ccc(C(=O)NCCc2ccncc2)cc1,67291369.0,,67291369.0,BRD-K61166597,"4-N-(2-amino-5-thiophen-2-ylphenyl)-1-N-(2-pyridin-4-ylethyl)benzene-1,4-dicarboxamide"
,54618771.0,,,BRD-K63431240,"3-(1,3-benzodioxol-5-yl)-1-[[(4S,5S)-2-[(2S)-1-hydroxypropan-2-yl]-4-methyl-1,1-dioxo-8-(2-pyridin-4-ylethynyl)-4,5-dihydro-3H-6,1$l^{6},2-benzoxathiazocin-5-yl]methyl]-1-methylurea"
,44489675.0,,,BRD-K64610608,"1-[(2R,3R)-5-[(2S)-1-hydroxypropan-2-yl]-2-[[(4-methoxyphenyl)sulfonyl-methylamino]methyl]-3-methyl-6-oxo-3,4-dihydro-2H-1,5-benzoxazocin-10-yl]-3-(1-naphthalenyl)urea"
C[C@H]1CN([C@@H](C)CO)C(=O)Cc2cc(NC(=O)CCC(F)(F)F)ccc2O[C@H]1CN(C)S(=O)(=O)c1ccc(Cl)cc1,44202524.0,,44202524.0,BRD-K66453893,"N-[(2R,3S)-2-[[(4-chlorophenyl)sulfonyl-methylamino]methyl]-5-[(2S)-1-hydroxypropan-2-yl]-3-methyl-6-oxo-2,3,4,7-tetrahydro-1,5-benzoxazonin-9-yl]-4,4,4-trifluorobutanamide"
Nc1ccc(-c2cccs2)cc1NC(=O)C1=CCCC1,71466445.0,,71466445.0,BRD-K66532283,N-(2-amino-5-thiophen-2-ylphenyl)cyclopentene-1-carboxamide
,9888590.0,,,BRD-K70511574,N-((4-Methoxyphenyl)sulfonyl)-N-(2-((1E)-2-(1-oxido-4-pyridinyl)ethenyl)phenyl)acetamide
,9888590.0,,,BRD-K70511574 (HMN-214),N-((4-Methoxyphenyl)sulfonyl)-N-(2-((1E)-2-(1-oxido-4-pyridinyl)ethenyl)phenyl)acetamide
O=C(O)c1ccc(NCc2nc3cc4ccccc4cc3[nH]2)cc1,246676.0,,246676.0,BRD-K71781559,"4-((1H-naphtho[2,3-d]imidazol-2-ylmethyl)amino)benzoic acid"
COC(=O)C(CC#Cc1ccc2c(c1)C1(C(=O)N2)C(C(=O)N2CCN(c3ncccn3)CC2)C2C(=O)OC(c3ccccc3)C(c3ccccc3)N2C1c1ccccc1OCCO)C(=O)OC,4378219.0,,4378219.0,BRD-K71935468,"dimethyl 2-[3-[6'-[2-(2-hydroxyethoxy)phenyl]-1',2-dioxo-3',4'-diphenyl-8'-(4-pyrimidin-2-ylpiperazine-1-carbonyl)spiro[1H-indole-3,7'-4,6,8,8a-tetrahydro-3H-pyrrolo[2,1-c][1,4]oxazine]-5-yl]prop-2-ynyl]propanedioate"
C[C@@H]1CN([C@@H](C)CO)C(=O)c2cccc(NC(=O)c3ccncc3)c2O[C@H]1CN(C)C(=O)Nc1cccc2ccccc12,44489127.0,,44489127.0,BRD-K75293299,"N-[(2R,3R)-5-[(2S)-1-hydroxypropan-2-yl]-3-methyl-2-[[methyl-[(1-naphthalenylamino)-oxomethyl]amino]methyl]-6-oxo-3,4-dihydro-2H-1,5-benzoxazocin-10-yl]-4-pyridinecarboxamide"
C[C@H](CO)N1C[C@H](C)[C@H](CN(C)CC2CC2)Oc2ccc(NS(=O)(=O)c3cn(C)cn3)cc2C1=O,44492757.0,,44492757.0,BRD-K78574327,"N-[(2R,3S)-2-[[cyclopropylmethyl(methyl)amino]methyl]-5-[(2R)-1-hydroxypropan-2-yl]-3-methyl-6-oxo-3,4-dihydro-2H-1,5-benzoxazocin-8-yl]-1-methyl-4-imidazolesulfonamide"
,,,,BRD-K79669418,
CC(=O)N1CCC(C(=O)Nc2cc(-c3cccs3)ccc2N)CC1,71466578.0,,71466578.0,BRD-K80183349,1-acetyl-N-(2-amino-5-thiophen-2-ylphenyl)piperidine-4-carboxamide
Cc1cc(C(=O)Nc2cccc3c2O[C@H](CN(C)C)[C@@H](C)CN([C@H](C)CO)C3=O)n(C)n1,44494148.0,,44494148.0,BRD-K84807411,"N-[(2S,3S)-2-[(dimethylamino)methyl]-5-[(2R)-1-hydroxypropan-2-yl]-3-methyl-6-oxo-3,4-dihydro-2H-1,5-benzoxazocin-10-yl]-2,5-dimethyl-3-pyrazolecarboxamide"
CC(=O)NC1CC(C(=O)Nc2cc(-c3ccc(F)cc3)ccc2N)C1,168313016.0,,168313016.0,BRD-K85133207,3-acetamido-N-[2-amino-5-(4-fluorophenyl)phenyl]cyclobutane-1-carboxamide
COC1CCC2CCN(C)C(=O)C(C)C(OC)CN(C)C(=O)c3cccc(C#N)c3OCC1O2,76161058.0,,76161058.0,BRD-K86535717,"13,22-Dimethoxy-11,14,16-trimethyl-10,15-dioxo-3,23-dioxa-11,16-diazatricyclo[17.3.1.04,9]tricosa-4,6,8-triene-5-carbonitrile"
,24753719.0,,,BRD-K88742110,Pci-34051
CC(=O)NC1CC=CCCC(=O)NC(c2ccccc2)COC1=O,77909713.0,,77909713.0,BRD-K90370028,"N-(5,12-dioxo-3-phenyl-1-oxa-4-azacyclododec-8-en-11-yl)acetamide"
COc1ccc(S(=O)(=O)N(C(C)=O)c2ccc(OC(C)=O)c3ccccc23)cc1[N+](=O)[O-],2945648.0,,2945648.0,BRD-K92856060,4-{Acetyl[(4-methoxy-3-nitrophenyl)sulfonyl]amino}-1-naphthyl acetate
C=CCNC(=O)C1C2C(=O)OC(c3ccccc3)C(c3ccccc3)N2C(c2ccccc2OCCO)C12C(=O)N(C(=O)OCCOC)c1ccc(C#CCC(C(=O)OC)C(=O)OC)cc12,3552672.0,,3552672.0,BRD-K94991378,"dimethyl 2-[3-[6-[2-(2-hydroxyethoxy)phenyl]-1'-(2-methoxyethoxycarbonyl)-1,2'-dioxo-3,4-diphenyl-8-(prop-2-enylcarbamoyl)spiro[4,6,8,8a-tetrahydro-3H-pyrrolo[2,1-c][1,4]oxazine-7,3'-indole]-5'-yl]prop-2-ynyl]propanedioate"
CN1CCN(C(=O)CC2CCC(NC(=O)c3ccc4c(c3)OCO4)C(CO)O2)CC1,76159761.0,,76159761.0,BRD-K96431673,"N-[2-(hydroxymethyl)-6-[2-(4-methylpiperazin-1-yl)-2-oxoethyl]oxan-3-yl]-1,3-benzodioxole-5-carboxamide"
C/C=C/c1ccc2c(c1)O[C@@H](CN(C)C(=O)c1ccccc1)[C@@H](C)CN([C@@H](C)CO)S2(=O)=O,54619238.0,,54619238.0,BRD-K96970199,"N-[[(4S,5R)-2-[(2S)-1-hydroxypropan-2-yl]-4-methyl-1,1-dioxo-8-[(E)-prop-1-enyl]-4,5-dihydro-3H-6,1lambda6,2-benzoxathiazocin-5-yl]methyl]-N-methylbenzamide"
Cc1ccc(C(=O)N(C)CCc2cc(Br)c(OCCCNc3ncnc4c3ncn4C)c(Br)c2)cc1,168312962.0,,168312962.0,BRD-K97651142,"N-[2-[3,5-dibromo-4-[3-[(9-methylpurin-6-yl)amino]propoxy]phenyl]ethyl]-N,4-dimethylbenzamide"
CCN(CC)c1ccc(C2=NNC(=O)CC2C)cc1,71576739.0,,71576739.0,BRD-K99006945,"3-[4-(diethylamino)phenyl]-4-methyl-4,5-dihydro-1H-pyridazin-6-one"
,,,,BRD-K99584050,
C[C@@H]1[C@@H](NC(=O)[C@@H]2[C@H]([C@H](C)O)[C@H](CO)ON2Cc2cccc(CN(CCN(C)C)[C@@H](c3ccccc3)C3CCCCC3)c2)C[C@H]2C[C@@H]1C2(C)C.C[C@@H]1[C@@H](NC(=O)[C@@H]2[C@H]([C@H](C)O)[C@H](CO)ON2Cc2cccc(CN(CCN(C)C)[C@H](c3ccccc3)C3CCCCC3)c2)C[C@H]2C[C@@H]1C2(C)C,168313200.0,,,BRD-M00053801,"(3S,4R,5R)-2-[[3-[[[(S)-cyclohexyl(phenyl)methyl]-[2-(dimethylamino)ethyl]amino]methyl]phenyl]methyl]-4-[(1S)-1-hydroxyethyl]-5-(hydroxymethyl)-N-[(1S,2S,3S,5R)-2,6,6-trimethyl-3-bicyclo[3.1.1]heptanyl]-1,2-oxazolidine-3-carboxamide;(3S,4R,5R)-2-[[3-[[[(R)-cyclohexyl(phenyl)methyl]-[2-(dimethylamino)ethyl]amino]methyl]phenyl]methyl]-4-[(1S)-1-hydroxyethyl]-5-(hydroxymethyl)-N-[(1S,2S,3S,5R)-2,6,6-trimethyl-3-bicyclo[3.1.1]heptanyl]-1,2-oxazolidine-3-carboxamide"
C=CCN1C(=O)[C@@]2(O[C@@H](CCO)[C@H]([Si](C)(C)F)[C@H]2C)c2cc(N3CCCCC3=O)ccc21,24059344.0,,24059344.0,BRD1429,"(3S,3'S,4'R,5'S)-4'-[fluoro(dimethyl)silyl]-5'-(2-hydroxyethyl)-3'-methyl-5-(2-oxo-1-piperidinyl)-1-prop-2-enyl-2-spiro[indole-3,2'-oxolane]one"
,,,,BRD1812,
C[C@H]1CN([C@@H](C)CO)S(=O)(=O)c2ccc(C#CCC3CCCC3)cc2O[C@@H]1CN(C)Cc1ccc(C(=O)O)cc1,54626689.0,,54626689.0,BRD1835,"4-[[[(4S,5S)-8-(3-cyclopentylprop-1-ynyl)-2-[(2S)-1-hydroxypropan-2-yl]-4-methyl-1,1-dioxo-4,5-dihydro-3H-6,1lambda6,2-benzoxathiazocin-5-yl]methyl-methylamino]methyl]benzoic acid"
CC(C)N1C(=O)S/C(=C/c2ccc(Sc3nc4ccccc4[nH]3)o2)C1=O,7326481.0,,7326481.0,BRD4132,"(5E)-5-{[5-(1H-benzimidazol-2-ylthio)-2-furyl]methylene}-3-isopropyl-1,3-thiazolidine-2,4-dione"
CCN1CCN(C(c2cccnc2)c2cc(Cl)c3cccnc3c2O)CC1,3516032.0,,3516032.0,BRD4354,5-Chloro-7-[(4-ethyl-1-piperazinyl)-(3-pyridinyl)methyl]-8-quinolinol
COC(=O)c1ccc2c(c1)nc(NC(=O)c1ccccc1)n2CCCc1ccccc1,72193870.0,,72193870.0,BRD4770,Brd4770
,,,,BRD55319,
c1ccc2[nH]c(CCn3c4ccccc4c4ccccc43)nc2c1,1641662.0,,1641662.0,BRD6340,9-[2-(1H-benzimidazol-2-yl)ethyl]carbazole
,,,,BRD63610,
,,,,BRD6368,
CC1(C)C(C(=O)Nc2ccc(S(=O)(=O)c3ccc(NC(=O)C4C(C)(C)C4(C)C)cc3)cc2)C1(C)C,981129.0,,981129.0,BRD7116,"2,2,3,3-tetramethyl-N-[4-[4-[(2,2,3,3-tetramethylcyclopropanecarbonyl)amino]phenyl]sulfonylphenyl]cyclopropane-1-carboxamide"
,,,,BRD7137,
O=C(NO)c1cccc(C(=O)NCCc2ccccc2)c1,71680913.0,,71680913.0,BRD73954,"3-N-hydroxy-1-N-(2-phenylethyl)benzene-1,3-dicarboxamide"
CC(=O)NC[C@@H]1C[C@@H](NS(=O)(=O)c2cccc3cncc(C)c23)CN1,53245473.0,,53245473.0,BRD8899,"N-[[(2S,4R)-4-[(4-methyl-5-isoquinolinyl)sulfonylamino]-2-pyrrolidinyl]methyl]acetamide"
,,,,BRD8958,
COc1ccc(N(C(=O)c2ccccc2)S(=O)(=O)c2cc(OC)ccc2OC)cc1,1242560.0,,1242560.0,BRD9647,"N-(2,5-dimethoxyphenyl)sulfonyl-N-(4-methoxyphenyl)benzamide"
CC(C)(C)c1ccc2cc(C#N)c(C#N)cc2c1,613000.0,,613000.0,BRD9876,"6-tert-Butyl-2,3-naphthalenedicarbonitrile"
,,,,BRD9876:MK-1775 (4:1 mol/mol),
C[C@H]1CCC/C=C/[C@@H]2C[C@H](O)C[C@H]2[C@H](O)/C=C/C(=O)O1,5287620.0,,5287620.0,BREFELDIN A,Brefeldin A
Cc1cc2c(F)c(Oc3ncnn4cc(OC[C@@H](C)O)c(C)c34)ccc2[nH]1,11234052.0,,11234052.0,BRIVANIB,Brivanib
CCC/C=C/C=C/C(=O)O[C@H]1/C(=C/C(=O)OC)C[C@H]2C[C@H]([C@@H](C)O)OC(=O)C[C@H](O)C[C@@H]3C[C@H](OC(C)=O)C(C)(C)[C@](O)(C[C@@H]4C/C(=C/C(=O)OC)C[C@H](/C=C/C(C)(C)[C@]1(O)O2)O4)O3,5280757.0,,5280757.0,BRYOSTATIN 1,Bryostatin 1
CC(C)c1cnn2c(NCc3ccccc3)cc(NCCCCCCN)nc12,49867929.0,,49867929.0,BS-181,BS-181
CC(C)c1cnn2c(NCc3ccccc3)cc(NCCCCCCN)nc12.Cl,49867928.0,,49867929.0,BS-181 HCl,"N5-(6-aminohexyl)-N7-benzyl-3-isopropylpyrazolo[1,5-a]pyrimidine-5,7-diamine hydrochloride"
NC(=O)c1ccc(I)c([N+](=O)[O-])c1,9796068.0,,9796068.0,BSI-201,Iniparib
Nc1cc(C(F)(F)F)c(-c2cc(N3CCOCC3)nc(N3CCOCC3)n2)cn1,16654980.0,,16654980.0,BUPARLISIB,Buparlisib
CS(=O)(=O)OCCCCOS(C)(=O)=O,2478.0,,2478.0,BUSULFAN,Busulfan
CC(C)Nc1cc(-c2c[nH]c(C(=O)N[C@H](CO)c3cccc(Cl)c3)c2)c(Cl)cn1,11719003.0,,11719003.0,BVD-523,Ulixertinib
O=C(NCCCNc1nc(Nc2cccc(NC(=O)N3CCCC3)c2)ncc1I)c1cccs1,10077147.0,,10077147.0,BX 795,N-(3-((5-Iodo-4-((3-((2-thienylcarbonyl)amino)propyl)amino)-2-pyrimidinyl)amino)phenyl)-1-pyrrolidinecarboxamide
O=C(Nc1cccc(Nc2ncc(Br)c(NCCc3cnc[nH]3)n2)c1)N1CCCC1,11754511.0,,11754511.0,BX 912,BX-912
O=C(NCCCNc1nc(Nc2cccc(NC(=O)N3CCCC3)c2)ncc1I)c1cccs1,10077147.0,,10077147.0,BX-795,N-(3-((5-Iodo-4-((3-((2-thienylcarbonyl)amino)propyl)amino)-2-pyrimidinyl)amino)phenyl)-1-pyrrolidinecarboxamide
O=C(Nc1cccc(Nc2ncc(Br)c(NCCc3cnc[nH]3)n2)c1)N1CCCC1,11754511.0,,11754511.0,BX-912,BX-912
O=C(NCCCNc1nc(Nc2cccc(NC(=O)N3CCCC3)c2)ncc1I)c1cccs1,10077147.0,,10077147.0,BX795,N-(3-((5-Iodo-4-((3-((2-thienylcarbonyl)amino)propyl)amino)-2-pyrimidinyl)amino)phenyl)-1-pyrrolidinecarboxamide
O=C(Nc1cccc(Nc2ncc(Br)c(NCCc3cnc[nH]3)n2)c1)N1CCCC1,11754511.0,,11754511.0,BX912,BX-912
Cc1nc(NC(=O)N2CCC[C@H]2C(N)=O)sc1-c1ccnc(C(C)(C)C(F)(F)F)c1,56649450.0,,56649450.0,BYL-719,Alpelisib
Cc1nc(NC(=O)N2CCC[C@@H]2C(N)=O)sc1-c1ccnc(C(C)(C)C(F)(F)F)c1,73265232.0,,73265232.0,BYL-719(Alpelisib),Alpelisib(BYL-719)
Cc1nc(NC(=O)N2CCC[C@H]2C(N)=O)sc1-c1ccnc(C(C)(C)C(F)(F)F)c1,56649450.0,,56649450.0,BYL719,Alpelisib
CC[C@H](C)[C@H](N)C1=N[C@H](C(=O)N[C@@H](CC(C)C)C(=O)N[C@H](CCC(=O)O)C(=O)N[C@H](C(=O)N[C@H]2CCCCNC(=O)[C@H](CC(N)=O)NC(=O)[C@@H](CC(=O)O)NC(=O)[C@H](Cc3cnc[nH]3)NC(=O)[C@@H](Cc3ccccc3)NC(=O)[C@H]([C@@H](C)CC)NC(=O)[C@@H](CCCN)NC2=O)[C@@H](C)CC)CS1,10909430.0,,10909430.0,Bacitracin,Bacitracin
NCC(CC(=O)O)c1ccc(Cl)cc1,2284.0,,2284.0,Baclofen,Baclofen
Cc1ccc(NC(=O)c2ccc(CN3CC[C@H](N(C)C)C3)c(C(F)(F)F)c2)cc1Nc1nccc(-c2cncnc2)n1,11387605.0,,11387605.0,Bafetinib,Bafetinib
CO/C1=C\C(C)=C\[C@@H](C)[C@@H](O)[C@@H](C)C/C(C)=C/C=C/[C@H](OC)[C@@H]([C@@H](C)[C@@H](O)[C@H](C)[C@@]2(O)C[C@@H](O)[C@H](C)[C@@H](C(C)C)O2)OC1=O,6436223.0,,6436223.0,Bafilomycin A1,Bafilomycin A1
O=c1cc(-c2ccccc2)oc2cc(O)c(O)c(O)c12,5281605.0,,5281605.0,Baicalein,Baicalein
O=C(O)[C@H]1O[C@@H](Oc2cc3oc(-c4ccccc4)cc(=O)c3c(O)c2O)[C@H](O)[C@@H](O)[C@@H]1O,64982.0,,64982.0,Baicalin,Baicalin
CCCN1CCN(c2ccc(C(=O)NC3(C(=O)NCC#N)CCCCC3)cc2)CC1,10201696.0,,10201696.0,Balicatib,Balicatib
CNC1CCCN(c2c(F)cc3c(=O)c(C(=O)O)cn(C4CC4)c3c2OC)C1,65958.0,,65958.0,Balofloxacin,Balofloxacin
O=C([O-])CCNC(=O)c1ccc(N=Nc2ccc([O-])c(C(=O)O)c2)cc1,135920971.0,,54585.0,Balsalazide Sodium,Balsalazide sodium
CN(C)C(=O)Oc1cc(OC(=O)N(C)C)cc(C(O)CNC(C)(C)C)c1.Cl,54765.0,,54766.0,Bambuterol hydrochloride,Bambuterol hydrochloride
CCN(CCCOc1ccc2c(Nc3cc(CC(=O)Nc4cccc(F)c4)[nH]n3)ncnc2c1)CCOP(=O)(O)O,11497983.0,,11497983.0,Barasertib,Barasertib
CCN(CCO)CCCOc1ccc2c(Nc3cc(CC(=O)Nc4cccc(F)c4)[nH]n3)ncnc2c1,16007391.0,,16007391.0,Barasertib (AZD1152-HQPA),Defosbarasertib
COC(=O)[C@]12CCC(C)(C)C[C@H]1[C@H]1C(=O)C=C3[C@@]4(C)C=C(C#N)C(=O)C(C)(C)[C@@H]4CC[C@@]3(C)[C@]1(C)CC2,400769.0,,400769.0,Bardoxolone methyl,Bardoxolone Methyl
CCS(=O)(=O)N1CC(CC#N)(n2cc(-c3ncnc4[nH]ccc34)cn2)C1,44205240.0,,44205240.0,Baricitinib,Baricitinib
CCS(=O)(=O)N1CC(CC#N)(n2cc(-c3ncnc4[nH]ccc34)cn2)C1,44205240.0,,44205240.0,"Baricitinib (LY3009104, INCB028050)",Baricitinib
CCS(=O)(=O)N1CC(CC#N)(n2cc(-c3ncnc4[nH]ccc34)cn2)C1,44205240.0,,44205240.0,Baricitinib (Phosphate),Baricitinib
Cl.Cl.OC(CN1CCNCC1)Cn1c2ccc(Br)cc2c2cc(Br)ccc21,2729026.0,,2729027.0,Bax channel blocker,Bax Channel Blocker
CC(C)(C)c1ccc(S(=O)(=O)/C=C/C#N)cc1,5353432.0,,5353432.0,Bay 11-7085,Bay 11-7085
CC(=O)O.Cc1c(-c2ccc(O)cc2)n(Cc2ccc(OCCN3CCCCCC3)cc2)c2ccc(O)cc12,154256.0,,154257.0,Bazedoxifene acetate,Bazedoxifene Acetate
O=C(CCCl)NCc1ccccc1,10391.0,,10391.0,Beclamide,Beclamide
CCC(=O)OCC(=O)[C@@]1(OC(=O)CC)[C@@H](C)C[C@H]2[C@@H]3CCC4=CC(=O)C=C[C@]4(C)[C@@]3(Cl)[C@@H](O)C[C@@]21C,21700.0,,21700.0,Beclomethasone dipropionate,Beclomethasone Dipropionate
COc1nc2ccc(Br)cc2cc1[C@@H](c1ccccc1)[C@@](O)(CCN(C)C)c1cccc2ccccc12,5388906.0,,5388906.0,Bedaquiline(TMC207; R207910),Bedaquiline
CCCCCCCCCCCCCCCCCCCCCCO,12620.0,,12620.0,Behenic alcohol,Behenyl Alcohol
O=C(/C=C/c1cccc(S(=O)(=O)Nc2ccccc2)c1)NO,6918638.0,,6918638.0,Belinostat,Belinostat
O=C(/C=C/c1cccc(S(=O)(=O)Nc2ccccc2)c1)NO,6918638.0,,6918638.0,Belinostat (PXD101),Belinostat
CS(=O)(=O)c1ccc(Oc2cc(F)cc(C#N)c2)c2c1[C@H](O)[C@H](F)[C@@H]2F,117947097.0,,117947097.0,Belzutifan,Belzutifan
Nc1nc(Nc2ccc3c(c2)CC[C@@H](N2CCCC2)CC3)nn1-c1cc2c(nn1)-c1ccccc1CCC2,46215462.0,,46215462.0,Bemcentinib,Bemcentinib
CCN(CC)CCOC(=O)C(O)(c1ccccc1)c1ccccc1.Cl,66448.0,,9330.0,Benactyzine hydrochloride,Benactyzine Hydrochloride
CCOC(=O)[C@H](CCc1ccccc1)N[C@H]1CCc2ccccc2N(CC(=O)O)C1=O.Cl,5362123.0,,5362124.0,Benazepril hydrochloride,Benazepril Hydrochloride
Cn1c(CCCC(=O)O)nc2cc(N(CCCl)CCCl)ccc21,65628.0,,65628.0,Bendamustine,Bendamustine
Cn1c(CCCC(=O)O)nc2cc(N(CCCl)CCCl)ccc21,65628.0,,65628.0,Bendamustine ,Bendamustine
Cl.Cn1c(CCCC(=O)O)nc2cc(N(CCCl)CCCl)ccc21,77082.0,,65628.0,Bendamustine hydrochloride,Bendamustine Hydrochloride
NCCCC[C@H](N)C(=O)O.O=C(O)COc1nn(Cc2ccccc2)c2ccccc12,13041095.0,,,Bendazac L-lysine,"L-Lysine, 2-((1-(phenylmethyl)-1H-indazol-3-yl)oxy)acetate (1:1)"
c1ccc(Cc2nc3ccccc3[nH]2)cc1,12132.0,,12132.0,Bendazol,Bendazol
NS(=O)(=O)c1cc2c(cc1C(F)(F)F)NC(Cc1ccccc1)NS2(=O)=O,2315.0,,2315.0,Bendroflumethiazide,Bendroflumethiazide
CC(Cc1cccc(C(F)(F)F)c1)NCCOC(=O)c1ccccc1.Cl,198015.0,,2318.0,Benfluorex hydrochloride,Benfluorex hydrochloride
C/C(=C(\CCOP(=O)(O)O)SC(=O)c1ccccc1)N(C=O)Cc1cnc(C)nc1N,3032771.0,,3032771.0,Benfotiamine,Benfotiamine
COc1c(O)cc2c(c1O)[C@@H]1O[C@H](CO)[C@@H](O)[C@H](O)[C@H]1OC2=O,66065.0,,66065.0,Bengenin,Bergenin
CCCc1nc(C(C)(C)O)c(C(=O)OCc2oc(=O)oc2C)n1Cc1ccc(-c2ccccc2-c2nn[nH]n2)cc1,130881.0,,130881.0,Benicar,Olmesartan Medoxomil
COC(=O)C1=C(C)NC(C)=C(C(=O)O[C@@H]2CCCN(Cc3ccccc3)C2)[C@@H]1c1cccc([N+](=O)[O-])c1.Cl,656667.0,,656668.0,Benidipine hydrochloride,Benidipine Hydrochloride
Cl.NC(CO)C(=O)NNCc1ccc(O)c(O)c1O,26964.0,,2327.0,Benserazide hydrochloride,Benserazide Hydrochloride
N#CC(c1ccnc(OCc2ccc(CN3CCOCC3)cc2)n1)c1nc2ccccc2s1,10195250.0,,10195250.0,Bentamapimod,Bentamapimod
CCCCCCCCCCCCC[N+](C)(C)Cc1ccccc1.[Cl-],3014024.0,,2330.0,Benzalkonium chloride,Benzalkonium Chloride
CCc1oc2ccccc2c1C(=O)c1cc(Br)c(O)c(Br)c1,2333.0,,2333.0,Benzbromarone,Benzbromarone
CC(C)(C)CC(C)(C)c1ccc(OCCOCC[N+](C)(C)Cc2ccccc2)cc1.[Cl-],8478.0,,2335.0,Benzethonium chloride,Benzethonium Chloride
CCOC(=O)c1ccc(N)cc1,2337.0,,2337.0,Benzocaine,Benzocaine
O=C(O)c1ccccc1,243.0,,243.0,Benzoic acid,Benzoic Acid
O=C(OOC(=O)c1ccccc1)c1ccccc1,7187.0,,7187.0,Benzoyl peroxide,Benzoyl Peroxide
NS(=O)(=O)c1cc2c(cc1Cl)NC(CSCc1ccccc1)=NS2(=O)=O,2343.0,,2343.0,Benzthiazide,Benzthiazide
CN1C2CCC1CC(OC(c1ccccc1)c1ccccc1)C2.CS(=O)(=O)O,238053.0,,2344.0,Benztropine mesylate,Benztropine mesylate
CN(C)CCCOc1nn(Cc2ccccc2)c2ccccc12.Cl,65464.0,,12555.0,Benzydamine hydrochloride,Benzydamine Hydrochloride
OCc1ccccc1,244.0,,244.0,Benzyl alcohol,Benzyl Alcohol
O=C(OCc1ccccc1)c1ccccc1,2345.0,,2345.0,Benzyl benzoate,Benzyl Benzoate
C[N+](C)(CCOc1ccccc1)Cc1ccccc1.O=C(O)c1cc2ccccc2cc1[O-],54678490.0,,,Bephenium Hydroxynaphthoate,Bephenium Hydroxynaphthoate
CC(C)COCC(CN(Cc1ccccc1)c1ccccc1)N1CCCC1.Cl,50088.0,,2351.0,Bepridil hydrochloride ,Bepridil Hydrochloride
COc1ccc2cc3[n+](cc2c1OC)CCc1cc2c(cc1-3)OCO2.[Cl-],12456.0,,2353.0,Berberine hydrochloride,Berberine chloride
COc1c2ccoc2cc2oc(=O)ccc12,2355.0,,2355.0,Bergapten,Bergapten
CNCc1ccc(-c2cc(-c3nc(-c4ccc(S(=O)(=O)C(C)C)cc4)cnc3N)on2)cc1,59472121.0,,59472121.0,Berzosertib,Berzosertib
CNCCc1ccccn1.Cl.Cl,68643.0,,2366.0,Betahistine dihydrochloride,Betahistine Hydrochloride
CNCCc1ccccn1.CS(=O)(=O)O.CS(=O)(=O)O,198334.0,,,Betahistine mesylate,Betahistine Mesilate
C[N+](C)(C)CC(=O)[O-],247.0,,248.0,Betaine,Betaine
C[N+](C)(C)CC(=O)O.[Cl-],11545.0,,248.0,Betaine hydrochloride,Betaine chloride
C[C@H]1C[C@H]2[C@@H]3CCC4=CC(=O)C=C[C@]4(C)[C@@]3(F)[C@@H](O)C[C@]2(C)[C@@]1(O)C(=O)CO,9782.0,,9782.0,Betamethasone,Betamethasone
CCCCC(=O)O[C@]1(C(=O)CO)[C@@H](C)C[C@H]2[C@@H]3CCC4=CC(=O)C=C[C@]4(C)[C@@]3(F)[C@@H](O)C[C@@]21C,16533.0,,16533.0,Betamethasone 17-valerate,Betamethasone Valerate
CCC(=O)OCC(=O)[C@@]1(OC(=O)CC)[C@@H](C)C[C@H]2[C@@H]3CCC4=CC(=O)C=C[C@]4(C)[C@@]3(F)[C@@H](O)C[C@@]21C,21800.0,,21800.0,Betamethasone dipropionate,Betamethasone Dipropionate
O=C(O)CCNC(=O)c1ccccc1,71651.0,,71651.0,Betamipron,Betamipron
CC(C)NCC(O)COc1ccc(CCOCC2CC2)cc1.Cl,107952.0,,2369.0,Betaxolol hydrochloride,Betaxolol Hydrochloride
CC(C[N+](C)(C)C)OC(N)=O.[Cl-],11548.0,,2370.0,Bethanechol chloride,Bethanechol Chloride
C=C(C)[C@@H]1CC[C@]2(CO)CC[C@]3(C)[C@H](CC[C@@H]4[C@@]5(C)CC[C@H](O)C(C)(C)[C@@H]5CC[C@]43C)[C@@H]12,72326.0,,72326.0,Betulin,Betulin
,,316966337.0,,Bexaroten,153559-49-0
C=C(c1ccc(C(=O)O)cc1)c1cc2c(cc1C)C(C)(C)CCC2(C)C,82146.0,,82146.0,Bexarotene,Bexarotene
C=C(c1ccc(C(=O)O)cc1)c1cc2c(cc1C)C(C)(C)CCC2(C)C,82146.0,,82146.0,Bexarotene ,Bexarotene
CC(C)(Oc1ccc(CCNC(=O)c2ccc(Cl)cc2)cc1)C(=O)O,39042.0,,39042.0,Bezafibrate,Bezafibrate
CC(O)(CS(=O)(=O)c1ccc(F)cc1)C(=O)Nc1ccc(C#N)c(C(F)(F)F)c1,2375.0,,2375.0,Bicalutamide,Bicalutamide
COC(=O)c1cc(OC)c2c(c1-c1c(C(=O)OC)cc(OC)c3c1OCO3)OCO2,108213.0,,108213.0,Bifendatatum,Bifendate
c1ccc(-c2ccc(C(c3ccccc3)n3ccnc3)cc2)cc1,2378.0,,2378.0,Bifonazole,Bifonazole
O=C(O)CCC(=O)Nc1ccc(Br)cn1,647833.0,,647833.0,Bikinin,4-((5-Bromo-2-pyridinyl)amino)-4-oxobutanoic acid
CC(C)(C)[C@]1(O)C[C@@H]2OC(=O)C[C@@]23C(=O)O[C@@H]2OC(=O)[C@H](O)[C@]213,73581.0,,73581.0,Bilobalide,Bilobalide
CCNC(=O)CCC/C=C\C[C@@H]1[C@@H](/C=C/[C@@H](O)CCc2ccccc2)[C@H](O)C[C@@H]1O,5311027.0,,5311027.0,Bimatoprost,Bimatoprost
Nc1cc(C(F)(F)F)c(-c2nc(N3CCOCC3)nc(N3CCOCC3)n2)cn1,58507717.0,,58507717.0,Bimiralisib,Bimiralisib
Cn1cnc2c(F)c(Nc3ccc(Br)cc3F)c(C(=O)NOCCO)cc21,10288191.0,,10288191.0,Binimetinib,Binimetinib
Cn1cnc2c(F)c(Nc3ccc(Br)cc3F)c(C(=O)NOCCO)cc21,10288191.0,,10288191.0,"Binimetinib (MEK162, ARRY-162, ARRY-438162)",Binimetinib
Cc1sc2c(c1C)C(c1ccc(Cl)cc1)=N[C@@H](CC(=O)Nc1ccc(O)cc1)c1nnc(C)n1-2,9936746.0,,9936746.0,Birabresib,"(6S)-4-(4-Chlorophenyl)-N-(4-hydroxyphenyl)-2,3,9-trimethyl-6H-thieno(3,2-f)(1,2,4)triazolo(4,3-a)(1,4)diazepine-6-acetamide"
COC(=O)c1ccccc1O,4133.0,,4133.0,Birch-Me,Methyl Salicylate
CC[C@H](NC(=O)[C@H](C)NC)C(=O)N1C[C@@H](O)C[C@H]1Cc1c(-c2[nH]c3cc(F)ccc3c2C[C@@H]2C[C@H](O)CN2C(=O)[C@H](CC)NC(=O)[C@H](C)NC)[nH]c2cc(F)ccc12,49836020.0,,49836020.0,Birinapant,Birinapant
CC(=O)Oc1ccc(C(c2ccc(OC(C)=O)cc2)c2ccccn2)cc1,2391.0,,2391.0,Bisacodyl,Bisacodyl
,,,,Bismuth subsalicylat,
CC(C)(C)CC(C)(C)c1cc(Cc2cc(C(C)(C)CC(C)(C)C)cc(-n3nc4ccccc4n3)c2O)c(O)c(-n2nc3ccccc3n2)c1,3571576.0,,3571576.0,Bisoctrizole,Bisoctrizole
Oc1c(Cl)cc(Cl)cc1Sc1cc(Cl)cc(Cl)c1O,2406.0,,2406.0,Bithionol,Bithionol
Cc1c(N)nc([C@H](CC(N)=O)NC[C@H](N)C(N)=O)nc1C(=O)N[C@H](C(=O)N[C@H](C)[C@@H](O)[C@H](C)C(=O)N[C@H](C(=O)NCCc1nc(-c2nc(C(=O)NCCC[S+](C)C)cs2)cs1)[C@@H](C)O)[C@@H](OC1OC(CO)C(O)C(O)C1OC1OC(CO)C(O)C(OC(N)=O)C1O)c1cnc[nH]1,5360373.0,,5360373.0,Bleomycin,Bleomycin
Cc1c(N)nc([C@H](CC(N)=O)NC[C@H](N)C(N)=O)nc1C(=O)N[C@H](C(=O)N[C@H](C)[C@@H](O)[C@H](C)C(=O)N[C@H](C(=O)NCCc1nc(-c2nc(C(=O)NCCC[S+](C)C)cs2)cs1)[C@@H](C)O)[C@@H](OC1OC(CO)C(O)C(O)C1OC1OC(CO)C(O)C(OC(N)=O)C1O)c1cnc[nH]1,5360373.0,,5360373.0,Bleomycin ,Bleomycin
Cc1c(N)nc([C@H](CC(N)=O)NC[C@H](N)C(N)=O)nc1C(=O)N[C@H](C(=O)N[C@H](C)[C@@H](O)[C@H](C)C(=O)N[C@H](C(=O)NCCc1nc(-c2nc(C(=O)NCCC[S+](C)C)cs2)cs1)[C@@H](C)O)[C@@H](O[C@@H]1O[C@@H](CO)[C@@H](O)[C@H](O)[C@@H]1O[C@H]1O[C@H](CO)[C@@H](O)[C@H](OC(N)=O)[C@@H]1O)c1cnc[nH]1.O=S(=O)(O)O,71587153.0,,5460769.0,Bleomycin sulfate,Bleomycin Sulfate
CCN1CCN(c2cc(-c3ccc(F)cc3)c3c(n2)CCCCCC3)CC1,125564.0,,125564.0,Blonanserin,Blonanserin
CC(C)n1cnc2c(NCc3ccccc3)nc(NCCCO)nc21,2422.0,,2422.0,Bohemine,Bohemine
C=CCCCCCCCCC(=O)O[C@H]1CC[C@H]2[C@@H]3CCC4=CC(=O)C=C[C@]4(C)[C@H]3CC[C@]12C,11954310.0,,11954310.0,Boldenone Undecylenate,Boldenone Undecylenate
CC1(C)C2CCC1(C)C(O)C2,64685.0,,64685.0,Borneol,Borneol
,,,,Bortezamide,
CC(C)C[C@H](NC(=O)[C@H](Cc1ccccc1)NC(=O)c1cnccn1)B(O)O,387447.0,,387447.0,Bortezomib,Bortezomib
CC(C)C[C@H](NC(=O)[C@H](Cc1ccccc1)NC(=O)c1cnccn1)B(O)O,387447.0,,387447.0,Bortezomib ,Bortezomib
CC(C)C[C@H](NC(=O)[C@H](Cc1ccccc1)NC(=O)c1cnccn1)B(O)O,387447.0,,387447.0,Bortezomib  ,Bortezomib
CC(C)C[C@H](NC(=O)[C@H](Cc1ccccc1)NC(=O)c1cnccn1)B(O)O,387447.0,,387447.0,Bortezomib (PS-341),Bortezomib
CC(C)C[C@H](NC(=O)[C@H](Cc1ccccc1)NC(=O)c1cnccn1)B(O)O,387447.0,,387447.0,Bortezomib (Velcade),Bortezomib
COc1cc(Nc2c(C#N)cnc3cc(OCCCN4CCN(C)CC4)c(OC)cc23)c(Cl)cc1Cl,5328940.0,,5328940.0,Bosutinib,Bosutinib
COc1cc(Nc2c(C#N)cnc3cc(OCCCN4CCN(C)CC4)c(OC)cc23)c(Cl)cc1Cl,5328940.0,,5328940.0,Bosutinib ,Bosutinib
COc1cc(Nc2c(C#N)cnc3cc(OCCCN4CCN(C)CC4)c(OC)cc23)c(Cl)cc1Cl,5328940.0,,5328940.0,Bosutinib (SKI-606),Bosutinib
COc1cc2c(Nc3cc(Cl)c(OC)c(Cl)c3)c(C#N)cnc2cc1OCCCN1CCN(C)CC1,60202320.0,,60202320.0,Bosutinib isomer,"4-[(3,5-Dichloro-4-Methoxyphenyl)amino]-6-Methoxy-7-[3-(4-Methylpiperazin-1-Yl)propoxy]quinoline-3-Carbonitrile"
C[C@H]1CCC/C=C/[C@@H]2C[C@H](O)C[C@H]2[C@H](O)/C=C/C(=O)O1,5287620.0,,5287620.0,Brefeldin A,Brefeldin A
CC[N+](C)(C)Cc1ccccc1Br.Cc1ccc(S(=O)(=O)[O-])cc1,6100.0,,2431.0,Bretylium tosylate,Bretylium Tosylate
O=C(O)[C@H]1O[C@@H](Oc2cc3oc(-c4ccc(O)cc4)cc(=O)c3c(O)c2O)[C@H](O)[C@@H](O)[C@@H]1O,185617.0,,185617.0,Breviscapin,Scutellarin
O=c1ccc2ccc(OCCCCN3CCN(c4cccc5sccc45)CC3)cc2[nH]1,11978813.0,,11978813.0,Brexpiprazole,Brexpiprazole
COc1cc(OC)c(/C=C/S(=O)(=O)Cc2ccc(OC)c(OP(=O)(O)O)c2)c(OC)c1,11248490.0,,11248490.0,Briciclib,Briciclib
COc1cc(N2CCC(N3CCN(C)CC3)CC2)ccc1Nc1ncc(Cl)c(Nc2ccccc2P(C)(C)=O)n1,68165256.0,,68165256.0,Brigatinib,Brigatinib
Brc1c(NC2=NCCN2)ccc2nccnc12.O=C(O)[C@H](O)[C@@H](O)C(=O)O,54405.0,,,Brimonidine Tartrate,Brimonidine Tartrate
CCN[C@H]1CN(CCCOC)S(=O)(=O)c2sc(S(N)(=O)=O)cc21,68844.0,,68844.0,Brinzolamide,Brinzolamide
Cc1cc2c(F)c(Oc3ncnn4cc(OC[C@@H](C)O)c(C)c34)ccc2[nH]1,11234052.0,,11234052.0,Brivanib,Brivanib
Cc1cc2c(F)c(Oc3ncnn4cc(OC[C@@H](C)O)c(C)c34)ccc2[nH]1,11234052.0,,11234052.0,Brivanib ,Brivanib
Cc1cc2c(F)c(Oc3ncnn4cc(OC[C@@H](C)O)c(C)c34)ccc2[nH]1,11234052.0,,11234052.0,Brivanib (BMS-540215),Brivanib
Cc1cc2c(F)c(Oc3ncnn4cc(OC[C@@H](C)OC(=O)[C@H](C)N)c(C)c34)ccc2[nH]1,11154925.0,,11154925.0,Brivanib Alaninate (BMS-582664),Brivanib Alaninate
O=c1[nH]c(=O)n([C@H]2C[C@H](O)[C@@H](CO)O2)cc1/C=C/Br,446727.0,,446727.0,Brivudine,Brivudine
Nc1c(CC(=O)[O-])cccc1C(=O)c1ccc(Br)cc1.Nc1c(CC(=O)[O-])cccc1C(=O)c1ccc(Br)cc1.O.O.O.[Na+].[Na+],11954316.0,,60726.0,Bromfenac sodium,Bromfenac Sodium
CN(Cc1cc(Br)cc(Br)c1N)C1CCCCC1.Cl,5702220.0,,2442.0,Bromhexine hydrochloride,Bromhexine Hydrochloride
CC(C)C(Br)C(=O)NC(N)=O,2447.0,,2447.0,Bromisoval,Bromovalerylurea
CC(C)C[C@H]1C(=O)N2CCC[C@H]2[C@]2(O)O[C@](NC(=O)[C@@H]3C=C4c5cccc6[nH]c(Br)c(c56)CC4N(C)C3)(C(C)C)C(=O)N12.CS(=O)(=O)O,5284352.0,,5284353.0,Bromocryptine mesylate,Bromocryptine mesylate
CCN(CC)CCNC(=O)c1cc(Br)c(N)cc1OC,2446.0,,2446.0,Bromopride,Bromopride
O=C(O)C(=O)CBr,70684.0,,70684.0,Bromopyruvate,Bromopyruvic Acid
CCOC(=O)Nc1cc(-c2ccc(C)c(NS(C)(=O)=O)c2)nn2c(C)nnc12,72943187.0,,72943187.0,Bromosporine,Bromosporine
CN(C)CCC(c1ccc(Br)cc1)c1ccccn1.O=C(O)/C=C\C(=O)O,5281067.0,,6834.0,Brompheniramine hydrogen maleate,(+-)-Brompheniramine maleate
O=[N+]([O-])C(Br)(CO)CO,2450.0,,2450.0,Bronopol,Bronopol
Oc1c(Br)cc(Br)c2cccnc12,2453.0,,2453.0,Broxiquinoline,Broxyquinoline
COc1cc2c(cc1OC)C13CCN4CC5=CCOC6CC(=O)N2C1C6C5CC43,220520.0,,220520.0,Brucin,Brucin
,,,,Brustaol,
CCC/C=C/C=C/C(=O)O[C@H]1/C(=C/C(=O)OC)C[C@H]2CC([C@@H](C)O)OC(=O)C[C@H](O)CC3CC(OC(C)=O)C(C)(C)[C@](O)(CC4C/C(=C/C(=O)OC)C[C@H](/C=C/C(C)(C)[C@]1(O)O2)O4)O3,6435419.0,,6435419.0,Bryostatin,Bryostatin
CCC/C=C/C=C/C(=O)O[C@H]1/C(=C/C(=O)OC)C[C@H]2C[C@H]([C@@H](C)O)OC(=O)C[C@H](O)C[C@@H]3C[C@H](OC(C)=O)C(C)(C)[C@](O)(C[C@@H]4C/C(=C/C(=O)OC)C[C@H](/C=C/C(C)(C)[C@]1(O)O2)O4)O3,5280757.0,,5280757.0,Bryostatin 1,Bryostatin 1
CCOc1ccc(NC(=O)CC(C)O)cc1,14130.0,,14130.0,Bucetin,Bucetin
CCCC(=O)Nc1ncnc2c1ncn2[C@@H]1O[C@@H]2COP(=O)([O-])O[C@H]2[C@H]1OC(=O)CCC.[Na+],23663967.0,,9687.0,Bucladesine sodium salt,Bucladesine Sodium
CCCC1O[C@@H]2C[C@H]3[C@@H]4CCC5=CC(=O)C=C[C@]5(C)[C@H]4[C@@H](O)C[C@]3(C)[C@]2(C(=O)CO)O1,5281004.0,,5281004.0,Budesonide,Budesonide
C[C@]12CC[C@H](O)C[C@H]1CC[C@@H]1[C@@H]2CC[C@]2(C)[C@@H](c3ccc(=O)oc3)CC[C@]12O,9547215.0,,9547215.0,Bufalin,Bufalin
CCCCOc1ccc(CC(=O)NO)cc1,2466.0,,2466.0,Bufexamac,Bufexamac
COc1cc(OC)c(C(=O)CCCN2CCCC2)c(OC)c1.Cl,6420013.0,,2467.0,Buflomedil hydrochloride,Buflomedil Hydrochloride
CCN1C[C@]2(COC)CC[C@H](OC)[C@]34C1[C@@H]([C@H](OC)[C@H]23)[C@@]1(OC(C)=O)C[C@H](OC)[C@@]2(O)C[C@@H]4[C@@H]1[C@H]2C(=O)c1ccc(OC)cc1,24721310.0,,24721310.0,Bulleyaconi cine A,"[(1S,2R,3R,4R,5R,6S,8R,9S,13S,16S,17R,18R)-11-Ethyl-5-hydroxy-6,16,18-trimethoxy-4-(4-methoxybenzoyl)-13-(methoxymethyl)-11-azahexacyclo[7.7.2.12,5.01,10.03,8.013,17]nonadecan-8-yl] acetate"
CCCCNc1cc(C(=O)O)cc(S(N)(=O)=O)c1Oc1ccccc1,2471.0,,2471.0,Bumetanide,Bumetanide
Nc1cc(C(F)(F)F)c(-c2cc(N3CCOCC3)nc(N3CCOCC3)n2)cn1,16654980.0,,16654980.0,Buparlisib,Buparlisib
CCCCN1CCCCC1C(=O)Nc1c(C)cccc1C.Cl,64737.0,,2474.0,Bupivacaine hydrochloride,Bupivacaine Hydrochloride
CC(NC(C)(C)C)C(=O)c1cccc(Cl)c1.Cl,62884.0,,444.0,Bupropion hydrochloride,Bupropion Hydrochloride
Cl.O=C1CC2(CCCC2)CC(=O)N1CCCCN1CCN(c2ncccn2)CC1,36431.0,,2477.0,Buspirone hydrochloride,Buspirone Hydrochloride
CS(=O)(=O)OCCCCOS(C)(=O)=O,2478.0,,2478.0,Busulfan,Busulfan
CS(=O)(=O)OCCCCOS(C)(=O)=O,2478.0,,2478.0,Busulfan ,Busulfan
O=C(/C=C/c1ccc(O)c(O)c1)c1ccc(O)cc1O,5281222.0,,5281222.0,Butein,Butein
CN(Cc1ccc(C(C)(C)C)cc1)Cc1cccc2ccccc12.Cl,443867.0,,2484.0,Butenafine hydrochloride,Butenafine Hydrochloride
Clc1ccc(CCC(Cn2ccnc2)Sc2c(Cl)cccc2Cl)cc1.O=[N+]([O-])O,47471.0,,47472.0,Butoconazole nitrate,Butoconazole Nitrate
CCCCOC(=O)c1ccc(N)cc1,2482.0,,2482.0,Butyl 4-aminobenzoate,Butyl 4-aminobenzoate
CCCCOC(=O)c1ccc(O)cc1,7184.0,,7184.0,Butylparaben,Butylparaben
,,,,By-Product of CUDC-305,
C=C1C(=O)OC(CCCCCCCC)C1C(=O)O,4248455.0,,4248455.0,C-75,Tetrahydro-4-methylene-2-octyl-5-oxo-3-furancarboxylic acid
CCCCCCCCCCCCC/C=C/[C@@H](O)[C@H](CO)NC(=O)CCCCC,5702613.0,,5702613.0,C6-CERAMIDE,N-Hexanoylsphingosine
CCCCCCCCCCCCC/C=C/[C@@H](O)[C@H](CO)NC(=O)CCCCC,5702613.0,,5702613.0,C6-ceramide,N-Hexanoylsphingosine
CC1=NN(c2ccc(C(=O)O)cc2)C(=O)/C1=C/c1ccc(-c2cc(C)c(C)cc2[N+](=O)[O-])o1,1285940.0,,1285940.0,C646,C646
O=S(=O)(c1ccc2c(c1)C(=NO)c1cc(S(=O)(=O)N3CCCCC3)ccc1-2)N1CCCCC1,654092.0,,654092.0,CA3,"2,7-bis(piperidin-1-ylsulfonyl)-9H-fluoren-9-one oxime"
CO[C@H]1C(=O)[C@]2(C)[C@@H](OC)C[C@H]3OC[C@@]3(OC(C)=O)[C@H]2[C@H](OC(=O)c2ccccc2)[C@]2(O)C[C@H](OC(=O)[C@H](O)[C@@H](NC(=O)OC(C)(C)C)c3ccccc3)C(C)=C1C2(C)C,9854073.0,,9854073.0,CABAZITAXEL,Cabazitaxel
COc1cc2nccc(Oc3ccc(NC(=O)C4(C(=O)Nc5ccc(F)cc5)CC4)cc3)c2cc1OC,25102847.0,,25102847.0,CABOZANTINIB,Cabozantinib
CC[C@H](Nc1ncnc2nc[nH]c12)c1nc2cccc(F)c2c(=O)n1-c1ccccc1,11625818.0,,11625818.0,CAL-101,Idelalisib
CC[C@H](Nc1ncnc2nc[nH]c12)c1nc2cccc(F)c2c(=O)n1-c1ccccc1,11625818.0,,11625818.0,"CAL-101 (Idelalisib, GS-1101)",Idelalisib
CC[C@@]1(O)C(=O)OCc2c1cc1n(c2=O)Cc2cc3ccccc3nc2-1,24360.0,,24360.0,CAMPTOTHECIN,Camptothecin
C=CC(=O)Nc1cc2c(Nc3ccc(F)c(Cl)c3)ncnc2cc1OCCCN1CCOCC1,156414.0,,156414.0,CANERTINIB,Canertinib
C[C@@H](O)[C@H](NC(=O)[C@@H]1CSSC[C@H](NC(=O)[C@H](N)Cc2ccccc2)C(=O)N[C@@H](Cc2ccc(O)cc2)C(=O)N[C@H](Cc2c[nH]c3ccccc23)C(=O)N[C@@H](CCCCN)C(=O)N1)C(N)=O,6918265.0,,6918265.0,CAP-232,Tt-232
,6918265.0,,,"CAP-232, TT-232, TLN-232",Tt-232
CCCCCOC(=O)Nc1nc(=O)n([C@@H]2O[C@H](C)[C@@H](O)[C@H]2O)cc1F,60953.0,,60953.0,CAPECITABINE,Capecitabine
N.N.O=C([O-])C1(C(=O)[O-])CCC1.[Pt+2],10339178.0,,2568.0,CARBOPLATIN,Carboplatin
CC(C)C[C@H](NC(=O)[C@H](CCc1ccccc1)NC(=O)CN1CCOCC1)C(=O)N[C@@H](Cc1ccccc1)C(=O)N[C@@H](CC(C)C)C(=O)[C@@]1(C)CO1,11556711.0,,11556711.0,CARFILZOMIB,Carfilzomib
O=NN(CCCl)C(=O)NCCCl,2578.0,,2578.0,CARMUSTINE,Carmustine
O=C1NC(=O)/C(=C\c2ccc(-c3ccc(F)cc3)o2)S1,1204893.0,,1204893.0,CAY10505,"(5E)-5-{[5-(4-fluorophenyl)furan-2-yl]methylidene}-1,3-thiazolidine-2,4-dione"
Cc1nnc(-c2ccc(N3CCC(Oc4cc(F)ccc4Cl)CC3)nn2)o1,16732433.0,,16732433.0,CAY10566,"2-(6-(4-(2-Chloro-5-fluorophenoxy)piperidin-1-yl)pyridazin-3-yl)-5-methyl-1,3,4-oxadiazole"
COc1cc2ncn(-c3cc(OCc4ccccc4S(C)(=O)=O)c(C#N)s3)c2cc1OC,11626927.0,,11626927.0,CAY10576,Gsk-319347A
O=C(NCCN1CCC2(CC1)C(=O)NCN2c1ccccc1)c1ccc2ccccc2c1,25105715.0,,25105715.0,CAY10594,"N-(2-(4-Oxo-1-phenyl-1,3,8-triazaspiro(4.5)decan-8-yl)ethyl)naphthalene-2-carboxamide"
CC(C)(C)OC(=O)Nc1ccc(-c2cc(C(=O)NCCCCCCC(=O)NO)no2)cc1,24951314.0,,24951314.0,CAY10603,Bml-281
O=C(CCCCCCCn1cc(-c2cccnc2)nn1)Nc1ccccc1-c1ccccc1,44819697.0,,44819697.0,CAY10618,N-(2-phenylphenyl)-8-(4-pyridin-3-yltriazol-1-yl)octanamide
CN1CCC2(c3cccc(O)c3)CC(=O)C(=Cc3ccccc3)C1C2,438852.0,,438852.0,CB-64D,8-Benzylidene-5-(3-hydroxyphenyl)-2-methyl-2-azabicyclo[3.3.1]nonan-7-one
COC(=O)c1cc(CN2CCN(C(=N)N)CC2)cc(C(=O)N2CCN(C(=O)c3ccc(C(=N)N)cc3)CC2)c1,72199289.0,,72199289.0,CBB-1007,Methyl 3-[4-(4-carbamimidoylbenzoyl)piperazine-1-carbonyl]-5-[(4-carbamimidoylpiperazin-1-yl)methyl]benzoate
CC(=O)c1ccc2c(c1)c1cc(C(C)=O)ccc1n2CCNC(C)C,44519124.0,,44519124.0,CBL0137,"1,1'-(9-(2-((1-Methylethyl)amino)ethyl)-9H-carbazole-3,6-diyl)bis(ethanone)"
CCN1C(=O)CNc2ncc(-c3ccc(-c4ncn[nH]4)nc3C)nc21,58298318.0,,58298318.0,CC-115,Cc-115
COC1CCC(N2C(=O)CNc3ncc(-c4ccc(C(C)(C)O)nc4)nc32)CC1,58298316.0,,58298316.0,CC-223,CC 223
Cc1nc2cccc(N)c2c(=O)n1C1CCC(=O)NC1=O,24967599.0,,24967599.0,CC122,Avadomide
NC1(Cc2ccc(Cl)cc2)CCN(c2ncnc3[nH]ccc23)CC1,17751819.0,,17751819.0,CCT-128930,"4-(4-chlorobenzyl)-1-(7H-pyrrolo(2,3-d)pyrimidin-4-yl)piperidin-4-amine"
O=C1/C(=C/c2cccs2)CC/C1=C\c1cccs1,2314623.0,,2314623.0,CCT007093,Cct007093
CCc1cc(-c2n[nH]c(C)c2-c2ccc3c(c2)OCCO3)c(O)cc1O,984170.0,,984170.0,CCT018159,Cct-018159
Cc1[nH]c2ccccc2c1C(Nc1ccccn1)c1ccc(Cl)cc1,3634881.0,,3634881.0,CCT036477,N-[(4-chlorophenyl)-(2-methyl-1H-indol-3-yl)methyl]pyridin-2-amine
NC1(Cc2ccc(Cl)cc2)CCN(c2ncnc3[nH]ccc23)CC1,17751819.0,,17751819.0,CCT128930,"4-(4-chlorobenzyl)-1-(7H-pyrrolo(2,3-d)pyrimidin-4-yl)piperidin-4-amine"
CC(C)(C)c1cc(NC(=O)Nc2ccc(Oc3ccnc4[nH]c(=O)cnc34)cc2F)n(-c2ccccc2)n1,42628843.0,,42628843.0,CCT196969,Cct196969
O=C(O)c1ccc(-c2ccc3cc(O)c(C45CC6CC(CC(C6)C4)C5)cc3c2)cc1,9952709.0,,9952709.0,CD 1530,CD1530
O=C(O)c1ccc(-c2ccc3cc(O)c(C45CC6CC(CC(C6)C4)C5)cc3c2)cc1,9952709.0,,9952709.0,CD-1530,CD1530
O=C(O)c1ccc2cc(-c3ccc(O)c(C45CC6CC(CC(C6)C4)C5)c3)ccc2c1,135411.0,,135411.0,CD-437,Ahpn
O=C(Nc1ccc(Nc2nccc(Nc3cc(C4CCCC4)[nH]n3)n2)cc1)Nc1cccc(C(F)(F)F)c1,77232197.0,,77232197.0,CD532,"1-[4-({4-[(5-cyclopentyl-1H-pyrazol-3-yl)imino]-1,4-dihydropyrimidin-2-yl}amino)phenyl]-3-[3-(trifluoromethyl)phenyl]urea"
COc1cc2c(Oc3ccc4[nH]c(C)cc4c3F)ncnc2cc1OCCCN1CCCC1,9933475.0,,9933475.0,CEDIRANIB,Cediranib
CO[C@@]1(NC(=O)CSC[C@@H](N)C(=O)O)C(=O)N2C(C(=O)[O-])=C(CSc3nnnn3C)CS[C@@H]21.[Na+],23663397.0,,71141.0,CEFMINOX SODIUM,Cefminox Sodium
Cc1ccc(-c2cc(C(F)(F)F)nn2-c2ccc(S(N)(=O)=O)cc2)cc1,2662.0,,2662.0,CELECOXIB,Celecoxib
CC(C)C[C@H](NC(=O)[C@@H](NC(=O)c1cccc(-c2ccccc2)n1)[C@@H](C)O)B(O)O,24800541.0,,24800541.0,CEP-18770,Delanzomib
COc1c(Nc2ncc(Cl)c(N[C@H]3[C@@H](C(N)=O)[C@@H]4C=C[C@H]3C4)n2)ccc2c1CC[C@@H](N1CCOCC1)CC2,57325421.0,,57325421.0,CEP-28122,"(1S,2S,3R,4R)-3-((5-chloro-2-(((S)-1-methoxy-7-morpholino-6,7,8,9-tetrahydro-5H-benzo[7]annulen-2-yl)amino)pyrimidin-4-yl)amino)bicyclo[2.2.1]hept-5-ene-2-carboxamide."
COc1cc2ncnc(Oc3cccc(NC(=O)Nc4cc(C(C)(C)C(F)(F)F)on4)c3)c2cc1OC,56846693.0,,56846693.0,CEP-32496,Agerafenib
CN1CCN(c2cccc(Nc3nc4c(-c5ccc(S(C)(=O)=O)cc5)cccn4n3)c2)CC1,57336812.0,,57336812.0,CEP-33779,Cep-33779
CNC(=O)c1ccccc1Nc1nc(Nc2ccc3c(c2OC)CCC[C@H](N2CCN(CCO)CC2)C3)ncc1Cl,71721648.0,,71721648.0,CEP-37440,Cep-37440
C[C@]12O[C@H](C[C@]1(O)CO)n1c3ccccc3c3c4c(c5c6ccccc6n2c5c31)CNC4=O,126565.0,,126565.0,CEP-701,Lestaurtinib
COc1cccc2[nH]c3c4c(c5c(c3c12)C(=O)N(CN1CCN(C)CC1)C5=O)CCC4,24780387.0,,24780387.0,CEP-9722,Cep-9722
COc1ccc(/C=C/C(=O)c2c(-c3ccccc3)c3ccccc3[nH]c2=O)cc1,72193861.0,,72193861.0,CERANIB-2,3-[3-(4-Methoxyphenyl)-1-oxo-2-propen-1-yl]-4-phenyl-2(1H)-quinolinone
,72193861.0,,,CERANIB­2,Ceranib-2
C/C=C/C/C=C/CCC(=O)[C@H]1O[C@H]1C(N)=O,5282054.0,,5282054.0,CERULENIN,Cerulenin
,,472386399.0,,"CETUXIMAB, ERBITUX",Cetuximab
COc1ccc2c(c1)[C@]1(C[C@H]1c1ccc3c(/C=C/c4ccc(CN5C[C@@H](C)O[C@@H](C)C5)cc4)n[nH]c3c1)C(=O)N2.O=C(O)/C=C/C(=O)O,91754527.0,,58486178.0,CFI-400945,Ocifisertib Fumarate
,,,,CFI-402257-18,
Cc1c(NC(=O)c2ccc(C(C)(C)C)cc2)cccc1-c1cn(C)c(=O)c(Nc2ccc(C(=O)N3CCOCC3)cc2)n1,24857323.0,,24857323.0,CGI1746,Cgi1746
O=C(NC(NC(=S)Nc1ccc(F)c([N+](=O)[O-])c1)C(Cl)(Cl)Cl)C(c1ccccc1)c1ccccc1,6605258.0,,6605258.0,CGK 733,Diphenyl acetamidotrichloroethyl fluoronitrophenyl thiourea
,,,,"CGP-082996, CINK4, KIN001-021",
OCCCNc1cc(-c2ccnc(Nc3cccc(Cl)c3)n2)ccn1,644215.0,,644215.0,CGP-60474,Cgp-60474
Clc1ccc(Nc2nnc(Cc3ccncc3)c3ccccc23)cc1.O=C(O)CCC(=O)O,151193.0,,151194.0,CGP-79787D,Vatalanib Succinate
CN1CCN(c2nc3cc(C(F)(F)F)ccc3n3cccc23)CC1.O=C(O)/C=C\C(=O)O,6438352.0,,2689.0,CGS 12066B dimaleate,CGS 12066B dimaleate
CN(C)CCN1C(=O)c2cccc3cc(N)cc(c23)C1=O,50515.0,,50515.0,CGX-571,Amonafide
CC(C)(C)c1cc(C(=O)/C=C/c2ccc(C(=O)O)cc2)cc(C(C)(C)C)c1,6184667.0,,6184667.0,CH 55,"3,5-Di-tert-butylchalcone 4'-carboxylic acid"
CS(=O)(=O)N1CCc2c(-c3cnc(N)nc3)nc(N3CCOCC3)nc21,49784945.0,,49784945.0,CH-5132799,Izorlisib
CS(=O)(=O)N1CCc2c(-c3cnc(N)nc3)nc(N3CCOCC3)nc21,49784945.0,,49784945.0,CH-5132799 ,Izorlisib
CCc1cc2c(cc1N1CCC(N3CCOCC3)CC1)C(C)(C)c1[nH]c3cc(C#N)ccc3c1C2=O,49806720.0,,49806720.0,CH-5424802,Alectinib
,53239799.0,375581595.0,49806720.0,CH-5428402 HCl,Alectinib Hydrochloride
CS(=O)(=O)N1CCc2c(-c3cnc(N)nc3)nc(N3CCOCC3)nc21,49784945.0,,49784945.0,CH5132799,Izorlisib
Cc1nc2ccc(-n3ncc(C(=O)c4cc5ccccc5[nH]4)c3N)cc2[nH]1,66555680.0,,66555680.0,CH5183284 (Debio-1347),Zoligratinib
O=C(NC1CC1)c1cc(-c2cccs2)on1,19582717.0,,19582717.0,CHEMBL1222381,"N-cyclopropyl-5-(thiophen-2-yl)-1,2-oxazole-3-carboxamide"
COc1ccc(-c2ccccc2)cc1NS(=O)(=O)c1cc(Cl)cc(Cl)c1O,16747776.0,,16747776.0,CHEMBL399379,"3,5-dichloro-2-hydroxy-N-(4-methoxy-[1,1'-biphenyl]-3-yl)benzenesulfonamide"
CC(O)C(=O)O.CN1CCN(c2ccc3nc(-c4c(N)c5c(F)cccc5[nH]c4=O)[nH]c3c2)CC1.O,135611162.0,,135398510.0,CHIR 258,Tki258
Nc1nc(NCCNc2ncc(-c3ncc[nH]3)c(-c3ccc(Cl)cc3Cl)n2)ccc1[N+](=O)[O-],9957049.0,,9957049.0,CHIR 98014,"N2-(2-((4-(2,4-Dichlorophenyl)-5-(1H-imidazol-2-yl)pyrimidin-2-yl)amino)ethyl)-5-nitropyridine-2,6-diamine"
Cc1cnc(-c2cnc(NCCNc3ccc(C#N)cn3)nc2-c2ccc(Cl)cc2Cl)[nH]1,9956119.0,,9956119.0,CHIR 99021,Laduviglusib
O=c1[nH]c2ccc(Cl)cc2c(N[C@@H]2CN3CCC2CC3)c1-c1nc2ccccc2[nH]1,135399748.0,,135399748.0,CHIR-124,Chir-124
CC(O)C(=O)O.CN1CCN(c2ccc3nc(-c4c(N)c5c(F)cccc5[nH]c4=O)[nH]c3c2)CC1,135431668.0,,135398510.0,CHIR-258,dovitinib lactate anhydrous
Nc1nc(NCCNc2ncc(-n3ccnc3)c(-c3ccc(Cl)cc3Cl)n2)ccc1[N+](=O)[O-],53396311.0,,53396311.0,CHIR-98014,"6-N-[2-[[4-(2,4-dichlorophenyl)-5-imidazol-1-ylpyrimidin-2-yl]amino]ethyl]-3-nitropyridine-2,6-diamine"
Cc1cnc(-c2cnc(NCCNc3ccc(C#N)cn3)nc2-c2ccc(Cl)cc2Cl)[nH]1,9956119.0,,9956119.0,CHIR-99021,Laduviglusib
Cc1cnc(-c2cnc(NCCNc3ccc(C#N)cn3)nc2-c2ccc(Cl)cc2Cl)[nH]1,9956119.0,,9956119.0,CHIR-99021 (CT99021),Laduviglusib
Cc1cnc(-c2cnc(NCCNc3ccc(C#N)cn3)nc2-c2ccc(Cl)cc2Cl)[nH]1.Cl,71295844.0,,9956119.0,CHIR-99021 (CT99021) HCl,Laduviglusib hydrochloride
NC(=O)c1ccc2nc(-c3ccc(Oc4ccc(Cl)cc4)cc3)[nH]c2c1,9969021.0,,9969021.0,CHK2 INHIBITOR II,2-(4-(4-chlorophenoxy)phenyl)-1H-benzimidazole-5-carboxamide
O=C(O)CCCc1ccc(N(CCCl)CCCl)cc1,2708.0,,2708.0,CHLORAMBUCIL,Chlorambucil
O=c1cc(-c2ccccc2F)[nH]c2cc3c(cc12)OCO3,375860.0,,375860.0,CHM 1,"6-(2-Fluorophenyl)-1,3-dioxolo(4,5-g)quinolin-8(5H)-one"
O=c1cc(-c2ccccc2F)[nH]c2cc3c(cc12)OCO3,375860.0,,375860.0,CHM-1,"6-(2-Fluorophenyl)-1,3-dioxolo(4,5-g)quinolin-8(5H)-one"
N#CNC(=NCCCCCCOc1ccc(Cl)cc1)Nc1ccncc1,148198.0,,148198.0,CHS 828,Chs-828
O=C(NOCC1CC1)c1ccc(F)c(F)c1Nc1ccc(I)cc1Cl,6918454.0,,6918454.0,CI 1040,Ci-1040
CCCCCCCCCCC(C)(C)C(=O)Nc1c(OC)cc(OC)cc1OC,122327.0,,122327.0,CI 976,"2,2-Dimethyl-N-(2,4,6-trimethoxyphenyl)dodecanamide"
C=CC(=O)Nc1cc2c(Nc3ccc(F)c(Cl)c3)ncnc2cc1OCCCN1CCOCC1.Cl,67292089.0,,156414.0,CI-1033,N-[4-(3-chloro-4-fluoroanilino)-7-(3-morpholin-4-ylpropoxy)quinazolin-6-yl]prop-2-enamide;hydrochloride
O=C(NOCC1CC1)c1ccc(F)c(F)c1Nc1ccc(I)cc1Cl,6918454.0,,6918454.0,CI-1040 (PD184352),Ci-1040
CCCCCCCCCCC(C)(C)C(=O)Nc1c(OC)cc(OC)cc1OC,122327.0,,122327.0,CI-976,"2,2-Dimethyl-N-(2,4,6-trimethoxyphenyl)dodecanamide"
CC(=O)Nc1ccc(C(=O)Nc2ccccc2N)cc1,2746.0,,2746.0,CI994 (Tacedinaline),Tacedinaline
Cc1cc(C2CCCCC2)n(O)c(=O)c1,2749.0,,2749.0,CICLOPIROX,Ciclopirox
Cc1cc2nc(NCCCO)n(CC(=O)c3cc(C(C)(C)C)c(O)c(C(C)(C)C)c3)c2cc1C,2858523.0,,2858523.0,CID 2858522,"1-(3,5-di-tert-butyl-4-hydroxyphenyl)-2-(2-((3-hydroxypropyl)amino)-5,6-dimethyl-1H-benzo(d)imidazol-1-yl)ethanone"
CN(C(=O)COC(=O)/C=C/c1cccc([N+](=O)[O-])c1)C1CCS(=O)(=O)C1,5951923.0,,5951923.0,CID 5951923,"2-((1,1-Dioxidotetrahydrothiophen-3-yl)(methyl)amino)-2-oxoethyl 3-(3-nitrophenyl)acrylate"
CN(C(=O)COC(=O)/C=C/c1cccc([N+](=O)[O-])c1)C1CCS(=O)(=O)C1,5951923.0,,5951923.0,CID-5951923,"2-((1,1-Dioxidotetrahydrothiophen-3-yl)(methyl)amino)-2-oxoethyl 3-(3-nitrophenyl)acrylate"
NC(=NOC(=O)C12CC3CC(CC(C3)C1)C2)c1ccccc1,2841722.0,,2841722.0,CIL41,[[Amino(phenyl)methylidene]amino] adamantane-1-carboxylate
CN(C)CCNC(=O)c1cc2c(s1)-c1ccc(Cl)cc1SC2,6623618.0,,6623618.0,CIL55,"7-chloro-N-[2-(dimethylamino)ethyl]-4H-thieno[3,2-c]thiochromene-2-carboxamide"
CN(C)CCNC(=O)c1cc2c(s1)-c1cc(Cl)ccc1SC2,168313047.0,,168313047.0,CIL55A,"8-chloro-N-[2-(dimethylamino)ethyl]-4H-thieno[3,2-c]thiochromene-2-carboxamide"
O=S(=O)(c1ccc2c(c1)C(=NO)c1cc(S(=O)(=O)N3CCCCC3)ccc1-2)N1CCCCC1,654092.0,,654092.0,CIL56,"2,7-bis(piperidin-1-ylsulfonyl)-9H-fluoren-9-one oxime"
NC(Cc1ccc(Cl)cc1)=NOC(=O)c1cccc2ccccc12,3815108.0,,3815108.0,CIL70,[[1-Amino-2-(4-chlorophenyl)ethylidene]amino] naphthalene-1-carboxylate
CN=C(NC#N)NCCSCc1nc[nH]c1C,2756.0,,2756.0,CIMETIDINE,Cimetidine
N.N.[Cl][Pt][Cl],5460033.0,,,CISPLATIN,Cisplatin
CS(=O)(=O)O.Cc1ccc(C(=O)N(CCCN)[C@@H](c2nc3cc(Cl)ccc3c(=O)n2Cc2ccccc2)C(C)C)cc1,6450816.0,,6851740.0,CK-0238273,Ispinesib Mesylate
CC#CC(=O)Nc1ccc2ncnc(Nc3cccc(Br)c3)c2c1,2776.0,,2776.0,CL-387785 (EKI-785),N-(4-((3-bromophenyl)amino)-6-quinazolinyl)-2-butynamide
Nc1nc(Cl)nc2c1ncn2[C@H]1C[C@H](O)[C@@H](CO)O1,20279.0,,20279.0,CLADRIBINE,Cladribine
Nc1nc(Cl)nc2c1ncn2[C@@H]1O[C@H](CO)[C@@H](O)[C@@H]1F,119182.0,,119182.0,CLOFARABINE,Clofarabine
,9862937.0,252451480.0,,CM 346(Obenoxazine),Fabomotizole
,,,,"CMK, KIN001-128",
COc1c(C)cnc(Cn2cnc3c(Cl)nc(N)nc32)c1C,16736529.0,,16736529.0,CNF-2024,"(6-Chloro-9-(4-methoxy-3,5-dimethylpyridin-2-ylmethyl)-9H-purin-2-yl)amine"
NC(=O)[C@@H]1CC[C@H](c2ccc(OCc3ccccc3F)cc2)N1,16046068.0,,16046068.0,CNV-1014802,"(2S,5R)-5-(4-((2-Fluorophenyl)methoxy)phenyl)-2-pyrrolidinecarboxamide"
C=CC(=O)Nc1cccc(Nc2nc(Nc3ccc(NC4CN(CCF)C4)cc3OC)ncc2C(F)(F)F)c1,56968072.0,,56968072.0,CNX-2006,N-(3-((2-((4-((1-(2-fluoroethyl)azetidin-3-yl)amino)-2-methoxyphenyl)amino)-5-(trifluoromethyl)pyrimidin-4-yl)amino)phenyl)acrylamide
C=CC(=O)Nc1cccc(Nc2nc(Nc3ccc(Oc4ccnc(C(=O)NC)c4)cc3)ncc2F)c1,59174579.0,,59174579.0,CNX-774,4-(4-((4-((3-acrylamidophenyl)amino)-5-fluoropyrimidin-2-yl)amino)phenoxy)-N-methylpicolinamide
CCCCCCCC/C=C/CCCCCCCC(=O)OC[C@H]1O[C@@H](n2ccc(N)nc2=O)C(F)(F)[C@@H]1O,9828310.0,,9828310.0,CO-101,Gemcitabine Elaidate
C=CC(=O)Nc1cccc(Nc2nc(Nc3ccc(N4CCN(C(C)=O)CC4)cc3OC)ncc2C(F)(F)F)c1,57335384.0,,57335384.0,CO-1686,Rociletinib
C=CC(=O)Nc1cccc(Nc2nc(Nc3ccc(N4CCN(C(C)=O)CC4)cc3OC)ncc2C(F)(F)F)c1,57335384.0,,57335384.0,CO-1686 (AVL-301),Rociletinib
NC(=O)C1=C(O)[C@@]2(O)C(=O)C3=C(O)c4c(O)cccc4C[C@H]3C[C@H]2CC1=O,54678924.0,,54678924.0,COL-3,Metastat
O=c1cc(N2CCOCC2)nc2c3ccccc3ccn12,10039361.0,,10039361.0,COMPOUND 401,"2-Morpholin-4-ylpyrimido(2,1-A)isoquinolin-4-one"
Cl.Cl.c1cc(-c2cnn3cc(-c4ccc(OCCN5CCCCC5)cc4)cnc23)ccn1,49761481.0,,11524144.0,COMPOUND C,Dorsomorphin dihydrochloride
COCCOc1ccc2c(c1)ncn2-c1ccc2cccc(N3CCC(N)CC3)c2n1,10158940.0,,10158940.0,CP-673451,CP-673451
COCC(=O)NC/C=C/c1ccc2ncnc(Nc3ccc(Oc4ccc(C)nc4)c(C)c3)c2c1,9874913.0,,9874913.0,CP-724714,Cp-724714
CC1(COc2ccc3c(c2)ncn3-c2ccc3cccc(N4CCC(N)CC4)c3n2)COC1,10366136.0,,10366136.0,CP-868596,Crenolanib
CN(C)C(=O)[C@H](O)[C@H](Cc1ccccc1)NC(=O)c1cc2cc(Cl)ccc2[nH]1,9843900.0,,9843900.0,CP-91149,CP-91149
COc1cc2ncnc(-n3nc(-c4ccccn4)nc3N)c2cc1OC,44551660.0,,44551660.0,CP466722,CP466722
Cc1noc2c1-c1ccccc1C(c1ccc(Cl)cc1)=N[C@H]2CC(N)=O,57389999.0,,57389999.0,CPI-0610,Pelabresib Anhydrous
CCS(=O)(=O)N1CCC([C@@H](C)n2c(C)c(C(=O)NCc3c(OC)cc(C)[nH]c3=O)c3ccccc32)CC1,71712226.0,,71712226.0,CPI-169,Cpi-169
Cc1sc2c(c1C)C(c1ccc(Cl)cc1)=N[C@@H](CC(N)=O)c1nnc(C)n1-2,71291068.0,,71291068.0,CPI-203,Cpi-203
COc1cc(C)[nH]c(=O)c1CNC(=O)c1c(C)n([C@H](C)C2CCOCC2)c2ccccc12,73442743.0,,73442743.0,CPI-360,N-[(4-methoxy-6-methyl-2-oxo-1H-pyridin-3-yl)methyl]-2-methyl-1-[(1R)-1-(oxan-4-yl)ethyl]indole-3-carboxamide
O=C(O)CCCCC(CCSCc1ccccc1)SCc1ccccc1,24770514.0,,24770514.0,CPI-613,"6,8-Bis((phenylmethyl)thio)octanoic acid"
CONC(=O)C1C(O)C2(O)c3c(OC)cc(OC)cc3OC2(c2ccc(OC)cc2)C1c1ccccc1,70684233.0,,70684233.0,CR-1-31B,"1,8b-dihydroxy-N,6,8-trimethoxy-3a-(4-methoxyphenyl)-3-phenyl-2,3-dihydro-1H-cyclopenta[b][1]benzofuran-2-carboxamide"
C[C@@H](Oc1cc(-c2cnn(C3CCNCC3)c2)cnc1N)c1c(Cl)ccc(F)c1Cl,11626560.0,,11626560.0,CRIZOTINIB,Crizotinib
Cc1cc(Oc2ccc3nc(COc4ccc(CC5SC(=O)NC5=O)cc4)n(C)c3c2)cc(C)c1N.Cl.Cl,16719220.0,,9832447.0,CS-7017,Efatutazone Dihydrochloride
Cc1ccc(Cl)cc1-c1nc(N)nc(Nc2ccc(Br)cc2)n1,9886720.0,,9886720.0,CT-32228,CT-32228
CC(C)(O)/C=C/C(=O)[C@](C)(O)[C@H]1[C@H](O)C[C@@]2(C)[C@@H]3CC=C4[C@@H](C=C(O)C(=O)C4(C)C)[C@]3(C)C(=O)C[C@]12C,5281321.0,,5281321.0,CUCURBITACIN I,Cucurbitacin I
C#Cc1cccc(Nc2ncnc3cc(OC)c(OCCCCCCC(=O)NO)cc23)c1,24756910.0,,24756910.0,CUDC-101,Cudc-101
CN(C)c1cc2c(cc1Sc1nc3c(N)nccc3n1CCNCC(C)(C)C)OCO2,44156921.0,,44156921.0,CUDC-305,Cudc-305
COc1ccc(-c2nc(N3CCOCC3)c3sc(CN(C)c4ncc(C(=O)NO)cn4)cc3n2)cn1,54575456.0,,54575456.0,CUDC-907,Fimepinostat
COc1cc(/C=C/C(=O)CC(=O)/C=C/c2ccc(O)c(OC)c2)ccc1O,969516.0,,969516.0,CURCUMIN,Curcumin
COc1ccc(CNc2nc(N(CCO)CCO)nc3c2ncn3C(C)C)cc1,6918386.0,,6918386.0,CVT-313,Cvt-313
O=C(O)c1ccc2c(c1)nc(Nc1cccc(Cl)c1)c1ccncc12,24748573.0,,24748573.0,CX-4945,Silmitasertib
O=C(O)c1ccc2c(c1)nc(Nc1cccc(Cl)c1)c1ccncc12,24748573.0,,24748573.0,CX-4945 (Silmitasertib),Silmitasertib
Cc1cnc(CNC(=O)c2c(=O)c3ccc(N4CCCN(C)CC4)nc3n3c2sc2ccccc23)cn1,25257557.0,,25257557.0,CX-5461,Cx-5461
CN1CCCN(C(=O)c2cccc(-c3ccc(/C=C4/C(=O)Nc5ccc(Cl)cc54)o3)c2)CC1,44545852.0,,44545852.0,CX-6258,CX-6258
CN1CCCN(C(=O)c2cccc(-c3ccc(/C=C4/C(=O)Nc5ccc(Cl)cc54)o3)c2)CC1.Cl,72201040.0,,44545852.0,CX-6258 HCl,CX-6258 HCl
Cc1cnc(CNC(=O)c2c(=O)c3ccc(N4CCCN(C)CC4)nc3n3c2sc2ccccc23)cn1,25257557.0,,25257557.0,CX5461,Cx-5461
Cc1nc(N)sc1-c1ccnc(Nc2ccc(N3CCOCC3)cc2)n1,6420138.0,,6420138.0,CYC-116,Cyc-116
CC[C@H](CO)Nc1nc(NCc2ccccc2)c2ncn(C(C)C)c2n1,160355.0,,160355.0,CYC-202,Roscovitine
Cc1nc(N)sc1-c1ccnc(Nc2ccc(N3CCOCC3)cc2)n1,6420138.0,,6420138.0,CYC116,Cyc-116
CC1=C2C[C@H]3[C@@H](CC=C4C[C@@H](O)CC[C@@]43C)[C@@H]2CC[C@]12O[C@@H]1C[C@H](C)CN[C@H]1[C@H]2C,442972.0,,442972.0,CYCLOPAMINE,Cyclopamine
O=P1(N(CCCl)CCCl)NCCCO1,2907.0,,2907.0,CYCLOPHOSPHAMIDE,Cyclophosphamide
C/C=C/C[C@@H](C)[C@@H](O)[C@H]1C(=O)N[C@@H](CC)C(=O)N(C)CC(=O)N(C)[C@@H](CC(C)C)C(=O)N[C@@H](C(C)C)C(=O)N(C)[C@@H](CC(C)C)C(=O)N[C@@H](C)C(=O)N[C@H](C)C(=O)N(C)[C@@H](CC(C)C)C(=O)N(C)[C@@H](CC(C)C)C(=O)N(C)[C@@H](C(C)C)C(=O)N1C,5284373.0,,5284373.0,CYCLOSPORIN A,Cyclosporin A
N#CCNC(=O)c1ccc(-c2ccnc(Nc3ccc(N4CCOCC4)cc3)n2)cc1,25062766.0,,25062766.0,CYT-387,Momelotinib
CCC[C@H](Nc1nc(-c2ccc(NC(=O)NCC)c(OC)c2)ncc1C)c1cccnc1,11351021.0,,11351021.0,CYT-997,Lexibulin
N#CCNC(=O)c1ccc(-c2ccnc(Nc3ccc(N4CCOCC4)cc3)n2)cc1,25062766.0,,25062766.0,CYT387,Momelotinib
CCC[C@H](Nc1nc(-c2ccc(NC(=O)NCC)c(OC)c2)ncc1C)c1cccnc1,11351021.0,,11351021.0,CYT997 (Lexibulin),Lexibulin
Nc1ccn([C@@H]2O[C@H](CO)[C@@H](O)[C@@H]2O)c(=O)n1,6253.0,,6253.0,CYTARABINE,Cytarabine
Cl.Nc1ccn([C@@H]2O[C@H](CO)[C@@H](O)[C@@H]2O)c(=O)n1,6252.0,,6253.0,CYTARABINE HYDROCHLORIDE,Cytarabine Hydrochloride
C=C1[C@@H](C)[C@H]2[C@H](Cc3ccccc3)NC(=O)[C@]23OC(=O)/C=C/[C@H](O)CCC[C@@H](C)C/C=C/[C@H]3[C@@H]1O,5311281.0,,5311281.0,CYTOCHALASIN B,Cytochalasin B
CC(C)(C)NS(=O)(=O)c1cncc(-c2cc(F)c3nc(N)nn3c2)c1,42623951.0,,42623951.0,CZC24832,Czc-24832
CO[C@H]1C(=O)[C@]2(C)[C@@H](OC)C[C@H]3OC[C@@]3(OC(C)=O)[C@H]2[C@H](OC(=O)c2ccccc2)[C@]2(O)C[C@H](OC(=O)[C@H](O)[C@@H](NC(=O)OC(C)(C)C)c3ccccc3)C(C)=C1C2(C)C,9854073.0,,9854073.0,Cabazitaxel,Cabazitaxel
CO[C@H]1C(=O)[C@]2(C)[C@@H](OC)C[C@H]3OC[C@@]3(OC(C)=O)[C@H]2[C@H](OC(=O)c2ccccc2)[C@]2(O)C[C@H](OC(=O)[C@H](O)[C@@H](NC(=O)OC(C)(C)C)c3ccccc3)C(C)=C1C2(C)C,9854073.0,,9854073.0,Cabazitaxel  ,Cabazitaxel
C[C@H]1CO[C@@H]2Cn3cc(C(=O)NCc4ccc(F)cc4F)c(=O)c(O)c3C(=O)N12,54713659.0,,54713659.0,"Cabotegravir (GSK744, GSK1265744)",Cabotegravir
COc1cc2nccc(Oc3ccc(NC(=O)C4(C(=O)Nc5ccc(F)cc5)CC4)cc3)c2cc1OC,25102847.0,,25102847.0,Cabozantinib,Cabozantinib
COc1cc2nccc(Oc3ccc(NC(=O)C4(C(=O)Nc5ccc(F)cc5)CC4)cc3)c2cc1OC,25102847.0,,25102847.0,Cabozantinib ,Cabozantinib
COc1cc2nccc(Oc3ccc(NC(=O)C4(C(=O)Nc5ccc(F)cc5)CC4)cc3)c2cc1OC,25102847.0,,25102847.0,"Cabozantinib (XL184, BMS-907351)",Cabozantinib
COc1cc2nccc(Oc3ccc(NC(=O)C4(C(=O)Nc5ccc(F)cc5)CC4)cc3)c2cc1OC.O=C(O)C[C@H](O)C(=O)O,25102846.0,,25102847.0,Cabozantinib malate (XL184),Cabozantinib S-malate
O=C(O)/C=C/c1ccc(O)c(O)c1,689043.0,,689043.0,Caffeic Acid,Caffeic Acid
Cn1c(=O)c2c(ncn2C)n(C)c1=O,2519.0,,2519.0,Caffeine,Caffeine
C=C1/C(=C\C=C2/CCC[C@]3(C)[C@@H]([C@H](C)/C=C/[C@@H](O)C4CC4)CC[C@@H]23)C[C@@H](O)C[C@@H]1O,5288783.0,,5288783.0,Calcipotriol,Calcipotriol
O=C([O-])[O-].[Ca+2],10112.0,,767.0,Calcium carbonate,Calcium Carbonate
Nc1nc2c(c(=O)[nH]1)N(C=O)C(CNc1ccc(C(=O)N[C@@H](CCC(=O)O)C(=O)O)cc1)CN2.[Ca],135430945.0,,135403648.0,Calcium folinate,Calcium Folinate
O=C([O-])[C@H](O)[C@@H](O)[C@H](O)[C@H](O)CO.O=C([O-])[C@H](O)[C@@H](O)[C@H](O)[C@H](O)CO.[Ca+2],9290.0,,10690.0,Calcium gluconate,Calcium Gluconate
CN(C)C(=O)COC(=O)Cc1ccc(OC(=O)c2ccc(N=C(N)N)cc2)cc1.CS(=O)(=O)O,5284360.0,,2536.0,Camostat mesilate,Camostat Mesylate
CC12CCC(CC1=O)C2(C)C,2537.0,,2537.0,Camphor,Camphor
CC[C@@]1(O)C(=O)OCc2c1cc1n(c2=O)Cc2cc3ccccc3nc2-1,24360.0,,24360.0,Camptothecin,Camptothecin
CC[C@@]1(O)C(=O)OCc2c1cc1n(c2=O)Cc2cc3ccccc3nc2-1,24360.0,,24360.0,Camptothecine (S.+),Camptothecin
CCN(CC)CCNC(C(=O)OCCC(C)C)c1ccccc1,5902.0,,5902.0,Camylofin,Camylofin
CCOc1nc2cccc(C(=O)O)c2n1Cc1ccc(-c2ccccc2-c2nn[nH]n2)cc1,2541.0,,2541.0,Candesartan,Candesartan
CCOc1nc2cccc(C(=O)OC(C)OC(=O)OC3CCCCC3)c2n1Cc1ccc(-c2ccccc2-c2nn[nH]n2)cc1,2540.0,,2540.0,Candesartan Cilexetil,Candesartan Cilexetil
C=CC(=O)Nc1cc2c(Nc3ccc(F)c(Cl)c3)ncnc2cc1OCCCN1CCOCC1,156414.0,,156414.0,Canertinib,Canertinib
C=CC(=O)Nc1cc2c(Nc3ccc(F)c(Cl)c3)ncnc2cc1OCCCN1CCOCC1,156414.0,,156414.0,Canertinib (CI-1033),Canertinib
C=CC(=O)Nc1cc2c(Nc3ccc(F)c(Cl)c3)ncnc2cc1OCCCN1CCOCC1.Cl.Cl,156413.0,,156414.0,Canertinib dihydrochloride,Canertinib Dihydrochloride
C[C@]12CCC(=O)C=C1C=C[C@@H]1[C@@H]2CC[C@@]2(C)[C@H]1CC[C@@]21CCC(=O)O1,13789.0,,13789.0,Canrenone,Canrenone
C[C@@]12C(=O)OC(=O)[C@]1(C)[C@H]1CC[C@@H]2O1,5944.0,,5944.0,Cantharidin,Cantharidin
C[C@@H]1NC(=O)[C@@H](N)CNC(=O)[C@H](C2CCN=C(N)N2)NC(=O)/C(=C/NC(N)=O)NC(=O)[C@H](CNC(=O)CC(N)CCCN)NC1=O.NCCCC(N)CC(=O)NC[C@@H]1NC(=O)[C@H](CO)NC(=O)[C@@H](N)CNC(=O)[C@H](C2CCN=C(N)N2)NC(=O)/C(=C/NC(N)=O)NC1=O.O=S(=O)(O)O.O=S(=O)(O)O,71457947.0,,,Capastat sulfate,Capreomycin Sulfate
CCCCCOC(=O)Nc1nc(=O)n([C@@H]2O[C@H](C)[C@@H](O)[C@H]2O)cc1F,60953.0,,60953.0,Capecitabine,Capecitabine
CCCCCOC(=O)Nc1nc(=O)n([C@@H]2O[C@H](C)[C@@H](O)[C@H]2O)cc1F,60953.0,,60953.0,Capecitabine ,Capecitabine
CCCCCOC(=O)Nc1nc(=O)n([C@@H]2O[C@H](C)[C@@H](O)[C@H]2O)cc1F,60953.0,,60953.0,Capecitabine  ,Capecitabine
Oc1c(Cl)cc(Cl)c2cccnc12,2722.0,,2722.0,Capitrol,Chloroxine
NC1(C(=O)N[C@@H](CCO)c2ccc(Cl)cc2)CCN(c2ncnc3[nH]ccc23)CC1,25227436.0,,25227436.0,Capivasertib,Capivasertib
CNC(=O)c1ccc(-c2cnc3ncc(Cc4ccc5ncccc5c4)n3n2)cc1F,25145656.0,,25145656.0,Capmatinib,Capmatinib
COc1cc(CNC(=O)CCCC/C=C/C(C)C)ccc1O,1548943.0,,1548943.0,Capsaicin,Capsaicin
C[C@H](CS)C(=O)N1CCC[C@H]1C(=O)O,44093.0,,44093.0,Captopril,Captopril
CC(C)NCC(O)COc1cccc2[nH]c3ccccc3c12,71739.0,,71739.0,Carazolol,Carazolol
C[N+](C)(C)CCOC(N)=O.[Cl-],5831.0,,2551.0,Carbachol,Carbachol
COC(=O)NN=Cc1c[n+]([O-])c2ccccc2[n+]1[O-],135403805.0,,135403805.0,Carbadox,Carbadox
NC(=O)N[C@@H](CCC(=O)O)C(=O)O,121396.0,,121396.0,Carbaglu,Carglumic Acid
NC(=O)N1c2ccccc2C=Cc2ccccc21,2554.0,,2554.0,Carbamazepine,Carbamazepine
CN1c2cc(O)c(N=NC(N)=O)cc2CC1S(=O)(=O)[O-].[Na+],135705561.0,,40018.0,Carbazochrome sodium sulfonate,Carbazochrome sodium sulfonate
COC(=O)Nc1nc2ccccc2[nH]1,25429.0,,25429.0,Carbendazim,Carbendazim
CC1(C)S[C@@H]2[C@H](NC(=O)C(C(=O)[O-])c3ccccc3)C(=O)N2[C@H]1C(=O)[O-].[Na+].[Na+],20933.0,,20824.0,Carbenicillin disodium,Carbenicillin Disodium
CC1(C)[C@@H](OC(=O)CCC(=O)[O-])CC[C@]2(C)C3C(=O)C=C4[C@@H]5C[C@](C)(C(=O)[O-])CC[C@]5(C)CC[C@@]4(C)[C@]3(C)CC[C@@H]12.[Na+].[Na+],146036894.0,,146036895.0,Carbenoxolone disodium,Carbenoxolone Disodium
CCN(CC)CCOCCOC(=O)C1(c2ccccc2)CCCC1.O=C(O)CC(O)(CC(=O)O)C(=O)O,90010.0,,,Carbetapentane citrate,Carbetapentane Citrate
C[C@@](Cc1ccc(O)c(O)c1)(NN)C(=O)O.O,38101.0,,34359.0,Carbidopa Hydrate,Carbidopa monohydrate
CCOC(=O)n1ccn(C)c1=S,31072.0,,31072.0,Carbimazole,Carbimazole
CN(C)CCOC(c1ccc(Cl)cc1)c1ccccn1.O=C(O)/C=C\C(=O)O,5282409.0,,2564.0,Carbinoxamine Maleate Salt,Carbinoxamine Maleate
N.N.O=C([O-])C1(C(=O)[O-])CCC1.[Pt+2],10339178.0,,2568.0,Carboplatin,Carboplatin
N.N.O=C([O-])C1(C(=O)[O-])CCC1.[Pt+2],10339178.0,,2568.0,Carboplatin  ,Carboplatin
CC(C)C[C@H](NC(=O)[C@H](CCc1ccccc1)NC(=O)CN1CCOCC1)C(=O)N[C@@H](Cc1ccccc1)C(=O)N[C@@H](CC(C)C)C(=O)[C@@]1(C)CO1,11556711.0,,11556711.0,Carfilzomib,Carfilzomib
CC(C)C[C@H](NC(=O)[C@H](CCc1ccccc1)NC(=O)CN1CCOCC1)C(=O)N[C@@H](Cc1ccccc1)C(=O)N[C@@H](CC(C)C)C(=O)[C@@]1(C)CO1,11556711.0,,11556711.0,Carfilzomib ,Carfilzomib
CC(C)c1ccc(C(=O)N=C(N)N)cc1S(C)(=O)=O,151172.0,,151172.0,Cariporide,Cariporide
CCCC(C)(COC(N)=O)COC(=O)NC(C)C,2576.0,,2576.0,Carisoprodol,Carisoprodol
CCCCCCNC(=O)n1cc(F)c(=O)[nH]c1=O,2577.0,,2577.0,Carmofur,Carmofur
O=NN(CCCl)C(=O)NCCCl,2578.0,,2578.0,Carmustine,Carmustine
O=NN(CCCl)C(=O)NCCCl,2578.0,,2578.0,Carmustine  ,Carmustine
CC(C(=O)O)c1ccc2c(c1)[nH]c1ccc(Cl)cc12,2581.0,,2581.0,Carprofen,Carprofen
,,318169222.0,,Carsalame,2037-95-8
CC(C)(C)NCC(O)COc1cccc2c1CCC(=O)N2.Cl,40127.0,,2583.0,Carteolol hydrochloride,Carteolol Hydrochloride
COc1ccccc1OCCNCC(O)COc1cccc2[nH]c3ccccc3c12,2585.0,,2585.0,Carvedilol,Carvedilol
COc1ccccc1OCCN.Cl,2762734.0,,1713005.0,Carvedilol EP IMpurity E,1-(2-Aminoethoxy)-2-methoxybenzene hydrochloride
COc1ccccc1OCCNCC(O)COc1cccc2[nH]c3ccccc3c12.COc1ccccc1OCCNCC(O)COc1cccc2[nH]c3ccccc3c12.O.O=P(O)(O)O.O=P(O)(O)O,11954344.0,,2585.0,Carvedilol phosphate,Carvedilol Phosphate
NS(=O)(=O)c1ccc(C(=O)O)cc1,8739.0,,8739.0,Carzenide,Carzenide
,,482038616.0,,Casanthranol,
CCC1=C[C@@H]2CN3CCc4c([nH]c5ccccc45)[C@@](C(=O)OC)(C2)[C@@H]13,5458190.0,,5458190.0,Catharanthine,(+)-Catharanthine
Nc1nc(Nc2ccc(S(N)(=O)=O)cc2)nn1C(=S)Nc1c(F)cccc1F,5330812.0,,5330812.0,Cdk1/2 inhibitor III,Cdk1/2 Inhibitor III
Cc1nc(N)sc1-c1ccnc(Nc2cccc([N+](=O)[O-])c2)n1,447961.0,,447961.0,Cdk2/9 inhibitor,4-(2-Amino-4-methyl-5-thiazolyl)-N-(3-nitrophenyl)-2-pyrimidinamine
O=C1NC(=O)c2c1c1c3ccccc3[nH]c1c1[nH]c3cc(Br)ccc3c21,5330797.0,,5330797.0,Cdk4 inhibitor,Cdk4 Inhibitor
COc1cc2c(Oc3ccc4[nH]c(C)cc4c3F)ncnc2cc1OCCCN1CCCC1,9933475.0,,9933475.0,Cediranib,Cediranib
COc1cc2c(Oc3ccc4[nH]c(C)cc4c3F)ncnc2cc1OCCCN1CCCC1,9933475.0,,9933475.0,Cediranib ,Cediranib
COc1cc2c(Oc3ccc4[nH]c(C)cc4c3F)ncnc2cc1OCCCN1CCCC1,9933475.0,,9933475.0,Cediranib (AZD2171),Cediranib
N[C@@H](C(=O)N[C@@H]1C(=O)N2C(C(=O)O)=C(Cl)CS[C@H]12)c1ccccc1.O,51038.0,,51039.0,Cefaclor monohydrate,Cefaclor Monohydrate
CC1=C(C(=O)O)N2C(=O)[C@@H](NC(=O)[C@H](N)c3ccc(O)cc3)[C@H]2SC1,47965.0,,47965.0,Cefadroxil,Cefadroxil
Cc1nnc(SCC2=C(C(=O)[O-])N3C(=O)[C@@H](NC(=O)Cn4cnnn4)[C@H]3SC2)s1.[Na+],23675322.0,,33255.0,Cefazolin sodium salt,Cefazolin Sodium
C=CC1=C(C(=O)O)N2C(=O)[C@@H](NC(=O)/C(=N\O)c3csc(N)n3)[C@H]2SC1,6915944.0,,6915944.0,Cefdinir,Cefdinir
CO/N=C(\C(=O)N[C@@H]1C(=O)N2C(C(=O)OCOC(=O)C(C)(C)C)=C(/C=C\c3scnc3C)CS[C@H]12)c1csc(N)n1,6437877.0,,6437877.0,Cefditoren pivoxil,Cefditoren Pivoxil
C=CC1=C(C(=O)O)N2C(=O)[C@@H](NC(=O)/C(=N\OCC(=O)O)c3csc(N)n3)[C@H]2SC1,5362065.0,,5362065.0,Cefixime,Cefixime
CO/N=C(\C(=O)N[C@@H]1C(=O)N2C(C(=O)O)=C(CSc3nnnn3C)CS[C@H]12)c1csc(N)n1.CO/N=C(\C(=O)N[C@@H]1C(=O)N2C(C(=O)O)=C(CSc3nnnn3C)CS[C@H]12)c1csc(N)n1.Cl,11954009.0,,9570757.0,Cefmenoxime hydrochloride,Cefmenoxime Hydrochloride
CO[C@@]1(NC(=O)CSCC#N)C(=O)N2C(C(=O)[O-])=C(CSc3nnnn3C)CS[C@@H]21.[Na+],23666711.0,,42008.0,Cefmetazole sodium,Cefmetazole Sodium
O=C([O-])C1=C(CSc2nnnn2CS(=O)(=O)[O-])CS[C@@H]2[C@H](NC(=O)[C@H](O)c3ccccc3)C(=O)N12.[Na+].[Na+],43593.0,,43594.0,Cefonicid sodium,Cefonicid Sodium
CCN1CCN(C(=O)N[C@@H](C(=O)N[C@@H]2C(=O)N3C(C(=O)[O-])=C(CSc4nnnn4C)CS[C@H]23)c2ccc(O)cc2)C(=O)C1=O.[Na+],23663974.0,,44187.0,Cefoperazone sodium,Cefoperazone Sodium
CO/N=C(\C(=O)N[C@@H]1C(=O)N2C(C(=O)[O-])=C(COC(C)=O)CS[C@H]12)c1csc(N)n1.[Na+],10695961.0,,5742673.0,Cefotaxime sodium,Cefotaxime Sodium
CN(C)CCn1nnnc1SCC1=C(C(=O)O)N2C(=O)[C@@H](NC(=O)Cc3csc(N)n3)[C@H]2SC1.Cl.Cl,47896.0,,43708.0,Cefotiam hydrochloride,Cefotiam Hydrochloride
CO[C@@]1(NC(=O)Cc2cccs2)C(=O)N2C(C(=O)[O-])=C(COC(N)=O)CS[C@@H]21.[Na+],23667300.0,,441199.0,Cefoxitin sodium,Cefoxitin Sodium
Cc1cc(=O)c(C(=O)N[C@@H](C(=O)N[C@@H]2C(=O)N3C(C(=O)O)=C(CSc4nnnn4C)CS[C@H]23)c2ccc(O)cc2)c[nH]1,636405.0,,636405.0,Cefpiramide acid,Cefpiramide
CC(C)(O/N=C(\C(=O)N[C@@H]1C(=O)N2C(C(=O)[O-])=C(C[n+]3ccccc3)CS[C@H]12)c1csc(N)n1)C(=O)O,5481173.0,,6321415.0,Ceftazidime,Ceftazidime
CO/N=C(\C(=O)N[C@@H]1C(=O)N2C(C(=O)O)=C(CSC(=O)c3ccco3)CS[C@H]12)c1csc(N)n1.Cl,9937686.0,,6328657.0,Ceftiofur hydrochloride,Ceftiofur Hydrochloride
CO/N=C(\C(=O)N[C@@H]1C(=O)N2C(C(=O)[O-])=C(CSc3nc(=O)c(=O)[n-]n3C)CS[C@H]12)c1csc(N)n1.[Na+].[Na+],23715082.0,,5479530.0,Ceftriaxone sodium,Ceftriaxone sodium anhydrous
CO/N=C(\C(=O)N[C@@H]1C(=O)N2C(C(=O)[O-])=C(COC(N)=O)CS[C@H]12)c1ccco1.[Na+],23670318.0,,5479529.0,Cefuroxime sodium,Cefuroxime Sodium
Cc1ccc(-c2cc(C(F)(F)F)nn2-c2ccc(S(N)(=O)=O)cc2)cc1,2662.0,,2662.0,Celecoxib,Celecoxib
CCN(CC)C(=O)Nc1ccc(OCC(O)CNC(C)(C)C)c(C(C)=O)c1.Cl,42373.0,,2663.0,Celiprolol hydrochloride,Celiprolol Hydrochloride
CO/N=C(\C(=O)N[C@@H]1C(=O)N2C(C(=O)OC(C)OC(C)=O)=C(COC(N)=O)CS[C@H]12)c1ccco1,6321416.0,,6321416.0,Cepazine,Cefuroxime Axetil
CC1=C(C(=O)O)N2C(=O)[C@@H](NC(=O)[C@H](N)c3ccccc3)[C@H]2SC1,27447.0,,27447.0,Cephalexin,Cephalexin
C/C=C(\C)C(=O)N[C@@H](c1ccccc1)[C@@H](O)C(=O)O[C@H]1C[C@@]2(O)[C@@H](OC(=O)c3ccccc3)[C@@H]3[C@]4(OC(C)=O)CO[C@@H]4C[C@H](O)[C@@]3(C)C(=O)[C@H](OC(C)=O)C(=C1C)C2(C)C,6436208.0,,6436208.0,Cephalomannine,Cephalomannine
,,,,Cephalon Early Alk Inhibitor,
CC(=O)OCC1=C(C(=O)[O-])N2C(=O)[C@@H](NC(=O)Cc3cccs3)[C@H]2SC1.[Na+],23675321.0,,6024.0,Cephalothin sodium,Cephalothin Sodium
COc1ccc2cc1Oc1ccc(cc1)C[C@H]1c3c(cc4c(c3Oc3cc5c(cc3OC)CCN(C)[C@@H]5C2)OCO4)CCN1C,10206.0,,10206.0,Cepharanthine,Cepharanthine
CC1=C(C(=O)O)N2C(=O)[C@@H](NC(=O)[C@H](N)C3=CCC=CC3)[C@H]2SC1,38103.0,,38103.0,Cephradine,Cephradine
C[C@@H]1COCCN1c1cc(C2([S@](C)(=N)=O)CC2)nc(-c2ccnc3[nH]ccc23)n1,54761306.0,,54761306.0,Ceralasertib,Ceralasertib
CCS(=O)(=O)N1CCN(c2ccc(Nc3ncc(C(N)=O)c(NC4CC4)n3)cc2)CC1,44595079.0,,44595079.0,Cerdulatinib,Cerdulatinib
Cc1cc(Nc2ncc(Cl)c(Nc3ccccc3S(=O)(=O)C(C)C)n2)c(OC(C)C)cc1C1CCNCC1,57379345.0,,57379345.0,Ceritinib,Ceritinib
CCCCCCCCCCCCCCCCOc1nc2ccc(C)cc2c(=O)o1,9952916.0,,9952916.0,Cetilistat,Cetilistat
Cl.Cl.O=C(O)COCCN1CCN(C(c2ccccc2)c2ccc(Cl)cc2)CC1,55182.0,,2678.0,Cetirizine dihydrochloride,Cetirizine Hydrochloride
,,481101564.0,,Cetuximab,
CCCCCCCCCCCCCCCC[n+]1ccccc1.[Cl-],31239.0,,2683.0,Cetylpyridinium Chloride,Cetylpyridinium Chloride
CCCCCCCCCCCCCCCC[n+]1ccccc1.O.[Cl-],22324.0,,2683.0,Cetylpyridinium chloride monohydrate,Cetylpyridinium chloride monohydrate
C[C@@H]1O[C@@]2(CS1)CN1CCC2CC1.C[C@@H]1O[C@@]2(CS1)CN1CCC2CC1.Cl.Cl.O,83927.0,,83898.0,Cevimeline hydrochloride hemihydrate,Cevimeline hydrochloride hemihydrate
CC(C)(C)c1cc(C(=O)/C=C/c2ccc(C(=O)O)cc2)cc(C(C)(C)C)c1,6184667.0,,6184667.0,Ch-55,"3,5-Di-tert-butylchalcone 4'-carboxylic acid"
C[C@H](CCC(=O)O)[C@H]1CC[C@H]2[C@@H]3[C@H](O)C[C@@H]4C[C@H](O)CC[C@]4(C)[C@H]3CC[C@]12C,10133.0,,10133.0,Chenodeoxycholic acid,Chenodeoxycholic Acid
CN1C(=O)[C@]2(Cc3cn([C@]45C[C@@]67SS[C@@](CO)(C(=O)N6[C@H]4Nc4ccccc45)N(C)C7=O)c4ccccc34)SS[C@@]1(CO)C(=O)N2C,10417379.0,,10417379.0,Chetomin,Chetomin
Nc1ccc(F)cc1NC(=O)c1ccc(CNC(=O)/C=C/c2cccnc2)cc1,9800555.0,,9800555.0,Chidamide,N-(2-Amino-5-fluorophenyl)-4-[[[1-oxo-3-(3-pyridinyl)-2-propen-1-yl]amino]methyl]benzamide
,,516564336.0,,Chitosan,
Cc1ccc2c(Cl)cc(Cl)c(O)c2n1,6301.0,,6301.0,Chloquinan(Chlorquinaldol),Chlorquinaldol
OC(O)C(Cl)(Cl)Cl,2707.0,,2707.0,Chloral hydrate,Chloral Hydrate
O=C(O)CCCc1ccc(N(CCCl)CCCl)cc1,2708.0,,2708.0,Chlorambucil,Chlorambucil
O=C(O)CCCc1ccc(N(CCCl)CCCl)cc1,2708.0,,2708.0,Chlorambucil  ,Chlorambucil
Cc1ccc(S(=O)(=O)[N-]Cl)cc1.[Na+],3641960.0,,31388.0,Chloramine-T,Chloramine-T
O=C(N[C@H](CO)[C@H](O)c1ccc([N+](=O)[O-])cc1)C(Cl)Cl,5959.0,,5959.0,Chloramphenicol,Chloramphenicol
NC(=NCCCCCCN=C(N)/N=C(\N)Nc1ccc(Cl)cc1)/N=C(\N)Nc1ccc(Cl)cc1,9552079.0,,9552079.0,Chlorhexidine,Chlorhexidine
CC(=O)O.CC(=O)O.NC(=NCCCCCCN=C(N)/N=C(\N)Nc1ccc(Cl)cc1)/N=C(\N)Nc1ccc(Cl)cc1,9562059.0,,9552079.0,Chlorhexidine Acetate,Chlorhexidine Acetate
Cl.Cl.NC(=NCCCCCCN=C(N)/N=C(\N)Nc1ccc(Cl)cc1)/N=C(\N)Nc1ccc(Cl)cc1,9571016.0,,9552079.0,Chlorhexidine hydrochloride,Chlorhexidine Hydrochloride
CC(=O)O[C@]1(C(C)=O)CC[C@H]2[C@@H]3C=C(Cl)C4=CC(=O)CC[C@]4(C)[C@H]3CC[C@@]21C,9324.0,,9324.0,Chlormadinone acetate,Chlormadinone Acetate
CN1C(=O)CCS(=O)(=O)C1c1ccc(Cl)cc1,2717.0,,2717.0,Chlormezanone,Chlormezanone
O=C(O)CCCc1ccc(N(CCCl)CCCl)cc1,2708.0,,2708.0,Chloroambucil,Chlorambucil
O=C(/C=C/c1ccc(O)c(O)c1)O[C@@H]1C[C@](O)(C(=O)O)C[C@@H](O)[C@H]1O,1794427.0,,1794427.0,Chlorogenic Acid,Chlorogenic Acid
COP(=O)(OC)C(O)C(Cl)(Cl)Cl,5853.0,,5853.0,Chlorophos,Trichlorfon
CN(C)CCN(Cc1ccc(Cl)cc1)c1ccccn1.Cl,80311.0,,25295.0,Chloropyramine hydrochloride,Chloropyramine Hydrochloride
CCN(CC)CCCC(C)Nc1ccnc2cc(Cl)ccc12,2719.0,,2719.0,Chloroquine,Chloroquine
CCN(CC)CCCC(C)Nc1ccnc2cc(Cl)ccc12.O=P(O)(O)O.O=P(O)(O)O,64927.0,,2719.0,Chloroquine Phosphate,Chloroquine Phosphate
CCN(CC)CCCC(C)Nc1ccnc2cc(Cl)ccc12.O=P(O)(O)O.O=P(O)(O)O,64927.0,,2719.0,Chloroquine diphosphate,Chloroquine Phosphate
NS(=O)(=O)c1cc2c(cc1Cl)NC=NS2(=O)=O,2720.0,,2720.0,Chlorothiazide,Chlorothiazide
COc1ccc(C(Cl)=C(c2ccc(OC)cc2)c2ccc(OC)cc2)cc1,11289.0,,11289.0,Chlorotrianisene,Chlorotrianisene
Cc1cc(O)cc(C)c1Cl,2723.0,,2723.0,Chloroxylenol,"4-Chloro-3,5-dimethylphenol"
CN(C)CCC(c1ccc(Cl)cc1)c1ccccn1.O=C(O)/C=C\C(=O)O,5281068.0,,2725.0,Chlorpheniramine maleate,Chlorpheniramine Maleate
CN(C)CCCN1c2ccccc2Sc2ccc(Cl)cc21,2726.0,,2726.0,Chlorpromazine,Chlorpromazine
CN(C)CCCN1c2ccccc2Sc2ccc(Cl)cc21.Cl,6240.0,,2726.0,Chlorpromazine hydrochloride,Chlorpromazine Hydrochloride
CCCNC(=O)NS(=O)(=O)c1ccc(Cl)cc1,2727.0,,2727.0,Chlorpropamide,Chlorpropamide
CN(C)CC/C=C1/c2ccccc2Sc2ccc(Cl)cc21,667467.0,,667467.0,Chlorprothixene,Chlorprothixene
CN(C)CC/C=C1/c2ccccc2Sc2ccc(Cl)cc21.Cl,5282478.0,,667467.0,Chlorprothixene hydrochloride,Chlorprothixene Hydrochloride
NS(=O)(=O)c1cc(C2(O)NC(=O)c3ccccc32)ccc1Cl,2732.0,,2732.0,Chlortalidone,Chlorthalidone
CN(C)[C@@H]1C(=O)C(C(N)=O)=C(O)[C@@]2(O)C(=O)C3=C(O)c4c(O)ccc(Cl)c4[C@@](C)(O)[C@H]3C[C@@H]12.Cl,54682468.0,,54675777.0,Chlortetracycline hydrochloride,Chlortetracycline hydrochloride
O=c1[nH]c2cc(Cl)ccc2o1,2733.0,,2733.0,Chlorzoxazone,Chlorzoxazone
C[C@H](CCC(=O)O)[C@H]1CC[C@H]2[C@@H]3[C@H](O)C[C@@H]4C[C@H](O)CC[C@]4(C)[C@H]3C[C@H](O)[C@]12C,221493.0,,221493.0,Cholic Acid,Cholic Acid
C[N+](C)(C)CCO.[Cl-],6209.0,,305.0,Choline chloride,Choline Chloride
CC(=O)N[C@@H]1[C@@H](O[C@@H]2O[C@H](C(=O)O)[C@@H](O)[C@H](O)[C@H]2O)[C@@H](O)[C@@H](OS(=O)(=O)O)O[C@H]1O,24766.0,,24766.0,Chondroitine sulfate,Chondroitin Sulfate
O=C(O)c1cc(=O)c2ccccc2o1,2741.0,,2741.0,Chromocarbe,Chromocarb
Cc1cc(O)c2c(c1)C(=O)c1cccc(O)c1C2=O,10208.0,,10208.0,Chrysophanic Acid,Chrysophanol
Cc1cc(O)c2c(c1)C(=O)c1cccc(O)c1C2=O,10208.0,,10208.0,Chrysophanol,Chrysophanol
CN1CC(=O)N2[C@H](c3ccc4c(c3)OCO4)c3[nH]c4ccccc4c3C[C@@H]2C1=O,110635.0,,110635.0,Cialis,Tadalafil
Oc1cc(O)c2c(c1)O[C@H](c1ccc(O)c(O)c1)[C@@H](O)C2,9064.0,,9064.0,Cianidanol,Catechin
CC(C)C(=O)OCC(=O)[C@@]12O[C@H](C3CCCCC3)O[C@@H]1C[C@H]1[C@@H]3CCC4=CC(=O)C=C[C@]4(C)[C@H]3[C@@H](O)C[C@@]12C,6918155.0,,6918155.0,Ciclesonide(RPR251526),Ciclesonide
Cc1cc(C2CCCCC2)n(O)c(=O)c1,2749.0,,2749.0,Ciclopirox,Ciclopirox
Cc1cc(C2CCCCC2)n(O)c(=O)c1.NCCO,38911.0,,2749.0,Ciclopirox ethanolamine,Ciclopirox Olamine
CC1(C)C[C@@H]1C(=O)N/C(=C\CCCCSC[C@H](N)C(=O)O)C(=O)O,6435415.0,,6435415.0,Cilastatin,Cilastatin
CC(C)[C@H]1C(=O)N[C@@H](CCCN=C(N)N)C(=O)NCC(=O)N[C@@H](CC(=O)O)C(=O)N[C@H](Cc2ccccc2)C(=O)N1C,176873.0,,176873.0,Cilengitide,Cilengitide
COCCOC(=O)C1=C(C)NC(C)=C(C(=O)OC/C=C/c2ccccc2)C1c1cccc([N+](=O)[O-])c1,5282138.0,,5282138.0,Cilnidipine,Cilnidipine
O=C1CCc2cc(OCCCCc3nnnn3C3CCCCC3)ccc2N1,2754.0,,2754.0,Cilostazol,Cilostazol
CN=C(NC#N)NCCSCc1nc[nH]c1C,2756.0,,2756.0,Cimetidine,Cimetidine
C[C@@H](NCCCc1cccc(C(F)(F)F)c1)c1cccc2ccccc12.Cl,156418.0,,156419.0,Cinacalcet hydrochloride,Cinacalcet Hydrochloride
C=C[C@H]1CN2CC[C@H]1C[C@H]2[C@H](O)c1ccnc2ccccc12,101744.0,,101744.0,Cinchonidine,Cinchonidine
C=C[C@H]1CN2CC[C@H]1C[C@@H]2[C@@H](O)c1ccnc2ccccc12,90454.0,,90454.0,Cinchonine,Cinchonine
O=C(O)c1cc(-c2ccccc2)nc2ccccc12,8593.0,,8593.0,Cinchophen,Cinchophen
COc1cc(/C=C/C(=O)N2CCN(CC(=O)N3CCCC3)CC2)cc(OC)c1OC.O=C(O)/C=C\C(=O)O,5282458.0,,5282459.0,Cinepazide maleate,Cinepazide Maleate
CCn1nc(C(=O)O)c(=O)c2cc3c(cc21)OCO3,2762.0,,2762.0,Cinoxacin,Cinoxacin
O=C(O)c1cn(C2CC2)c2cc(N3CCNCC3)c(F)cc2c1=O,2764.0,,2764.0,Ciprofloxacin,Ciprofloxacin
Cl.O.O=C(O)c1cn(C2CC2)c2cc(N3CCNCC3)c(F)cc2c1=O,62998.0,,2764.0,Ciprofloxacin hydrochloride,Ciprofloxacin hydrochloride monohydrate
O=C(O)/C=C\C(=O)O.O=C(c1ccc(OCCCc2cnc[nH]2)cc1)C1CC1,16219152.0,,6422124.0,Ciproxifan maleate,Ciproxifan maleate
COc1cc(N)c(Cl)cc1C(=O)N[C@@H]1CCN(CCCOc2ccc(F)cc2)C[C@@H]1OC,6917698.0,,6917698.0,Cisapride,Cisapride
COc1ccc(C[C@@H]2c3cc(OC)c(OC)cc3CC[N@+]2(C)CCC(=O)OCCCCCOC(=O)CC[N@@+]2(C)CCc3cc(OC)c(OC)cc3[C@H]2Cc2ccc(OC)c(OC)c2)cc1OC.O=S(=O)([O-])c1ccccc1.O=S(=O)([O-])c1ccccc1,62886.0,,62887.0,Cisatracurium besylate,Cisatracurium Besylate
N.N.[Cl][Pt][Cl],5460033.0,,,Cisplatin,Cisplatin
Br.CN(C)CCCC1(c2ccc(F)cc2)OCc2cc(C#N)ccc21,77995.0,,2771.0,Citalopram HBr,Citalopram Hydrobromide
C[N+](C)(C)CCOP(=O)([O-])OP(=O)(O)OC[C@H]1O[C@@H](n2ccc(N)nc2=O)[C@H](O)[C@@H]1O,13804.0,,13805.0,Citicoline,Citicoline
C[N+](C)(C)CCOP(=O)([O-])OP(=O)([O-])OC[C@H]1O[C@@H](n2ccc(N)nc2=O)[C@H](O)[C@@H]1O.[Na+],36605.0,,13805.0,Citicoline sodium,Citicoline Sodium
CC(=O)NC1CCSC1=O,14520.0,,14520.0,Citiolone,Citiolone
,,505573409.0,,Cixutumumab,
Nc1nc(Cl)nc2c1ncn2[C@H]1C[C@H](O)[C@@H](CO)O1,20279.0,,20279.0,Cladribine,Cladribine
CC[C@H]1OC(=O)[C@H](C)[C@@H](O[C@H]2C[C@@](C)(OC)[C@@H](O)[C@H](C)O2)[C@H](C)[C@@H](O[C@@H]2O[C@H](C)C[C@H](N(C)C)[C@H]2O)[C@](C)(OC)C[C@@H](C)C(=O)[C@H](C)[C@@H](O)[C@]1(C)O,84029.0,,84029.0,Clarithromycin,Clarithromycin
CN1CCC[C@@H]1CCO[C@](C)(c1ccccc1)c1ccc(Cl)cc1.O=C(O)/C=C/C(=O)O,5281069.0,,26987.0,Clemastine fumarate,Clemastine Fumarate
Clc1ccc(Cn2c(CN3CCCC3)nc3ccccc32)cc1,2782.0,,2782.0,Clemizole,Clemizole
Cl.Clc1ccc(Cn2c(CN3CCCC3)nc3ccccc32)cc1,5309446.0,,2782.0,Clemizole hydrochloride,Clemizole Hydrochloride
CCCC(=O)OCOC(=O)C1=C(C)NC(C)=C(C(=O)OC)C1c1cccc(Cl)c1Cl,153994.0,,153994.0,Clevidipine butyrate,"3,5-Pyridinedicarboxylic acid, 4-(2,3-dichlorophenyl)-1,4-dihydro-2,6-dimethyl-, 3-methyl 5-((1-oxobutoxy)methyl) ester"
C[N+]12CCC(CC1)C(OC(=O)C(O)(c1ccccc1)c1ccccc1)C2.[Br-],19004.0,,2784.0,Clidinium bromide,Clidinium Bromide
CC(C)(C)C(=O)C(Oc1ccc(Cl)cc1)n1ccnc1,37907.0,,37907.0,Climbazole,Climbazole
NC1CCN(c2c(F)cc3c(=O)c(C(=O)O)cn(C4CC4)c3c2Cl)C1,60063.0,,60063.0,Clinafloxacin,Clinafloxacin
CCC[C@@H]1C[C@@H](C(=O)N[C@@H]([C@H]2O[C@H](SC)[C@H](OP(=O)(O)O)[C@@H](O)[C@H]2O)[C@H](C)Cl)N(C)C1,443385.0,,443385.0,Clindamycin phosphate,Clindamycin Phosphate
CCC(C)(Oc1ccc(C2(c3ccc(OC(C)(CC)C(=O)O)cc3)CCCCC2)cc1)C(=O)O,2787.0,,2787.0,Clinofibrate,Clinofibrate
Oc1c(I)cc(Cl)c2cccnc12,2788.0,,2788.0,Clioquinol,Clioquinol
CCC(=O)O[C@]1(C(=O)CCl)[C@@H](C)C[C@H]2[C@@H]3CCC4=CC(=O)C=C[C@]4(C)[C@@]3(F)[C@@H](O)C[C@@]21C,32798.0,,32798.0,Clobetasol propionate,Clobetasol Propionate
Nc1nc(Cl)nc2c1ncn2[C@@H]1O[C@H](CO)[C@@H](O)[C@@H]1F,119182.0,,119182.0,Clofarabine,Clofarabine
Nc1nc(Cl)nc2c1ncn2[C@@H]1O[C@H](CO)[C@@H](O)[C@@H]1F,119182.0,,119182.0,Clofarabine  ,Clofarabine
CC(C)N=c1cc2n(-c3ccc(Cl)cc3)c3ccccc3nc-2cc1Nc1ccc(Cl)cc1,2794.0,,2794.0,Clofazimine,Clofazimine
CCOC(=O)C(C)(C)Oc1ccc(Cl)cc1,2796.0,,2796.0,Clofibrate,Clofibrate
CC(C)(Oc1ccc(Cl)cc1)C(=O)O,2797.0,,2797.0,Clofibric acid,Clofibric Acid
CCCCCCC[N+](CC)(CC)CCCCc1ccc(Cl)cc1.Cc1ccc(S(=O)(=O)[O-])cc1,175533.0,,2798.0,Clofilium tosylate,Clofilium Tosylate
CC(C)(C)CC(C)(C)c1ccc(O)c(Cc2ccc(Cl)cc2Cl)c1,2799.0,,2799.0,Clofoctol,Clofoctol
CCN(CC)CCOc1ccc(C(=C(Cl)c2ccccc2)c2ccccc2)cc1,2800.0,,2800.0,Clomifene,Clomiphene
CCN(CC)CCOc1ccc(C(=C(Cl)c2ccccc2)c2ccccc2)cc1.O=C(O)CC(O)(CC(=O)O)C(=O)O,60974.0,,,Clomifene citrate,Clostilbegit
CCN(CC)CCOc1ccc(C(=C(Cl)c2ccccc2)c2ccccc2)cc1.O=C(O)CC(O)(CC(=O)O)C(=O)O,60974.0,,,Clomiphene citrate (Z.E) ,Clostilbegit
CN(C)CCCN1c2ccccc2CCc2ccc(Cl)cc21.Cl,68539.0,,2801.0,Clomipramine hydrochloride,Clomipramine Hydrochloride
Cl.Clc1cccc(Cl)c1NC1=NCCN1,20179.0,,2803.0,Clonidine hydrochloride,Clonidine Hydrochloride
Cl.Clc1ccc(C(OCCN2CCCCC2)c2ccccc2)cc1,161104.0,,2805.0,Cloperastine hydrochloride,Cloperastine Hydrochloride
COC(=O)[C@H](c1ccccc1Cl)N1CCc2sccc2C1,60606.0,,60606.0,Clopidogrel,Clopidogrel
COC(=O)[C@H](c1ccccc1Cl)N1CCc2sccc2C1.O=S(=O)(O)O,115366.0,,60606.0,Clopidogrel sulfate,Clopidogrel Bisulfate
Cc1[nH]c(C)c(Cl)c(=O)c1Cl,18087.0,,18087.0,Clopidol,Clopidol
CC(C)NCC(O)c1ccccc1Cl.Cl.O,21784.0,,2810.0,Clorprenaline hydrochloride,Clorprenaline Hydrochloride
,,49855290.0,,Clorpyrifos,"2-Pyridinol, 3,5,6-trichloro-, O-ester with O,O-diethyl phosphorothioate"
Nc1cc(C(Cl)=C(Cl)Cl)c(S(N)(=O)=O)cc1S(N)(=O)=O,43231.0,,43231.0,Clorsulon,Clorsulon
Cc1cc(C(C#N)c2ccc(Cl)cc2)c(Cl)cc1NC(=O)c1cc(I)cc(I)c1O,42574.0,,42574.0,Closantel,Closantel
Clc1ccccc1C(c1ccccc1)(c1ccccc1)n1ccnc1,2812.0,,2812.0,Clotrimazole,Clotrimazole
Cc1onc(-c2ccccc2Cl)c1C(=O)N[C@@H]1C(=O)N2[C@@H]1SC(C)(C)[C@@H]2C(=O)[O-].O.[Na+],23675743.0,,6098.0,Cloxacillin sodium monohydrate,Tegopen
CN1CCN(C2=Nc3cc(Cl)ccc3Nc3ccccc32)CC1,135398737.0,,135398737.0,Clozapine,Clozapine
O=C(c1ccc(F)c(F)c1Nc1ccc(I)cc1F)N1CC(O)([C@@H]2CCCCN2)C1,16222096.0,,16222096.0,Cobimetinib,Cobimetinib
O=C(c1ccc(F)c(F)c1Nc1ccc(I)cc1F)N1CC(O)([C@@H]2CCCCN2)C1,16222096.0,,16222096.0,"Cobimetinib (GDC-0973, RG7420)",Cobimetinib
COC1=C(OC)C(=O)C(C/C=C(\C)CC/C=C(\C)CC/C=C(\C)CC/C=C(\C)CC/C=C(\C)CC/C=C(\C)CC/C=C(\C)CC/C=C(\C)CC/C=C(\C)CCC=C(C)C)=C(C)C1=O,5281915.0,,5281915.0,Coenzyme Q10 (CoQ10),Coenzyme Q10
COc1cc2c(c(OC)c1OC)-c1ccc(OC)c(=O)cc1[C@@H](NC(C)=O)CC2,6167.0,,6167.0,Colchicine,Colchicine
CC(C)CCCCC(=O)N[C@@H](CCN)C(=O)N[C@@H](CN[C@@H](CCN)C(=O)N[C@H]1CCNC(=O)[C@H]([C@@H](C)O)NC(=O)[C@H](CCN)NC(=O)[C@H](CCN)NC(=O)[C@H](CC(C)C)NC(=O)[C@@H](CC(C)C)NC(=O)[C@H](CCN)NC1=O)[C@@H](C)O.CCC(C)CCCCC(=O)N[C@@H](CCN)C(=O)N[C@@H](CN[C@@H](CCN)C(=O)N[C@H]1CCNC(=O)[C@H]([C@@H](C)O)NC(=O)[C@H](CCN)NC(=O)[C@H](CCN)NC(=O)[C@H](CC(C)C)NC(=O)[C@@H](CC(C)C)NC(=O)[C@H](CCN)NC1=O)[C@@H](C)O.O=S(=O)(O)O.O=S(=O)(O)O,71457944.0,,,Colistin sulfate,Colistin Sulfate
COc1ccc(/C=C\c2cc(OC)c(OC)c(OC)c2)cc1O,5351344.0,,5351344.0,Combretastatin A4,Combretastatin A4
CNC1CCC(N(Cc2cccc(-c3ccncc3)c2)C(=O)c2sc3cccc(Cl)c3c2Cl)CC1,71451507.0,,71451507.0,Compound 10b,SAG Analog (LowTox)
,167115353.0,,,Compound 110,"19-Chloro-35-fluoro-5,16,24-trimethyl-11,30-dioxa-5,6,14,15,26-pentazaoctacyclo[29.7.1.14,7.110,14.018,23.022,26.032,37.017,40]hentetraconta-1(38),4(41),6,15,17(40),18,20,22,24,31(39),32(37),33,35-tridecaene-25-carboxylic acid"
O=C(Nc1cccc(-c2cn3ccccc3n2)c1)c1cc2cccc(O)c2oc1=O,44197249.0,,44197249.0,Compound 1541A,"8-hydroxy-N-(3-(imidazo[1,2-a]pyridin-2-yl)phenyl)-2-oxo-2H-chromene-3-carboxamide"
CN(C)[C@H]1CC[C@H]2[C@@H](CC[C@@H]3[C@@H]2CC[C@]2(C)C(c4ccc5cnccc5c4)=CC[C@@H]32)C1,44185566.0,,44185566.0,Compound 23 citrate,"(3S,5S,8R,9R,10S,13S,14S)-17-isoquinolin-6-yl-N,N,13-trimethyl-1,2,3,4,5,6,7,8,9,10,11,12,14,15-tetradecahydrocyclopenta[a]phenanthren-3-amine"
,191431.0,,,Compound 44,Compound 44-549
CCOC(=O)/C=C\n1nnc(-c2cccc(Cl)c2)n1,44589607.0,,44589607.0,Compound 7d-cis,ethyl (Z)-3-[5-(3-chlorophenyl)tetrazol-2-yl]prop-2-enoate
CN(C)c1ccc(C2Nc3ccc4ccccc4c3C3=C2C(=O)CC(C)(C)C3)cc1Br,3099980.0,,3099980.0,Compound 968,"5-(3-bromo-4-(dimethylamino)phenyl)-2,2-dimethyl-2,3,5,6-tetrahydrobenzo(a)phenanthridin-4(1H)-one"
Cc1nc2c([nH]1)CCN(C(=O)c1ccc(NC(=O)c3ccccc3-c3ccccc3)cc1)c1ccccc1-2.Cl,216322.0,,151171.0,Conivaptan hydrochloride,Conivaptan Hydrochloride
COc1c(OCCCN2CCOCC2)ccc2c3n(c(=NC(=O)c4cnc(N)nc4)nc12)CCN3,135565596.0,,135565596.0,Copanlisib,Copanlisib
Nc1ncnc2c1ncn2[C@@H]1O[C@H](CO)C[C@H]1O,6303.0,,6303.0,Cordycepin,Cordycepin
CC(=O)OCC(=O)[C@@]1(O)CC[C@H]2[C@@H]3CCC4=CC(=O)CC[C@]4(C)[C@H]3[C@@H](O)C[C@@]21C,5744.0,,5744.0,Cortisol acetate,Hydrocortisone Acetate
C[C@]12CCC(=O)C=C1CC[C@@H]1[C@@H]2C(=O)C[C@@]2(C)[C@H]1CC[C@]2(O)C(=O)CO,222786.0,,222786.0,Cortisone,Cortisone
CC(=O)OCC(=O)[C@@]1(O)CC[C@H]2[C@@H]3CCC4=CC(=O)CC[C@]4(C)[C@H]3C(=O)C[C@@]21C,5745.0,,5745.0,Cortisone acetate,Cortisone Acetate
C[C@]12CCC(=O)C=C1CC[C@@H]1[C@@H]2CC[C@@]2(C)[C@H]1CC[C@]2(O)C(=O)CO,440707.0,,440707.0,Cortodoxone,11-Deoxycortisol
CCN(CC)C(=O)c1cccnc1,5497.0,,5497.0,Corvotone,"N,N-Diethylnicotinamide"
O=c1ccc2ccccc2o1,323.0,,323.0,Coumarin,Coumarin
,156596004.0,,,Cpd-401,"US10906896, Cpd 401"
CC1(COc2ccc3c(c2)ncn3-c2ccc3cccc(N4CCC(N)CC4)c3n2)COC1,10366136.0,,10366136.0,Crenolanib,Crenolanib
CC1(COc2ccc3c(c2)ncn3-c2ccc3cccc(N4CCC(N)CC4)c3n2)COC1,10366136.0,,10366136.0,Crenolanib ,Crenolanib
CC1(COc2ccc3c(c2)ncn3-c2ccc3cccc(N4CCC(N)CC4)c3n2)COC1,10366136.0,,10366136.0,Crenolanib (CP-868596),Crenolanib
,,483927475.0,,Cresol,
C[C@@H](Oc1cc(-c2cnn(C3CCNCC3)c2)cnc1N)c1c(Cl)ccc(F)c1Cl,11626560.0,,11626560.0,Crizotinib,Crizotinib
C[C@@H](Oc1cc(-c2cnn(C3CCNCC3)c2)cnc1N)c1c(Cl)ccc(F)c1Cl,11626560.0,,11626560.0,Crizotinib ,Crizotinib
C[C@@H](Oc1cc(-c2cnn(C3CCNCC3)c2)cnc1N)c1c(Cl)ccc(F)c1Cl,11626560.0,,11626560.0,Crizotinib  ,Crizotinib
C[C@@H](Oc1cc(-c2cnn(C3CCNCC3)c2)cnc1N)c1c(Cl)ccc(F)c1Cl,11626560.0,,11626560.0,Crizotinib (PF-02341066),Crizotinib
C[C@@H](Oc1cc(-c2cnn(C3CCNCC3)c2)cnc1N)c1c(Cl)ccc(F)c1Cl,11626560.0,,11626560.0,Crizotinib (PF-2341066),Crizotinib
CC(/C=C/C=C(\C)C(=O)O[C@@H]1O[C@H](CO[C@@H]2O[C@H](CO)[C@@H](O)[C@H](O)[C@H]2O)[C@@H](O)[C@H](O)[C@H]1O)=C\C=C\C=C(C)\C=C\C=C(/C)C(=O)O[C@@H]1O[C@H](CO[C@@H]2O[C@H](CO)[C@@H](O)[C@H](O)[C@H]2O)[C@@H](O)[C@H](O)[C@H]1O,5281233.0,,5281233.0,Crocin,Crocin
CC=CC(=O)N(CC)c1ccccc1C,2883.0,,2883.0,Crotamiton,Crotamiton
C[C@H]1COC2=C1C(=O)C(=O)c1c2ccc2c1CCCC2(C)C,160254.0,,160254.0,Cryptotanshinone,Cryptotanshinone
CN(C)c1ccc(C(=C2C=CC(=[N+](C)C)C=C2)c2ccc(N(C)C)cc2)cc1.[Cl-],11057.0,,3468.0,Crystal Violet,Crystal Violet
COc1cc(/C=C/C(=O)CC(=O)/C=C/c2ccc(O)c(OC)c2)ccc1O,969516.0,,969516.0,Curcumin,Curcumin
C=C1C[C@@]2(O)O[C@@]3(C[C@H]2C(C)C)[C@@H](C)CC[C@@H]13,14240392.0,,14240392.0,Curcumol,(-)-Curcumol
N#CCC(=O)NN,8820.0,,8820.0,Cyanoacetohydrazide,Cyanoacetic acid hydrazide
C/C1=C2/N=C(/C=C3\N/C(=C(/C)C4=N[C@@](C)([C@@H]5N=C1[C@](C)(CCC(=O)NC[C@@H](C)OP(=O)(O)O[C@H]1[C@@H](O)[C@@H]([n+]6c[nH]c7cc(C)c(C)cc76)O[C@@H]1CO)[C@H]5CC(N)=O)[C@@](C)(CC(N)=O)[C@@H]4CCC(=N)[O-])[C@@](C)(CC(N)=O)[C@@H]3CCC(=N)[O-])C(C)(C)[C@@H]2CCC(=N)[O-].[C]#N.[Co+2],166596686.0,,129900244.0,Cyanocobalamin,Cyanocobalamin
CC1CC(OC(=O)C(O)c2ccccc2)CC(C)(C)C1,2893.0,,2893.0,Cyclandelate,Cyclandelate
CN1CCN(C(c2ccccc2)c2ccccc2)CC1.Cl.Cl,67533.0,,6726.0,Cyclizine dihydrochloride,Cyclizine dihydrochloride
CN(C)CCC=C1c2ccccc2C=Cc2ccccc21.Cl,22576.0,,2895.0,Cyclobenzaprine hydrochloride,Cyclobenzaprine Hydrochloride
Cl.N=c1ccn2c(n1)O[C@H]1[C@H](O)[C@@H](CO)O[C@H]12,25050.0,,25051.0,Cyclocytidine hydrochloride,Ancitabine Hydrochloride
CC1=C2C[C@H]3[C@@H](CC=C4C[C@@H](O)CC[C@@]43C)[C@@H]2CC[C@]12O[C@@H]1C[C@H](C)CN[C@H]1[C@H]2C,442972.0,,442972.0,Cyclopamine,Cyclopamine
O=P1(N(CCCl)CCCl)NCCCO1,2907.0,,2907.0,Cyclophosphamide,Cyclophosphamide
O=P1(N(CCCl)CCCl)NCCCO1,2907.0,,2907.0,Cyclophosphamide  ,Cyclophosphamide
O.O=P1(N(CCCl)CCCl)NCCCO1,22420.0,,2907.0,Cyclophosphamide monohydrate,Cyclophosphamide Monohydrate
C/C=C/C[C@@H](C)[C@@H](O)[C@H]1C(=O)N[C@@H](CC)C(=O)N(C)CC(=O)N(C)[C@@H](CC(C)C)C(=O)N[C@@H](C(C)C)C(=O)N(C)[C@@H](CC(C)C)C(=O)N[C@@H](C)C(=O)N[C@H](C)C(=O)N(C)[C@@H](CC(C)C)C(=O)N(C)[C@@H](CC(C)C)C(=O)N(C)[C@@H](C(C)C)C(=O)N1C,5284373.0,,5284373.0,Cyclosporin A,Cyclosporin A
CN[C@@H](C)[C@H]1[C@H](O)C[C@@]2(C)[C@@H]3CC[C@H]4C(C)(C)[C@@H](NC)CC[C@@]45C[C@@]35CC[C@]12C,260439.0,,260439.0,Cyclovirobuxin D,Cyclovirobuxine
CN1CCC(=C2c3ccccc3C=Cc3ccccc32)CC1.Cl,13770.0,,2913.0,Cyproheptadine hydrochloride,Cyproheptadine Hydrochloride
CC(=O)O[C@]1(C(C)=O)CC[C@H]2[C@@H]3C=C(Cl)C4=CC(=O)[C@@H]5C[C@@H]5[C@]4(C)[C@H]3CC[C@@]21C,9880.0,,9880.0,Cyproterone acetate,Cyproterone Acetate
Nc1nc(N)nc(NC2CC2)n1,47866.0,,47866.0,Cyromazine,Cyromazine
Nc1ccn([C@@H]2O[C@H](CO)[C@@H](O)[C@@H]2O)c(=O)n1,6253.0,,6253.0,Cytarabin,Cytarabine
Nc1ccn([C@@H]2O[C@H](CO)[C@@H](O)[C@@H]2O)c(=O)n1,6253.0,,6253.0,Cytarabine,Cytarabine
Nc1ccn([C@@H]2O[C@H](CO)[C@@H](O)[C@@H]2O)c(=O)n1,6253.0,,6253.0,Cytarabine ,Cytarabine
O=c1cccc2n1C[C@@H]1CNC[C@H]2C1,10235.0,,10235.0,Cytisine,Cytisine
NC(=O)c1ccc(-c2nc(-c3ccc4c(c3)OCCO4)c(-c3ccccn3)[nH]2)cc1,6419753.0,,6419753.0,D 4476,"4-(4-(2,3-dihydrobenzo(1,4)dioxin-6-yl)-5-pyridin-2-yl-1H-imidazol-2-yl)benzamide"
OC[C@H]1OC(O)[C@H](O)[C@@H](O)[C@@H]1O,5793.0,,5793.0,D(+)-Glucose,D-Glucose
O.O=C[C@H](O)[C@@H](O)[C@H](O[C@H]1O[C@H](CO)[C@@H](O)[C@H](O)[C@H]1O)[C@H](O)CO,23615261.0,,181526.0,D-(+)-Maltose monohydrate,D-(+)-Maltose monohydrate
O=C(O)CCCC[C@@H]1SC[C@@H]2NC(=O)N[C@@H]21,171548.0,,171548.0,D-Biotin,Biotin
CC1(C)[C@@H]2CC[C@@]1(C)C(=O)C2,159055.0,,159055.0,D-Camphor,D-Camphor
N[C@@H]1CONC1=O,6234.0,,6234.0,D-Cycloserine,Cycloserine
OC[C@@H](O)[C@@H](O)[C@H](O)[C@H](O)CO,6251.0,,6251.0,D-Mannitol,Mannitol
CC(C)(CO)[C@@H](O)C(=O)NCCC(=O)NCCSSCCNC(=O)CCNC(=O)[C@H](O)C(C)(C)CO,452306.0,,452306.0,D-Pantethine,Pantethine
N[C@H](Cc1ccccc1)C(=O)O,71567.0,,71567.0,D-Phenylalanine,D-Phenylalanine
OC[C@@H](O)[C@@H](O)[C@H](O)[C@@H](O)CO,5780.0,,5780.0,D-Sorbitol,Sorbitol
,46942236.0,252414606.0,18638129.0,D-Stachyose tetrahydrate,C24H42O21.4H2O
CCCCCCCCCCCCC/C=C/[C@@H](O)[C@@H](N)CO,5280335.0,,5280335.0,D-erythro-Sphingosine,Sphingosine
COc1ccc(OC)c(CN(C(C)=O)c2cc(F)ccc2Oc2ccccc2)c1,10430788.0,,10430788.0,DAA1106,"N-(2,5-dimethoxybenzyl)-N-(5-fluoro-2-phenoxyphenyl)acetamide"
CC(C)(C)c1nc(-c2cccc(NS(=O)(=O)c3c(F)cccc3F)c2F)c(-c2ccnc(N)n2)s1,44462760.0,,44462760.0,DABRAFENIB,Dabrafenib
CC(C)(C)c1nc(-c2cccc(NS(=O)(=O)c3c(F)cccc3F)c2F)c(-c2ccnc(N)n2)s1.CS(=O)(=O)O,44516822.0,,44462760.0,DABRAFENIB MESYLATE,Dabrafenib Mesylate
CN(C)/N=N/c1nc[nH]c1C(N)=O,135398738.0,,135398738.0,DACARBAZINE,Dacarbazine
O=C(/C=C/c1ccc(CN(CCO)CCc2c[nH]c3ccccc23)cc1)NO,6445533.0,,6445533.0,DACINOSTAT,Dacinostat
COc1cc2ncnc(Nc3ccc(F)c(Cl)c3)c2cc1NC(=O)/C=C/CN1CCCCC1,11511120.0,,11511120.0,DACOMITINIB,Dacomitinib
Cc1c2oc3c(C)ccc(C(=O)N[C@@H]4C(=O)N[C@H](C(C)C)C(=O)N5CCC[C@H]5C(=O)N(C)CC(=O)N(C)[C@@H](C(C)C)C(=O)O[C@@H]4C)c3nc-2c(C(=O)N[C@@H]2C(=O)N[C@H](C(C)C)C(=O)N3CCC[C@H]3C(=O)N(C)CC(=O)N(C)[C@@H](C(C)C)C(=O)O[C@@H]2C)c(N)c1=O,457193.0,,457193.0,DACTINOMYCIN,Dactinomycin
O=C(/C=C/c1cccnc1)NCCCCC1CCN(C(=O)c2ccccc2)CC1,6914657.0,,6914657.0,DAPORINAD,Daporinad
C[C@H](NC(=O)Cc1cc(F)cc(F)c1)C(=O)N[C@H](C(=O)OC(C)(C)C)c1ccccc1,5311272.0,,5311272.0,DAPT (GSI-IX),Dapt
C[As](C)SC[C@H](NC(=O)CC[C@H](N)C(=O)O)C(=O)NCC(=O)O,11683005.0,,11683005.0,DARINAPARSIN,Darinaparsin
Nc1cccc(S(=O)(=O)N2CCCN(S(=O)(=O)c3ccc4c(c3)OCCO4)CC2)c1,44543605.0,,44543605.0,DASA-58,Dasa-58
Cc1nc(Nc2ncc(C(=O)Nc3c(C)cccc3Cl)s2)cc(N2CCN(CCO)CC2)n1,3062316.0,,3062316.0,DASATINIB,Dasatinib
COc1cccc2c1C(=O)c1c(O)c3c(c(O)c1C2=O)C[C@@](O)(C(C)=O)C[C@@H]3O[C@H]1C[C@H](N)[C@H](O)[C@H](C)O1.Cl,62770.0,,30323.0,DAUNORUBICIN HYDROCHLORIDE,Daunorubicin Hydrochloride
c1ccc(CNc2nc(NCc3ccccc3)c3ccccc3n2)cc1,676352.0,,676352.0,DBEQ,"N2,N4-Dibenzylquinazoline-2,4-diamine"
C[C@H](NC(=O)Cc1cc(F)cc(F)c1)C(=O)N[C@@H]1C(=O)N(C)c2ccccc2-c2ccccc21,11454028.0,,11454028.0,DBZ,"(S)-2-(2-(3,5-Difluorophenyl)acetamido)-N-((S)-5-methyl-6-oxo-6,7-dihydro-5H-dibenzo[b,d]azepin-7-yl)propanamide"
c1ccc(CNc2nc(NCc3ccccc3)c3ccccc3n2)cc1,676352.0,,676352.0,DBeQ,"N2,N4-Dibenzylquinazoline-2,4-diamine"
,177491357.0,274747210.0,,DC-45-A2,"(1S,8S,10S,17R,19R,21S)-19-(dimethoxymethyl)-8,10,13,17-tetrahydroxy-3-methylspiro[16,20,22-trioxahexacyclo[17.2.1.02,15.05,14.07,12.017,21]docosa-2(15),3,5,7(12),13-pentaene-18,2'-oxirane]-11-one"
CNC(=O)c1cc(Oc2ccc(NC(=O)Nc3cc(C(C)(C)C)nn3-c3ccc4ncccc4c3)c(F)c2)ccn1,25066467.0,,25066467.0,DCC-2036 (Rebastinib),Rebastinib
CCN1CCN(Cc2ccc(C(=O)Nc3ccc(C)c(Oc4ccc5c(c4)CC(=O)N5)c3)cc2C(F)(F)F)CC1,72836888.0,,72836888.0,DDR1-IN-1,Ddr1-IN-1
Nc1ncn([C@H]2C[C@H](O)[C@@H](CO)O2)c(=O)n1,451668.0,,451668.0,DECITABINE,5-Aza-2'-deoxycytidine
COc1cc2c(cc1OC)[C@@H]1C(=O)c3ccc4c(c3O[C@@H]1CO2)C=CC(C)(C)O4,107935.0,,107935.0,DEGUELIN,Deguelin
COc1ccc2[nH]cc(/C=C3\C(=O)Nc4ccc(NC(=O)CCN5CCCCC5)cc43)c2c1,11224574.0,,11224574.0,DEL-22379,Del-22379
C[C@@H]1C[C@H]2[C@@H]3CCC4=CC(=O)C=C[C@]4(C)[C@@]3(F)[C@@H](O)C[C@]2(C)[C@@]1(O)C(=O)CO,5743.0,,5743.0,DEXAMETHASONE,Dexamethasone
C[C@@H](CN1CC(=O)NC(=O)C1)N1CC(=O)NC(=O)C1,71384.0,,71384.0,DEXRAZOXANE,Dexrazoxane
COc1cc2c(cc1OC)[C@@H]1C(=O)c3ccc4c(c3O[C@@H]1CO2)C[C@H](C(C)C)O4,243725.0,,243725.0,DIHYDROROTENONE,Dihydrorotenone
CCc1cnn2c(NCc3ccc[n+]([O-])c3)cc(N3CCCC[C@H]3CCO)nc12,46926350.0,,46926350.0,DINACICLIB,Dinaciclib
CNCC(O)c1ccc(O)c(O)c1,838.0,,838.0,DL-Adrenalin,(+-)-Adrenaline
CNCC(O)c1ccc(O)c(O)c1.Cl,5924.0,,838.0,DL-Adrenaline Hydrochloride,(+-)-Epinephrine hydrochloride
C[N+](C)(C)CC(O)CC(=O)[O-],288.0,,85.0,DL-Carnitine,DL-Carnitine
NC(=O)CCC(N)C(=O)O,738.0,,738.0,DL-Glutamine,DL-Glutamine
CC1CCC(C(C)C)C(O)C1,1254.0,,1254.0,DL-Menthol,Menthol
CC(C)(S)C(N)C(=O)O,4727.0,,4727.0,DL-Penicillamine,(+-)-Penicillamine
O=C[C@H](O)[C@@H](O)[C@H](O)CO,644160.0,,644160.0,DL-Xylose,aldehydo-D-Xylose
Cl.OC(CCN1CCCCC1)(c1ccccc1)C1CCCCC1,66007.0,,5572.0,DL-trihexyphenidyl hydrochloride,Trihexyphenidyl Hydrochloride
c1ccc2c(-c3cnn4cc(-c5ccc(N6CCNCC6)cc5)cnc34)ccnc2c1,25195294.0,,25195294.0,DM3189,"4-(6-(4-(1-Piperazinyl)phenyl)pyrazolo(1,5-a)pyrimidin-3-yl)quinoline"
,,,,"DMOG, DIMETHYLOXALYLGLCINE",
CS(C)=O,679.0,,679.0,DMSO,Dimethyl Sulfoxide
O=C(c1ccccc1)c1ccc(N2CCOCC2)cc1O,16760391.0,,16760391.0,DNA-PK INHIBITOR V,DNA-PK inhibitor V
CCN(CC)c1ccc(C2=NNC(=O)CC2C)cc1[N+](=O)[O-],2874250.0,,2874250.0,DNMDP,"6-(4-(diethylamino)-3-nitrophenyl)-5-methyl-4,5-dihydropyridazin-3(2H)-one"
CC(=O)O[C@@]12CO[C@@H]1C[C@H](O)[C@@]1(C)C(=O)[C@H](O)C3=C(C)[C@@H](OC(=O)[C@H](O)[C@@H](NC(=O)OC(C)(C)C)c4ccccc4)C[C@@](O)([C@@H](OC(=O)c4ccccc4)[C@H]21)C3(C)C,148124.0,,148124.0,DOCETAXEL,Docetaxel
Cc1ccc(-n2nc(C(C)(C)C)cc2NC(=O)Nc2ccc(OCCN3CCOCC3)c3ccccc23)cc1,156422.0,,156422.0,DORAMAPIMOD,Doramapimod
Cl.Clc1ccc([C@]23CNC[C@H]2C3)cc1Cl,11680542.0,,11658655.0,DOV 21947 hydrochloride(Amitifadine hydrochloride),"3-Azabicyclo(3.1.0)hexane, 1-(3,4-dichlorophenyl)-, hydrochloride"
COc1cccc2c1C(=O)c1c(O)c3c(c(O)c1C2=O)C[C@@](O)(C(=O)CO)C[C@@H]3O[C@H]1C[C@H](N)[C@H](O)[C@H](C)O1,31703.0,,31703.0,DOXORUBICIN,Doxorubicin
COc1cccc2c1C(=O)c1c(O)c3c(c(O)c1C2=O)C[C@@](O)(C(=O)CO)C[C@@H]3O[C@H]1C[C@H](N)[C@H](O)[C@H](C)O1.Cl,443939.0,,31703.0,DOXORUBICIN HYDROCHLORIDE,Doxorubicin Hydrochloride
Cc1nc2c(c(=O)[nH]1)CSCC2,135522417.0,126734873.0,,DR 2313,"2-Methyl-3,5,7,8-tetrahydrothiopyrano(4,3-d)pyrimidine-4-one"
,,8142679.0,,DR5,BETA-METHYLLACTOSIDE
CCCCCCOC(=O)NC(=N)c1ccc(NCc2nc3cc(C(=O)N(CCC(=O)OCC)c4ccccn4)ccc3n2C)cc1,135565674.0,,135565674.0,Dabigatran etexilate,Dabigatran Etexilate
CC(C)(C)c1nc(-c2cccc(NS(=O)(=O)c3c(F)cccc3F)c2F)c(-c2ccnc(N)n2)s1,44462760.0,,44462760.0,Dabrafenib,Dabrafenib
CC(C)(C)c1nc(-c2cccc(NS(=O)(=O)c3c(F)cccc3F)c2F)c(-c2ccnc(N)n2)s1,44462760.0,,44462760.0,Dabrafenib (GSK2118436),Dabrafenib
CC(C)(C)c1nc(-c2cccc(NS(=O)(=O)c3c(F)cccc3F)c2F)c(-c2ccnc(N)n2)s1.CS(=O)(=O)O,44516822.0,,44462760.0,Dabrafenib mesylate,Dabrafenib Mesylate
CN(C)/N=N/c1nc[nH]c1C(N)=O,135398738.0,,135398738.0,Dacarbazine,Dacarbazine
CN(C)/N=N/c1nc[nH]c1C(N)=O,135398738.0,,135398738.0,Dacarbazine  ,Dacarbazine
COC(=O)N[C@H](C(=O)N1CCC[C@H]1c1ncc(-c2ccc(-c3ccc(-c4cnc([C@@H]5CCCN5C(=O)[C@@H](NC(=O)OC)C(C)C)[nH]4)cc3)cc2)[nH]1)C(C)C.Cl.Cl,25154713.0,,25154714.0,Daclatasvir dihydrochloride,Daclatasvir Dihydrochloride
Nc1ncn([C@H]2C[C@H](O)[C@@H](CO)O2)c(=O)n1,451668.0,,451668.0,Dacogen,5-Aza-2'-deoxycytidine
COc1cc2ncnc(Nc3ccc(F)c(Cl)c3)c2cc1NC(=O)/C=C/CN1CCCCC1,11511120.0,,11511120.0,Dacomitinib,Dacomitinib
COc1cc2ncnc(Nc3ccc(F)c(Cl)c3)c2cc1NC(=O)/C=C/CN1CCCCC1,11511120.0,,11511120.0,"Dacomitinib (PF299804, PF299)",Dacomitinib
Cc1c2oc3c(C)ccc(C(=O)N[C@@H]4C(=O)N[C@H](C(C)C)C(=O)N5CCC[C@H]5C(=O)N(C)CC(=O)N(C)[C@@H](C(C)C)C(=O)O[C@@H]4C)c3nc-2c(C(=O)N[C@@H]2C(=O)N[C@H](C(C)C)C(=O)N3CCC[C@H]3C(=O)N(C)CC(=O)N(C)[C@@H](C(C)C)C(=O)O[C@@H]2C)c(N)c1=O,457193.0,,457193.0,Dactinomycin,Dactinomycin
Cn1c(=O)n(-c2ccc(C(C)(C)C#N)cc2)c2c3cc(-c4cnc5ccccc5c4)ccc3ncc21,11977753.0,,11977753.0,Dactolisib,Dactolisib
O=c1c(-c2ccc(O)cc2)coc2cc(O)ccc12,5281708.0,,5281708.0,Daidzein,Daidzein
O=c1c(-c2ccc(O)cc2)coc2cc(O[C@@H]3O[C@H](CO)[C@@H](O)[C@H](O)[C@H]3O)ccc12,107971.0,,107971.0,Daidzin,Daidzin
CS(=O)(=O)O.O.O=C(OC1C[C@@H]2CC3C[C@H](C1)N2CC3=O)c1c[nH]c2ccccc12,6918119.0,,3033818.0,Dalasetron Mesylate Hydrate,Dolasetron mesylate monohydrate
CN[C@@H]1C(=O)N[C@@H]2Cc3ccc(cc3)Oc3cc4cc(c3O[C@@H]3O[C@H](C(=O)O)[C@@H](O)[C@H](O)[C@H]3NC(=O)CCCCCCCCC(C)C)Oc3ccc(cc3Cl)[C@@H](O)[C@@H]3NC(=O)[C@H](NC(=O)[C@@H]4NC(=O)[C@@H](NC2=O)c2cc(cc(O)c2Cl)Oc2cc1ccc2O)c1ccc(O)c(c1)-c1c(O[C@H]2O[C@H](CO)[C@@H](O)[C@H](O)[C@@H]2O)cc(O)cc1[C@H](C(=O)O)NC3=O,135674039.0,,135674039.0,Dalbavancin Impurity,Dalbavancin Impurity
,,505580888.0,,Dalotuzumab,
C#C[C@]1(O)CC[C@H]2[C@@H]3CCC4=Cc5oncc5C[C@]4(C)[C@H]3CC[C@@]21C,28417.0,,28417.0,Danazol,Danazol
CN1C[C@@H]2C[C@H]1CN2c1cc2c(cc1F)c(=O)c(C(=O)O)cn2C1CC1.CS(=O)(=O)O,71334.0,,71335.0,Danofloxacin mesylate,Danofloxacin Mesylate
CC(C)(C)OC(=O)N[C@H]1CCCCC/C=C\[C@@H]2C[C@@]2(C(=O)NS(=O)(=O)C2CC2)NC(=O)[C@@H]2C[C@@H](OC(=O)N3Cc4cccc(F)c4C3)CN2C1=O,11285588.0,,11285588.0,Danoprevir (ITMN-191),Danoprevir
CO[C@@H](C(=O)N1Cc2[nH]nc(NC(=O)c3ccc(N4CCN(C)CC4)cc3)c2C1)c1ccccc1,11442891.0,,11442891.0,Danusertib,Danusertib
CO[C@@H](C(=O)N1Cc2[nH]nc(NC(=O)c3ccc(N4CCN(C)CC4)cc3)c2C1)c1ccccc1,11442891.0,,11442891.0,Danusertib (PHA-739358),Danusertib
CCOc1ccc(Cc2cc([C@@H]3O[C@H](CO)[C@@H](O)[C@H](O)[C@H]3O)ccc2Cl)cc1,9887712.0,,9887712.0,Dapagliflozin,Dapagliflozin
O=c1ccc2ccc(O)c(O)c2o1,5280569.0,,5280569.0,Daphnetin,Daphnetin
Cc1cc(C)c(Nc2ccnc(Nc3ccc(C#N)cc3)n2)c(C)c1,214347.0,,214347.0,Dapivirine (TMC120),Dapivirine
O=C(/C=C/c1cccnc1)NCCCCC1CCN(C(=O)c2ccccc2)CC1,6914657.0,,6914657.0,Daporinad,Daporinad
CN(C)[C@@H](CCOc1cccc2ccccc12)c1ccccc1.Cl,71352.0,,71353.0,Dapoxetine hydrochloride,Dapoxetine Hydrochloride
O=C(O)CNC(=O)C1C(=O)N(C2CCCCC2)C(=O)N(C2CCCCC2)C1=O,91617630.0,,91617630.0,Daprodustat,Daprodustat
O=C(O)CNC(=O)C1C(=O)N(C2CCCCC2)C(=O)N(C2CCCCC2)C1=O,91617630.0,,91617630.0,Daprodustat ,Daprodustat
CCCCCCCCCC(=O)N[C@@H](Cc1c[nH]c2ccccc12)C(=O)N[C@H](CC(N)=O)C(=O)N[C@@H](CC(=O)O)C(=O)N[C@@H]1C(=O)NCC(=O)N[C@@H](CCCN)C(=O)N[C@@H](CC(=O)O)C(=O)N[C@H](C)C(=O)N[C@@H](CC(=O)O)C(=O)NCC(=O)N[C@H](CO)C(=O)N[C@@H]([C@H](C)CC(=O)O)C(=O)N[C@@H](CC(=O)c2ccccc2N)C(=O)O[C@@H]1C,21585658.0,,21585658.0,Daptomycin,Daptomycin
CCN(CC)CCN(Cc1ccc(-c2ccc(C(F)(F)F)cc2)cc1)C(=O)Cn1c(SCc2ccc(F)cc2)nc(=O)c2c1CCC2,9939609.0,,9939609.0,Darapladib,Darapladib
Br.NC(=O)C(c1ccccc1)(c1ccccc1)[C@@H]1CCN(CCc2ccc3c(c2)CCO3)C1,444030.0,,444031.0,Darifenacin HBr,Darifenacin Hydrobromide
C[As](C)SC[C@H](NC(=O)CC[C@H](N)C(=O)O)C(=O)NCC(=O)O,11683005.0,,11683005.0,Darinaparsin,Darinaparsin
CC(C)CN(C[C@@H](O)[C@H](Cc1ccccc1)NC(=O)O[C@H]1CO[C@H]2OCC[C@H]21)S(=O)(=O)c1ccc(N)cc1,213039.0,,213039.0,Darunavir ,Darunavir
,23725083.0,,213039.0,Darunavir Ethanolate,Darunavir Ethanolate
Cc1nc(Nc2ncc(C(=O)Nc3c(C)cccc3Cl)s2)cc(N2CCN(CCO)CC2)n1,3062316.0,,3062316.0,Dasatinib,Dasatinib
Cc1nc(Nc2ncc(C(=O)Nc3c(C)cccc3Cl)s2)cc(N2CCN(CCO)CC2)n1,3062316.0,,3062316.0,Dasatinib  ,Dasatinib
Cc1nc(Nc2ncc(C(=O)Nc3c(C)cccc3Cl)s2)cc(N2CCN(CCO)CC2)n1.O,11540687.0,,3062316.0,Dasatinib monohydrate,Dasatinib Monohydrate
COc1cccc2c1C(=O)c1c(O)c3c(c(O)c1C2=O)C[C@@](O)(C(C)=O)C[C@@H]3O[C@H]1C[C@H](N)[C@H](O)[C@H](C)O1,30323.0,,30323.0,Daunorubicin,Daunorubicin
COc1cccc2c1C(=O)c1c(O)c3c(c(O)c1C2=O)C[C@@](O)(C(C)=O)C[C@@H]3O[C@H]1C[C@H](N)[C@H](O)[C@H](C)O1,30323.0,,30323.0,Daunorubicin ,Daunorubicin
COc1cccc2c1C(=O)c1c(O)c3c(c(O)c1C2=O)C[C@@](O)(C(C)=O)C[C@@H]3O[C@H]1C[C@H](N)[C@H](O)[C@H](C)O1.Cl,62770.0,,30323.0,Daunorubicin HCl,Daunorubicin Hydrochloride
COc1cccc2c1C(=O)c1c(O)c3c(c(O)c1C2=O)C[C@@](O)(C(C)=O)C[C@@H]3O[C@H]1C[C@H](N)[C@H](O)[C@H](C)O1.Cl,62770.0,,30323.0,Daunorubicin hydrochloride,Daunorubicin Hydrochloride
,134733719.0,,12309103.0,"Daunorubicin, HCl",Daunorubicin HCl (Daunomycin HCl)
COc1cc2c(cc1O)[C@@H](Cc1ccc(O)c(Oc3ccc(C[C@@H]4c5cc(OC)c(OC)cc5CCN4C)cc3)c1)N(C)CC2,51106.0,,51106.0,Daurisoline,Daurisoline
C[N+](C)(C)CCCCCCCCCC[N+](C)(C)C.[Br-].[Br-],10921.0,,2968.0,Decamethonium bromide,Decamethonium dibromide
CC[C@@](C)(Nc1ccnc(-c2c[nH]c3ncccc23)n1)C(=O)NCC(F)(F)F,59422203.0,,59422203.0,Decernotinib,VX 509
CC[C@@](C)(Nc1ccnc(-c2c[nH]c3ncccc23)n1)C(=O)NCC(F)(F)F,59422203.0,,59422203.0,Decernotinib (VX-509),VX 509
CC[C@](C)(Nc1ccnc(-c2c[nH]c3ncccc23)n1)C(=O)NCC(F)(F)F,71569525.0,,71569525.0,Decernotinib(VX-509),Decernotinib(VX-509)
Nc1ncn([C@H]2C[C@H](O)[C@@H](CO)O2)c(=O)n1,451668.0,,451668.0,Decitabine,5-Aza-2'-deoxycytidine
Nc1ncn([C@H]2C[C@H](O)[C@@H](CO)O2)c(=O)n1,451668.0,,451668.0,Decitabine  ,5-Aza-2'-deoxycytidine
Nc1ncn([C@H]2C[C@H](O)[C@@H](CO)O2)c(=O)n1,451668.0,,451668.0,Decitabine (Dacogen),5-Aza-2'-deoxycytidine
CCCCCCCCCCOc1cc2c(=O)c(C(=O)OCC)c[nH]c2cc1OCC,29112.0,,29112.0,Decoquinate,Decoquinate
CNC(=O)c1ccc(Nc2ncc(C(F)(F)F)c(NCc3nccnc3N(C)S(C)(=O)=O)n2)cc1,25117126.0,,25117126.0,Defactinib,Defactinib
CNC(=O)c1ccc(Nc2ncc(C(F)(F)F)c(NCc3nccnc3N(C)S(C)(=O)=O)n2)cc1,25117126.0,,25117126.0,"Defactinib (VS-6063, PF-04554878)",Defactinib
O=C(O)c1ccc(-n2nc(-c3ccccc3O)nc2-c2ccccc2O)cc1,214348.0,,214348.0,Deferasirox,Deferasirox
,,,,Deferidone,
CC(=O)N(O)CCCCCNC(=O)CCC(=O)N(O)CCCCCNC(=O)CCC(=O)N(O)CCCCCN,2973.0,,2973.0,Deferoxamine,Deferoxamine
CC(=O)N(O)CCCCCNC(=O)CCC(=O)N(O)CCCCCNC(=O)CCC(=O)N(O)CCCCCN.CS(=O)(=O)O,62881.0,,2973.0,Deferoxamine Mesylate,Deferoxamine Mesylate
CC(=O)OCC(=O)[C@@]12N=C(C)O[C@@H]1C[C@H]1[C@@H]3CCC4=CC(=O)C=C[C@]4(C)[C@H]3[C@@H](O)C[C@@]12C,189821.0,,189821.0,Deflazacort,Deflazacort
CCC[C@H](NC(=O)/C(C#N)=C/c1cccc(Br)n1)c1ccccc1,11222830.0,,11222830.0,Degrasyn,Degrasyn
CCC[C@H](NC(=O)/C(C#N)=C/c1cccc(Br)n1)c1ccccc1,11222830.0,,11222830.0,Degrasyn (WP1130),Degrasyn
CC(=O)C1C(=O)C=C(C)OC1=O,122903.0,,122903.0,Dehydroacetic acid,GlyTouCan:G82156FZ
C[C@H](CCC(=O)O)[C@H]1CC[C@H]2[C@@H]3C(=O)C[C@@H]4CC(=O)CC[C@]4(C)[C@H]3CC(=O)[C@]12C,6674.0,,6674.0,Dehydrocholic acid,Dehydrocholic Acid
C[C@]12CC[C@H](O)CC1=CC[C@@H]1[C@@H]2CC[C@]2(C)C(=O)CC[C@@H]12,5881.0,,5881.0,Dehydroepiandrosterone,Dehydroepiandrosterone
CC(C)C[C@H](NC(=O)[C@@H](NC(=O)c1cccc(-c2ccccc2)n1)[C@@H](C)O)B(O)O,24800541.0,,24800541.0,Delanzomib,Delanzomib
,5362115.0,,5362116.0,Delapril Hydrochloride,Delapril Hydrochloride
CCN(CC)C(=O)c1cccc(C)c1,4284.0,,4284.0,Delphene,"N,N-diethyl-m-toluamide"
O=C1O[C@H](CO)[C@@H](O)[C@H](O)[C@H]1O,7027.0,,7027.0,Delta-Gluconolactone,delta-Gluconolactone
CN(C)[C@@H]1C(=O)C(C(N)=O)=C(O)[C@@]2(O)C(=O)C3=C(O)c4c(O)ccc(Cl)c4[C@@H](O)[C@H]3C[C@@H]12.Cl,54686764.0,,54680690.0,Demeclocycline hydrochloride,Demeclocycline hydrochloride
Cl.Oc1ccc(CC2NCCc3cc(O)c(O)cc32)cc1,165901.0,,114840.0,Demethyl,Higenamine hydrochloride
O=c1[nH]c(=O)n([C@H]2C[C@H](O)[C@@H](CO)O2)cc1I,5905.0,,5905.0,Dendrid,Idoxuridine
C[C@H](CCC(=O)O)[C@H]1CC[C@H]2[C@@H]3CC[C@@H]4C[C@H](O)CC[C@]4(C)[C@H]3C[C@H](O)[C@]12C,222528.0,,222528.0,Deoxycholic acid,Deoxycholic Acid
CC(=O)OCC(=O)[C@H]1CC[C@H]2[C@@H]3CCC4=CC(=O)CC[C@]4(C)[C@H]3CC[C@]12C,5952.0,,5952.0,Deoxycorticosterone acetate,Deoxycorticosterone acetate
C[C@]12CC[C@@H]3c4ccc(O)cc4CC[C@H]3[C@@H]1CC[C@@H]2OC(=O)CCC1CCCC1,9403.0,,9403.0,Depofemin,Estradiol Cypionate
C/C=C1\NC(=O)[C@H]2CSSCC/C=C/[C@H](CC(=O)N[C@H](C(C)C)C(=O)N2)OC(=O)[C@H](C(C)C)NC1=O,5352062.0,,5352062.0,Depsipeptide,Romidepsin
Cc1cc(N)c2ccccc2[n+]1CCCCCCCCCC[n+]1c(C)cc(N)c2ccccc21.[Cl-].[Cl-],10649.0,,2993.0,Dequalinium chloride,Dequalinium Chloride
Cc1cc(N)c2ccccc2[n+]1CCCCCCCCCC[n+]1c(C)cc(N)c2ccccc21.[Cl-].[Cl-],10649.0,,2993.0,Dequalinium dichloride,Dequalinium Chloride
O=c1cc[nH]c(=S)[nH]1,1269845.0,,1269845.0,Deracil,Thiouracil
COc1ccc(-c2cc(C(F)F)nn2-c2ccc(S(N)(=O)=O)cc2)cc1F,3058754.0,,3058754.0,Deracoxib,Deracoxib
Oc1ccc(Cl)c2cccnc12,2817.0,,2817.0,Dermofongin,5-Chloro-8-hydroxyquinoline
,57969857.0,,,Des-fluoro-TAK-960,6-Des-fluoro TAK-960
CNCCCN1c2ccccc2CCc2ccccc21.Cl,65327.0,,2995.0,Desipramine hydrochloride,Desipramine Hydrochloride
Clc1ccc2c(c1)CCc1cccnc1C2=C1CCNCC1,124087.0,,124087.0,Desloratadine,Desloratadine
CC1(C)O[C@@H]2C[C@H]3[C@@H]4CCC5=CC(=O)C=C[C@]5(C)[C@H]4[C@@H](O)C[C@]3(C)[C@]2(C(=O)CO)O1,5311066.0,,5311066.0,Desonide,Desonide
CN(C)CC(c1ccc(O)cc1)C1(O)CCCCC1,125017.0,,125017.0,Desvenlafaxine,Desvenlafaxine
,236702.0,,,Dexamethason acetate,Dexamethasone Acetate
C[C@@H]1C[C@H]2[C@@H]3CCC4=CC(=O)C=C[C@]4(C)[C@@]3(F)[C@@H](O)C[C@]2(C)[C@@]1(O)C(=O)CO,5743.0,,5743.0,Dexamethasone,Dexamethasone
C[C@@H]1C[C@H]2[C@@H]3CCC4=CC(=O)C=C[C@]4(C)[C@]3(F)[C@H](O)C[C@]2(C)[C@]1(O)C(=O)CO,40467075.0,,40467075.0,Dexamethasone (DHAP),Dexamethasone (DHAP)
CN(C)CC[C@@H](c1ccc(Cl)cc1)c1ccccn1.O=C(O)/C=C\C(=O)O,5281070.0,,33036.0,Dexchlorpheniramine Maleate,Dexchlorpheniramine Maleate
CC(C)Cc1ccc([C@H](C)C(=O)O)cc1,39912.0,,39912.0,Dexibuprofen,Dexibuprofen
Cc1cccc([C@H](C)c2cnc[nH]2)c1C,5311068.0,,5311068.0,Dexmedetomidine,Dexmedetomidine
CC(C)(CO)[C@@H](O)C(=O)NCCCO,131204.0,,131204.0,Dexpanthenol,Dexpanthenol
C[C@@H](CN1CC(=O)NC(=O)C1)N1CC(=O)NC(=O)C1,71384.0,,71384.0,Dexrazoxane,Dexrazoxane
C[C@@H](CN1CC(=O)NC(=O)C1)N1CC(=O)NC(=O)C1.Cl,6918223.0,,71384.0,Dexrazoxane hydrochloride,Cardioxane
,,,,Dexrazoxone,
,5462351.0,,5360696.0,Dextromethorphan HBr monohydrate,Dextromethorphan hydrobromide monohydrate
CC(=O)Oc1cccc2c1C(=O)c1c(OC(C)=O)cc(C(=O)O)cc1C2=O,26248.0,,26248.0,Diacerein,Diacerein
CC1(C)[C@@H](O[C@H]2O[C@H](C(=O)O)[C@@H](O)[C@H](O)[C@H]2O[C@@H]2O[C@H](C(=O)O)[C@@H](O)[C@H](O)[C@H]2O)CC[C@]2(C)[C@H]3C(=O)C=C4[C@@H]5C[C@@](C)(C(=O)O)CC[C@]5(C)CC[C@@]4(C)[C@]3(C)CC[C@@H]12.N.N,656656.0,,14982.0,Diammonium Glycyrrhizinate,Diammonium Glycyrrhizinate
CC(=O)Nc1c(I)c(NC(C)=O)c(I)c(C(=O)[O-])c1I.[Na+],23672589.0,,2140.0,Diatrizoate sodium,Sodium Amidotrizoate
CCOP(=S)(OCC)Oc1cc(C)nc(C(C)C)n1,3017.0,,3017.0,Diazinon,Diazinon
CC1=NS(=O)(=O)c2cc(Cl)ccc2N1,3019.0,,3019.0,Diazoxide,Diazoxide
CCCCOc1cc(C(=O)NCCN(CC)CC)c2ccccc2n1,3025.0,,3025.0,Dibucaine,Dibucaine
CCCCOc1cc(C(=O)NCCN(CC)CC)c2ccccc2n1.Cl,521951.0,,3025.0,Dibucaine hydrochloride,Dibucaine Hydrochloride
,,,,Dichlorbenzamil,
Oc1ccc(Cl)cc1Cc1cc(Cl)ccc1O,3037.0,,3037.0,Dichlorophen,Dichlorophen
COP(=O)(OC)OC=C(Cl)Cl,3039.0,,3039.0,Dichlorvos,Dichlorvos
,,,,Diciofenac,
N#CC(c1ccc(Cl)cc1)c1c(Cl)cc(-n2ncc(=O)[nH]c2=O)cc1Cl,456389.0,,456389.0,Diclazuril,Diclazuril
O=C(O)Cc1ccccc1Nc1c(Cl)cccc1Cl,3033.0,,3033.0,Diclofenac,Diclofenac
CCNCC.O=C(O)Cc1ccccc1Nc1c(Cl)cccc1Cl,115087.0,,3033.0,Diclofenac diethylamine,Diclofenac Diethylamine
O=C([O-])Cc1ccccc1Nc1c(Cl)cccc1Cl.[Na+],5018304.0,,3033.0,Diclofenac sodium,Diclofenac sodium
O=c1oc2ccccc2c(O)c1Cc1c(O)c2ccccc2oc1=O,54676038.0,,54676038.0,Dicumarol,Dicoumarol
O=C[C@H](O)[C@H]1OC(=O)[C@@H](O)[C@H]1O,92283.0,,92283.0,Dicurone,Glucuronolactone
CCN(CC)CCOC(=O)C1(C2CCCCC2)CCCCC1.Cl,441344.0,,3042.0,Dicyclomine hydrochloride,Dicyclomine Hydrochloride
O=c1[nH]cnc2c1ncn2[C@H]1CC[C@@H](CO)O1,135398739.0,,135398739.0,Didanosine ,Didanosine
C/C=C(C(=C/C)/c1ccc(O)cc1)\c1ccc(O)cc1,667476.0,,667476.0,Dienestrol,Dienestrol
C[C@]12CCC3=C4CCC(=O)C=C4CC[C@H]3[C@@H]1CC[C@@]2(O)CC#N,68861.0,,68861.0,Dienogest,Dienogest
CCN(CC)C(=O)N1CCN(C)CC1.O=C(O)CC(O)(CC(=O)O)C(=O)O,15432.0,,,Diethylcarbamazine citrate,Diethylcarbamazine Citrate
CC/C(=C(/CC)c1ccc(O)cc1)c1ccc(O)cc1,448537.0,,448537.0,Diethylstilbestrol,Diethylstilbestrol
C[C@H]1C[C@H]2[C@@H]3C[C@H](F)C4=CC(=O)C=C[C@]4(C)[C@@]3(F)[C@@H](O)C[C@]2(C)[C@@]1(O)C(=O)CO,71415.0,,71415.0,Diflorasone,Diflorasone
O=C(O)c1cc(-c2ccc(F)cc2F)ccc1O,3059.0,,3059.0,Diflunisal,Diflunisal
C[C@]12CC[C@H](O)C[C@H]1CC[C@@H]1[C@@H]2CC[C@]2(C)[C@@H](C3=CC(=O)OC3)CC[C@]12O,4369270.0,,4369270.0,Digitoxigenin,Digitoxigenin
C[C@H]1O[C@@H](O[C@H]2[C@@H](O)C[C@H](O[C@H]3[C@@H](O)C[C@H](O[C@H]4CC[C@@]5(C)[C@H](CC[C@@H]6[C@@H]5CC[C@]5(C)[C@@H](C7=CC(=O)OC7)CC[C@]65O)C4)O[C@@H]3C)O[C@@H]2C)C[C@H](O)[C@@H]1O,441207.0,,441207.0,Digitoxin,Digitoxin
C[C@H]1O[C@@H](O[C@H]2[C@@H](O)C[C@H](O[C@H]3[C@@H](O)C[C@H](O[C@H]4CC[C@@]5(C)[C@H](CC[C@@H]6[C@@H]5C[C@@H](O)[C@]5(C)[C@@H](C7=CC(=O)OC7)CC[C@]65O)C4)O[C@@H]3C)O[C@@H]2C)C[C@H](O)[C@@H]1O,2724385.0,,2724385.0,Digoxin,Digoxin
NNc1nnc(NN)c2ccccc12.O=S(=O)(O)O,81764.0,,10230.0,Dihydralazine sulphate,Dihydralazine Sulfate
C[C@@H]1CCC2[C@@H](C)[C@@H](O)O[C@@H]3OC4(C)CC[C@@H]1[C@@]23OO4,107770.0,,107770.0,Dihydroartemisinin,Dihydroartemisinin
CN1C[C@H](C(=O)N[C@]2(C)O[C@@]3(O)[C@@H]4CCCN4C(=O)[C@H](Cc4ccccc4)N3C2=O)C[C@@H]2c3cccc4[nH]cc(c34)C[C@H]21.CS(=O)(=O)O,71171.0,,10531.0,Dihydroergotamine Mesylate,Dihydroergotamine Mesylate
CN[C@@H]1[C@H](O[C@H]2[C@H](O[C@H]3[C@H](O)[C@@H](O)[C@H](N=C(N)N)[C@@H](O)[C@@H]3N=C(N)N)O[C@@H](C)[C@]2(O)CO)O[C@@H](CO)[C@H](O)[C@H]1O.CN[C@@H]1[C@H](O[C@H]2[C@H](O[C@H]3[C@H](O)[C@@H](O)[C@H](N=C(N)N)[C@@H](O)[C@@H]3N=C(N)N)O[C@@H](C)[C@]2(O)CO)O[C@@H](CO)[C@H](O)[C@H]1O.O=S(=O)(O)O.O=S(=O)(O)O.O=S(=O)(O)O,21653.0,,439369.0,Dihydrostreptomycin sulfate,Dihydrostreptomycin Sulfate
COc1ccc([C@@H]2Sc3ccccc3N(CCN(C)C)C(=O)[C@@H]2OC(C)=O)cc1.Cl,62920.0,,39186.0,Diltiazem hydrochloride,Diltiazem Hydrochloride
CN(C)CCOC(c1ccccc1)c1ccccc1.Cn1c(=O)c2[nH]c(Cl)nc2n(C)c1=O,10660.0,,,Dimenhydrinate,Dimenhydrinate
O=S(=O)([O-])CCSSCCS(=O)(=O)[O-].[Na+].[Na+],65625.0,,65626.0,Dimesna,Dimesna
COC(=O)/C=C/C(=O)OC,637568.0,,637568.0,Dimethyl fumarate,Dimethyl Fumarate
CS(C)=O,679.0,,679.0,Dimethyl sulfoxide,Dimethyl Sulfoxide
Cc1ncc([N+](=O)[O-])n1C,3090.0,,3090.0,Dimetridazole,Dimetridazole
CC(=O)NCC(=O)O.N=C(N)c1ccc(N=NNc2ccc(C(=N)N)cc2)cc1,65060.0,,2354.0,Diminazene Aceturate,Berenil
CCc1cnn2c(NCc3ccc[n+]([O-])c3)cc(N3CCCC[C@H]3CCO)nc12,46926350.0,,46926350.0,Dinaciclib,Dinaciclib
CCc1cnn2c(NCc3ccc[n+]([O-])c3)cc(N3CCCC[C@H]3CCO)nc12,46926350.0,,46926350.0,Dinaciclib (SCH727965),Dinaciclib
Cc1c(C(N)=O)cc([N+](=O)[O-])cc1[N+](=O)[O-],3092.0,,3092.0,Dinitolmide,Dinitolmide
COc1ccc(-c2cc(=O)c3c(O)cc(O[C@@H]4O[C@H](CO[C@@H]5O[C@@H](C)[C@H](O)[C@@H](O)[C@H]5O)[C@@H](O)[C@H](O)[C@H]4O)cc3o2)cc1O,5281613.0,,5281613.0,Diosmin,Diosmin
COc1ccc(C(=O)c2ccccc2O)c(O)c1,8569.0,,8569.0,Dioxybenzone,"2,2'-Dihydroxy-4-methoxybenzophenone"
Cl.O=C(Nc1ccccc1)OCC(CN1CCCCC1)OC(=O)Nc1ccccc1,10830.0,,10831.0,Diperodon hydrochloride,Diperodon Hydrochloride
COS(=O)(=O)[O-].C[N+]1(C)CCC(=C(c2ccccc2)c2ccccc2)CC1,6126.0,,6127.0,Diphemanil mesylate,Diphemanil methyl sulfate
CN(C)CCOC(c1ccccc1)c1ccccc1.Cl,8980.0,,3100.0,Diphenhydramine hydrochloride,Diphenhydramine Hydrochloride
Cl.OC(CCCN1CCCCC1)(c1ccccc1)c1ccccc1,66266.0,,3055.0,Diphenidol hydrochloride,Diphenidol Hydrochloride
O=c1c(-c2ccccc2)c1-c1ccccc1,65057.0,,65057.0,Diphenylcyclopropenone,Diphenylcyclopropenone
CN1CCC(OC(c2ccccc2)c2ccccc2)CC1.Cl,66063.0,,3103.0,Diphenylpyraline hydrochloride,Diphenylpyraline Hydrochloride
CNCC(O)c1ccc(OC(=O)C(C)(C)C)c(OC(=O)C(C)(C)C)c1.Cl,71486.0,,3105.0,Dipivefrin hydrochloride,Dipivefrin Hydrochloride
Cn1c(=O)c2c(ncn2CC(O)CO)n(C)c1=O,3182.0,,3182.0,Diprophylline,Diprophylline
Cc1c(N(C)CS(=O)(=O)[O-])c(=O)n(-c2ccccc2)n1C.[Na+],522325.0,,3111.0,Dipyrone,Metamizole Sodium
CC[C@H]1OC(=O)[C@H](C)[C@@H](O[C@H]2C[C@@](C)(OC)[C@@H](O)[C@H](C)O2)[C@H](C)[C@@H](O[C@@H]2O[C@H](C)C[C@H](N(C)C)[C@H]2O)[C@](C)(O)C[C@@H](C)[C@@H]2N[C@@H](COCCOC)O[C@H]([C@H]2C)[C@]1(C)O,6473883.0,,6473883.0,Dirithromycin,Dirithromycin
O.O.O.O.O=P([O-])(O)C(Cl)(Cl)P(=O)([O-])O.[Na+].[Na+],23724874.0,,25419.0,Disodium clodronate tetrahydrate,Clodronate Disodium
CC(C)N(CCC(C(N)=O)(c1ccccc1)c1ccccn1)C(C)C,3114.0,,3114.0,Disopyramide,Disopyramide
CCN(CC)C(=S)SSC(=S)N(CC)CC,3117.0,,3117.0,Disulfiram,Disulfiram
CCN(CC)C(=S)SSC(=S)N(CC)CC,3117.0,,3117.0,Disulfiram(+CuCl2),Disulfiram
,3080.0,,,Dithiopropanol,Dimercaprol
CCOC(=S)SSC(=S)OCC,10404.0,,10404.0,Dixanthogen,Dixanthogen
CC(=O)O[C@@]12CO[C@@H]1C[C@H](O)[C@@]1(C)C(=O)[C@H](O)C3=C(C)[C@@H](OC(=O)[C@H](O)[C@@H](NC(=O)OC(C)(C)C)c4ccccc4)C[C@@](O)([C@@H](OC(=O)c4ccccc4)[C@H]21)C3(C)C,148124.0,,148124.0,Docetaxel,Docetaxel
CC(=O)O[C@@]12CO[C@@H]1C[C@H](O)[C@@]1(C)C(=O)[C@H](O)C3=C(C)[C@@H](OC(=O)[C@H](O)[C@@H](NC(=O)OC(C)(C)C)c4ccccc4)C[C@@](O)([C@@H](OC(=O)c4ccccc4)[C@H]21)C3(C)C,148124.0,,148124.0,Docetaxel  ,Docetaxel
CC(=O)O[C@@]12CO[C@@H]1C[C@H](O)[C@@]1(C)C(=O)[C@H](O)C3=C(C)[C@@H](OC(=O)[C@H](O)[C@@H](NC(=O)OC(C)(C)C)c4ccccc4)C[C@@](O)([C@@H](OC(=O)c4ccccc4)[C@H]21)C3(C)C.O.O.O,148123.0,,148124.0,Docetaxel trihydrate,Docetaxel Trihydrate
CCCCC(CC)COC(=O)CC(C(=O)OCC(CC)CCCC)S(=O)(=O)[O-].[Na+],23673837.0,,11339.0,Docusate sodium,Docusate Sodium
O=c1[nH]c2ccccc2n1CCCN1CCC(n2c(=O)[nH]c3cc(Cl)ccc32)CC1,3151.0,,3151.0,Domperidone,Domperidone
Cl.NCCc1ccc(O)c(O)c1,65340.0,,681.0,Dopamine hydrochloride,Dopamine Hydrochloride
Cc1ccc(-n2nc(C(C)(C)C)cc2NC(=O)Nc2ccc(OCCN3CCOCC3)c3ccccc23)cc1,156422.0,,156422.0,Doramapimod,Doramapimod
Cc1ccc(-n2nc(C(C)(C)C)cc2NC(=O)Nc2ccc(OCCN3CCOCC3)c3ccccc23)cc1,156422.0,,156422.0,Doramapimod ,Doramapimod
Cc1ccc(-n2nc(C(C)(C)C)cc2NC(=O)Nc2ccc(OCCN3CCOCC3)c3ccccc23)cc1,156422.0,,156422.0,Doramapimod (BIRB 796),Doramapimod
CO[C@H]1C[C@H](O[C@H]2[C@H](C)O[C@@H](O[C@@H]3/C(C)=C/C[C@@H]4C[C@@H](C[C@]5(C=C[C@H](C)[C@@H](C6CCCCC6)O5)O4)OC(=O)[C@@H]4C=C(C)[C@@H](O)[C@H]5OC/C(=C\C=C\[C@@H]3C)[C@]54O)C[C@@H]2OC)O[C@@H](C)[C@@H]1O,9832750.0,,9832750.0,Doramectin,Doramectin
C[C@@H](O)[C@H]1C(=O)N2C(C(=O)O)=C(S[C@@H]3CN[C@H](CNS(N)(=O)=O)C3)[C@H](C)[C@H]12.O,636377.0,,73303.0,Doripenem Hydrate,Doripenem Hydrate
c1cc(-c2cnn3cc(-c4ccc(OCCN5CCCCC5)cc4)cnc23)ccn1,11524144.0,,11524144.0,Dorsomorphin,Dorsomorphin
CCN[C@H]1C[C@H](C)S(=O)(=O)c2sc(S(N)(=O)=O)cc21.Cl,6918132.0,,5284549.0,Dorzolamide hydrochloride,Dorzolamide Hydrochloride
CN1CCN(c2ccc3nc(-c4c(N)c5c(F)cccc5[nH]c4=O)[nH]c3c2)CC1,135398510.0,,135398510.0,Dovitinib,Dovitinib
CN1CCN(c2ccc3nc(-c4c(N)c5c(F)cccc5[nH]c4=O)[nH]c3c2)CC1,135398510.0,,135398510.0,Dovitinib (CHIR-258),Dovitinib
CC(O)C(=O)O.CC(O)C(=O)O.CN1CCN(c2ccc3nc(-c4c(N)c5c(F)cccc5[nH]c4=O)[nH]c3c2)CC1,135985126.0,,135398510.0,Dovitinib (TKI-258) Dilactic Acid,Dovitinib dilactic acid
CN1CCN(c2ccc3nc(-c4c(N)c5c(F)cccc5[nH]c4=O)[nH]c3c2)CC1,135398510.0,,135398510.0,"Dovitinib (TKI-258, CHIR-258)",Dovitinib
CCN1CC(CCN2CCOCC2)C(c2ccccc2)(c2ccccc2)C1=O.Cl.O,64648.0,,3156.0,Doxapram hydrochloride monohydrate,Doxapram Hydrochloride
COc1cc2nc(N3CCN(C(=O)C4COc5ccccc5O4)CC3)nc(N)c2cc1OC.CS(=O)(=O)O,62978.0,,3157.0,Doxazosin mesylate,Doxazosin Mesylate
CN(C)CC/C=C1\c2ccccc2COc2ccccc21.Cl,6419921.0,,667477.0,Doxepin hydrochloride,Doxepin Hydrochloride
C[C@H]1O[C@@H](n2cc(F)c(=O)[nH]c2=O)[C@H](O)[C@@H]1O,18343.0,,18343.0,Doxifluridine,Doxifluridine
Cn1c(=O)c2c(ncn2CC2OCCO2)n(C)c1=O,50942.0,,50942.0,Doxofylline,Doxofylline
COc1cccc2c1C(=O)c1c(O)c3c(c(O)c1C2=O)C[C@@](O)(C(=O)CO)C[C@@H]3O[C@H]1C[C@H](N)[C@H](O)[C@H](C)O1,31703.0,,31703.0,Doxorubicin,Doxorubicin
COc1cccc2c1C(=O)c1c(O)c3c(c(O)c1C2=O)C[C@@](O)(C(=O)CO)C[C@@H]3O[C@H]1C[C@H](N)[C@H](O)[C@H](C)O1,31703.0,,31703.0,Doxorubicin ,Doxorubicin
COc1cccc2c1C(=O)c1c(O)c3c(c(O)c1C2=O)C[C@@](O)(C(=O)CO)C[C@@H]3O[C@H]1C[C@H](N)[C@H](O)[C@H](C)O1.Cl,443939.0,,31703.0,Doxorubicin Hcl,Doxorubicin Hydrochloride
COc1cccc2c1C(=O)c1c(O)c3c(c(O)c1C2=O)C[C@@](O)(C(=O)CO)C[C@@H]3O[C@H]1C[C@H](N)[C@H](O)[C@H](C)O1.Cl,443939.0,,31703.0,Doxorubicin hydrochloride,Doxorubicin Hydrochloride
,,,,Doxorubicin3,
CCO.C[C@H]1c2cccc(O)c2C(O)=C2C(=O)[C@]3(O)C(O)=C(C(N)=O)C(=O)[C@@H](N(C)C)[C@@H]3[C@@H](O)[C@@H]21.C[C@H]1c2cccc(O)c2C(O)=C2C(=O)[C@]3(O)C(O)=C(C(N)=O)C(=O)[C@@H](N(C)C)[C@@H]3[C@@H](O)[C@@H]21.Cl.Cl.O,54686183.0,,54671203.0,Doxycycline hyclate,Doxycycline hyclate
C[C@H]1c2cccc(O)c2C(O)=C2C(=O)[C@]3(O)C(O)=C(C(N)=O)C(=O)[C@@H](N(C)C)[C@@H]3[C@@H](O)[C@@H]21.Cl,54685920.0,,54671203.0,Doxycycline hydrochloride,Doxycycline Hydrochloride
CN(C)CCOC(C)(c1ccccc1)c1ccccn1.O=C(O)CCC(=O)O,11224.0,,3162.0,Doxylamine succinate,Donormil
CCN(CC)CCOC(=O)C(c1ccccc1)C1CCCCC1.Cl,92806.0,,3166.0,Drofenine hydrochloride,Drofenine hydrochloride
CCCCc1oc2ccc(NS(C)(=O)=O)cc2c1C(=O)c1ccc(OCCCN(CCCC)CCCC)cc1.Cl,219025.0,,208898.0,Dronedarone hydrochloride,Dronedarone Hydrochloride
O=C(CCCN1CC=C(n2c(=O)[nH]c3ccccc32)CC1)c1ccc(F)cc1,3168.0,,3168.0,Droperidol,Droperidol
OCC(O)CN1CCN(c2ccccc2)CC1,3169.0,,3169.0,Dropropizine,Dropropizine
C[C@]12CCC(=O)C=C1[C@@H]1C[C@@H]1[C@H]1[C@@H]3[C@@H]4C[C@@H]4[C@@]4(CCC(=O)O4)[C@@]3(C)CC[C@@H]12,68873.0,,68873.0,Drospirenone,Drospirenone
CCC(=O)O[C@H]1CC[C@H]2[C@@H]3CC[C@H]4CC(=O)[C@H](C)C[C@]4(C)[C@H]3CC[C@]12C,224004.0,,224004.0,Drostanolone Propionate,Dromostanolone Propionate
N[C@H](C(=O)O)[C@H](O)c1ccc(O)c(O)c1,92974.0,,92974.0,Droxidopa,Droxidopa
CNCC[C@H](Oc1cccc2ccccc12)c1cccs1.Cl,60834.0,,60835.0,Duloxetine hydrochloride,Duloxetine Hydrochloride
,,481101604.0,,Durvalumab,
,,505586201.0,,Dusigitumab,
C[C@]12C=CC(=O)N[C@@H]1CC[C@@H]1[C@@H]2CC[C@]2(C)[C@@H](C(=O)Nc3cc(C(F)(F)F)ccc3C(F)(F)F)CC[C@@H]12,6918296.0,,6918296.0,Dutasteride,Dutasteride
C[C@H](Nc1ncnc2nc[nH]c12)c1cc2cccc(Cl)c2c(=O)n1-c1ccccc1,50905713.0,,50905713.0,Duvelisib,Duvelisib
C[C@H](Nc1ncnc2nc[nH]c12)c1cc2cccc(Cl)c2c(=O)n1-c1ccccc1,50905713.0,,50905713.0,"Duvelisib (IPI-145, INK1197) ",Duvelisib
CCCCOc1ccc(C(=O)CCN2CCCCC2)cc1.Cl,68304.0,,3180.0,Dyclonine hydrochloride,Dyclonine Hydrochloride
OCCN(CCO)c1nc(N2CCCCC2)c2nc(N(CCO)CCO)nc(N3CCCCC3)c2n1,3108.0,,3108.0,Dypyridamole,Dipyridamole
,,,,E-7850,
Cc1ccc(NS(=O)(=O)c2cccc(C#N)c2)c2[nH]cc(C#N)c12,196970.0,,196970.0,E7820,E 7820
COCCOCCOCCOCCOC(=O)OC[n+]1ccc(NC(=NCCCCCCOc2ccc(Cl)cc2)NC#N)cc1.[Cl-],9961434.0,,9961435.0,EB-1627,Teglarinad Chloride
,14998470.0,,,"EEF2K INHIBITOR, A-484954","7-Amino-1-cyclopropyl-3-ethyl-2,4-dioxo-1,2,3,4-tetrahydropyrido[2,3-d]pyrimidine-6-carboxamide"
Cl.Cl.O=c1cc(CN2CCOCC2)occ1OCCCCCSc1ccnc2cc(C(F)(F)F)ccc12,9938202.0,,9938203.0,EHT 1864,Eht-1864
CCn1c2ccccc2c2cc(Nc3ccnc(NCCCN4CCOCC4)n3)ccc21,51031035.0,,51031035.0,EHop-016,"N4-(9-ethyl-9H-carbazol-3-yl)-N2-(3-morpholin-4-ylpropyl)-pyrimidine-2,4-diamine"
CCn1c2ccccc2c2cc(Nc3ccnc(NCCCN4CCOCC4)n3)ccc21,51031035.0,,51031035.0,EHop-016 ,"N4-(9-ethyl-9H-carbazol-3-yl)-N2-(3-morpholin-4-ylpropyl)-pyrimidine-2,4-diamine"
O=S(=O)(c1ccc(-c2cnc(C3CC3)o2)cc1)N1CCCc2ccccc21,20959075.0,,20959075.0,ELCPK,"1-[[4-(2-Cyclopropyl-5-oxazolyl)phenyl]sulfonyl]-1,2,3,4-tetrahydro-quinoline"
C=C1C(=O)O[C@H]2[C@H]1[C@@H](OC(=O)C=C(C)C)CC1=C[C@@H](C[C@@]3(C)O[C@H]23)OC1=O,442205.0,,442205.0,ELEPHANTIN,Elephantin
CN(NC(=O)CC(=O)NN(C)C(=S)c1ccccc1)C(=S)c1ccccc1,300471.0,,300471.0,ELESCLOMOL,Elesclomol
O=C(c1cccc(N2Cc3cccc(Cl)c3C2=O)c1)N1CCC2(CC1)CCN(c1ccncc1)CC2,11848206.0,,11848206.0,ELN 441958,"7-Chloro-2-(3-((9-(pyridin-4-yl)-3,9-diazaspiro(5.5)undecan-3-yl)carbonyl)phenyl)-2,3-dihydroisoindol-1-one"
C=C1/C(=C\C=C2/CCC[C@]3(C)C([C@@H](C)C/C=C/C(O)(CC)CC)=CC[C@@H]23)C[C@@H](O)C[C@@H]1F,11396600.0,,11396600.0,ELOCALCITOL,Elocalcitol
CCCCCCCCCCCC1=C(O)C(=O)C=C(O)C1=O,3218.0,,3218.0,EMBELIN,Embelin
Cn1cc(-c2ccc(=O)n(Cc3cccc(-c4ncc(OCCN5CCOCC5)cn4)c3)n2)cn1,25134692.0,,25134692.0,EMD-1204831,"4-(2-(2-(3-(3-(1-Methyl-1hpyrazol-4-yl)-6-oxo-1,6-dihydropyridazin-1-ylmethyl)-phenyl)-pyrimidin-5-yloxy)-ethyl)-morpholine)"
CN1CCC(COc2cnc(-c3cccc(Cn4nc(-c5cccc(C#N)c5)ccc4=O)c3)nc2)CC1,25171648.0,,25171648.0,EMD-1214063,Tepotinib
CC(C)[C@H]1C(=O)N[C@@H](CCCN=C(N)N)C(=O)NCC(=O)N[C@@H](CC(=O)O)C(=O)N[C@H](Cc2ccccc2)C(=O)N1C,176873.0,,176873.0,EMD-121974,Cilengitide
CN(C)CCNC(=O)NC[C@H]1CC[C@@H]2[C@H](O1)c1cc(C(F)(F)F)ccc1N[C@H]2c1ccccc1,23634407.0,,23634407.0,EMD-534085,Emd-534085
CN1CCC(COc2cnc(-c3cccc(Cn4nc(-c5cccc(C#N)c5)ccc4=O)c3)nc2)CC1,25171648.0,,25171648.0,EMD1214063,Tepotinib
Cc1cc(Nc2cc(N3CCN(C)CC3)nc(/C=C/c3ccccc3)n2)n[nH]1,16041424.0,,16041424.0,ENMD-2076,Enmd-2076
,,,,ENMD-2076 Precursor,
Cc1cc(Nc2cc(N3CCN(C)CC3)nc(/C=C/c3ccccc3)n2)n[nH]1.O=C(O)[C@H](O)[C@@H](O)C(=O)O,24776050.0,,16041424.0,ENMD-981693,ENMD-2076 Tartrate
Nc1ccccc1NC(=O)c1ccc(CNC(=O)OCc2cccnc2)cc1,4261.0,,4261.0,ENTINOSTAT,Entinostat
CNC(=O)c1ccc(N2C(=S)N(c3ccc(C#N)c(C(F)(F)F)c3)C(=O)C2(C)C)cc1F,15951529.0,,15951529.0,ENZALUTAMIDE,Enzalutamide
Cn1cc(C2=C(c3cn(C4CCN(Cc5ccccn5)CC4)c4ccccc34)C(=O)NC2=O)c2ccccc21,176167.0,,176167.0,ENZASTAURIN,Enzastaurin
COc1ccc(N(C)c2nc(C)nc3ccccc23)cc1.Cl,11638255.0,,11414799.0,EP-90745,Verubulin Hydrochloride
,65064.0,,,EPIGALLOCATECHIN-3-MONOGALLATE[(-)-EPIGALLOCATECHIN GALLATE],Epigallocatechin Gallate
COc1cccc2c1C(=O)c1c(O)c3c(c(O)c1C2=O)C[C@@](O)(C(=O)CO)C[C@@H]3O[C@H]1C[C@H](N)[C@@H](O)[C@H](C)O1,41867.0,,41867.0,EPIRUBICIN,Epirubicin
COc1cccc2c1C(=O)c1c(O)c3c(c(O)c1C2=O)C[C@@](O)(C(=O)CO)C[C@@H]3O[C@H]1C[C@H](N)[C@@H](O)[C@H](C)O1.Cl,65348.0,,41867.0,EPIRUBICIN HYDROCHLORIDE,Epirubicin Hydrochloride
,448013.0,,,"EPOTHILONE B, GNF-PF-193",Epothilone B
CC(C)N(CCCNC(=O)Nc1ccc(C(C)(C)C)cc1)C[C@H]1O[C@@H](n2ccc3c(N)ncnc32)[C@H](O)[C@@H]1O,56962336.0,,56962336.0,EPZ-004777,Epz004777
CC(C)N(C[C@H]1O[C@@H](n2cnc3c(N)ncnc32)[C@H](O)[C@@H]1O)C1CC(CCc2nc3ccc(C(C)(C)C)cc3[nH]2)C1,57345410.0,,57345410.0,EPZ-5676,Pinometostat
Cc1cc(C)c(CNC(=O)c2cc(-c3ccc(CN4CCOCC4)cc3)cc3c2cnn3C2CCCC2)c(=O)[nH]1,60160561.0,,60160561.0,EPZ-5687,Epz005687
CCN(c1cc(-c2ccc(CN3CCOCC3)cc2)cc(C(=O)NCc2c(C)cc(C)[nH]c2=O)c1C)C1CCOCC1,66558664.0,,66558664.0,EPZ-6438,Tazemetostat
CC(C)N(CCCNC(=O)Nc1ccc(C(C)(C)C)cc1)C[C@H]1O[C@@H](n2ccc3c(N)ncnc32)[C@H](O)[C@@H]1O,56962336.0,,56962336.0,EPZ004777,Epz004777
Cc1cc(C)c(CNC(=O)c2cc(-c3ccc(CN4CCOCC4)cc3)cc3c2cnn3C2CCCC2)c(=O)[nH]1,60160561.0,,60160561.0,EPZ005687,Epz005687
O=C(NC[C@H](O)CN1CCc2ccccc2C1)c1cc(NC2COC2)ncn1,90241673.0,,90241673.0,EPZ015666,Epz015666
O=C1Cc2cc(C(=O)NC3C[C@H]4CC[C@@H](C3)N4S(=O)(=O)CC3CCN(CCCC(F)(F)F)CC3)c(Cl)cc2N1,118946372.0,,118946372.0,EPZ031686,"6-chloro-2-oxo-N-[(1S,5R)-8-[[1-(4,4,4-trifluorobutyl)piperidin-4-yl]methylsulfonyl]-8-azabicyclo[3.2.1]octan-3-yl]-1,3-dihydroindole-5-carboxamide"
CC(C)N(C[C@H]1O[C@@H](n2cnc3c(N)ncnc32)[C@H](O)[C@@H]1O)C1CC(CCc2nc3ccc(C(C)(C)C)cc3[nH]2)C1,57345410.0,,57345410.0,EPZ5676,Pinometostat
CCN(c1cc(-c2ccc(CN3CCOCC3)cc2)cc(C(=O)NCc2c(C)cc(C)[nH]c2=O)c1C)C1CCOCC1,66558664.0,,66558664.0,EPZ6438,Tazemetostat
CCOc1ccccc1-n1c(C(C)N2CCN(C(=O)COc3ccc(Cl)cc3)CC2)nc2ccccc2c1=O,11214940.0,,11214940.0,ERASTIN,Erastin
Cc1c(C(=O)Nc2ccc(N3C[C@@H](C)O[C@@H](C)C3)nc2)cccc1-c1ccc(OC(F)(F)F)cc1,24775005.0,,24775005.0,ERISMODEGIB,Sonidegib
CCOc1cc(C(=O)N2CCC(N3CCN(C)CC3)CC2)ccc1Nc1ncc2c(n1)N(C1CCCC1)c1ccccc1C(=O)N2C,71604307.0,,71604307.0,ERK5-IN-1,Xmd17-109
C#Cc1cccc(Nc2ncnc3cc(OCCOC)c(OCCOC)cc23)c1,176870.0,,176870.0,ERLOTINIB,Erlotinib
C#Cc1cccc(Nc2ncnc3cc(OCCOC)c(OCCOC)cc23)c1.Cl,176871.0,,176870.0,ERLOTINIB HYDROCHLORIDE,Erlotinib Hydrochloride
C[C@]12CC[C@@H]3c4ccc(OC(=O)N(CCCl)CCCl)cc4CC[C@H]3[C@@H]1CC[C@@H]2OP(=O)([O-])[O-].[Na+].[Na+],444000.0,,259329.0,ESTRAMUSTINE PHOSPHATE SODIUM,Estramustine Phosphate Sodium
CC(C)(CCCCCC(O)CCCCCC(C)(C)C(=O)O)C(=O)O,10472693.0,,10472693.0,ETC-1002,Bempedoic Acid
CCOC(=O)[C@@]1(CCCCCCOc2ccc(Cl)cc2)CO1,9840324.0,,9840324.0,ETOMOXIR,Etomoxir
COc1cc([C@@H]2c3cc4c(cc3[C@@H](O[C@@H]3O[C@@H]5CO[C@@H](C)O[C@H]5[C@H](O)[C@H]3O)[C@H]3COC(=O)[C@H]23)OCO4)cc(OC)c1O,36462.0,,36462.0,ETOPOSIDE,Etoposide
c1cc(-c2cc(C3CCNCC3)[nH]n2)ccn1,46937430.0,,46937430.0,ETP-45835,4-[3-(Piperidin-4-yl)-1H-pyrazol-5-yl]pyridine
CC(C)(C#N)c1ccc(N2C(=O)OCc3cnc4ccc(-c5cnc6ccccc6c5)cc4c32)cc1,72199292.0,,72199292.0,ETP-46464,"2-methyl-2-(4-(2-oxo-9-(quinolin-3-yl)-2,4-dihydro-1H-[1,3]oxazino[5,4-c]quinolin-1-yl)phenyl)propanenitrile"
CO[C@H]1C[C@@H]2CC[C@@H](C)[C@@](O)(O2)C(=O)C(=O)N2CCCC[C@H]2C(=O)O[C@H]([C@H](C)C[C@@H]2CC[C@@H](OCCO)[C@H](OC)C2)CC(=O)[C@H](C)/C=C(\C)[C@@H](O)[C@@H](OC)C(=O)[C@H](C)C[C@H](C)/C=C/C=C/C=C/1C,6442177.0,,6442177.0,EVEROLIMUS,Everolimus
Nc1ccc2ncnc(NCCc3ccc(Oc4ccccc4)cc3)c2c1,509554.0,,509554.0,EVP4593,Evp4593
NC(=O)C1CCCc2c1[nH]c1ccc(Cl)cc21,5113032.0,,5113032.0,EX 527 (SELISISTAT),EX 527
NC(=O)C1CCCc2c1[nH]c1ccc(Cl)cc21,5113032.0,,5113032.0,EX-527,EX 527
C=C1C[C@@H]2[C@H](CC[C@]3(C)C(=O)CC[C@@H]23)[C@@]2(C)C=CC(=O)C=C12,60198.0,,60198.0,EXEMESTANE,Exemestane
CC(C)(C)c1ccc(C(=O)CCCN2CCC(OC(c3ccccc3)c3ccccc3)CC2)cc1,3191.0,,3191.0,Ebastine,Ebastine
O=c1c2ccccc2[se]n1-c1ccccc1,3194.0,,3194.0,Ebselen,Ebselen
,,,,Eburnalritardo,
CC[C@]12CCCN3CCc4c(n(c5ccccc45)C(=O)C1)[C@@H]32,71203.0,,71203.0,Eburnamonine (-),(-)-Eburnamonine
CC(C)c1cc2c(cc1S(=O)(=O)[O-])[C@@]1(C)CCC[C@@](C)(C(=O)O)[C@@H]1CC2.[Na+],23663982.0,,65781.0,Ecabet Sodium,Ecabet sodium
Clc1ccc(COC(Cn2ccnc2)c2ccc(Cl)cc2Cl)cc1,3198.0,,3198.0,Econazole,Econazole
Clc1ccc(COC(Cn2ccnc2)c2ccc(Cl)cc2Cl)cc1.O=[N+]([O-])O,68589.0,,3198.0,Econazole nitrate,Econazole Nitrate
CC1=NN(c2ccccc2)C(=O)C1,4021.0,,4021.0,Edaravone,Mci-186
,9008.0,,6049.0,Edetate Trisodium,Edetate Trisodium
CN1CCc2nc(C(=O)N[C@@H]3C[C@@H](C(=O)N(C)C)CC[C@@H]3NC(=O)C(=O)Nc3ccc(Cl)cn3)sc2C1,10280735.0,,10280735.0,Edoxaban,Edoxaban
CN1CCc2nc(C(=O)N[C@@H]3C[C@@H](C(=O)N(C)C)CC[C@@H]3NC(=O)C(=O)Nc3ccc(Cl)cn3)sc2C1.Cc1ccc(S(=O)(=O)O)cc1.O,25022378.0,,10280735.0,"Edoxaban Tosylate Monohydrate
",Edoxaban tosylate monohydrate
O=C1Nc2ccc(Cl)cc2[C@@](C#CC2CC2)(C(F)(F)F)O1,64139.0,,64139.0,Efavirenz ,Efavirenz
C=C1CCN([C@H](C)[C@](O)(Cn2cncn2)c2ccc(F)cc2F)CC1,489181.0,,489181.0,Efinaconazole,Efinaconazole
Cl.NCCCC(N)(C(=O)O)C(F)F.O,441361.0,,3009.0,Eflornithine hydrochloride Monohydrate,"Ornithine, 2-(difluoromethyl)-, hydrochloride, hydrate (1:1:1)"
CC1=C(C(=O)OCCN(Cc2ccccc2)c2ccccc2)C(c2cccc([N+](=O)[O-])c2)C(P2(=O)OCC(C)(C)CO2)=C(C)N1,119171.0,,119171.0,Efonidipine(NZ-105),Efonidipine
C[C@H](NC(=O)c1c(N)nn2cccnc12)c1cc2cccc(C#Cc3cnn(C)c3)c2c(=O)n1-c1ccccc1,91933883.0,,91933883.0,Eganelisib,Eganelisib
COc1cc2c(cc1OC)CN(CCc1ccc(NC(=O)c3cccc4c(=O)c5cccc(OC)c5[nH]c34)cc1)CC2,119373.0,,119373.0,Elacridar,Elacridar
CN(NC(=O)CC(=O)NN(C)C(=S)c1ccccc1)C(=S)c1ccccc1,300471.0,,300471.0,Elesclomol,Elesclomol
CN(NC(=O)CC(=O)NN(C)C(=S)c1ccccc1)C(=S)c1ccccc1,300471.0,,300471.0,Elesclomol (STA-4783),Elesclomol
Br.CN1CCC[C@@H]1Cc1c[nH]c2ccc(CCS(=O)(=O)c3ccccc3)cc12,656631.0,,77993.0,Eletriptan HBr,Eletriptan Hydrobromide
C[C@@H]1COCCN1c1cc(-c2ccnn2C)c2ccnc(-c3ccn[nH]3)c2n1,118869362.0,,118869362.0,Elimusertib,Elimusertib
OC(CN1CCC(Cc2ccc(F)cc2)CC1)c1ccc(Cl)cc1,60703.0,,60703.0,Eliprodil,Eliprodil
O=c1oc2c(O)c(O)cc3c(=O)oc4c(O)c(O)cc1c4c23,5281855.0,,5281855.0,Ellagic acid,Ellagic Acid
NC(=O)/C(=C/n1cnc(-c2cc(C(F)(F)F)cc(C(F)(F)F)c2)n1)c1cncnc1,86345880.0,,86345880.0,Eltanexor,Eltanexor
Cc1ccc(-n2[nH]c(C)c(N=Nc3cccc(-c4cccc(C(=O)O)c4)c3O)c2=O)cc1C,135449332.0,,135449332.0,Eltrombopag,Eltrombopag
COc1ccc(CN(C(=O)[C@@H](N)Cc2c(C)cc(C(N)=O)cc2C)[C@@H](C)c2ncc(-c3ccccc3)[nH]2)cc1C(=O)O,11250029.0,,11250029.0,Eluxadoline,Eluxadoline
COc1cc2c(cc1Cc1cccc(Cl)c1F)c(=O)c(C(=O)O)cn2[C@H](CO)C(C)C,5277135.0,,5277135.0,"Elvitegravir(GS-9137, JTK-303)",Elvitegravir
CCN(Cc1ccccc1)C(=O)Cn1c(=O)n(C)c2cnc(-c3ccccc3)nc21,6433109.0,,6433109.0,Emapunil,Emapunil
CCCCCCCCCCCC1=C(O)C(=O)C=C(O)C1=O,3218.0,,3218.0,Embelin,Embelin
,3068143.0,,10219.0,Emetine 2HCl,Emetine dihydrochloride
Cc1cc(O)c2c(c1)C(=O)c1cc(O)cc(O)c1C2=O,3220.0,,3220.0,Emodin,Emodin
OC[C@H]1O[C@@H](c2ccc(Cl)c(Cc3ccc(O[C@H]4CCOC4)cc3)c2)[C@H](O)[C@@H](O)[C@@H]1O,11949646.0,,11949646.0,Empagliflozin (BI 10773),Empagliflozin
Nc1nc(=O)n([C@@H]2CS[C@H](CO)O2)cc1F,60877.0,,60877.0,Emtricitabine,Emtricitabine
CCOC(=O)[C@H](CCc1ccccc1)N[C@@H](C)C(=O)N1CCC[C@H]1C(=O)O,5388962.0,,5388962.0,Enalapril,Enalapril
CC(C)(O)CNc1nc(Nc2ccnc(C(F)(F)F)c2)nc(-c2cccc(C(F)(F)F)n2)n1,89683805.0,,89683805.0,Enasidenib,Enasidenib
COC(=O)N[C@@H](C)CNc1nccc(-c2cn(C(C)C)nc2-c2cc(Cl)cc(NS(C)(=O)=O)c2F)n1,50922675.0,,50922675.0,Encorafenib,Encorafenib
CC/C(=C(\c1ccc(O)cc1)c1ccc(OCCNC)cc1)c1ccccc1,10090750.0,,10090750.0,Endoxifen,Endoxifen
Cc1cc(-n2cccc2)c(S(C)(=O)=O)cc1C(=O)N=C(N)N,6433092.0,,6433092.0,Eniporide,Eniporide
CCn1cc(C(=O)O)c(=O)c2cc(F)c(N3CCNCC3)nc21,3229.0,,3229.0,Enoxacin,Enoxacin
CCn1cc(C(=O)O)c(=O)c2cc(F)c(N3CCNCC3)nc21.CCn1cc(C(=O)O)c(=O)c2cc(F)c(N3CCNCC3)nc21.O.O.O,24840537.0,,3229.0,Enoxacin Sesquihydrate,"1,8-Naphthyridine-3-carboxylic acid, 1-ethyl-6-fluoro-1,4-dihydro-4-oxo-7-(1-piperazinyl)-, hydrate (2:3)"
CC1(C)[C@@H](O)CC[C@]2(C)[C@H]3C(=O)C=C4[C@@H]5C[C@@](C)(C(=O)O)CC[C@]5(C)CC[C@@]4(C)[C@]3(C)CC[C@@H]12,10114.0,,10114.0,Enoxolone,Glycyrrhetinic Acid
CCN1CCN(c2cc3c(cc2F)c(=O)c(C(=O)O)cn3C2CC2)CC1,71188.0,,71188.0,Enrofloxacin,Enrofloxacin
C[C@@H]1CN(C(=O)c2ccc(NC(=O)c3cc(O[C@H](C)c4c(Cl)ccc(F)c4Cl)c(N)nn3)cc2)C[C@H](C)N1,56960363.0,,56960363.0,Ensartinib,Ensartinib
CCN(CC)C(=O)/C(C#N)=C/c1cc(O)c(O)c([N+](=O)[O-])c1,5281081.0,,5281081.0,Entacapone,Entacapone
C=C1[C@H](CO)[C@@H](O)C[C@@H]1n1cnc2c(=O)[nH]c(N)nc21,135398508.0,,135398508.0,Entecavir,Entecavir
C=C1[C@H](CO)[C@@H](O)C[C@@H]1n1cnc2c(=O)[nH]c(N)nc21.O,135526609.0,,135398508.0,Entecavir hydrate,Entecavir Hydrate
Nc1ccccc1NC(=O)c1ccc(CNC(=O)OCc2cccnc2)cc1,4261.0,,4261.0,Entinostat,Entinostat
Nc1ccccc1NC(=O)c1ccc(CNC(=O)OCc2cccnc2)cc1,4261.0,,4261.0,Entinostat ,Entinostat
Nc1ccccc1NC(=O)c1ccc(CNC(=O)OCc2cccnc2)cc1,4261.0,,4261.0,Entinostat (MS-275),Entinostat
c1cn2cc(-c3ccc4cn[nH]c4c3)nc(Nc3ccc(N4CCOCC4)cc3)c2n1,59473233.0,,59473233.0,Entospletinib,Entospletinib
c1cn2cc(-c3ccc4cn[nH]c4c3)nc(Nc3ccc(N4CCOCC4)cc3)c2n1,59473233.0,,59473233.0,Entospletinib (GS-9973),Entospletinib
CN1CCN(c2ccc(C(=O)Nc3n[nH]c4ccc(Cc5cc(F)cc(F)c5)cc34)c(NC3CCOCC3)c2)CC1,25141092.0,,25141092.0,Entrectinib,Entrectinib
CN1CCN(c2ccc(C(=O)Nc3n[nH]c4ccc(Cc5cc(F)cc(F)c5)cc34)c(NC3CCOCC3)c2)CC1,25141092.0,,25141092.0,Entrectinib (RXDX-101),Entrectinib
CNC(=O)c1ccc(N2C(=S)N(c3ccc(C#N)c(C(F)(F)F)c3)C(=O)C2(C)C)cc1F,15951529.0,,15951529.0,Enzalutamide,Enzalutamide
CNC(=O)c1ccc(N2C(=S)N(c3ccc(C#N)c(C(F)(F)F)c3)C(=O)C2(C)C)cc1F,15951529.0,,15951529.0,Enzalutamide ,Enzalutamide
CNC(=O)c1ccc(N2C(=S)N(c3ccc(C#N)c(C(F)(F)F)c3)C(=O)C2(C)C)cc1F,15951529.0,,15951529.0,Enzalutamide (MDV3100),Enzalutamide
Cn1cc(C2=C(c3cn(C4CCN(Cc5ccccn5)CC4)c4ccccc34)C(=O)NC2=O)c2ccccc21,176167.0,,176167.0,Enzastaurin,Enzastaurin
Cn1cc(C2=C(c3cn(C4CCN(Cc5ccccn5)CC4)c4ccccc34)C(=O)NC2=O)c2ccccc21,176167.0,,176167.0,Enzastaurin (LY317615),Enzastaurin
NS(=O)(=O)NCCNc1nonc1C(=Nc1ccc(F)c(Br)c1)NO,135564890.0,,135564890.0,Epacadostat,Incb24360
CC(/C=C1\SC(=S)N(CC(=O)O)C1=O)=C\c1ccccc1,1549120.0,,1549120.0,Epalrestat,Epalrestat
C[C@]12CC[C@H](O)C[C@@H]1CC[C@@H]1[C@@H]2CC[C@]2(C)C(=O)CC[C@@H]12,441302.0,,441302.0,Epiandrosterone,Epiandrosterone
CNC[C@H](O)c1ccc(O)c(O)c1.O=C(O)[C@H](O)[C@@H](O)C(=O)O,5815.0,,,Epinephrine bitartrate,Epinephrine Bitartrate
COc1cc(C)nc(-n2nc(C)cc2OC)n1,3242.0,,3242.0,Epirizole,Epirizole
COc1cccc2c1C(=O)c1c(O)c3c(c(O)c1C2=O)C[C@@](O)(C(=O)CO)C[C@@H]3O[C@H]1C[C@H](N)[C@@H](O)[C@H](C)O1,41867.0,,41867.0,Epirubicin,Epirubicin
COc1cccc2c1C(=O)c1c(O)c3c(c(O)c1C2=O)C[C@@](O)(C(=O)CO)C[C@@H]3O[C@H]1C[C@H](N)[C@@H](O)[C@H](C)O1,41867.0,,41867.0,Epirubicin ,Epirubicin
COc1cccc2c1C(=O)c1c(O)c3c(c(O)c1C2=O)C[C@@](O)(C(=O)CO)C[C@@H]3O[C@H]1C[C@H](N)[C@@H](O)[C@H](C)O1.Cl,65348.0,,41867.0,Epirubicin HCl,Epirubicin Hydrochloride
COc1cccc2c1C(=O)c1c(O)c3c(c(O)c1C2=O)C[C@@](O)(C(=O)CO)C[C@@H]3O[C@H]1C[C@H](N)[C@@H](O)[C@H](C)O1.Cl,65348.0,,41867.0,Epirubicin hydrochloride,Epirubicin Hydrochloride
COC(=O)[C@@H]1CC2=CC(=O)CC[C@]2(C)[C@@]23O[C@@H]2C[C@@]2(C)[C@@H](CC[C@@]24CCC(=O)O4)[C@H]13,443872.0,,443872.0,Eplerenone,Eplerenone
CCOC(CN1CCN(CC(C)C(=O)c2ccccc2)CC1)c1ccccc1.Cl.Cl,73356.0,,3245.0,Eprazinone dihydrochloride,Eprazinone Hydrochloride
O=S(=O)([O-])CCCS(=O)(=O)[O-].[Na+].[Na+],6451143.0,,428573.0,Eprodisate disodium,Eprodisate Disodium
CCCCc1ncc(/C=C(\Cc2cccs2)C(=O)O)n1Cc1ccc(C(=O)O)cc1.CS(=O)(=O)O,5282474.0,,5281037.0,Eprosartan Mesylate,Eprosartan Mesylate
CCOc1ccccc1-n1c(C(C)N2CCN(C(=O)COc3ccc(Cl)cc3)CC2)nc2ccccc2c1=O,11214940.0,,11214940.0,Erastin,Erastin
,3248.0,482182163.0,,Erbstatin analog,"methyl (E)-3-(2,5-dihydroxyphenyl)acrylate"
COc1cc(OC)cc(N(CCNC(C)C)c2ccc3ncc(-c4cnn(C)c4)nc3c2)c1,67462786.0,,67462786.0,Erdafitinib,Erdafitinib
O=C(O)CSCC(=O)NC1CCSC1=O,65632.0,,65632.0,Erdosteine,Erdosteine
C[C@@H](CO)NC(=O)[C@@H]1C=C2c3cccc4[nH]cc(c34)C[C@H]2N(C)C1.O=C(O)/C=C\C(=O)O,6437065.0,,443884.0,Ergonovine maleate,Ergonovine Maleate
C=C1C[C@@H]2CC[C@@]34C[C@H]5O[C@H]6[C@@H](O3)[C@H]3O[C@H](CC[C@@H]3O[C@H]6[C@H]5O4)CC(=O)C[C@@H]3[C@@H](OC)[C@@H](C[C@H](O)CN)O[C@H]3C[C@H]3O[C@@H](CC[C@@H]1O2)C[C@@H](C)C3=C,11354606.0,,11354606.0,Eribulin,Eribulin
Cc1c(C(=O)Nc2ccc(N3C[C@@H](C)O[C@@H](C)C3)nc2)cccc1-c1ccc(OC(F)(F)F)cc1,24775005.0,,24775005.0,Erismodegib,Sonidegib
C#Cc1cccc(Nc2ncnc3cc(OCCOC)c(OCCOC)cc23)c1,176870.0,,176870.0,Erlotinib,Erlotinib
C#Cc1cccc(Nc2ncnc3cc(OCCOC)c(OCCOC)cc23)c1,176870.0,,176870.0,Erlotinib ,Erlotinib
C#Cc1cccc(Nc2ncnc3cc(OCCOC)c(OCCOC)cc23)c1.Cl,176871.0,,176870.0,Erlotinib HCl,Erlotinib Hydrochloride
C#Cc1cccc(Nc2ncnc3cc(OCCOC)c(OCCOC)cc23)c1.Cl,176871.0,,176870.0,Erlotinib hydrochloride,Erlotinib Hydrochloride
CC[C@H]1OC(=O)[C@H](C)[C@@H](O[C@H]2C[C@@](C)(OC)[C@@H](O)[C@H](C)O2)[C@H](C)[C@@H](O[C@@H]2O[C@H](C)C[C@H](N(C)C)[C@H]2O)[C@](C)(O)C[C@@H](C)C(=O)[C@H](C)[C@@H](O)[C@]1(C)O,12560.0,,12560.0,Erythromycin,Erythromycin
CCOC(=O)CCC(=O)O[C@H]1[C@H](O[C@@H]2[C@@H](C)[C@H](O[C@H]3C[C@@](C)(OC)[C@@H](O)[C@H](C)O3)[C@@H](C)C(=O)O[C@H](CC)[C@@](C)(O)[C@H](O)[C@@H](C)C(=O)[C@H](C)C[C@@]2(C)O)O[C@H](C)C[C@@H]1N(C)C,443953.0,,443953.0,Erythromycin ethylsuccinate,Erythromycin ethyl succinate
C/C=C(/C)C(=O)O[C@H]1[C@H](OC(C)=O)[C@@]2(CO)C(CC1(C)C)C1=CCC3[C@@]4(C)CCC(O[C@@H]5O[C@H](C(=O)O)[C@@H](O[C@@H]6O[C@H](CO)[C@@H](O)[C@H](O)[C@H]6O)[C@H](O)[C@H]5O[C@@H]5O[C@H](CO)[C@@H](O)[C@H](O)[C@H]5O)[C@](C)(CO)C4CC[C@@]3(C)[C@]1(C)C[C@H]2O.C/C=C(\C)C(=O)O[C@H]1[C@H](OC(C)=O)[C@@]2(CO)C(CC1(C)C)C1=CCC3[C@@]4(C)CCC(O[C@@H]5O[C@H](C(=O)O)[C@@H](O[C@@H]6O[C@H](CO)[C@@H](O)[C@H](O)[C@H]6O)[C@H](O)[C@H]5O[C@@H]5O[C@H](CO)[C@@H](O)[C@H](O)[C@H]5O)[C@](C)(CO)C4CC[C@@]3(C)[C@]1(C)C[C@H]2O,6433489.0,,,Escin,Escin
CN(C)CCC[C@@]1(c2ccc(F)cc2)OCc2cc(C#N)ccc21,146570.0,,146570.0,Escitalopram,Escitalopram
CC(=O)O[C@H]1Cc2ccccc2N(C(N)=O)c2ccccc21,179344.0,,179344.0,Eslicarbazepine Acetate,Eslicarbazepine Acetate
COC(=O)CCc1ccc(OCC(O)CNC(C)C)cc1.Cl,104769.0,,59768.0,Esmolol hydrochloride,Esmolol Hydrochloride
COc1ccc2[n-]c([S@@](=O)Cc3ncc(C)c(OC)c3C)nc2c1.COc1ccc2[n-]c([S@@](=O)Cc3ncc(C)c(OC)c3C)nc2c1.[Mg+2],9568613.0,,9568614.0,Esomeprazole Magnesium,Esomeprazole Magnesium
COc1ccc2[n-]c([S@@](=O)Cc3ncc(C)c(OC)c3C)nc2c1.[Na+],23674541.0,,9568614.0,Esomeprazole Sodium,Esomeprazole Sodium
C[C@]12CC[C@@H]3c4ccc(O)cc4CC[C@H]3[C@@H]1CC[C@@H]2O,5757.0,,5757.0,Estradiol,Estradiol
C[C@]12CC[C@@H]3c4ccc(OC(=O)c5ccccc5)cc4CC[C@H]3[C@@H]1CC[C@@H]2O,222757.0,,222757.0,Estradiol benzoate,Estradiol Benzoate
CCCCC(=O)O[C@H]1CC[C@H]2[C@@H]3CCc4cc(O)ccc4[C@H]3CC[C@]12C,13791.0,,13791.0,Estradiol valerate,Estradiol Valerate
C[C@]12CC[C@@H]3c4ccc(OC(=O)N(CCCl)CCCl)cc4CC[C@H]3[C@@H]1CC[C@@H]2O,259331.0,,259331.0,Estramustine,Estramustine
C[C@]12CC[C@@H]3c4ccc(OC(=O)N(CCCl)CCCl)cc4CC[C@H]3[C@@H]1CC[C@@H]2O,259331.0,,259331.0,Estramustine ,Estramustine
C[C@]12CC[C@@H]3c4ccc(OC(=O)N(CCCl)CCCl)cc4CC[C@H]3[C@@H]1CC[C@@H]2OP(=O)([O-])[O-].[Na+].[Na+],444000.0,,259329.0,Estramustine phosphate sodium,Estramustine Phosphate Sodium
C[C@]12CC[C@@H]3c4ccc(O)cc4CC[C@H]3[C@@H]1C[C@@H](O)[C@@H]2O,5756.0,,5756.0,Estriol,Estriol
C1CNCCN1.C[C@]12CC[C@@H]3c4ccc(OS(=O)(=O)O)cc4CC[C@H]3[C@@H]1CCC2=O,5284555.0,,3001028.0,Estropipate,Ogen
CCNCC.O=S(=O)(O)c1cc(O)ccc1O,17506.0,,17507.0,Etamsylate,Etamsylate
CC(O)C(=O)O.CCOc1ccc2nc3cc(N)ccc3c(N)c2c1.O,165457.0,,2017.0,Ethacridine lactate monohydrate,"Propanoic acid, 2-hydroxy-, compd. with 7-ethoxy-3,9-acridinediamine, hydrate (1:1:1)"
CC[C@@H](CO)NCCN[C@@H](CC)CO.Cl.Cl,14051.0,,14052.0,Ethambutol dihydrochloride,Ethambutol Hydrochloride
CCN(CC)C(=O)c1ccc(O)c(OC)c1,9363.0,,9363.0,Ethamivan,Ethamivan
CCNCC.O=S(=O)(O)c1cc(O)ccc1O,17506.0,,17507.0,Ethamsylate,Etamsylate
CCOc1ccc(Cc2nccc3cc(OCC)c(OCC)cc23)cc1OCC.Cl,5702159.0,,3280.0,Ethaverine hydrochloride,Ethaverine Hydrochloride
CCc1cc(C(N)=S)ccn1,2761171.0,,2761171.0,Ethinamide,Ethionamide
C#C[C@]1(O)CC[C@H]2[C@@H]3CCC4=CC(=O)CC[C@]4(C)[C@H]3CC[C@@]21C,5284557.0,,5284557.0,Ethisterone,Ethisterone
CCOc1cc(NC(C)=O)ccc1C(=O)OC,6034.0,,6034.0,Ethopabate,Ethopabate
CCC1(C)CC(=O)NC1=O,3291.0,,3291.0,Ethosuximide,Ethosuximide
CCOC(=O)c1ccc(O)cc1,8434.0,,8434.0,Ethylparaben,Ethylparaben
C#C[C@]1(OC(C)=O)CC[C@H]2[C@@H]3CCC4=C[C@@H](OC(C)=O)CC[C@@H]4[C@H]3CC[C@@]21C,9270.0,,9270.0,Ethynodiol diacetate,Ethynodiol Diacetate
C#C[C@]1(O)CC[C@H]2[C@@H]3CCc4cc(O)ccc4[C@H]3CC[C@@]21C,5991.0,,5991.0,Ethynyl estradiol,Ethinylestradiol
C#C[C@]1(O)CC[C@H]2[C@@H]3CCc4cc(OC)ccc4[C@H]3CC[C@@]21C,6291.0,,6291.0,Ethynylestradiol 3-methyl ether,Mestranol
CC(O)(P(=O)(O)O)P(=O)(O)O,3305.0,,3305.0,Etidronate,Etidronic Acid
CCNCC(O)c1cccc(O)c1.Cl,164652.0,,3306.0,Etilefrine hydrochloride,Etilefrine Hydrochloride
CCc1cccc2c3c([nH]c12)C(CC)(CC(=O)O)OCC3,3308.0,,3308.0,Etodolac,Etodolac
O=C(OCCOCCO)c1ccccc1Nc1cccc(C(F)(F)F)c1,35375.0,,35375.0,Etofenamate,Etofenamate
CC(C)(Oc1ccc(Cl)cc1)C(=O)OCCOC(=O)c1cccnc1,65777.0,,65777.0,Etofibrate,Etofibrate
Cn1c(=O)c2c(ncn2CCO)n(C)c1=O,1892.0,,1892.0,Etofylline,Etofylline
CCOC(=O)c1cncn1[C@H](C)c1ccccc1,667484.0,,667484.0,Etomidate,Etomidate
CCOC(=O)[C@@]1(CCCCCCOc2ccc(Cl)cc2)CO1,9840324.0,,9840324.0,Etomoxir,Etomoxir
C#C[C@]1(O)CC[C@H]2[C@@H]3CCC4=CC(=O)CC[C@@H]4[C@H]3C(=C)C[C@@]21CC,6917715.0,,6917715.0,Etonogestrel,Etonogestrel
,36462.0,,,Etoposid,Etoposide
COc1cc([C@@H]2c3cc4c(cc3[C@@H](O[C@@H]3O[C@@H]5CO[C@@H](C)O[C@H]5[C@H](O)[C@H]3O)[C@H]3COC(=O)[C@H]23)OCO4)cc(OC)c1O,36462.0,,36462.0,Etoposide,Etoposide
COc1cc([C@@H]2c3cc4c(cc3[C@@H](O[C@@H]3O[C@@H]5CO[C@@H](C)O[C@H]5[C@H](O)[C@H]3O)[C@H]3COC(=O)[C@H]23)OCO4)cc(OC)c1O,36462.0,,36462.0,Etoposide  ,Etoposide
Cc1cc(C#N)cc(C)c1Oc1nc(Nc2ccc(C#N)cc2)nc(N)c1Br,193962.0,,193962.0,Etravirine (TMC125),Etravirine
CC12CCC(CC1)C(C)(C)O2,2758.0,,2758.0,Eucalyptol,"1,8-Cineole"
C=CCc1ccc(O)c(OC)c1,3314.0,,3314.0,Eugenol,Eugenol
C=C[C@H]1CN2CC[C@H]1C[C@H]2[C@H](OC(=O)OCC)c1ccnc2ccc(OC)cc12,6975516.0,,6975516.0,Euquinine,Quinine Ethylcarbonate
Cc1cc(-c2ccc(N=Nc3ccc4c(S(=O)(=O)[O-])cc(S(=O)(=O)[O-])c(N)c4c3O)c(C)c2)ccc1N=Nc1ccc2c(S(=O)(=O)[O-])cc(S(=O)(=O)[O-])c(N)c2c1O.[Na+].[Na+].[Na+].[Na+],9409.0,,3315.0,Evans blue,C.I. Direct Blue 53
CO[C@H]1C[C@@H]2CC[C@@H](C)[C@@](O)(O2)C(=O)C(=O)N2CCCC[C@H]2C(=O)O[C@H]([C@H](C)C[C@@H]2CC[C@@H](OCCO)[C@H](OC)C2)CC(=O)[C@H](C)/C=C(\C)[C@@H](O)[C@@H](OC)C(=O)[C@H](C)C[C@H](C)/C=C/C=C/C=C/1C,6442177.0,,6442177.0,Everolimus,Everolimus
CO[C@H]1C[C@@H]2CC[C@@H](C)[C@@](O)(O2)C(=O)C(=O)N2CCCC[C@H]2C(=O)O[C@H]([C@H](C)C[C@@H]2CC[C@@H](OCCO)[C@H](OC)C2)CC(=O)[C@H](C)/C=C(\C)[C@@H](O)[C@@H](OC)C(=O)[C@H](C)C[C@H](C)/C=C/C=C/C=C/1C,6442177.0,,6442177.0,Everolimus ,Everolimus
CO[C@H]1C[C@@H]2CC[C@@H](C)[C@@](O)(O2)C(=O)C(=O)N2CCCC[C@H]2C(=O)O[C@H]([C@H](C)C[C@@H]2CC[C@@H](OCCO)[C@H](OC)C2)CC(=O)[C@H](C)/C=C(\C)[C@@H](O)[C@@H](OC)C(=O)[C@H](C)C[C@H](C)/C=C/C=C/C=C/1C,6442177.0,,6442177.0,Everolimus  ,Everolimus
COC1CC2CCC(C)C(O)(O2)C(=O)C(=O)N2CCCCC2C(=O)OC(C(C)CC2CCC(OCCO)C(OC)C2)CC(=O)C(C)/C=C(\C)C(O)C(OC)C(=O)C(C)CC(C)/C=C/C=C/C=C/1C,58841138.0,,58841138.0,Everolimus (RAD001),Everolimus (RAD001)
C=C1C[C@@H]2[C@H](CC[C@]3(C)C(=O)CC[C@@H]23)[C@@]2(C)C=CC(=O)C=C12,60198.0,,60198.0,Exemestane,Exemestane
C=C1C[C@@H]2[C@H](CC[C@]3(C)C(=O)CC[C@@H]23)[C@@]2(C)C=CC(=O)C=C12,60198.0,,60198.0,Exemestane  ,Exemestane
CC(=O)N[C@H]1CSSC[C@@H](C(N)=O)NC(=O)[C@H](C(C)C)NC(=O)[C@H](C)NC(=O)[C@H](Cc2cnc[nH]2)NC1=O,9916058.0,,9916058.0,Exherin (ADH-1),Adh-1
O=C1[C@H](CC[C@H](O)c2ccc(F)cc2)[C@@H](c2ccc(O)cc2)N1c1ccc(F)cc1,150311.0,,150311.0,Ezetimibe,Ezetimibe
Cn1c(=O)cnn(CCCCN2CCN(c3ncccn3)CC2)c1=O,208928.0,,208928.0,F 11440,Eptapirone
,,,,F387C,
Cc1nc(C)c(C(=O)OCc2ccccc2)c(CC(C)(C)C)c1C(=O)OCc1ccccc1,164946771.0,,164946771.0,F4,PD-L1 degrader F4
O=c1ccn([C@@H]2O[C@H](CO)[C@@H](O)[C@@H]2F)c(=O)[nH]1,3007908.0,,3007908.0,FAU,"1-(2-Deoxy-2-fluoro-beta-D-arabinofuranosyl)-2,4(1H,3H)-pyrimidinedione"
CS(=O)(=O)O.Oc1ccc(C2CNCCc3c2cc(O)c(O)c3Cl)cc1,49659.0,,3341.0,FENOLDOPAM MESYLATE,Fenoldopam Mesylate
O=C(O)CNC(=O)c1nc(Cl)c2ccccc2c1O,6914666.0,,6914666.0,FG-2216,FG-2216
Cc1nc(C(=O)NCC(=O)O)c(O)c2ccc(Oc3ccccc3)cc12,11256664.0,,11256664.0,FG-4592,FG 4592
CCCCCCN(CCCCCC)C(=O)Cc1c(-c2ccc(F)cc2)[nH]c2ccccc12,132496.0,,132496.0,FGIN-1-27,"2-(4-Fluorophenyl)-N,N-dihexyl-1H-indole-3-acetamide"
Cc1cc([N+](=O)[O-])ccc1NS(=O)(=O)c1cc(Cl)ccc1Cl,3463933.0,,3463933.0,FH535,FH535
C=CC(=O)Nc1ccc(CN2C(=O)N(c3cc(OC)cc(OC)c3)Cc3cnc(Nc4ccc(N5CCN(C)CC5)cc4)nc32)cc1,91825767.0,,91825767.0,FIIN-2,"N-(4-((3-(3,5-Dimethoxyphenyl)-7-((4-(4-methylpiperazin-1-yl)phenyl)amino)-2-oxo-3,4-dihydropyrimido[4,5-d]pyrimidin-1(2H)-yl)methyl)phenyl)acrylamide"
CON(C)C(=O)N1N=C(c2cc(F)ccc2F)S[C@@]1(CCCN)c1ccccc1,44224257.0,,44224257.0,FILANESIB,Filanesib
CCCCCCCCc1ccc(CCC(N)(CO)CO)cc1,107970.0,,107970.0,FINGOLIMOD,Fingolimod
CCCCCCCCc1ccc(CCC(N)(CO)CO)cc1.Cl,107969.0,,107970.0,FINGOLIMOD (FTY720) HCL,Fingolimod Hydrochloride
C=CCC1/C=C(\C)CC(C)CC(OC)C2OC(O)(C(=O)C(=O)N3CCCCC3C(=O)OC(/C(C)=C/C3CCC(O)C(OC)C3)C(C)C(O)CC1=O)C(C)CC2OC,6536850.0,,6536850.0,FK-506,FK-506
O=C(/C=C/c1cccnc1)NCCCCC1CCN(C(=O)c2ccccc2)CC1,6914657.0,,6914657.0,FK866,Daporinad
O=C(/C=C/c1cccnc1)NCCCCC1CCN(C(=O)c2ccccc2)CC1,6914657.0,,6914657.0,"FK866 (APO866, Daporinad)",Daporinad
CN1CC[C@H](c2c(O)cc(O)c3c(=O)cc(-c4ccccc4Cl)oc23)[C@H](O)C1,5287969.0,,5287969.0,FLAVOPIRIDOL (ALVOCIDIB),Alvocidib
O=c1[nH]c(=O)n([C@H]2C[C@H](O)[C@@H](CO)O2)cc1F,5790.0,,5790.0,FLOXURIDINE,Floxuridine
Nc1nc(F)nc2c1ncn2[C@@H]1O[C@H](CO)[C@@H](O)[C@@H]1O,657237.0,,657237.0,FLUDARABINE,Fludarabine
Nc1nc(F)nc2c1ncn2[C@@H]1O[C@H](COP(=O)(O)O)[C@@H](O)[C@@H]1O,30751.0,,30751.0,FLUDARABINE PHOSPHATE,Fludarabine Phosphate
O=c1[nH]cc(F)c(=O)[nH]1,3385.0,,3385.0,FLUOROURACIL,5-Fluorouracil
CC(C)n1c(/C=C/[C@H](O)C[C@H](O)CC(=O)[O-])c(-c2ccc(F)cc2)c2ccccc21.[Na+],23679527.0,,1548972.0,FLUVASTATIN SODIUM,Fluvastatin Sodium
,,,,"FMK, KIN001-242",
COc1cc2c(Oc3ccc(NC(=O)C4(C(=O)Nc5ccc(F)cc5)CC4)cc3F)ccnc2cc1OCCCN1CCOCC1,42642645.0,,42642645.0,FORETINIB,Foretinib
O=C(O)c1ccccc1OP(=O)(O)O,3418.0,,3418.0,FOSFOSAL,Fosfosal
CCOc1ccccc1C1CC(=O)Nc2cc3c(cc21)OCO3,656346.0,,656346.0,FQI-1,"8-(2-ethoxyphenyl)-7,8-dihydro-(1,3)dioxolo(4,5-g)quinolin-6(5H)-one"
CCOc1ccccc1-c1cc(=O)[nH]c2cc3c(cc12)OCO3,56963564.0,,56963564.0,FQI-2,"8-(2-ethoxyphenyl)-5H-[1,3]dioxolo[4,5-g]quinolin-6-one"
Nc1[nH]nc2nnc(-c3c(-c4ccccc4)nn4ccccc34)cc12,11493598.0,,11493598.0,FR-180204,FR-180204
CCn1c(=O)c(-c2ccc(Cl)cc2Cl)cc2cnc(Nc3ccc(N4CCNCC4)c(F)c3)nc21,68060125.0,,68060125.0,FRAX486,Frax486
CCn1c(=O)c(-c2ccc(-c3cncs3)cc2Cl)cc2cnc(Nc3ccc(N4CCN(C)CC4)cc3)nc21,70934541.0,,70934541.0,FRAX597,Frax597
CCOC(=O)NC(=O)/C(C#N)=C/c1ccc(Cl)c(Cl)c1,45100309.0,,45100309.0,FSC231,"Ethyl 2-cyano-3-(3,4-dichlorophenyl)acryloylcarbamate"
COC(=O)[C@H](CCSC)NC(=O)c1ccc(NC[C@@H](N)CS)cc1-c1ccccc1,3005532.0,,3005532.0,FTI-277,Fti 277
,107969.0,,107970.0,"FTY-720, FINGOLIMOD HYDROCHLORIDE; GILENYA; TDI-132; IMUSERA; GILENIA",Fingolimod Hydrochloride
C[C@]12CC[C@@H]3c4ccc(O)cc4C[C@@H](CCCCCCCCCS(=O)CCCC(F)(F)C(F)(F)F)[C@H]3[C@@H]1CC[C@@H]2O,104741.0,,104741.0,FULVESTRANT,Fulvestrant
CCCC[C@@H](C)[C@@H](OC(=O)C[C@@H](CC(=O)O)C(=O)O)[C@H](C[C@@H](C)C[C@H](O)CCCC[C@@H](O)C[C@H](O)[C@H](C)N)OC(=O)C[C@@H](CC(=O)O)C(=O)O,2733487.0,,2733487.0,FUMONISIN B1,Fumonisin B1
,2733487.0,,,FUMONISIN_B1,Fumonisin B1
CC(=O)OCC(CCn1cnc2cnc(N)nc21)COC(C)=O,3324.0,,3324.0,Famciclovir,Famciclovir
NC(N)=Nc1nc(CSCC/C(N)=N/S(N)(=O)=O)cs1,5702160.0,,5702160.0,Famotidine,Famotidine
CC(C)c1c(CN(C)C(C)Cc2ccccc2)n(C)n(-c2ccccc2)c1=O,3326.0,,3326.0,Famprofazone,Famprofazone
CC(=O)O[C@]1(C(C)=O)CC[C@H]2[C@@H]3C[C@H](C)C4=CC(=O)CC[C@]4(C)[C@H]3CC[C@@]21C,6279.0,,6279.0,Farlutin,Medroxyprogesterone Acetate
O=S(=O)(c1cccc2cnccc12)N1CCCNCC1,3547.0,,3547.0,Fasudil,Fasudil
O=S(=O)(c1cccc2cnccc12)N1CCCNCC1,3547.0,,3547.0,Fasudil ,Fasudil
Cl.O=S(=O)(c1cccc2cnccc12)N1CCCNCC1,163751.0,,3547.0,Fasudil (HA-1077) HCl,Fasudil Hydrochloride
Cl.Cl.O=S(=O)(c1cccc2cnccc12)N1CCCNCC1,16219471.0,,3547.0,Fasudil (HA-1077) hydrochloride,HA 1077 dihydrochloride
Cc1nc(-c2ccc(OCC(C)C)c(C#N)c2)sc1C(=O)O,134018.0,,134018.0,Febuxostat,Febuxostat
Cc1cnc(Nc2ccc(OCCN3CCCC3)cc2)nc1Nc1cccc(S(=O)(=O)NC(C)(C)C)c1,16722836.0,,16722836.0,Fedratinib,Fedratinib
Cc1cnc(Nc2ccc(OCCN3CCCC3)cc2)nc1Nc1cccc(S(=O)(=O)NC(C)(C)C)c1,16722836.0,,16722836.0,"Fedratinib (SAR302503, TG101348)",Fedratinib
NC(=O)OCC(COC(N)=O)c1ccccc1,3331.0,,3331.0,Felbamate,Felbamate
CCOC(=O)C1=C(C)NC(C)=C(C(=O)OC)C1c1cccc(Cl)c1Cl,3333.0,,3333.0,Felodipine,Felodipine
COC(=O)Nc1nc2ccc(Sc3ccccc3)cc2[nH]1,3334.0,,3334.0,Fenbendazole,Fenbendazole
O=C(O)CCC(=O)c1ccc(-c2ccccc2)cc1,3335.0,,3335.0,Fenbufen,Fenbufen
COP(=S)(OC)Oc1cc(Cl)c(Cl)cc1Cl,9298.0,,9298.0,Fenchlorphos,Fenchlorphos
CC(NCCC(c1ccccc1)c1ccccc1)c1ccccc1.Cl,5702162.0,,3336.0,Fendiline hydrochloride,Fendiline Hydrochloride
CCCCC(O)c1ccccc1,3338.0,,3338.0,Fenipentol,Fenipentol
CC(C)OC(=O)C(C)(C)Oc1ccc(C(=O)c2ccc(Cl)cc2)cc1,3339.0,,3339.0,Fenofibrate,Fenofibrate
CC(C)(Oc1ccc(C(=O)c2ccc(Cl)cc2)cc1)C(=O)O,64929.0,,64929.0,Fenofibric acid,Fenofibric Acid
CC(C(=O)O)c1cccc(Oc2ccccc2)c1,3342.0,,3342.0,Fenoprofen,Fenoprofen
CC(C(=O)[O-])c1cccc(Oc2ccccc2)c1.CC(C(=O)[O-])c1cccc(Oc2ccccc2)c1.O.O.[Ca+2],64747.0,,3342.0,Fenoprofen calcium,Fenoprofen Calcium
CC1=C(/C=C/C(C)=C/C=C/C(C)=C/C(=O)Nc2ccc(O)cc2)C(C)(C)CCC1,5288209.0,,5288209.0,Fenretinide,Fenretinide
Cl.O=C1NCC2(CCN(CCc3ccccc3)CC2)O1,68626.0,,3344.0,Fenspiride hydrochloride,Fenspiride Hydrochloride
Clc1ccc(C(Cn2ccnc2)OCc2ccc(Sc3ccccc3)cc2)c(Cl)c1.O=[N+]([O-])O,51754.0,,51755.0,Fenticonazole Nitrate,Fenticonazole Nitrate
O=C([O-])/C=C/C(=O)[O-].[Fe+2],6433164.0,,444972.0,Ferrous fumarate,Ferrous Fumarate
COc1cc(/C=C/C(=O)O)ccc1O,445858.0,,445858.0,Ferulic Acid,Ferulic Acid
CC(C)C(=O)Oc1ccc(CO)cc1[C@H](CCN(C(C)C)C(C)C)c1ccccc1.O=C(O)/C=C/C(=O)O,9849808.0,,6918558.0,Fesoterodine fumarate,Fesoterodine Fumarate
CSc1ccc(OCc2ncc([N+](=O)[O-])n2C)cc1,68792.0,,68792.0,Fexinidazole,Fexinidazole
CC(C)(C(=O)O)c1ccc(C(O)CCCN2CCC(C(O)(c3ccccc3)c3ccccc3)CC2)cc1.Cl,63002.0,,3348.0,Fexofenadine hydrochloride,Fexofenadine Hydrochloride
,,505594927.0,,Figitumumab (CP-751871)​,
CON(C)C(=O)N1N=C(c2cc(F)ccc2F)S[C@@]1(CCCN)c1ccccc1,44224257.0,,44224257.0,Filanesib,Filanesib
O=C(Nc1nc2cccc(-c3ccc(CN4CCS(=O)(=O)CC4)cc3)n2n1)C1CC1,49831257.0,,49831257.0,Filgotinib,Filgotinib
O=C(Nc1nc2cccc(-c3ccc(CN4CCS(=O)(=O)CC4)cc3)n2n1)C1CC1,49831257.0,,49831257.0,Filgotinib (GLPG0634),Filgotinib
CCCCc1nc(C)c(CC(=S)N(C)C)c(=O)n1Cc1ccc(-c2ccccc2-c2nn[nH]n2)cc1,9870652.0,,9870652.0,Fimasartan(BR-A-657),Fimasartan
COc1ccc(-c2nc(N3CCOCC3)c3sc(CN(C)c4ncc(C(=O)NO)cn4)cc3n2)cn1,54575456.0,,54575456.0,Fimepinostat,Fimepinostat
CC(C)(C)NC(=O)[C@H]1CC[C@H]2[C@@H]3CC[C@H]4NC(=O)C=C[C@]4(C)[C@H]3CC[C@]12C,57363.0,,57363.0,Finasteride,Finasteride
CCCCCCCCc1ccc(CCC(N)(CO)CO)cc1,107970.0,,107970.0,Fingolimod,Fingolimod
CCCCCCCCc1ccc(CCC(N)(CO)CO)cc1.Cl,107969.0,,107970.0,Fingolimod (FTY720) HCl,Fingolimod Hydrochloride
O=C(COc1ccc(Cl)cc1)N1CCN(Cc2ccc3c(c2)OCO3)CC1,3351.0,,3351.0,Fipexide,Fipexide
N#Cc1nn(-c2c(Cl)cc(C(F)(F)F)cc2Cl)c(N)c1S(=O)C(F)(F)F,3352.0,,3352.0,Fipronil,Fipronil
Cc1cc2nc3c(=O)[nH]c(=O)nc-3n(C[C@H](O)[C@H](O)[C@H](O)COP(=O)(O)O)c2cc1C,643976.0,,643976.0,Flavin mononucleotide,Flavin Mononucleotide
CN1CC[C@H](c2c(O)cc(O)c3c(=O)cc(-c4ccccc4Cl)oc23)[C@H](O)C1,5287969.0,,5287969.0,Flavopiridol,Alvocidib
CN1CC[C@H](c2c(O)cc(O)c3c(=O)cc(-c4ccccc4Cl)oc23)[C@H](O)C1,5287969.0,,5287969.0,Flavopiridol (Alvocidib),Alvocidib
CN1CC[C@H](c2c(O)cc(O)c3c(=O)cc(-c4ccccc4Cl)oc23)[C@H](O)C1,5287969.0,,5287969.0,Flavopiridol (Alvocidib) hydrochloride,Alvocidib
CN1CC[C@H](c2c(O)cc(O)c3c(=O)cc(-c4ccccc4Cl)oc23)[C@H](O)C1.Cl,9910986.0,,5287969.0,Flavopiridol HCl,Flavopiridol hydrochloride
Cc1c(-c2ccccc2)oc2c(C(=O)OCCN3CCCCC3)cccc2c1=O.Cl,441345.0,,3354.0,Flavoxate hydrochloride,Flavoxate Hydrochloride
CCC(=O)c1c(O)cc(O)cc1O,3362.0,,3362.0,Flopropione,Flopropione
CS(=O)(=O)c1ccc([C@@H](O)[C@@H](CF)NC(=O)C(Cl)Cl)cc1,114811.0,,114811.0,Florfenicol,Florfenicol
O=c1[nH]c(=O)n([C@H]2C[C@H](O)[C@@H](CO)O2)cc1F,5790.0,,5790.0,Floxuridine,Floxuridine
COC(=O)Nc1nc2ccc(C(=O)c3ccc(F)cc3)cc2[nH]1,35802.0,,35802.0,Flubendazole,Flubendazole
OC(Cn1cncn1)(Cn1cncn1)c1ccc(F)cc1F,3365.0,,3365.0,Fluconazole,Fluconazole
Nc1nc(F)nc2c1ncn2[C@@H]1O[C@H](CO)[C@@H](O)[C@@H]1O,657237.0,,657237.0,Fludarabine,Fludarabine
Nc1nc(F)nc2c1ncn2[C@@H]1O[C@H](CO)[C@@H](O)[C@@H]1O,657237.0,,657237.0,Fludarabine   ,Fludarabine
Nc1nc(F)nc2c1ncn2[C@@H]1O[C@H](COP(=O)(O)O)[C@@H](O)[C@@H]1O,30751.0,,30751.0,Fludarabine Phosphate,Fludarabine Phosphate
Nc1nc(F)nc2c1ncn2[C@@H]1O[C@H](COP(=O)(O)O)[C@@H](O)[C@@H]1O,30751.0,,30751.0,Fludarabine phosphate,Fludarabine Phosphate
CC(=O)OCC(=O)[C@@]1(O)CC[C@H]2[C@@H]3CCC4=CC(=O)CC[C@]4(C)[C@@]3(F)[C@@H](O)C[C@@]21C,225609.0,,225609.0,Fludrocortisone acetate,Fludrocortisone Acetate
O=C(O)c1ccccc1Nc1cccc(C(F)(F)F)c1,3371.0,,3371.0,Flufenamic acid,Flufenamic Acid
CCOC(=O)c1ncn2c1CN(C)C(=O)c1cc(F)ccc1-2,3373.0,,3373.0,Flumazenil,Flumazenil
CC1CCc2cc(F)cc3c(=O)c(C(=O)O)cn1c23,3374.0,,3374.0,Flumequine,Flumequine
C[C@@H]1C[C@H]2[C@@H]3C[C@H](F)C4=CC(=O)C=C[C@]4(C)[C@@]3(F)[C@@H](O)C[C@]2(C)[C@@]1(O)C(=O)CO,16490.0,,16490.0,Flumethasone,Flumethasone
Cl.Cl.Fc1ccc(C(c2ccc(F)cc2)N2CCN(C/C=C/c3ccccc3)CC2)cc1,5282407.0,,941361.0,Flunarizine dihydrochloride,Flunarizine Hydrochloride
CNC[C@H](O)[C@@H](O)[C@H](O)[C@H](O)CO.Cc1c(Nc2ncccc2C(=O)O)cccc1C(F)(F)F,39212.0,,,Flunixin meglumin,Flunixin Meglumine
CC1(C)O[C@@H]2C[C@H]3[C@@H]4C[C@H](F)C5=CC(=O)C=C[C@]5(C)[C@@]4(F)[C@@H](O)C[C@]3(C)[C@]2(C(=O)CO)O1,6215.0,,6215.0,Fluocinolone acetonide,Fluocinolone Acetonide
CC(=O)OCC(=O)[C@@]12OC(C)(C)O[C@@H]1C[C@H]1[C@@H]3C[C@H](F)C4=CC(=O)C=C[C@]4(C)[C@@]3(F)[C@@H](O)C[C@@]12C,9642.0,,9642.0,Fluocinonide,Fluocinonide
O=C1OC2(c3ccc(O)cc3Oc3cc(O)ccc32)c2ccccc21,16850.0,,16850.0,Fluorescein,Fluorescein
Nc1[nH]c(=O)ncc1F,3366.0,,3366.0,Fluorocytosine,Flucytosine
CC(=O)C1(O)CCC2C3CC(C)C4=CC(=O)C=CC4(C)C3(F)C(O)CC21C,3384.0,,3384.0,Fluoromethalone,"9-Fluoro-11,17-dihydroxy-6-methylpregna-1,4-diene-3,20-dione"
O=c1[nH]cc(F)c(=O)[nH]1,3385.0,,3385.0,Fluorouracil,5-Fluorouracil
O=c1[nH]cc(F)c(=O)[nH]1,3385.0,,3385.0,"Fluorouracil (5-Fluoracil, 5-FU)",5-Fluorouracil
CNCCC(Oc1ccc(C(F)(F)F)cc1)c1ccccc1,3386.0,,3386.0,Fluoxetine,Fluoxetine
CNCCC(Oc1ccc(C(F)(F)F)cc1)c1ccccc1.Cl,62857.0,,3386.0,Fluoxetine hydrochloride,Reconcile
C[C@]1(O)CC[C@H]2[C@@H]3CCC4=CC(=O)CC[C@]4(C)[C@@]3(F)[C@@H](O)C[C@@]21C,6446.0,,6446.0,Fluoxymesterone,Fluoxymesterone
Cl.OCCN1CCN(CC/C=C2/c3ccccc3Sc3ccc(C(F)(F)F)cc32)CC1,10140115.0,,5281881.0,Flupenthixol dihydrochloride,Flupenthixol dihydrochloride
OCCN1CCN(CCCN2c3ccccc3Sc3ccc(C(F)(F)F)cc32)CC1,3372.0,,3372.0,Fluphenazine,Fluphenazine
Cl.Cl.OCCN1CCN(CCCN2c3ccccc3Sc3ccc(C(F)(F)F)cc32)CC1,67356.0,,3372.0,Fluphenazine dihydrochloride,Fluphenazine Hydrochloride
Cl.Cl.OCCN1CCN(CCCN2c3ccccc3Sc3ccc(C(F)(F)F)cc32)CC1,67356.0,,3372.0,Fluphenazine hydrochloride,Fluphenazine Hydrochloride
CCOC(=O)Nc1ccc(NCc2ccc(F)cc2)nc1N.O=C(O)/C=C\C(=O)O,6435335.0,,53276.0,Flupirtine maleate,Flupirtine Maleate
CC(C(=O)O)c1ccc(-c2ccccc2)c(F)c1,3394.0,,3394.0,Flurbiprofen,Flurbiprofen
CC(C)C(=O)Nc1ccc([N+](=O)[O-])c(C(F)(F)F)c1,3397.0,,3397.0,Flutamide,Flutamide
CCC(=O)O[C@]1(C(=O)SCF)[C@H](C)C[C@H]2[C@@H]3C[C@H](F)C4=CC(=O)C=C[C@]4(C)[C@@]3(F)[C@@H](O)C[C@@]21C,444036.0,,444036.0,Fluticasone propionate,Fluticasone Propionate
CC(C)n1c(/C=C/[C@H](O)C[C@H](O)CC(=O)O)c(-c2ccc(F)cc2)c2ccccc21,1548972.0,,1548972.0,Fluvastatin,Fluvastatin
CC(C)n1c(/C=C/[C@H](O)C[C@H](O)CC(=O)[O-])c(-c2ccc(F)cc2)c2ccccc21.[Na+],23679527.0,,1548972.0,Fluvastatin sodium salt,Fluvastatin Sodium
COCCCC/C(=N\OCCN)c1ccc(C(F)(F)F)cc1.O=C(O)/C=C\C(=O)O,9560989.0,,5324346.0,Fluvoxamine maleate,Fluvoxamine Maleate
Nc1nc2ncc(CNc3ccc(C(=O)N[C@@H](CCC(=O)O)C(=O)O)cc3)nc2c(=O)[nH]1,135398658.0,,135398658.0,Folic acid,Folic Acid
Nc1nc2c(c(=O)[nH]1)N(C=O)C(CNc1ccc(C(=O)N[C@@H](CCC(=O)[O-])C(=O)[O-])cc1)CN2.[Ca+2],135403647.0,,135403648.0,Folinic Acid Calcium Salt Pentahydrate ,Leucovorin Calcium
COc1cc2c(Oc3ccc(NC(=O)C4(C(=O)Nc5ccc(F)cc5)CC4)cc3F)ccnc2cc1OCCCN1CCOCC1,42642645.0,,42642645.0,Foretinib,Foretinib
COc1cc2c(Oc3ccc(NC(=O)C4(C(=O)Nc5ccc(F)cc5)CC4)cc3F)ccnc2cc1OCCCN1CCOCC1,42642645.0,,42642645.0,Foretinib ,Foretinib
COc1cc2c(Oc3ccc(NC(=O)C4(C(=O)Nc5ccc(F)cc5)CC4)cc3F)ccnc2cc1OCCCN1CCOCC1,42642645.0,,42642645.0,Foretinib (GSK1363089),Foretinib
COc1cc2c(Oc3ccc(NC(=O)C4(C(=O)Nc5ccc(F)cc5)CC4)cc3F)ccnc2cc1OCCCN1CCOCC1,42642645.0,,42642645.0,Foretinib (XL880),Foretinib
C[C@]12CCC(=O)C(O)=C1CC[C@@H]1[C@@H]2CC[C@]2(C)C(=O)CC[C@@H]12,11273.0,,11273.0,Formestane,Formestane
COc1ccc(-c2coc3cc(O)ccc3c2=O)cc1,5280378.0,,5280378.0,Formononetin,Formononetin
C=C[C@@]1(C)CC(=O)[C@]2(O)[C@@]3(C)[C@@H](O)CCC(C)(C)[C@@H]3[C@H](O)[C@H](OC(C)=O)[C@@]2(C)O1,47936.0,,47936.0,Forskolin,Forskolin
CNC[C@H](O)[C@@H](O)[C@H](O)[C@H](O)CO.CNC[C@H](O)[C@@H](O)[C@H](O)[C@H](O)CO.C[C@@H](O[C@H]1OCCN(Cc2nn(P(=O)(O)O)c(=O)[nH]2)[C@H]1c1ccc(F)cc1)c1cc(C(F)(F)F)cc(C(F)(F)F)c1,135564864.0,,135413538.0,Fosaprepitant dimeglumine,Fosaprepitant Dimeglumine
C[C@@H]1O[C@@H]1P(=O)([O-])[O-].[Ca+2],93095.0,,446987.0,Fosfomycin calcium,Fosfomycin calcium
CCC(=O)OC(OP(=O)(CCCCc1ccccc1)CC(=O)N1C[C@H](C2CCCCC2)C[C@H]1C(=O)[O-])C(C)C.[Na+],23681451.0,,55891.0,Fosinopril sodium,Fosinopril Sodium
COc1cc(Nc2ncc(F)c(Nc3ccc4c(n3)N(COP(=O)(O)O)C(=O)C(C)(C)O4)n2)cc(OC)c1OC,11671467.0,,11671467.0,Fostamatinib,Fostamatinib
COc1cc(Nc2ncc(F)c(Nc3ccc4c(n3)N(COP(=O)(O)O)C(=O)C(C)(C)O4)n2)cc(OC)c1OC,11671467.0,,11671467.0,Fostamatinib (R788),Fostamatinib
,,,,Fostamatinib aq,
COc1cc(Nc2ncc(F)c(Nc3ccc4c(n3)N(COP(=O)([O-])[O-])C(=O)C(C)(C)O4)n2)cc(OC)c1OC.O.O.O.O.O.O.[Na+].[Na+],24828759.0,,11671467.0,Fostamatinib disodium hexahydrate,Fostamatinib Disodium
COc1cc2ccc(=O)oc2c(O)c1O,5273569.0,,5273569.0,Fraxetin,Fraxetin
OCC1(O)OC[C@@H](O)[C@@H](O)[C@@H]1O,2723872.0,,2723872.0,Fructose,D-Fructose
CNC(=O)c1c(C)oc2cc(Oc3ncnc4cc(OC)c(OC)cc34)ccc12,44480399.0,,44480399.0,Fruquintinib,Fruquintinib
Cc1cccc(C)c1NC(=O)c1ccccc1C(=O)O,71895.0,,71895.0,Ftaxilide,Ftaxilide
N[C@@H](CSCCCO)C(=O)O,134669.0,,134669.0,Fudosteine,Fudosteine
C[C@]12CC[C@@H]3c4ccc(O)cc4C[C@@H](CCCCCCCCCS(=O)CCCC(F)(F)C(F)(F)F)[C@H]3[C@@H]1CC[C@@H]2O,104741.0,,104741.0,Fulvestrant,Fulvestrant
NC(=O)N/N=C/c1ccc([N+](=O)[O-])o1,5447130.0,,5447130.0,Furacilin,Nitrofurazone
Cl.O=C1OC(CN2CCOCC2)CN1/N=C/c1ccc([N+](=O)[O-])o1,9576185.0,,9553856.0,Furaltadone hydrochloride,Furaltadone hydrochloride
O=C1OCCN1/N=C/c1ccc([N+](=O)[O-])o1,5323714.0,,5323714.0,Furazolidone,Furazolidone
NS(=O)(=O)c1cc(C(=O)O)c(NCc2ccco2)cc1Cl,3440.0,,3440.0,Furosemide,Furosemide
CC(=O)O[C@H]1C[C@@]2(C)[C@@H](C[C@@H](O)[C@H]3[C@@]4(C)CC[C@@H](O)[C@@H](C)[C@@H]4CC[C@@]32C)/C1=C(\CCC=C(C)C)C(=O)O,3000226.0,,3000226.0,Fusidine,Fusidic Acid
CN1CCC(Nc2nc(Nc3ccc(Oc4ccccc4)cc3)c3c(=O)[nH]cc(Br)c3n2)CC1,78357765.0,,78357765.0,G-749,Denfivontinib
CC(C)C[C@H](N)C=O.C[C@@H](O)[C@@H](C=O)NC(=O)[C@H](CS)NC(=O)[C@H](CCC(N)=O)NC(=O)CNC(=O)[C@H](CCC(N)=O)NC(=O)[C@@H](N)CO,177692691.0,,177692692.0,G3,H-Ser-Gln-Gly-Gln-Cys-Thr-al.H-Leu-al
COC(=O)NC1(NC(=O)OC)NC(=O)c2cc(OC)c(OC)c(OC)c2N1,353472.0,,353472.0,GALLIBISCOQUINAZOLE,Gallibiscoquinazole
CN(C)c1ccccc1CN1CCCN(Cc2ccccc2N(C)C)C1c1ccncc1,421610.0,,421610.0,GANT 61,"2,2'-((Dihydro-2-(4-pyridinyl)-1,3(2H,4H)-pyrimidinediyl)bis(methylene))bis(N,N-dimethylbenzenamine)"
CN(C)c1ccccc1CN1CCCN(Cc2ccccc2N(C)C)C1c1ccncc1,421610.0,,421610.0,GANT-61,"2,2'-((Dihydro-2-(4-pyridinyl)-1,3(2H,4H)-pyrimidinediyl)bis(methylene))bis(N,N-dimethylbenzenamine)"
COc1c(N2CCNC(C)C2)c(F)cc2c(=O)c(C(=O)O)cn(C3CC3)c12,5379.0,,5379.0,GATIFLOXACIN,Gatifloxacin
Cl.Cl.Fc1ccc(C(OCCN2CCN(CCCc3ccccc3)CC2)c2ccc(F)cc2)cc1,104920.0,,3455.0,GBR 12909 dihydrochloride,Vanoxerine dihydrochloride
CS(=O)(=O)N1CCN(Cc2cc3nc(-c4cccc5[nH]ncc45)nc(N4CCOCC4)c3s2)CC1,17755052.0,,17755052.0,GDC 0941,Pictilisib
Cc1nc(-c2cn3c(n2)-c2ccc(-c4cnn(C(C)(C)C(N)=O)c4)cc2OCC3)n(C(C)C)n1,51001932.0,,51001932.0,GDC-0032,Taselisib
CC(C)NC[C@@H](C(=O)N1CCN(c2ncnc3c2[C@H](C)C[C@H]3O)CC1)c1ccc(Cl)cc1,24788740.0,,24788740.0,GDC-0068,Ipatasertib
CC1(C)OCCn2c1nc1c(N3CCOCC3)nc(-c3cnc(N)nc3)nc12,57384863.0,,57384863.0,GDC-0084,Paxalisib
CN[C@@H](C)C(=O)N[C@H](C(=O)N1CCC[C@H]1C(=O)Nc1snnc1-c1ccccc1)C1CCCCC1,46940575.0,,46940575.0,GDC-0152,Gdc-0152
CCNC(=O)Nc1ccc(-c2nc3c(c(N4CCOC[C@@H]4C)n2)CCN(C2COC2)C3)cc1,59239165.0,,59239165.0,GDC-0349,Gdc-0349
CS(=O)(=O)c1ccc(C(=O)Nc2ccc(Cl)c(-c3ccccn3)c2)c(Cl)c1,24776445.0,,24776445.0,GDC-0449,Vismodegib
O=C(NOCCO)c1ccc2cncn2c1Nc1ccc(I)cc1F,42642654.0,,42642654.0,GDC-0623,Gdc-0623
CC/C(=C(/c1ccc(/C=C/C(=O)O)cc1)c1ccc2[nH]ncc2c1)c1ccc(F)cc1Cl,56941241.0,,56941241.0,GDC-0810,Brilanestrant
C[C@H]1CN(C2COC2)CCN1c1ccc(Nc2cc(-c3ccnc(N4CCn5c(cc6c5CC(C)(C)C6)C4=O)c3CO)cn(C)c2=O)nc1,86567195.0,,86567195.0,GDC-0853,Fenebrutinib
OCCn1cc(-c2ccc3c(c2)CC/C3=N\O)c(-c2ccncc2)n1,11717001.0,,11717001.0,GDC-0879,Gdc-0879
OC1CCC([C@H](O)C[C@H]2c3c(F)cccc3-c3cncn32)CC1,70914230.0,,70914230.0,GDC-0919,"trans-4-((1R)-2-((5S)-6-Fluoro-5H-imidazo(5,1-a)isoindol-5-yl)-1-hydroxyethyl)cyclohexanol"
CS(=O)(=O)N1CCN(Cc2cc3nc(-c4cccc5[nH]ncc45)nc(N4CCOCC4)c3s2)CC1,17755052.0,,17755052.0,GDC-0941,Pictilisib
Cc1c(CN2CCN(C(=O)[C@H](C)O)CC2)sc2c(N3CCOCC3)nc(-c3cnc(N)nc3)nc12,25254071.0,,25254071.0,GDC-0980,Apitolisib
Cc1c(CN2CCN(C(=O)[C@H](C)O)CC2)sc2c(N3CCOCC3)nc(-c3cnc(N)nc3)nc12,25254071.0,,25254071.0,GDC-0980 (RG7422),Apitolisib
Cn1nccc1Nc1nccc(-c2ccn([C@H](CO)c3ccc(Cl)c(F)c3)c(=O)c2)n1,71727581.0,,71727581.0,GDC-0994,Ravoxertinib
CC(C)NC[C@@H](C(=O)N1CCN(c2ncnc3c2[C@H](C)C[C@H]3O)CC1)c1ccc(Cl)cc1,24788740.0,,24788740.0,GDC0068 (Ipatasertib),Ipatasertib
CS(=O)(=O)N1CCN(Cc2cc3nc(-c4cccc5[nH]ncc45)nc(N4CCOCC4)c3s2)CC1,17755052.0,,17755052.0,GDC0941,Pictilisib
COc1cc2ncnc(Nc3ccc(F)c(Cl)c3)c2cc1OCCCN1CCOCC1,123631.0,,123631.0,GEFITINIB,Gefitinib
Nc1ccn([C@@H]2O[C@H](CO)[C@@H](O)C2(F)F)c(=O)n1,60750.0,,60750.0,GEMCITABINE,Gemcitabine
Cl.Nc1ccn([C@@H]2O[C@H](CO)[C@@H](O)C2(F)F)c(=O)n1,60749.0,,60750.0,GEMCITABINE HYDROCHLORIDE,Gemcitabine Hydrochloride
,,,,GENENTECH CPD 10,
CNCCn1c(=O)c2cc(OC)c(OC)cc2c2cnc3cc4c(cc3c21)OCO4,10294813.0,,10294813.0,GENZ-644282,Genz-644282
CN(C)CCCn1cc(C2=C(c3c[nH]c4ccccc34)C(=O)NC2=O)c2ccccc21,2396.0,,2396.0,GF109203X,"3-(1-(3-(Dimethylamino)propyl)-1H-indol-3-yl)-4-(1H-indol-3-yl)-1H-pyrrole-2,5-dione"
CN(C)c1cccc(-c2c3c(=O)n(-c4ccccc4Cl)[nH]c3cc(=O)n2C)c1,58496428.0,,58496428.0,GKT137831,"2-(2-chlorophenyl)-4-(3-(dimethylamino)phenyl)-5-methyl-1H-pyrazolo(4,3-C)pyridine-3,6(2H,5H)-dione"
N#CNC(=NCCCCCCOc1ccc(Cl)cc1)Nc1ccncc1,148198.0,,148198.0,GMX-1778,Chs-828
CNc1nc(Nc2cn(C(C)(C)C#N)nc2C)ncc1C(F)(F)F,69093374.0,,69093374.0,GNE-0877,Dnl-201
,70676303.0,,,"GNE-317, GNE317, GNE 317","5-(6-(3-Methoxyoxetan-3-yl)-4-morpholinothieno[3,2-d]pyrimidin-2-yl)pyrimidin-2-amine"
CCNc1nc(Nc2cc(F)c(C(=O)N3CCOCC3)cc2OC)ncc1C(F)(F)F,58539171.0,,58539171.0,GNE-7915,Gne-7915
CNc1nc(Nc2cnn([C@H]3CCN(C4COC4)C[C@@H]3F)c2Cl)ncc1C(F)(F)F,76328936.0,,76328936.0,GNE-9605,Gne-9605
NC(=O)c1cccc(-c2cc(Nc3ccc(OC(F)(F)F)cc3)ncn2)c1,5311510.0,,5311510.0,GNF-2,Gnf-2
O=C(NCCO)c1cccc(-c2cc(Nc3ccc(OC(F)(F)F)cc3)ncn2)c1,44129660.0,,44129660.0,GNF-5,N-(2-hydroxyethyl)-3-(6-((4-(trifluoromethoxy)phenyl)amino)-4-pyrimidinyl)benzamide
Cc1cc2c(C(C)C)c(O)c(O)c(C=O)c2c(O)c1-c1c(C)cc2c(C(C)C)c(O)c(O)c(C=O)c2c1O,3503.0,,3503.0,GOSSYPOL,Gossypol
CC[C@H](Nc1ncnc2nc[nH]c12)c1nc2cccc(F)c2c(=O)n1-c1ccccc1,11625818.0,,11625818.0,GS-1101,Idelalisib
CC(C)OC(=O)[C@H](C)N[P@](=O)(CO[C@H](C)Cn1cnc2c(N)ncnc21)Oc1ccccc1,9574768.0,,9574768.0,GS-7340 Tenofovir alafenamide,Tenofovir Alafenamide
c1cn2cc(-c3ccc4cn[nH]c4c3)nc(Nc3ccc(N4CCOCC4)cc3)c2n1,59473233.0,,59473233.0,GS-9973,Entospletinib
CCn1c(-c2nonc2N)nc2cnc(Oc3cccc(NC(=O)c4ccc(OCCN5CCOCC5)cc4)c3)cc21,16095342.0,,16095342.0,GSK 269962A,Gsk-269962A
CC(C)(C)OC(=O)CN(Cc1ccc(Cl)cc1)Cc1ccc([N+](=O)[O-])s1,50905018.0,,50905018.0,GSK 4112,Gsk4112
CCOC(=O)CCNc1cc(N2CCc3ccccc3CC2)nc(-c2ccccn2)n1,71729975.0,,71729975.0,GSK J4,Gsk-J4
O=C1NC(=O)/C(=C/c2ccc3nccc(-c4ccncc4)c3c2)S1,23582824.0,,23582824.0,GSK-1059615,Gsk-1059615
CCn1cc(-c2ccnc3[nH]c(-c4cccc(CN(C)C)c4)cc23)c(-c2ccc(NC(=O)N(C)C)cc2)n1,46885626.0,,46885626.0,GSK-1070916,Gsk-1070916
COc1cc2c(cc1-c1c(C)noc1C)ncc1[nH]c(=O)n(C(C)c3ccccn3)c12,52934274.0,,52934274.0,GSK-1210151A,"7-(3,5-Dimethyl-4-isoxazolyl)-8-(methyloxy)-1-[1-(2-pyridinyl)ethyl]-1,3-dihydro-2H-imidazo[4,5-c]quinolin-2-one"
CNC(=O)c1c(F)cccc1Nc1nc(Nc2cc3c(ccn3C(=O)CN(C)C)cc2OC)nc2[nH]ccc12,25113169.0,,25113169.0,GSK-1838705A,Gsk-1838705A
CCc1cc(Nc2nccc(-c3c(-c4ccc(OC)c(C(=O)Nc5c(F)cccc5F)c4)nc4ccccn34)n2)c(OC)cc1N1CCC(N2CCN(S(C)(=O)=O)CC2)CC1,25124816.0,,25124816.0,GSK-1904529A,"N-(2,6-Difluorophenyl)-5-(3-(2-(5-ethyl-4-(4-(4-(methanesulfonyl)piperazin-1-yl)piperidin-1-yl)-2-methoxyanilino)pyrimidin-4-yl)imidazo(1,2-a)pyridin-2-yl)-2-methoxybenzamide"
COc1ncc(-c2ccc3nccc(-c4ccnnc4)c3c2)cc1NS(=O)(=O)c1ccc(F)cc1F,25167777.0,,25167777.0,GSK-2126458,Omipalisib
CNc1nc(-c2ccc3c(N)n[nH]c3c2)cc(N2C[C@@H](C(=O)NC3CCCCC3)CC[C@H]2C)n1,46215815.0,,46215815.0,GSK-2334470,Gsk-2334470
Cc1c(Cn2c(C)nc3c(C(=O)O)cc(N4CCOCC4)cc32)cccc1C(F)(F)F,56949517.0,,56949517.0,GSK-2636771,Gsk-2636771
O=C(O)c1ccc(CN2CCC(CN[C@@H]3C[C@H]3c3ccccc3)CC2)cc1,66571643.0,,66571643.0,GSK-2879552,Gsk-2879552
O=Nc1c(-c2c(O)[nH]c3cc(Br)ccc23)[nH]c2ccccc12,448949.0,,448949.0,GSK-3 inhibitor IX,6-Bromoindirubin-3'-oxime
C[C@@H](Oc1cc(-n2cnc3ccc(CN4CCN(C)CC4)cc32)sc1C(N)=O)c1ccccc1C(F)(F)F,15983966.0,,15983966.0,GSK-461364,5-(6-((4-Methyl-1-piperazinyl)methyl)-1H-benzimidazol-1-yl)-3-((1R)-1-(2-(trifluoromethyl)phenyl)ethoxy)-2-thiophenecarboxamide
CCNC(=O)C[C@@H]1N=C(c2ccc(Cl)cc2)c2cc(OC)ccc2-n2c(C)nnc21,46943432.0,,46943432.0,GSK-525762A(I-BET-762),"(4S)-6-(4-Chlorophenyl)-N-ethyl-8-methoxy-1-methyl-4H-(1,2,4)triazolo(4,3-a)(1,4)benzodiazepine-4-acetamide"
CCn1c(-c2nonc2N)nc2c(C#CC(C)(C)O)ncc(OC[C@H]3CCCNC3)c21,16725726.0,,16725726.0,GSK-690693,Gsk 690693
CCn1c(-c2nonc2N)nc2c(C#CC(C)(C)O)ncc(OC[C@H]3CCCNC3)c21,16725726.0,,16725726.0,GSK-690693 ,Gsk 690693
CCOC(=O)CCNc1cc(N2CCc3ccccc3CC2)nc(-c2ccccn2)n1,71729975.0,,71729975.0,GSK-J4,Gsk-J4
O=C1NC(=O)/C(=C/c2ccc3nccc(-c4ccncc4)c3c2)S1,23582824.0,,23582824.0,GSK1059615,Gsk-1059615
CCn1cc(-c2ccnc3[nH]c(-c4cccc(CN(C)C)c4)cc23)c(-c2ccc(NC(=O)N(C)C)cc2)n1,46885626.0,,46885626.0,GSK1070916,Gsk-1070916
CC(=O)Nc1cccc(-n2c(=O)n(C3CC3)c(=O)c3c(Nc4ccc(I)cc4F)n(C)c(=O)c(C)c32)c1,11707110.0,,11707110.0,GSK1120212,Trametinib
CC[C@H](C)n1cc(C)c2c(C(=O)NCc3c(C)cc(C)[nH]c3=O)cc(-c3ccc(N4CCNCC4)nc3)cc21,68210102.0,,68210102.0,GSK126,Gsk2816126
CC(C)c1noc(N2CCC(COc3ccc(-c4ccc(S(C)(=O)=O)cc4)nc3)CC2)n1,24996872.0,,24996872.0,GSK1292263,Gsk-1292263
CNC(=O)c1c(F)cccc1Nc1nc(Nc2cc3c(ccn3C(=O)CN(C)C)cc2OC)nc2[nH]ccc12,25113169.0,,25113169.0,GSK1838705A,Gsk-1838705A
CCc1cc(Nc2nccc(-c3c(-c4ccc(OC)c(C(=O)Nc5c(F)cccc5F)c4)nc4ccccn34)n2)c(OC)cc1N1CCC(N2CCN(S(C)(=O)=O)CC2)CC1,25124816.0,,25124816.0,GSK1904529A,"N-(2,6-Difluorophenyl)-5-(3-(2-(5-ethyl-4-(4-(4-(methanesulfonyl)piperazin-1-yl)piperidin-1-yl)-2-methoxyanilino)pyrimidin-4-yl)imidazo(1,2-a)pyridin-2-yl)-2-methoxybenzamide"
Cn1ncc(Cl)c1-c1cc(C(=O)N[C@H](CN)Cc2cccc(F)c2)sc1Cl,46843057.0,,46843057.0,GSK2110183,Afuresertib
CC(C)(C)c1nc(-c2cccc(NS(=O)(=O)c3c(F)cccc3F)c2F)c(-c2ccnc(N)n2)s1,44462760.0,,44462760.0,GSK2118436,Dabrafenib
COc1ncc(-c2ccc3nccc(-c4ccnnc4)c3c2)cc1NS(=O)(=O)c1ccc(F)cc1F,25167777.0,,25167777.0,GSK2126458,Omipalisib
COc1ncc(-c2ccc3nccc(-c4ccnnc4)c3c2)cc1NS(=O)(=O)c1ccc(F)cc1F,25167777.0,,25167777.0,GSK2126458 (GSK458),Omipalisib
COc1ncc(-c2ccc3nccc(-c4ccnnc4)c3c2)cc1NS(=O)(=O)c1ccc(F)cc1F,25167777.0,,25167777.0,GSK2126458(Omipalisib),Omipalisib
CONC(=O)c1ccccc1Nc1cc(Nc2cc(C)nn2C(C)C)ncc1Cl,46214930.0,,46214930.0,GSK2256098,Gsk-2256098
COc1ncc(-c2cc(-c3ncc(CN4C[C@@H](C)O[C@@H](C)C4)o3)c3cn[nH]c3c2)cc1NS(C)(=O)=O,49783923.0,,49783923.0,GSK2292767,Gsk-2292767
CNc1nc(-c2ccc3c(N)n[nH]c3c2)cc(N2C[C@@H](C(=O)NC3CCCCC3)CC[C@H]2C)n1,46215815.0,,46215815.0,GSK2334470,Gsk-2334470
O=C(Nc1cccnc1)c1cc(-c2ccnc(F)c2)ccc1OCc1ccccc1,68107965.0,,68107965.0,GSK2578215A,2-(benzyloxy)-5-(2-fluoropyridin-4-yl)-N-(pyridin-3-yl)benzamide
Cn1cc(-c2ccc3c(c2)CCN3C(=O)Cc2cccc(C(F)(F)F)c2)c2c(N)ncnc21,53469448.0,,53469448.0,GSK2606414,Gsk-2606414
Cc1c(Cn2c(C)nc3c(C(=O)O)cc(N4CCOCC4)cc32)cccc1C(F)(F)F,56949517.0,,56949517.0,GSK2636771,Gsk-2636771
Cc1cccc(CC(=O)N2CCc3c2ccc(-c2cn(C)c4ncnc(N)c24)c3F)n1,53469059.0,,53469059.0,GSK2656157,Gsk2656157
CCn1c(-c2nonc2N)nc2cnc(Oc3cccc(NC(=O)c4ccc(OCCN5CCOCC5)cc4)c3)cc21,16095342.0,,16095342.0,GSK269962,Gsk-269962A
CCn1c(-c2nonc2N)nc2cnc(Oc3cccc(NC(=O)c4ccc(OCCN5CCOCC5)cc4)c3)cc21,16095342.0,,16095342.0,GSK269962A,Gsk-269962A
CCCOc1ccn2c(C(C)=O)cc(-c3ccccc3S(C)(=O)=O)c2c1,73010930.0,,73010930.0,GSK2801,Gsk2801
Cc1ncc(Cl)cc1NCc1ccc(C(=O)N[C@@H](CC2CCCC2)C(=O)NC2CC2)s1,70983932.0,,70983932.0,GSK2830371,Gsk2830371
O=C(O)c1ccc(CN2CCC(CN[C@@H]3C[C@H]3c3ccccc3)CC2)cc1,66571643.0,,66571643.0,GSK2879552,Gsk-2879552
CCCc1cc(C)[nH]c(=O)c1CNC(=O)c1cc(-c2ccnc(N3CCN(C)CC3)c2)cc2c1cnn2C(C)C,71268957.0,,71268957.0,GSK343,Gsk 343
,,,,"GSK343, GTPL8240, AOB3680, AK175558",
O=C(NCCS(=O)(=O)c1ccc(C(F)(F)F)cn1)c1ccc(Cl)cc1,2800647.0,,2800647.0,GSK3787,Gsk3787
CC(C)(C)OC(=O)CN(Cc1ccc(Cl)cc1)Cc1ccc([N+](=O)[O-])s1,50905018.0,,50905018.0,GSK4112,Gsk4112
CC1=C(C(=O)Nc2cc3cn[nH]c3cc2F)C(c2ccc(C(F)(F)F)cc2)CC(=O)N1,11373846.0,,11373846.0,GSK429286A,"4-(4-(trifluoromethyl)phenyl)-N-(6-fluoro-1H-indazol-5-yl)-2-methyl-6-oxo-1,4,5,6-tetrahydro-3-pyridinecarboxamide"
C[C@@H](Oc1cc(-n2cnc3ccc(CN4CCN(C)CC4)cc32)sc1C(N)=O)c1ccccc1C(F)(F)F,15983966.0,,15983966.0,GSK461364,5-(6-((4-Methyl-1-piperazinyl)methyl)-1H-benzimidazol-1-yl)-3-((1R)-1-(2-(trifluoromethyl)phenyl)ethoxy)-2-thiophenecarboxamide
CCNC(=O)C[C@@H]1N=C(c2ccc(Cl)cc2)c2cc(OC)ccc2-n2c(C)nnc21,46943432.0,,46943432.0,GSK525762,"(4S)-6-(4-Chlorophenyl)-N-ethyl-8-methoxy-1-methyl-4H-(1,2,4)triazolo(4,3-a)(1,4)benzodiazepine-4-acetamide"
CCNC(=O)C[C@@H]1N=C(c2ccc(Cl)cc2)c2cc(OC)ccc2-n2c(C)nnc21,46943432.0,,46943432.0,GSK525762A,"(4S)-6-(4-Chlorophenyl)-N-ethyl-8-methoxy-1-methyl-4H-(1,2,4)triazolo(4,3-a)(1,4)benzodiazepine-4-acetamide"
,117072552.0,,,"GSK591, EPZ015866, GSK3203591",Gsk591
COc1cccc(-n2c(=O)[nH]c3cc(Cl)n(-c4ccc(-c5cccc(OC)c5O)cc4)c3c2=O)c1,54577153.0,,54577153.0,GSK621,"6-chloro-5-[4-(2-hydroxy-3-methoxyphenyl)phenyl]-3-(3-methoxyphenyl)-1H-pyrrolo[3,2-d]pyrimidine-2,4-dione"
O=C(O)c1ccc(-c2c[nH]c3ncc(-c4ccccc4)cc23)cc1C1CCCC1,25022668.0,,25022668.0,GSK650394,Gsk-650394
CCn1c(-c2nonc2N)nc2c(C#CC(C)(C)O)ncc(OC[C@H]3CCCNC3)c21,16725726.0,,16725726.0,GSK690693,Gsk 690693
CC(C)Oc1ccc(C(=O)N[C@H](CNC(=O)CN(C)C)Cc2ccc(-c3cn4cccc([C@H](C)O)c4n3)cc2)cc1Cl,46898058.0,,46898058.0,GSK923295,Gsk-923295a
COc1ccc(/C=C2\CCCN=C2c2cccnc2)c(OC)c1.Cl.Cl,6438361.0,,5310985.0,GTS 21 dihydrochloride,"3-(2,4-Dimethoxybenzylidene)Anabaseine"
COc1ccc2c(c1)c(CCN1CCOCC1)c(C)n2C(=O)c1cccc(Cl)c1Cl,9911463.0,,9911463.0,GW 405833,"1-(2,3-Dichlorobenzoyl)-5-methoxy-2-methyl-(3-(morpholin-4-yl)ethyl)-1H-indole hydrochloride"
Cl.Cn1cc(/C=C2\C(=O)Nc3cccnc32)c2ccccc21,73755109.0,,9943465.0,GW 441756,GW 441756
COc1cc2ncn(-c3cc(OCc4ccccc4C(F)(F)F)c(C(N)=O)s3)c2cc1OC,9826308.0,,9826308.0,GW 843682X,GW843682X
COc1ccc(COc2ccc(Cc3cnc(N)nc3N)cc2OC)cc1,11617559.0,,11617559.0,GW-2580,GW-2580
COc1ccc2c(c1)c(CCN1CCOCC1)c(C)n2C(=O)c1cccc(Cl)c1Cl,9911463.0,,9911463.0,GW-405833,"1-(2,3-Dichlorobenzoyl)-5-methoxy-2-methyl-(3-(morpholin-4-yl)ethyl)-1H-indole hydrochloride"
O=C1Nc2ccc(I)cc2/C1=C/c1cc(Br)c(O)c(Br)c1,5924208.0,,5924208.0,GW-5074,GW-5074
COc1cc2ncn(-c3cc(OCc4ccccc4C(F)(F)F)c(C(N)=O)s3)c2cc1OC,9826308.0,,9826308.0,GW-843682X,GW843682X
COc1ccc(COc2ccc(Cc3cnc(N)nc3N)cc2OC)cc1,11617559.0,,11617559.0,GW2580,GW-2580
Cl.Cn1cc(/C=C2\C(=O)Nc3cccnc32)c2ccccc21,73755109.0,,9943465.0,GW441756,GW 441756
O=C1Nc2ccc(I)cc2/C1=C/c1cc(Br)c(O)c(Br)c1,5924208.0,,5924208.0,GW5074,GW-5074
O=C(NC1CCOCC1)c1ccc(-c2cc(-c3cn[nH]c3-c3ccccn3)ccn2)cc1,10202642.0,,10202642.0,GW788388,4-(4-(3-(pyridin-2-yl)-1H-pyrazol-4-yl)pyridin-2-yl)-N-(tetrahydro-2H-pyran-4-yl)benzamide
COc1cc2ncn(-c3cc(OCc4ccccc4C(F)(F)F)c(C(N)=O)s3)c2cc1OC,9826308.0,,9826308.0,GW843682X,GW843682X
COc1cc2ncn(-c3cc(OCc4ccccc4C(F)(F)F)c(C(N)=O)s3)c2cc1OC,9826308.0,,9826308.0,GW843682X (AN-13),GW843682X
COc1c/c(=C2/C=c3ccccc3=N2)[nH]/c1=C/c1[nH]c(C)cc1C,11244031.0,,11244031.0,GX15-070,"(2E)-2-[(5E)-5-[(3,5-dimethyl-1H-pyrrol-2-yl)methylidene]-4-methoxypyrrol-2-ylidene]indole"
CS(=O)(=O)O.CS(=O)(=O)O.Cc1ccc(C(=O)Nc2ccc(CN3CCN(C)CC3)c(C(F)(F)F)c2)cc1C#Cc1cnc2[nH]ncc2c1,71519689.0,,51038269.0,GZD824,Olverembatinib dimesylate
NCC1(CC(=O)O)CCCCC1,3446.0,,3446.0,Gabapentin,Gabapentin
CCOC(=O)c1ccc(OC(=O)CCCCCN=C(N)N)cc1.CS(=O)(=O)O,6604561.0,,3447.0,Gabexate mesylate,Gabexate Mesilate
Br.COc1ccc2c3c1OC1CC(O)C=CC31CCN(C)C2,21946319.0,,3449.0,Galanthamine HBr,Galantamine Hydrobromide Racemic (15 mg)
C[C@@H]1C=C2C(=O)O[C@@H]3CC[C@H](C1)C23O,124194922.0,,124194922.0,Galiellalactone,Galiellalactone
CC[N+](CC)(CC)CCOc1cccc(OCC[N+](CC)(CC)CC)c1OCC[N+](CC)(CC)CC.[I-].[I-].[I-],6172.0,,3450.0,Gallamine triethiodide,Gallamine Triethiodide
O=C(O)c1cc(O)c(O)c(O)c1,370.0,,370.0,Gallic acid,Gallic Acid
Cc1cccc(-c2nn3c(c2-c2ccnc4ccc(C(N)=O)cc24)CCC3)n1,10090485.0,,10090485.0,Galunisertib,Galunisertib
Cc1cccc(-c2nn3c(c2-c2ccnc4ccc(C(N)=O)cc24)CCC3)n1,10090485.0,,10090485.0,Galunisertib (LY2157299),Galunisertib
Nc1nc2c(ncn2COC(CO)CO)c(=O)[nH]1,135398740.0,,135398740.0,Ganciclovir,Ganciclovir
Cc1cc(Nc2cc(CN3CCOCC3)c3nc(C)c(Cc4ccc(Cl)cc4F)n3n2)n[nH]1,46213929.0,,46213929.0,Gandotinib,Gandotinib
Cc1cc(Nc2cc(CN3CCOCC3)c3nc(C)c(Cc4ccc(Cl)cc4F)n3n2)n[nH]1,46213929.0,,46213929.0,Gandotinib (LY2784544),Gandotinib
CC(C)c1cc(-c2n[nH]c(=O)n2-c2ccc3c(ccn3C)c2)c(O)cc1O,135564985.0,,135564985.0,Ganetespib,Ganetespib
CC(C)c1cc(-c2n[nH]c(=O)n2-c2ccc3c(ccn3C)c2)c(O)cc1O,135564985.0,,135564985.0,Ganetespib (STA-9090),Ganetespib
,,505635345.0,,Ganitumab (AMG-479)​,
OCc1ccc(O[C@@H]2O[C@H](CO)[C@@H](O)[C@H](O)[C@H]2O)cc1,115067.0,,115067.0,Gastrodin ,Gastrodin
CN(C)C1CCN(C(=O)c2ccc(NC(=O)Nc3ccc(-c4nc(N5CCOCC5)nc(N5CCOCC5)n4)cc3)cc2)CC1,44516953.0,,44516953.0,Gedatolisib,Gedatolisib
CN(C)C1CCN(C(=O)c2ccc(NC(=O)Nc3ccc(-c4nc(N5CCOCC5)nc(N5CCOCC5)n4)cc3)cc2)CC1,44516953.0,,44516953.0,Gedatolisib (PF-05212384),Gedatolisib
CN(C)C1CCN(C(=O)c2ccc(NC(=O)Nc3ccc(-c4nc(N5CCOCC5)nc(N5CCOCC5)n4)cc3)cc2)CC1,44516953.0,,44516953.0,"Gedatolisib (PF-05212384, PKI-587)",Gedatolisib
COc1cc2ncnc(Nc3ccc(F)c(Cl)c3)c2cc1OCCCN1CCOCC1,123631.0,,123631.0,Gefitinib,Gefitinib
COc1cc2ncnc(Nc3ccc(F)c(Cl)c3)c2cc1OCCCN1CCOCC1,123631.0,,123631.0,Gefitinib ,Gefitinib
COc1cc2ncnc(Nc3ccc(F)c(Cl)c3)c2cc1OCCCN1CCOCC1,123631.0,,123631.0,Gefitinib  ,Gefitinib
COc1cc2ncnc(Nc3ccc(F)c(Cl)c3)c2cc1OCCCN1CCOCC1,123631.0,,123631.0,Gefitinib (ZD1839),Gefitinib
COC1=C2C[C@@H](C)C[C@H](OC)[C@H](O)[C@@H](C)/C=C(\C)[C@H](OC(N)=O)[C@@H](OC)/C=C\C=C(/C)C(=O)NC(=CC1=O)C2=O,5288382.0,,5288382.0,Geldanamycin,Geldanamycin
Nc1ccn([C@@H]2O[C@H](CO)[C@@H](O)C2(F)F)c(=O)n1,60750.0,,60750.0,Gemcitabine,Gemcitabine
Nc1ccn([C@@H]2O[C@H](CO)[C@@H](O)C2(F)F)c(=O)n1,60750.0,,60750.0,Gemcitabine ,Gemcitabine
Cl.Nc1ccn([C@@H]2O[C@H](CO)[C@@H](O)C2(F)F)c(=O)n1,60749.0,,60750.0,Gemcitabine hydrochloride,Gemcitabine Hydrochloride
Nc1ncn([C@@H]2O[C@H](CO)[C@@H](O)C2(F)F)c(=O)n1,66944285.0,,66944285.0,Gemcitibine,"4-amino-1-[(2R,4R,5R)-3,3-difluoro-4-hydroxy-5-(hydroxymethyl)tetrahydrofuran-2-yl]-1,3,5-triazin-2-one"
Cc1ccc(C)c(OCCCC(C)(C)C(=O)O)c1,3463.0,,3463.0,Gemfibrozil,Gemfibrozil
CO/N=C1\CN(c2nc3c(cc2F)c(=O)c(C(=O)O)cn3C2CC2)CC1CN.CS(=O)(=O)O,9588170.0,,9571107.0,Gemifioxacin mesylate,Gemifloxacin Mesylate
COC(=O)C1=CO[C@@H](O)[C@@H]2C(CO)=CC[C@H]12,442424.0,,442424.0,Genipin,(+)-Genipin
COC(=O)C1=CO[C@@H](O[C@@H]2O[C@H](CO)[C@@H](O)[C@H](O)[C@H]2O)[C@@H]2C(CO)=CC[C@H]12,107848.0,,107848.0,Geniposide,Geniposide
O=C(O)C1=CO[C@@H](O[C@@H]2O[C@H](CO)[C@@H](O)[C@H](O)[C@H]2O)[C@@H]2C(CO)=CC[C@H]12,443354.0,,443354.0,Geniposidic Acid,Geniposidic Acid
O=c1c(-c2ccc(O)cc2)coc2cc(O)cc(O)c12,5280961.0,,5280961.0,Genistein,Genistein
,15574863.0,,,Gentamycin sulfate,Gentamycin Sulfate EP Impurity C
C#C[C@]1(O)C=C[C@H]2[C@@H]3CCC4=CC(=O)CC[C@@H]4[C@H]3CC[C@@]21CC,3033968.0,,3033968.0,Gestodene,Gestodene
CCc1nc(C(N)=O)c(Nc2ccc(N3CCC(N4CCN(C)CC4)CC3)c(OC)c2)nc1NC1CCOCC1,49803313.0,,49803313.0,Gilteritinib,Gilteritinib
O=c1cc(O)c(Cl)c[nH]1,54679224.0,,54679224.0,Gimeracil,Gimeracil
C[C@@H]1C(=O)O[C@H]2C[C@@]34[C@H]5C[C@@H](C(C)(C)C)[C@]36[C@@H](OC(=O)[C@@H]6O)O[C@@]4(C(=O)O5)[C@]21O,9909368.0,,9909368.0,Ginkgolide A,Ginkgolide A
C[C@@H]1C(=O)O[C@H]2[C@@H](O)[C@@]34[C@H]5C[C@@H](C(C)(C)C)[C@]36[C@@H](OC(=O)[C@@H]6O)O[C@@]4(C(=O)O5)[C@@]12O,11973122.0,,11973122.0,Ginkgolide B,Ginkgolide B
C[C@@H]1C(=O)O[C@H]2[C@H](O)[C@]34[C@@H]5OC(=O)[C@]3(O[C@@H]3OC(=O)[C@H](O)[C@@]34[C@H](C(C)(C)C)[C@H]5O)[C@@]12O,9867869.0,,9867869.0,Ginkgolide C,Ginkgolide C
CC(C)=CCC[C@](C)(O[C@@H]1O[C@H](CO[C@@H]2O[C@H](CO)[C@@H](O)[C@H](O)[C@H]2O)[C@@H](O)[C@H](O)[C@H]1O)[C@H]1CC[C@]2(C)[C@@H]1[C@H](O)C[C@@H]1[C@@]3(C)CC[C@H](O[C@@H]4O[C@H](CO)[C@@H](O)[C@H](O)[C@H]4O[C@@H]4O[C@H](CO)[C@@H](O)[C@H](O)[C@H]4O)C(C)(C)[C@@H]3CC[C@]12C,9898279.0,,9898279.0,Ginsenoside Rb1,Ginsenoside Rb1
CC(C)=CCC[C@](C)(O[C@@H]1O[C@H](CO[C@@H]2O[C@@H](CO)[C@H](O)[C@H]2O)[C@@H](O)[C@H](O)[C@H]1O)[C@H]1CC[C@]2(C)[C@@H]1[C@H](O)C[C@@H]1[C@@]3(C)CC[C@H](O[C@@H]4O[C@H](CO)[C@@H](O)[C@H](O)[C@H]4O[C@@H]4O[C@H](CO)[C@@H](O)[C@H](O)[C@H]4O)C(C)(C)[C@@H]3CC[C@]12C,12855889.0,,12855889.0,Ginsenoside Rc,Ginsenoside Rc
CC(C)=CCC[C@](C)(O[C@@H]1O[C@H](CO)[C@@H](O)[C@H](O)[C@H]1O)[C@H]1CC[C@]2(C)[C@@H]1[C@H](O)C[C@@H]1[C@@]3(C)CC[C@H](O)C(C)(C)[C@@H]3[C@@H](O[C@@H]3O[C@H](CO)[C@@H](O)[C@H](O)[C@H]3O[C@@H]3O[C@@H](C)[C@H](O)[C@@H](O)[C@H]3O)C[C@]12C,441921.0,,441921.0,Ginsenoside Re,Ginsenoside Re
CC(C)=CCC[C@](C)(O[C@@H]1O[C@H](CO)[C@@H](O)[C@H](O)[C@H]1O)[C@H]1CC[C@]2(C)[C@@H]1[C@H](O)C[C@@H]1[C@@]3(C)CC[C@H](O)C(C)(C)[C@@H]3[C@@H](O[C@@H]3O[C@H](CO)[C@@H](O)[C@H](O)[C@H]3O)C[C@]12C,441923.0,,441923.0,Ginsenoside Rg1,Ginsenoside Rg1
CCN(CC)Cc1ccc2cc(COC(=O)Nc3ccc(C(=O)NO)cc3)ccc2c1,9804992.0,,9804992.0,Givinostat,Givinostat
O=C(OCC(O)CO)c1ccccc1Nc1ccnc2cc(Cl)ccc12,3474.0,,3474.0,Glafenine,Glafenine
Cl.O=C(OCC(O)CO)c1ccccc1Nc1ccnc2cc(Cl)ccc12,3085326.0,,3474.0,Glafenine Hydrochloride,Glafenine hydrochloride
CN1CC[C@@H](NC(=O)Nc2ccc(C#N)cc2)C[C@@H]1c1nc2ccccc2[nH]1,25166913.0,,25166913.0,Glasdegib,Glasdegib
COCCNCc1ccc(-c2cc3nccc(Oc4ccc(NC(=S)NC(=O)Cc5ccc(F)cc5)cc4F)c3s2)nc1,25181472.0,,25181472.0,Glesatinib,Glesatinib
Cc1ccc(S(=O)(=O)NC(=O)NN2CC3CCCC3C2)cc1,3475.0,,3475.0,Gliclazide,Gliclazide
CCC1=C(C)CN(C(=O)NCCc2ccc(S(=O)(=O)NC(=O)NC3CCC(C)CC3)cc2)C1=O,3476.0,,3476.0,Glimepiride,"1H-Pyrrole-1-carboxamide, 3-ethyl-2,5-dihydro-4-methyl-N-2-4-(trans-4-methylcyclohexyl)aminocarbonylaminosulfonylphenylethyl-2-oxo-"
Cc1cnc(C(=O)NCCc2ccc(S(=O)(=O)NC(=O)NC3CCCCC3)cc2)cn1,3478.0,,3478.0,Glipizide,Glipizide
COc1ccc2c(c1)C(=O)N(CCc1ccc(S(=O)(=O)NC(=O)NC3CCCCC3)cc1)C(=O)C2(C)C,91610.0,,91610.0,Gliquidone,Gliquidone
N[C@H]1C(O)O[C@H](CO)[C@@H](O)[C@@H]1O,439213.0,,439213.0,Glucosamine,D-Glucosamine
Cl.N[C@@H](C=O)[C@@H](O)[C@H](O)[C@H](O)CO,91431.0,,3034366.0,Glucosamine hydrochloride,Glucosamine Hydrochloride
N[C@@H](C=O)[C@@H](O)[C@H](O)[C@H](O)CO.N[C@@H](C=O)[C@@H](O)[C@H](O)[C@H](O)CO.O=S(=O)(O)O,73415774.0,,3034366.0,Glucosamine sulfate,Glucosamine Sulfate
N[C@@H](CCC(=O)N[C@@H](CS)C(=O)NCC(=O)O)C(=O)O,124886.0,,124886.0,Glutathione,Glutathione
COc1ccc(Cl)cc1C(=O)NCCc1ccc(S(=O)(=O)NC(=O)NC2CCCCC2)cc1,3488.0,,3488.0,Glyburide,Glibenclamide
O=C(OC[C@H]1O[C@@H](OC(=O)c2cc(O)c(O)c(OC(=O)c3cc(O)c(O)c(O)c3)c2)[C@H](OC(=O)c2cc(O)c(O)c(OC(=O)c3cc(O)c(O)c(O)c3)c2)[C@@H](OC(=O)c2cc(O)c(O)c(OC(=O)c3cc(O)c(O)c(O)c3)c2)[C@@H]1OC(=O)c1cc(O)c(O)c(OC(=O)c2cc(O)c(O)c(O)c2)c1)c1cc(O)c(O)c(OC(=O)c2cc(O)c(O)c(O)c2)c1,16129778.0,,16129778.0,Glycerite,Tannic Acid
C[N+]1(C)CCC(OC(=O)C(O)(c2ccccc2)C2CCCC2)C1.[Br-],11693.0,,3494.0,Glycopyrrolate,Glycopyrrolate
CC1(C)C2CC[C@@]3(C)[C@@H](C(=O)C=C4[C@@H]5C[C@](C)(C(=O)O)CC[C@@]5(C)CC[C@@]43C)[C@]2(C)CC[C@H]1O,133109089.0,,133109089.0,Glycyrrhetinic acid(Enoxolone),Glycyrrhetinic acid(Enoxolone)
CC1(C)[C@@H](O[C@H]2O[C@H](C(=O)O)[C@@H](O)[C@H](O)[C@H]2O[C@@H]2O[C@H](C(=O)O)[C@@H](O)[C@H](O)[C@H]2O)CC[C@]2(C)[C@H]3C(=O)C=C4[C@@H]5C[C@@](C)(C(=O)O)CC[C@]5(C)CC[C@@]4(C)[C@]3(C)CC[C@@H]12,14982.0,,14982.0,Glycyrrhizin (Glycyrrhizic Acid),Glycyrrhizin
COc1ccc2c(c1)c(C1=C(c3c[nH]c4ccccc34)C(=O)NC1=O)cn2CCCN(C)C,3499.0,,3499.0,Go 6983,Go 6983
Cn1c2ccccc2c2c3c(c4c5ccccc5n(CCC#N)c4c21)CNC3=O,3501.0,,3501.0,Go6976,"12-(2-cyanoethyl)-6,7,12,13-tetrahydro-13-methyl-5-oxo-5H-indolo(2,3-a)pyrrolo(3,4-c)carbazole"
COc1ccc2c(c1)c1c3c(c4c5ccccc5n(C)c4c1n2CC(O)CN(C)C)C(=O)NC3=O,3500.0,,3500.0,Go7874,"3-[3-(Dimethylamino)-2-hydroxypropyl]-7-methoxy-23-methyl-3,13,23-triazahexacyclo[14.7.0.02,10.04,9.011,15.017,22]tricosa-1,4(9),5,7,10,15,17,19,21-nonaene-12,14-dione"
CN1CCN(C2CCN(C(=O)Nc3cc(Oc4ccc(NC(=O)C5(C(=O)Nc6ccc(F)cc6)CC5)c(F)c4)ccn3)CC2)CC1,16118392.0,,16118392.0,Golvatinib,Golvatinib
CN1CCN(C2CCN(C(=O)Nc3cc(Oc4ccc(NC(=O)C5(C(=O)Nc6ccc(F)cc6)CC5)c(F)c4)ccn3)CC2)CC1,16118392.0,,16118392.0,Golvatinib ,Golvatinib
CN1CCN(C2CCN(C(=O)Nc3cc(Oc4ccc(NC(=O)C5(C(=O)Nc6ccc(F)cc6)CC5)c(F)c4)ccn3)CC2)CC1,16118392.0,,16118392.0,Golvatinib (E7050),Golvatinib
CC(C)C[C@H](NC(=O)[C@@H](COC(C)(C)C)NC(=O)[C@H](Cc1ccc(O)cc1)NC(=O)[C@H](CO)NC(=O)[C@H](Cc1c[nH]c2ccccc12)NC(=O)[C@H](Cc1cnc[nH]1)NC(=O)[C@@H]1CCC(=O)N1)C(=O)N[C@@H](CCCN=C(N)N)C(=O)N1CCC[C@H]1C(=O)NNC(N)=O,5311128.0,,5311128.0,Goserelin,Goserelin
CC(=O)O.Cc1cc2c(C(C)C)c(O)c(O)c(C=O)c2c(O)c1-c1c(C)cc2c(C(C)C)c(O)c(O)c(C=O)c2c1O,227456.0,,3503.0,Gossypol acetic acid,Gossypol Acetic Acid
,,597752.0,,Gramicidin,1405-97-6
CN1[C@H]2CCC[C@H]1CC(NC(=O)c1nn(C)c3ccccc13)C2.Cl,49799997.0,,17572266.0,Granisetron hydrochloride,Granisetron hydrochloride
COC1=CC(=O)C[C@@H](C)[C@]12Oc1c(Cl)c(OC)cc(OC)c1C2=O,441140.0,,441140.0,Griseofulvin,Griseofulvin
COc1ccccc1O,460.0,,460.0,Guaiacol,Guaiacol
COc1ccccc1OCC(O)CO,3516.0,,3516.0,Guaifenesin,Guaifenesin
CC(=O)O.NC(N)=N/N=C/c1c(Cl)cccc1Cl,5702062.0,,5702063.0,Guanabenz Acetate,Guanabenz Acetate
NC(N)=NCCN1CCCCCCC1.O=S(=O)(O)O,86471.0,,3518.0,Guanethidine Monosulfate,Guanethidine Monosulfate
Cl.NC(N)=NC(=O)Cc1c(Cl)cccc1Cl,71401.0,,3519.0,Guanfacine hydrochloride,Guanfacine Hydrochloride
Cl.N=C(N)N,5742.0,,3520.0,Guanidine hydrochloride,Guanidine Hydrochloride
O=S(=O)(NCCNC/C=C/c1ccc(Br)cc1)c1cccc2cnccc12,449241.0,,449241.0,H 89,protein kinase inhibitor H89
Cl.Cl.O=S(=O)(NCCNC/C=C/c1ccc(Br)cc1)c1cccc2cnccc12,5702541.0,,449241.0,H 89 2HCl,H-89 Dihydrochloride
CC1CNCCN1S(=O)(=O)c1cccc2cnccc12.Cl.Cl,73332.0,,3542.0,H-7 dihydrochloride,1-(5-Isoquinolinesulfonyl)-2-methylpiperazine dihydrochloride
,150584.0,,3540.0,H-8 2HCl,N-[2-(Methylamino)ethyl]-5-isoquinolinesulfonamide dihydrochloride
O=S(=O)(NCCNC/C=C/c1ccc(Br)cc1)c1cccc2cnccc12,449241.0,,449241.0,H-89,protein kinase inhibitor H89
Cl.Cl.O=S(=O)(NCCNC/C=C/c1ccc(Br)cc1)c1cccc2cnccc12,5702541.0,,449241.0,H-89-2HCl,H-89 Dihydrochloride
O=C1S/C(=C\c2ccc(OCc3cccc(B(O)O)c3)cc2)C(=O)N1Cc1ccc(F)cc1,46911532.0,,46911532.0,HA130,"(Z)-(3-((4-((3-(4-fluorobenzyl)-2,4-dioxothiazolidin-5-ylidene)methyl)phenoxy)methyl)phenyl)boronic acid"
CCOC(=O)C1=C(N)Oc2ccc(Br)cc2C1C(C#N)C(=O)OCC,3549.0,,3549.0,HA14-1,Ha14-1
N#Cc1nc2c(nc1C#N)-c1ccc(Cl)cc1C2=O,16065773.0,,16065773.0,HBX 41108,Hbx-41108
N#Cc1nc2c(nc1C#N)-c1ccc(Cl)cc1C2=O,16065773.0,,16065773.0,HBX-41108,Hbx-41108
Cc1c(C(=O)Nc2cccc(C(F)(F)F)c2)cc(-c2ccccc2)n1CCCN1CCOCC1,2742550.0,,2742550.0,HC 067047,HC067047
Cc1c(C(=O)Nc2cccc(C(F)(F)F)c2)cc(-c2ccccc2)n1CCCN1CCOCC1,2742550.0,,2742550.0,HC-067047,HC067047
CNC(=O)c1ccc(Nc2cc(Nc3ccccc3S(=O)(=O)C(C)C)c3cc[nH]c3n2)nc1,25226483.0,,25226483.0,HG-5-113-01,"N-methyl-6-[[4-(2-propan-2-ylsulfonylanilino)-1H-pyrrolo[2,3-b]pyridin-6-yl]amino]-3-pyridinecarboxamide"
COc1cc(N2CCC(C(N)=O)CC2)ccc1Nc1nc(N)c(Cl)c(Nc2ccccc2S(=O)(=O)C(C)C)n1,25226117.0,,25226117.0,HG-5-88-01,1-[4-[[4-Amino-5-chloro-6-(2-propan-2-ylsulfonylanilino)-2-pyrimidinyl]amino]-3-methoxyphenyl]-4-piperidinecarboxamide
CN(C)CCCN=c1c2ccccc2n(C)c2[nH]c(=O)n(C)c(=O)c12.Cl.Cl,136227924.0,,135403620.0,HLI 373,HLI373 (dihydrochloride)
COc1ccc(S(=O)(=O)N(C(C)=O)c2ccccc2/C=C/c2cc[n+]([O-])cc2)cc1,9888590.0,,9888590.0,HMN-214,N-((4-Methoxyphenyl)sulfonyl)-N-(2-((1E)-2-(1-oxido-4-pyridinyl)ethenyl)phenyl)acetamide
,,136340321.0,,HMN214,HMN-214
CC1(C)C=C(CN2C/C(=C\c3ccc(F)cc3)C(=O)/C(=C/c3ccc(F)cc3)C2)C(C)(C)N1O,46871899.0,,46871899.0,HO-3867,"(3E,5E)-3,5-bis[(4-fluorophenyl)methylidene]-1-[(1-hydroxy-2,2,5,5-tetramethylpyrrol-3-yl)methyl]piperidin-4-one"
COC(=O)C[C@](O)(CCCC(C)(C)O)C(=O)O[C@@H]1C(OC)=C[C@]23CCCN2CCc2cc4c(cc2[C@H]13)OCO4,285033.0,,285033.0,HOMOHARRINGTONINE,Omacetaxine Mepesuccinate
C=CCc1ccc(O)c(-c2ccc(O)c(CC=C)c2)c1,72303.0,,72303.0,HONOKIOL,Honokiol
COCCOC(=O)C1=C(C)NC2=C(C(=O)CC(c3ccccc3OC)C2)C1c1cccc(O)c1,2926768.0,,2926768.0,HPI-1,"2-Methoxyethyl 4-(3-hydroxyphenyl)-7-(2-methoxyphenyl)-2-methyl-5-oxo-1,4,5,6,7,8-hexahydroquinoline-3-carboxylate"
CCOC(=O)c1cnc2ccc(-c3cncc(NS(=O)(=O)c4ccccc4)c3)cn12,52936849.0,,52936849.0,HS-173,HS-173
Cc1nc(Nc2cnn(C3CCNCC3)c2)nc2c1N(C)C(=O)c1cc3ccccc3cc1N2C,78357766.0,,78357766.0,HTH-01-015,Hth-01-015
NC(=O)NO,3657.0,,3657.0,HYDROXYUREA,Hydroxyurea
CC(C)=CCC[C@]1(C)[C@@H](CC=C(C)C)C[C@@]2(CC=C(C)C)C(=O)[C@]1(C(=O)C(C)C)C(=O)C(CC=C(C)C)=C2O,441298.0,,441298.0,HYPERFORIN,Hyperforin
COc1cc(O)c2c(c1)[C@H]1O[C@@H]1C[C@H](O)[C@H](O)C(=O)/C=C\C[C@H](C)OC2=O,9929643.0,,9929643.0,HYPOTHEMYCIN,Hypothemycin
O=C(O)c1ccc(S(=O)(=O)N(Cl)Cl)cc1,3552.0,,3552.0,Halazone,Halazone
CC1(C)O[C@@H]2C[C@H]3[C@@H]4CCC5=CC(=O)CC[C@]5(C)[C@@]4(F)[C@@H](O)C[C@]3(C)[C@]2(C(=O)CCl)O1,443943.0,,443943.0,Halcinonide,Halcinonide
O=C(C[C@H]1NCCC[C@@H]1O)Cn1cnc2cc(Br)c(Cl)cc2c1=O,456390.0,,456390.0,Halofuginone,Halofuginone
O=C(CCCN1CCC(O)(c2ccc(Cl)cc2)CC1)c1ccc(F)cc1,3559.0,,3559.0,Haloperidol,Haloperidol
Clc1cc(Cl)c(OCC#CI)cc1Cl,3561.0,,3561.0,Haloprogin,Haloprogin
COc1ccc2c3c([nH]c2c1)C(C)=NCC3,3564.0,,3564.0,Harmaline,Harmaline
COc1ccc2c(c1)[nH]c1c(C)nccc12.Cl,5359389.0,,5280953.0,Harmine hydrochloride,Harmine Hydrochloride
CC(N)CCCC(C)(C)O.Cl,10969.0,,3590.0,Heptaminol hydrochloride,Heptaminol Hydrochloride
CCS(=O)(=O)Nc1ccc2[nH]c(O)c(C(=Nc3ccc(CN4CCCCC4)cc3)c3ccccc3)c2c1,135421442.0,,135421442.0,Hesperadin,Hesperadin
COc1ccc([C@@H]2CC(=O)c3c(O)cc(O)cc3O2)cc1O,72281.0,,72281.0,Hesperetin,Hesperetin
COc1ccc([C@@H]2CC(=O)c3c(O)cc(O[C@@H]4O[C@H](CO[C@@H]5O[C@@H](C)[C@H](O)[C@@H](O)[C@H]5O)[C@@H](O)[C@H](O)[C@H]4O)cc3O2)cc1O,10621.0,,10621.0,Hesperidin,Hesperidin
C[N+](C)(C)CCCCCC[N+](C)(C)C.[Br-].[Br-],5938.0,,3604.0,Hexamethonium Bromide,Hexamethonium Bromide
C1N2CN3CN1CN(C2)C3,4101.0,,4101.0,Hexamethylenetetramine,Hexamethylenetetramine
CCCCC(CC)CN1CN(CC(CC)CCCC)CC(C)(N)C1,3607.0,,3607.0,Hexetidine,Hexetidine
CC(CNC1CCCCC1)OC(=O)c1ccccc1.Cl,102426.0,,10770.0,Hexylcaine hydrochloride,Hexylcaine Hydrochloride
NCCc1cnc[nH]1,774.0,,774.0,Histamine,Histamine
CN(C)C(=O)Oc1cccc([N+](C)(C)C)c1.COS(=O)(=O)[O-],5824.0,,4456.0,Hodostin,Neostigmine Methylsulfate
Br.CN1C2CC[C@H]1CC(OC(=O)C(O)c1ccccc1)C2,5702064.0,,5702065.0,Homatropine Bromide,Homatropine bromide
C[N+]1(C)C2CCC1CC(OC(=O)C(O)c1ccccc1)C2.[Br-],6646.0,,3622.0,Homatropine Methylbromide,Homatropine Methylbromide
CN1CCCN(C(c2ccccc2)c2ccc(Cl)cc2)CC1.Cl.Cl,656590.0,,3627.0,Homochlorcyclizine dihydrochloride,Homochlorcyclizine dihydrochloride
COC(=O)C[C@](O)(CCCC(C)(C)O)C(=O)O[C@@H]1C(OC)=C[C@]23CCCN2CCc2cc4c(cc2[C@H]13)OCO4,285033.0,,285033.0,Homoharringtonine,Omacetaxine Mepesuccinate
NCCCS(=O)(=O)O,1646.0,,1646.0,Homotaurine,Tramiprosate
C=CCc1ccc(O)c(-c2ccc(O)c(CC=C)c2)c1,72303.0,,72303.0,Honokiol,Honokiol
CCN(CC)CCNc1ccc(CO)c2sc3ccccc3c(=O)c12,3634.0,,3634.0,Hycanthone,Hycanthone
Cl.NNc1nncc2ccccc12,9351.0,,3637.0,Hydralazine hydrochloride,Hydralazine Hydrochloride
CN1CCc2cc3c(cc2C1O)OCO3.Cl,71833.0,,3638.0,Hydrastinine HCl,Hydrastinine Hydrochloride
NS(=O)(=O)c1cc2c(cc1Cl)NCNS2(=O)=O,3639.0,,3639.0,Hydrochlorothiazide,Hydrochlorothiazide
C[C@]12CCC(=O)C=C1CC[C@@H]1[C@@H]2[C@@H](O)C[C@@]2(C)[C@H]1CC[C@]2(O)C(=O)CO,5754.0,,5754.0,Hydrocortisone,Cortisol
CCCCC(=O)O[C@]1(C(=O)CO)CC[C@H]2[C@@H]3CCC4=CC(=O)CC[C@]4(C)[C@H]3[C@@H](O)C[C@@]21C,5282494.0,,5282494.0,Hydrocortisone Valerate,Hydrocortisone Valerate
CC(=O)OCC(=O)[C@@]1(O)CC[C@H]2[C@@H]3CCC4=CC(=O)CC[C@]4(C)[C@H]3[C@@H](O)C[C@@]21C,5744.0,,5744.0,Hydrocortisone acetate,Hydrocortisone Acetate
CCCC(=O)O[C@]1(C(=O)CO)CC[C@H]2[C@@H]3CCC4=CC(=O)CC[C@]4(C)[C@H]3[C@@H](O)C[C@@]21C,26133.0,,26133.0,Hydrocortisone butyrate,Hydrocortisone Butyrate
COc1cc(CCC(=O)O)ccc1O,14340.0,,14340.0,Hydroferulic acid,Dihydroferulic Acid
CC[C@H]1CN2CC[C@H]1C[C@@H]2[C@@H](O)c1ccnc2ccc(OC)cc12,91503.0,,91503.0,Hydroquinidine,Hydroquinidine
Oc1ccc(O)cc1,785.0,,785.0,Hydroquinone,Hydroquinone
CCC1(O)C(=O)OCc2c1cc1n(c2=O)Cc2cc3cc(O)ccc3nc2-1,4330531.0,,4330531.0,Hydroxy Camptothecine,"4-Ethyl-4,9-dihydroxy-1H-pyrano(3',4':6,7)indolizino(1,2-b)quinoline-3,14(4H,12H)-dione"
O=P(O)(O)C(O)c1ccc2ccccc2c1,129317.0,,129317.0,Hydroxy-2-naphthalenylmethylphosphonic acid,(Hydroxy-2-naphthalenylmethyl)phosphonic acid
CCN(CCO)CCCC(C)Nc1ccnc2cc(Cl)ccc12,3652.0,,3652.0,Hydroxychloroquine,Hydroxychloroquine
CCN(CCO)CCCC(C)Nc1ccnc2cc(Cl)ccc12.O=S(=O)(O)O,12947.0,,3652.0,Hydroxychloroquine sulfate,Hydroxychloroquine Sulfate
O=c1[nH]ccc2c(S(=O)(=O)N3CCCNCC3)cccc12,3064778.0,,3064778.0,Hydroxyfasudil,Hydroxyfasudil
CC(=O)[C@@]1(O)CC[C@H]2[C@@H]3CCC4=CC(=O)CC[C@]4(C)[C@H]3CC[C@@]21C,6238.0,,6238.0,Hydroxyprogesterone,17-Hydroxyprogesterone
,,49855030.0,,Hydroxyquinoline,1-Azanaphthalene-8-ol
NC(=O)NO,3657.0,,3657.0,Hydroxyurea,Hydroxyurea
O=C(O)c1cc2ccccc2c(Cc2c(O)c(C(=O)O)cc3ccccc23)c1O.OCCOCCN1CCN(C(c2ccccc2)c2ccc(Cl)cc2)CC1,25096.0,,,Hydroxyzine Pamoate,Hydroxyzine Pamoate
CN[C@H]1C[C@@H](N)[C@H](O)[C@@H](O[C@@H]2O[C@H](CO)[C@H](O)[C@@H]3OC4(O[C@H]23)O[C@H]([C@@H](N)CO)[C@H](O)[C@H](O)[C@H]4O)[C@@H]1O,56928061.0,,56928061.0,Hygromycin B,Hygromycin B
Cc1cc(=O)c2c(O)c3c(O)cc(O)c4c5c(O)cc(O)c6c(O)c7c(=O)cc(C)c8c1c2c(c34)c(c65)c78,3663.0,,3663.0,Hypericin,Hypericin
O=c1c(O[C@@H]2O[C@H](CO)[C@H](O)[C@H](O)[C@H]2O)c(-c2ccc(O)c(O)c2)oc2cc(O)cc(O)c12,5281643.0,,5281643.0,Hyperoside,Hyperoside
,,274859660.0,,I-BET,"1-Methyl-6-(4-chlorophenyl)-8-methoxy-4alpha-[(ethylamino)carbonylmethyl]-4H-[1,2,4]triazolo[4,3-a][1,4]benzodiazepine"
COc1cc2c(cc1-c1c(C)noc1C)ncc1[nH]c(=O)n([C@H](C)c3ccccn3)c12.Cl.Cl,121513850.0,,52912189.0,I-BET 151 DIHYDROCHLORIDE,I-BET 151 dihydrochloride
CCNC(=O)C[C@@H]1N=C(c2ccc(Cl)cc2)c2cc(OC)ccc2-n2c(C)nnc21,46943432.0,,46943432.0,I-BET-762,"(4S)-6-(4-Chlorophenyl)-N-ethyl-8-methoxy-1-methyl-4H-(1,2,4)triazolo(4,3-a)(1,4)benzodiazepine-4-acetamide"
COc1cc2c(cc1-c1c(C)noc1C)ncc1[nH]c(=O)n([C@H](C)c3ccccn3)c12,52912189.0,,52912189.0,I-BET151,I-Bet151
CCn1cc(-c2cccc(C(F)(F)F)c2)c2sc(C(N)=NC3CCS(=O)(=O)CC3)cc2c1=O,91668541.0,,91668541.0,I-BRD9,I-Brd9
C=CC(=O)N1CCC[C@@H](n2nc(-c3ccc(Oc4ccccc4)cc3)c3c(N)ncnc32)C1,24821094.0,,24821094.0,IBRUTINIB,Ibrutinib
Cc1ccccc1-n1c(Cn2cnc3c(N)ncnc32)nc2cccc(C)c2c1=O,9908783.0,,9908783.0,IC-87114,IC 87114
O=C1[C@H](Cc2ccc(O)cc2)N2C(=O)CCN(C(=O)NCc3ccccc3)[C@H]2CN1Cc1cccc2ccccc12,11238147.0,,11238147.0,ICG-001,"(6S,9aS)-N-benzyl-6-(4-hydroxybenzyl)-8-(naphthalen-1-ylmethyl)-4,7-dioxooctahydro-1H-pyrazino[1,2-a]pyrimidine-1-carboxamide"
O=C1C(Cc2ccc(O)cc2)N2C(=O)CCN(C(=O)NCc3ccccc3)C2CN1Cc1cccc2ccccc12,20741453.0,,20741453.0,ICG001,"2H-Pyrazino[1,2-A]pyrimidine-1(6H)-carboxamide,hexahydro-6-[(4-hydroxyphenyl)methyl]-8-(1-naphthalenylmethyl)-4,7-dioxo-N-(phenylmethyl)-,(6R,9AR)-rel-"
,,,,ICL1100013,
CC(=O)[C@]1(O)Cc2c(O)c3c(c(O)c2[C@@H](O[C@H]2C[C@H](N)[C@H](O)[C@H](C)O2)C1)C(=O)c1ccccc1C3=O.Cl,636362.0,,42890.0,IDARUBICIN HYDROCHLORIDE,Idarubicin Hydrochloride
CC[C@H](Nc1ncnc2nc[nH]c12)c1nc2cccc(F)c2c(=O)n1-c1ccccc1,11625818.0,,11625818.0,IDELALISIB,Idelalisib
Cc1ccccc1C(C(=O)NC1CCCCC1)N(C(=O)CNc1ccc(C#N)cc1)c1cccc(F)c1,56645961.0,,56645961.0,IDH-C227,2-(N-[2-(4-cyanoanilino)acetyl]-3-fluoroanilino)-N-cyclohexyl-2-(2-methylphenyl)acetamide
Cc1ccccc1C(C(=O)NC1CCCCC1)N(C(=O)Cn1ccnc1C)c1cccc(F)c1,56645356.0,,56645356.0,IDH-C35,Agi-5198
O=P1(NCCCl)OCCCN1CCCl,3690.0,,3690.0,IFOSFAMIDE,Ifosfamide
O=C(c1ccc(Nc2nccc(-c3cc4ccccc4s3)n2)cc1)N1CCC(N2CCCC2)CC1,9549298.0,,9549298.0,IKK-16,(4-(4-(Benzo(b)thiophen-2-yl)pyrimidin-2-ylamino)phenyl)(4-(pyrrolidin-1-yl)piperidin-1-yl)methanone
O=C(c1ccc(Nc2nccc(-c3cc4ccccc4s3)n2)cc1)N1CCC(N2CCCC2)CC1,9549298.0,,9549298.0,IKK-16 (IKK Inhibitor VII),(4-(4-(Benzo(b)thiophen-2-yl)pyrimidin-2-ylamino)phenyl)(4-(pyrrolidin-1-yl)piperidin-1-yl)methanone
O=C(Nc1cc(C(F)(F)F)cc(C(F)(F)F)c1)c1cc(Cl)ccc1O,5081913.0,,5081913.0,IKK-2-INHIBITOR-V,Imd-0354
Cc1[nH]c2ccccc2c1C1=C(NCCc2ccc(F)cc2)C(=O)N(C)C1=O,25209788.0,,25209788.0,IM-12,"3-(4-fluorophenylethylamino)-1-methyl-4-(2-methyl-1H-indol-3-yl)-1H-pyrrole-2,5-dione"
Cc1ccc(NC(=O)c2ccc(CN3CCN(C)CC3)cc2)cc1Nc1nccc(-c2cccnc2)n1,5291.0,,5291.0,IMATINIB,Imatinib
O=C(Nc1cc(C(F)(F)F)cc(C(F)(F)F)c1)c1cc(Cl)ccc1O,5081913.0,,5081913.0,IMD 0354,Imd-0354
O=C(Nc1cc(C(F)(F)F)cc(C(F)(F)F)c1)c1cc(Cl)ccc1O,5081913.0,,5081913.0,IMD-0354,Imd-0354
CC(C)Cn1cnc2c(N)nc3ccccc3c21,57469.0,,57469.0,IMIQUIMOD,Imiquimod
CC(Nc1nc(N2CCCC2)nc2ccccc12)c1ccccc1,2949965.0,,2949965.0,IMPORTAZOLE,Importazole
N#CC[C@H](C1CCCC1)n1cc(-c2ncnc3[nH]ccc23)cn1,25126798.0,,25126798.0,INCB-18424,Ruxolitinib
,135424953.0,,,INCB024360 analogue,"4-Amino-N-(3-chloro-4-fluorophenyl)-N'-hydroxy-1,2,5-oxadiazole-3-carboximidamide"
CNC(=O)c1ccc(-c2cnc3ncc(Cc4ccc5ncccc5c4)n3n2)cc1F,25145656.0,,25145656.0,INCB28060,Capmatinib
CNC(=O)c1ccc(-c2cnc3ncc(Cc4ccc5ncccc5c4)n3n2)cc1F,25145656.0,,25145656.0,INCB28060(Capmatinib),Capmatinib
CC(C)n1nc(-c2ccc3oc(N)nc3c2)c2c(N)ncnc21,45375953.0,,45375953.0,INK 128 (MLN0128),Sapanisertib
C[C@H](Nc1ncnc2nc[nH]c12)c1cc2cccc(Cl)c2c(=O)n1-c1ccccc1,50905713.0,,50905713.0,INK-1197,Duvelisib
CC(C)n1nc(-c2ccc3oc(N)nc3c2)c2c(N)ncnc21,45375953.0,,45375953.0,INK-128,Sapanisertib
CC(C)n1nc(-c2ccc3oc(N)nc3c2)c2c(N)ncnc21,45375953.0,,45375953.0,INK128,Sapanisertib
O=C(NCc1ccc(Oc2ccccc2)cc1)c1nc(-c2cc(Br)c(O)c(Br)c2)no1,135565181.0,,135565181.0,IOWH-032,Iowh-032
O=C(O)c1ccc(O)c2ncccc12,459617.0,,459617.0,IOX-1,8-Hydroxy-5-quinolinecarboxylic acid
O=C(O)CNC(=O)c1c(O)c2ccccc2n(Cc2ccccc2)c1=O,54685215.0,,54685215.0,IOX-2,"N-(1-Benzyl-4-hydroxy-2-oxo-1,2-dihydroquinoline-3-carbonyl)glycine"
O=C(O)CNC(=O)c1c(O)c2ccccc2n(Cc2ccccc2)c1=O,54685215.0,,54685215.0,IOX2,"N-(1-Benzyl-4-hydroxy-2-oxo-1,2-dihydroquinoline-3-carbonyl)glycine"
Oc1ccc2ccccc2c1SSc1c(O)ccc2ccccc12,521106.0,,521106.0,IPA-3,Ipa-3
C[C@H](Nc1ncnc2nc[nH]c12)c1cc2cccc(Cl)c2c(=O)n1-c1ccccc1,50905713.0,,50905713.0,IPI-145 (INK1197),Duvelisib
CC1=C2C[C@H]3[C@@H](CC[C@@H]4C[C@H](NS(C)(=O)=O)CC[C@@]43C)[C@@H]2CC[C@@]2(C1)O[C@@H]1C[C@H](C)CN[C@H]1[C@H]2C,25027363.0,,25027363.0,IPI-926,Patidegib
C[C@@H]1C[C@@H](C)CN(c2cc(Nc3ccccc3C(=O)O)c3c4c(onc24)-c2ccccc2C3=O)C1,92208904.0,,92208904.0,IPR-456,892243-59-3 (Non-specific stereomer)
,,,,IRAK 4 Compound 26,
O=C(Nc1nc2ccccc2n1CCN1CCOCC1)c1cccc([N+](=O)[O-])c1,11983295.0,,11983295.0,IRAK-1/4 INHIBITOR I,IRAK-1/4 inhibitor
,134284282.0,,,IRAK1/4 inhibitor,FLT3/IRAK1/4 inhibitor NCGC2327
CCc1c2c(nc3ccc(OC(=O)N4CCC(N5CCCCC5)CC4)cc13)-c1cc3c(c(=O)n1C2)COC(=O)[C@]3(O)CC,60838.0,,60838.0,IRINOTECAN,Irinotecan
CCc1c2c(nc3ccc(OC(=O)N4CCC(N5CCCCC5)CC4)cc13)-c1cc3c(c(=O)n1C2)COC(=O)[C@]3(O)CC.Cl,74990.0,,60838.0,IRINOTECAN HYDROCHLORIDE,Irinotecan Hydrochloride
CN1c2ccccc2C(=O)N2CCc3c([nH]c4ccccc34)C21,151289.0,,151289.0,ISOEVODIAMINE,Isoevodiamine
O=C(/C=C/c1ccc(O)cc1)c1ccc(O)cc1O,638278.0,,638278.0,ISOLIQUIRITIGENIN,Isoliquiritigenin
,,384568543.0,,ISOX,ISOX
,,,,ISOX:bortezomib (250:1 mol/mol),
,6450816.0,,6851740.0,"ISPINESIB MESYLATE, SB-715992",Ispinesib Mesylate
CCn1c(=O)c2c(nc(/C=C/c3ccc(OC)c(OC)c3)n2C)n(CC)c1=O,5311037.0,,5311037.0,ISTRADEFYLLINE,Istradefylline
O=C(NC1CC1)c1cc(-c2cccs2)on1,19582717.0,,19582717.0,ISX 9,"N-cyclopropyl-5-(thiophen-2-yl)-1,2-oxazole-3-carboxamide"
CCC(C)n1ncn(-c2ccc(N3CCN(c4ccc(OC[C@H]5CO[C@](Cn6cncn6)(c6ccc(Cl)cc6Cl)O5)cc4)CC3)cc2)c1=O,55283.0,,55283.0,ITRACONAZOLE,Itraconazole
CN1CCN(c2ccc3nc(-c4c5cccccc-5[nH]c4=O)[nH]c3c2)CC1,136040109.0,,136040109.0,ITRI-260,3-[6-(4-methylpiperazin-1-yl)-1H-benzimidazol-2-yl]-1H-cyclohepta[b]pyrrol-2-one
Cc1cc(C(=O)CN2CCCC2)c(C)n1-c1ccc(F)cc1,675434.0,,675434.0,IU1,"1-(1-(4-Fluorophenyl)-2,5-dimethylpyrrol-3-yl)-2-pyrrolidin-1-ylethanone"
Cc1cc(C(=O)CN2CCCCC2)c(C)n1-c1ccc(Cl)cc1,675477.0,,675477.0,IU1-47,"1-(1-(4-chlorophenyl)-2,5-dimethyl-1H-pyrrol-3-yl)-2-(piperidin-1-yl)ethanone"
CC(=O)OCCN1C(=O)c2c(C)nc3ccc(S(=O)(=O)N4CCOCC4)cc3c2C1=O,11201705.0,,11201705.0,IVACHTIN,Ivachtin
,2155128.0,,,"IWP-2, WNT INHIBITOR IWP-2",Iwp-2
O=C(CSc1nc2c(c(=O)n1-c1ccccc1)SCC2)Nc1ccc(-c2ccccc2)cn1,71601111.0,,71601111.0,IWP-L6,"2-((4-Oxo-3-phenyl-3,4,6,7-tetrahydrothieno[3,2-d]pyrimidin-2-yl)thio)-N-(5-phenylpyridin-2-yl)acetamide"
Cc1ccc2nc(NC(=O)CSc3nc4c(c(=O)n3-c3ccccc3)SCC4)sc2c1,2155128.0,,2155128.0,IWP2,Iwp-2
O=C(Nc1cccc2cccnc12)c1ccc(N2C(=O)[C@H]3[C@H](C2=O)[C@H]2C=C[C@@H]3C2)cc1,91885421.0,,91885421.0,IWR-1,"4-[(1R,2R,6R,7S)-3,5-dioxo-4-azatricyclo[5.2.1.02,6]dec-8-en-4-yl]-N-quinolin-8-ylbenzamide"
O=C(Nc1cccc2cccnc12)c1ccc(N2C(=O)[C@@H]3[C@H](C2=O)[C@@H]2C=C[C@H]3C2)cc1,44483163.0,,44483163.0,IWR-1-endo,IWR-1-endo
C=CC(=O)N1CCC[C@@H](n2nc(-c3ccc(Oc4ccccc4)cc3)c3c(N)ncnc32)C1,24821094.0,,24821094.0,Ibrutinib,Ibrutinib
C=CC(=O)N1CCC[C@@H](n2nc(-c3ccc(Oc4ccccc4)cc3)c3c(N)ncnc32)C1,24821094.0,,24821094.0,Ibrutinib (PCI-32765),Ibrutinib
CC(C)C(=O)c1c(C(C)C)nn2ccccc12,3671.0,,3671.0,Ibudilast,Ibudilast
CC(C)Cc1ccc(C(C)C(=O)O)cc1,3672.0,,3672.0,Ibuprofen,"Ibuprofen, (+-)-"
COc1ccc(-c2oc3c(CC=C(C)C)c(O[C@@H]4O[C@H](CO)[C@@H](O)[C@H](O)[C@H]4O)cc(O)c3c(=O)c2O[C@@H]2O[C@@H](C)[C@H](O)[C@@H](O)[C@H]2O)cc1,5318997.0,,5318997.0,Icariin,Icariin
C#Cc1cccc(Nc2ncnc3cc4c(cc23)OCCOCCOCCO4)c1,22024915.0,,22024915.0,Icotinib,Icotinib
C#Cc1cccc(Nc2ncnc3cc4c(cc23)OCCOCCOCCO4)c1.Cl,44609731.0,,22024915.0,Icotinib Hydrochloride,Icotinib Hydrochloride
C#Cc1cccc(Nc2ncnc3cc4c(cc23)OCCOCCOCCO4)c1.Cl,44609731.0,,22024915.0,Icotinib hydrochloride,Icotinib Hydrochloride
CC(=O)[C@]1(O)Cc2c(O)c3c(c(O)c2[C@@H](O[C@H]2C[C@H](N)[C@H](O)[C@H](C)O2)C1)C(=O)c1ccccc1C3=O,42890.0,,42890.0,Idarubicin,Idarubicin
CC(=O)[C@]1(O)Cc2c(O)c3c(c(O)c2[C@@H](O[C@H]2C[C@H](N)[C@H](O)[C@H](C)O2)C1)C(=O)c1ccccc1C3=O,42890.0,,42890.0,Idarubicin ,Idarubicin
CC(=O)[C@]1(O)Cc2c(O)c3c(c(O)c2[C@@H](O[C@H]2C[C@H](N)[C@H](O)[C@H](C)O2)C1)C(=O)c1ccccc1C3=O.Cl,636362.0,,42890.0,Idarubicin HCl,Idarubicin Hydrochloride
CC(=O)[C@]1(O)Cc2c(O)c3c(c(O)c2[C@@H](O[C@H]2C[C@H](N)[C@H](O)[C@H](C)O2)C1)C(=O)c1ccccc1C3=O.Cl,636362.0,,42890.0,Idarubicin hydrochloride,Idarubicin Hydrochloride
CC(=O)[C@]1(O)Cc2c(O)c3c(c(O)c2[C@@H](O[C@H]2C[C@H](N)[C@H](O)[C@H](C)O2)C1)C(=O)c1ccccc1C3=O,42890.0,,42890.0,Idarubicine,Idarubicin
COc1cc(C(=O)O)ccc1NC(=O)[C@@H]1N[C@@H](CC(C)(C)C)[C@](C#N)(c2ccc(Cl)cc2F)[C@H]1c1cccc(Cl)c1F,53358942.0,,53358942.0,Idasanutlin,Idasanutlin
COc1cc(C(=O)O)ccc1NC(=O)[C@@H]1N[C@@H](CC(C)(C)C)[C@](C#N)(c2ccc(Cl)cc2F)[C@H]1c1cccc(Cl)c1F,53358942.0,,53358942.0,Idasanutlin (RG-7388),Idasanutlin
COc1cc(C(=O)O)ccc1NC(=O)[C@@H]1N[C@@H](CC(C)(C)C)[C@](C#N)(c2ccc(Cl)cc2F)[C@H]1c1cccc(Cl)c1F,53358942.0,,53358942.0,Idasanutlin (RS7388),Idasanutlin
Cl.c1ccc2c(c1)OCC(C1=NCCN1)O2,154494.0,,54459.0,Idazoxan hydrochloride,Idazoxan Hydrochloride
COC1=C(OC)C(=O)C(CCCCCCCCCCO)=C(C)C1=O,3686.0,,3686.0,Idebenone,Idebenone
CC[C@H](Nc1ncnc2nc[nH]c12)c1nc2cccc(F)c2c(=O)n1-c1ccccc1,11625818.0,,11625818.0,Idelalisib,Idelalisib
CC(C(O)c1ccc(O)cc1)N1CCC(Cc2ccccc2)CC1.CC(C(O)c1ccc(O)cc1)N1CCC(Cc2ccccc2)CC1.O=C(O)[C@H](O)[C@@H](O)C(=O)O,656586.0,,3689.0,Ifenprodil Tartrate,Ifenprodil Tartrate
O=P1(NCCCl)OCCCN1CCCl,3690.0,,3690.0,Ifosfamide,Ifosfamide
O=P1(NCCCl)OCCCN1CCCl,3690.0,,3690.0,Ifosfamide  ,Ifosfamide
O=P(O)(NCCCl)NCCCl,100427.0,,100427.0,Ifosfamide mustard,Palifosfamide
CC[C@H]1[C@@H]2C=C[C@@H]3[C@H]4C/C=C\C(=O)NCCC[C@@H]5NC(=O)/C(=C(O)/C=C/[C@@H]4C[C@@H]3[C@H]2C[C@H]1C)C5=O,54680304.0,,54680304.0,Ikarugamycin,Ikarugamycin
COc1ccnc(CS(=O)c2nc3ccc(-n4cccc4)cc3[n-]2)c1C.[Na+],121595900.0,,214351.0,Ilaprazole sodium,Ilaprazole sodium
CNC(=O)[C@H](Cc1c[nH]c2ccccc12)NC(=O)[C@@H](CC(=O)NO)CC(C)C,132519.0,,132519.0,"Ilomastat (GM6001, Galardin)",Ilomastat
COc1cc(C(C)=O)ccc1OCCCN1CCC(c2noc3cc(F)ccc23)CC1,71360.0,,71360.0,Iloperidone,Iloperidone
Cc1ccc(NC(=O)c2ccc(CN3CCN(C)CC3)cc2)cc1Nc1nccc(-c2cccnc2)n1,5291.0,,5291.0,Imatinib,Imatinib
Cc1ccc(NC(=O)c2ccc(CN3CCN(C)CC3)cc2)cc1Nc1nccc(-c2cccnc2)n1,5291.0,,5291.0,Imatinib ,Imatinib
Cc1ccc(NC(=O)c2ccc(CN3CCN(C)CC3)cc2)cc1Nc1nccc(-c2cccnc2)n1,5291.0,,5291.0,Imatinib (STI571),Imatinib
CS(=O)(=O)O.Cc1ccc(NC(=O)c2ccc(CN3CCN(C)CC3)cc2)cc1Nc1nccc(-c2cccnc2)n1,123596.0,,5291.0,Imatinib Mesylate (STI571),Imatinib Mesylate
C=CCOC(Cn1ccnc1)c1ccc(Cl)cc1Cl,37175.0,,37175.0,Imazalil,Imazalil
CC(C)Cn1cnc2c(N)nc3ccccc3c21,57469.0,,57469.0,Imiquimod,Imiquimod
CC(C)Cn1cnc2c(N)nc3ccccc3c21,57469.0,,57469.0,Imiquimod ,Imiquimod
CC(C)=CCOc1c2occc2cc2ccc(=O)oc12,10212.0,,10212.0,Imperatorin,Imperatorin
C[C@H](Nc1ccc2c(c1)OCCn1cc(N3C(=O)OC[C@H]3C(F)F)nc1-2)C(N)=O,124173720.0,,124173720.0,Inavolisib,Inavolisib
CCc1cc2c(cc1CC)CC(NC[C@H](O)c1ccc(O)c3[nH]c(=O)ccc13)C2,6918554.0,,6918554.0,Indacaterol,Indacaterol
CCc1cc2c(cc1CC)CC(NC[C@H](O)c1ccc(O)c3[nH]c(=O)ccc13)C2.O=C(O)/C=C\C(=O)O,9827599.0,,6918554.0,Indacaterol maleate,Indacaterol maleate
CC1Cc2ccccc2N1NC(=O)c1ccc(Cl)c(S(N)(=O)=O)c1,3702.0,,3702.0,Indapamide,Indapamide
O=C(Nc1ccncc1)C(=O)c1cn(Cc2ccc(Cl)cc2)c2ccccc12,2929.0,,2929.0,Indibulin,Indibulin
O=C1C(c2[nH]c3ccccc3c2O)=Nc2ccccc21,10215.0,,10215.0,Indigo,Indigo
O=C1C(c2c(O)[nH]c3ccccc23)=Nc2ccccc21,10177.0,,10177.0,Indirubin,"2H-Indol-2-one, 3-(1,3-dihydro-3-oxo-2H-indol-2-ylidene)-1,3-dihydro-"
NS(=O)(=O)c1ccc(S(=O)(=O)Nc2cccc3c(Cl)c[nH]c23)cc1,216468.0,,216468.0,Indisulam,Indisulam
OCc1c[nH]c2ccccc12,3712.0,,3712.0,Indole-3-carbinol,Indole-3-Carbinol
COc1ccc2c(c1)c(CC(=O)O)c(C)n2C(=O)c1ccc(Cl)cc1,3715.0,,3715.0,Indometacin,Indomethacin
CC(C(=O)O)c1ccc(N2Cc3ccccc3C2=O)cc1,3718.0,,3718.0,Indoprofen,Indoprofen
CCN1CCN(c2ccc(Nc3cc(N(C)C(=O)Nc4c(Cl)c(OC)cc(OC)c4Cl)ncn3)cc2)CC1,53235510.0,,53235510.0,Infigratinib,Infigratinib
NC(=O)c1ccc(I)c([N+](=O)[O-])c1,9796068.0,,9796068.0,Iniparib,Iniparib
NC(=O)c1ccc(I)c([N+](=O)[O-])c1,9796068.0,,9796068.0,Iniparib ,Iniparib
NC(=O)c1ccc(I)c([N+](=O)[O-])c1,9796068.0,,9796068.0,Iniparib (BSI-201),Iniparib
O=c1[nH]cnc2c1ncn2[C@@H]1O[C@H](CO)[C@@H](O)[C@H]1O,135398641.0,,135398641.0,Inosine,Inosine
OC1C(O)C(O)C(O)C(O)C1O,892.0,,892.0,Inositol,An inositol
O=C(CCCCC(=O)Nc1c(I)cc(I)c(C(=O)O)c1I)Nc1c(I)cc(I)c(C(=O)O)c1I,3739.0,,3739.0,Iodipamide,Adipiodon
Oc1c(I)cc(I)c2cccnc12,3728.0,,3728.0,Iodoquinol,"5,7-Diiodo-8-hydroxyquinoline"
CC(=O)N(CC(O)CO)c1c(I)c(C(=O)NCC(O)CO)c(I)c(C(=O)NCC(O)CO)c1I,3730.0,,3730.0,Iohexol,Iohexol
C[C@H](O)C(=O)Nc1c(I)c(C(=O)NC(CO)CO)c(I)c(C(=O)NC(CO)CO)c1I,65492.0,,65492.0,Iopamidol,Iopamidol
CCC(Cc1c(I)cc(I)c(N)c1I)C(=O)O,3735.0,,3735.0,Iopanoic acid,Iopanoic Acid
COCC(=O)Nc1c(I)c(C(=O)NCC(O)CO)c(I)c(C(=O)N(C)CC(O)CO)c1I,3736.0,,3736.0,Iopromide,Iopromide
CC(C)NC[C@@H](C(=O)N1CCN(c2ncnc3c2[C@H](C)C[C@H]3O)CC1)c1ccc(Cl)cc1,24788740.0,,24788740.0,Ipatasertib,Ipatasertib
OC[C@H]1O[C@@H](c2ccc(F)c(Cc3cc4ccccc4s3)c2)[C@H](O)[C@@H](O)[C@@H]1O,10453870.0,,10453870.0,Ipragliflozin,Ipragliflozin
CC(C)Oc1ccc2c(=O)c(-c3ccccc3)coc2c1,3747.0,,3747.0,Ipriflavone (Osteofix),Ipriflavone
CC(C)NNC(=O)c1ccncc1.O=P(O)(O)O,9367.0,,3748.0,Iproniazid Phosphate,Iproniazid Phosphate
O=C1c2ccccc2S(=O)(=O)N1CCCCN1CCN(c2ncccn2)CC1,56971.0,,56971.0,Ipsapirone,Ipsapirone
CCCCC1=NC2(CCCC2)C(=O)N1Cc1ccc(-c2ccccc2-c2nn[nH]n2)cc1,3749.0,,3749.0,Irbesartan,Irbesartan
Cc1cc(Nc2ncnc3ccc(NC4=NC(C)(C)CO4)cc23)ccc1Oc1ccn2ncnc2c1,51039094.0,,51039094.0,Irbinitinib(ARRY-380; ONT-380),Tucatinib
CCc1c2c(nc3ccc(OC(=O)N4CCC(N5CCCCC5)CC4)cc13)-c1cc3c(c(=O)n1C2)COC(=O)[C@]3(O)CC,60838.0,,60838.0,Irinotecan,Irinotecan
CCc1c2c(nc3ccc(OC(=O)N4CCC(N5CCCCC5)CC4)cc13)-c1cc3c(c(=O)n1C2)COC(=O)[C@]3(O)CC,60838.0,,60838.0,Irinotecan ,Irinotecan
,71752213.0,,,Irinotecan / SN-38,SN-38 Tri-O-acetyl-beta-D-glucuronic acid methyl ester
CCc1c2c(nc3ccc(OC(=O)N4CCC(N5CCCCC5)CC4)cc13)-c1cc3c(c(=O)n1C2)COC(=O)[C@]3(O)CC.Cl.O.O.O,60837.0,,60838.0,Irinotecan HCl Trihydrate,Camptosar
CCc1c2c(nc3ccc(OC(=O)N4CCC(N5CCCCC5)CC4)cc13)-c1cc3c(c(=O)n1C2)COC(=O)[C@]3(O)CC.Cl,74990.0,,60838.0,Irinotecan Hydrochloride,Irinotecan Hydrochloride
CCc1c2c(nc3ccc(OC(=O)N4CCC(N5CCCCC5)CC4)cc13)-c1cc3c(c(=O)n1C2)COC(=O)[C@]3(O)CC.Cl,74990.0,,60838.0,Irinotecan hydrochloride,Irinotecan Hydrochloride
CCc1c2c(nc3ccc(OC(=O)N4CCC(N5CCCCC5)CC4)cc13)-c1cc3c(c(=O)n1C2)COC(=O)[C@]3(O)CC.Cl.O.O.O,60837.0,,60838.0,Irinotecan hydrochloride Trihydrate,Camptosar
C[C@@H](c1nc(-c2ccc(C#N)cc2)cs1)[C@](O)(Cn1cncn1)c1cc(F)ccc1F,6918485.0,,6918485.0,Isavuconazole,Isavuconazole
Clc1ccc(C(Cn2ccnc2)OCc2c(Cl)cccc2Cl)c(Cl)c1,3760.0,,3760.0,Isoconazole,Isoconazole
Clc1ccc(C(Cn2ccnc2)OCc2c(Cl)cccc2Cl)c(Cl)c1.O=[N+]([O-])O,159968.0,,3760.0,Isoconazole nitrate,Isoconazole Nitrate
COc1ccc(/C=C/C(=O)O)cc1O,736186.0,,736186.0,Isoferulic acid,Isoferulic Acid
O=C(/C=C/c1ccc(O)cc1)c1ccc(O)cc1O,638278.0,,638278.0,Isoliquiritigenin,Isoliquiritigenin
NNC(=O)c1ccncc1,3767.0,,3767.0,Isoniazid,Isoniazid
CC(C)NCC(O)c1ccc(O)c(O)c1.Cl,5807.0,,3779.0,Isoprenaline hydrochloride,(+-)-Isoproterenol hydrochloride
Cc1c(NC(C)C)c(=O)n(-c2ccccc2)n1C.Cl,83592.0,,5037.0,Isopyrin hydrochloride,Ramifenazone hydrochloride
O=[N+]([O-])O[C@H]1CO[C@H]2[C@@H]1OC[C@H]2O[N+](=O)[O-],6883.0,,6883.0,Isosorbide dinitrate,Isosorbide Dinitrate
C[C@@]12CC[C@@H]3[C@@](CC[C@H]4[C@@]3(C)CCC[C@@]4(C)C(=O)O)(CC1=O)C2,99514.0,,99514.0,Isosteviol,Isosteviol
CC1=C(/C=C/C(C)=C/C=C/C(C)=C\C(=O)O)C(C)(C)CCC1,5282379.0,,5282379.0,Isotretinoin,Isotretinoin
CC(C)CC(N)=O,10930.0,,10930.0,Isovaleramide,3-Methylbutanamide
Cc1cc(NC(=O)C2=C(O)c3ccccc3S(=O)(=O)N2C)no1,54677972.0,,54677972.0,Isoxicam,Isoxicam
CC(COc1ccccc1)NC(C)C(O)c1ccc(O)cc1.Cl,11368.0,,3783.0,Isoxsuprine hydrochloride,Isoxsuprine Hydrochloride
Cc1ccc(C(=O)N(CCCN)[C@@H](c2nc3cc(Cl)ccc3c(=O)n2Cc2ccccc2)C(C)C)cc1,6851740.0,,6851740.0,Ispinesib,Ispinesib
COC(=O)C1=C(C)NC(C)=C(C(=O)OC(C)C)C1c1cccc2nonc12,3784.0,,3784.0,Isradipine,Isradipine
COc1ccc(C(=O)NCc2ccc(OCCN(C)C)cc2)cc1OC.Cl,129791.0,,3792.0,Itopride hydrochloride,Itopride Hydrochloride
CCC(C)n1ncn(-c2ccc(N3CCN(c4ccc(OC[C@H]5CO[C@](Cn6cncn6)(c6ccc(Cl)cc6Cl)O5)cc4)CC3)cc2)c1=O,55283.0,,55283.0,Itraconazole,Itraconazole
COc1cc2c(cc1OC)CC(=O)N(CCCN(C)C[C@H]1Cc3cc(OC)c(OC)cc31)CC2.Cl,3045381.0,,132999.0,Ivabradine hydrochloride,Ivabradine Hydrochloride
CC(C)(C)c1cc(C(C)(C)C)c(NC(=O)c2c[nH]c3ccccc3c2=O)cc1O,16220172.0,,16220172.0,Ivacaftor,Ivacaftor
CC(C)(C)c1cc(C(C)(C)C)c(NC(=O)c2c[nH]c3ccccc3c2=O)cc1O,16220172.0,,16220172.0,Ivacaftor (VX-770),Ivacaftor
,,481107789.0,,Ivermectin,
N#Cc1ccnc(N2C(=O)CC[C@H]2C(=O)N(c2cncc(F)c2)[C@H](C(=O)NC2CC(F)(F)C2)c2ccccc2Cl)c1,71657455.0,,71657455.0,Ivosidenib,Ivosidenib
C/C(=C\c1csc(C)n1)[C@@H]1C[C@@H]2O[C@]2(C)CCC[C@H](C)[C@H](O)[C@@H](C)C(=O)C(C)(C)[C@@H](O)CC(=O)N1,6445540.0,,6445540.0,Ixabepilone,Ixabepilone
C/C(=C\c1csc(C)n1)[C@@H]1C[C@@H]2O[C@]2(C)CCC[C@H](C)[C@H](O)[C@@H](C)C(=O)C(C)(C)[C@@H](O)CC(=O)N1,6445540.0,,6445540.0,Ixabepilone ,Ixabepilone
CC(C)C[C@H](NC(=O)CNC(=O)c1cc(Cl)ccc1Cl)B(O)O,25183872.0,,25183872.0,Ixazomib,Ixazomib
CC(C)C[C@H](NC(=O)CNC(=O)c1cc(Cl)ccc1Cl)B(O)O,25183872.0,,25183872.0,Ixazomib ,Ixazomib
CC(C)(C)c1nc2c3cc[nH]c(=O)c3c3cc(F)ccc3c2[nH]1,5494425.0,,5494425.0,JAK Inhibitor I,Pyridone 6
COc1cc2ncnc(Nc3cc(Br)c(O)c(Br)c3)c2cc1OC,3796.0,,3796.0,JAK3 Inhibitor I,Whi-P97
CCCC[C@@H](CCO)[C@@H](C)[C@H]1CC[C@H]2C(CCC3=C(C)[C@@H](O)C[C@H](O)C3)CCC[C@]12C,25150849.0,,25150849.0,JB1,"(1R,3S)-5-[2-[(1R,3aS,7aS)-1-[(2R,3S)-3-(2-hydroxyethyl)heptan-2-yl]-7a-methyl-1,2,3,3a,4,5,6,7-octahydroinden-4-yl]ethyl]-4-methylcyclohex-4-ene-1,3-diol"
COc1ccc(Br)cc1NC(=O)Nc1cccc2c1ccn2Cc1ccnc(N)c1,11691242.0,,11691242.0,JI-101,Ji-101
c1ccc2c(CCNc3ccc(Nc4ccncc4)cc3)c[nH]c2c1,11609586.0,,11609586.0,JNJ 26854165,Serdemetan
O=C(Nc1ccccc1)N1CCN(c2nc(-c3ccccc3)ns2)CC1,2809273.0,,2809273.0,JNJ-1661010,Jnj-1661010
Cn1cc(CNCC2CCN(c3ncc(C(=O)NO)cn3)CC2)c2ccccc21,11538455.0,,11538455.0,JNJ-26481585,Quisinostat
c1ccc2c(CCNc3ccc(Nc4ccncc4)cc3)c[nH]c2c1,11609586.0,,11609586.0,JNJ-26854165,Serdemetan
c1ccc2c(CCNc3ccc(Nc4ccncc4)cc3)c[nH]c2c1,11609586.0,,11609586.0,JNJ-26854165 (Serdemetan),Serdemetan
C[C@H](c1ccc(Cl)cc1N)N1C(=O)c2cc(I)ccc2N(CCCN2CCN(C)CC2)C(=O)[C@@H]1c1ccc(Cl)cc1,11571200.0,,11571200.0,JNJ-27291199,"(3S)-4-[(1R)-1-(2-amino-4-chlorophenyl)ethyl]-3-(4-chlorophenyl)-7-iodo-1-[3-(4-methylpiperazin-1-yl)propyl]-3H-1,4-benzodiazepine-2,5-dione"
CN(C)CC(=O)N1CCC(c2ccc(NC(=O)c3ncc(C#N)[nH]3)c(C3=CCCCC3)c2)CC1.Cl,44551653.0,,11676971.0,JNJ-28312141,Jnj-28312141
Cn1cc(-c2ccc3nnc(C(F)(F)c4ccc5ncccc5c4)n3n2)cn1,46911863.0,,46911863.0,JNJ-38877605,"6-(Difluoro(6-(1-methyl-1H-pyrazol-4-yl)-1,2,4-triazolo(4,3-b)pyridazin-3-yl)methyl)quinoline"
O=C(Nc1cnccc1Cl)N1CCN(Cc2ccc3c(c2)OC(F)(F)O3)CC1,54576693.0,,54576693.0,JNJ-42165279,"N-(4-Chloro-3-pyridinyl)-4-((2,2-difluoro-1,3-benzodioxol-5-yl)methyl)-1-piperazinecarboxamide"
COc1cc(OC)cc(N(CCNC(C)C)c2ccc3ncc(-c4cnn(C)c4)nc3c2)c1,67462786.0,,67462786.0,JNJ-42756493,Erdafitinib
Nc1nc(Nc2ccc(S(N)(=O)=O)cc2)nn1C(=O)c1c(F)cccc1F,5330790.0,,5330790.0,JNJ-7706621,Jnj-7706621
CN1CCN(C(=O)c2cc3cc(Cl)ccc3[nH]2)CC1,4908365.0,,4908365.0,JNJ-7777120,Jnj-7777120
CCOc1nc(NC(=O)Cc2cc(OC)ccc2OC)cc(N)c1C#N,11624601.0,,11624601.0,JNK INHIBITOR VIII,JNK Inhibitor VIII
,2747117.0,,,JNK INHIBITOR X,BI-78D3
O=C1c2ccccc2-c2n[nH]c3cccc1c23,8515.0,,8515.0,JNK Inhibitor II,"anthra(1,9-cd)pyrazol-6(2H)-one"
N#Cc1c(NC(=O)c2cccc3ccccc23)sc2c1CCCC2,766949.0,,766949.0,JNK Inhibitor IX,JNK inhibitor IX
CCOc1nc(NC(=O)Cc2cc(OC)ccc2OC)cc(N)c1C#N,11624601.0,,11624601.0,JNK Inhibitor VIII,JNK Inhibitor VIII
,,,,"JNK-9L, KIN001-204",
Cc1cc(NC(=O)c2cccc(NC(=O)/C=C/CN(C)C)c2)ccc1Nc1nccc(-c2cccnc2)n1,57340686.0,,57340686.0,JNK-IN-8,Jnk-IN-8
Nc1cc(COc2c(Cl)cc(C[C@H](N)C(=O)O)cc2Cl)c2oc(-c3ccccc3)nc2c1,24853505.0,,24853505.0,JPH203,Kyt-0353
Cc1sc2c(c1C)C(c1ccc(Cl)cc1)=N[C@@H](CC(=O)OC(C)(C)C)c1nnc(C)n1-2,46907787.0,,46907787.0,JQ-1,JQ1 compound
,,,,JQ-1:MK-0752 (1:1 mol/mol),
,,,,JQ-1:UNC0638 (2:1 mol/mol),
,,,,JQ-1:carboplatin (1:1 mol/mol),
,,,,JQ-1:navitoclax (2:1 mol/mol),
,,,,JQ-1:vorinostat (2:1 mol/mol),
Cc1sc2c(c1C)C(c1ccc(Cl)cc1)=N[C@@H](CC(=O)OC(C)(C)C)c1nnc(C)n1-2,46907787.0,,46907787.0,JQ1,JQ1 compound
,,,,JQ12,
CC(C)c1ccccc1OC(=O)NCCc1ccc2ccccc2c1,57330099.0,,57330099.0,JW 480,2-Isopropylphenyl (2-(naphthalen-2-yl)ethyl)carbamate
COc1ccc(C2(CNC(=O)c3ccc(NC(=O)c4ccco4)cc3)CCOCC2)cc1,2946601.0,,2946601.0,JW 55,JW 55
CC(C)c1ccccc1OC(=O)NCCc1ccc2ccccc2c1,57330099.0,,57330099.0,JW-480,2-Isopropylphenyl (2-(naphthalen-2-yl)ethyl)carbamate
COc1ccc(C2(CNC(=O)c3ccc(NC(=O)c4ccco4)cc3)CCOCC2)cc1,2946601.0,,2946601.0,JW-55,JW 55
COc1cc(OC)cc(-c2ccc3ncc4ccc(=O)n(-c5ccc(N6CCNCC6)c(C(F)(F)F)c5)c4c3c2)c1,69923936.0,,69923936.0,JW-7-24-1,"9-(3,5-Dimethoxyphenyl)-1-[4-(1-piperazinyl)-3-(trifluoromethyl)phenyl]-2-benzo[h][1,6]naphthyridinone"
,,,,"JW-7-52-1, NA",
COc1ccc(-n2c(SCc3nc(-c4ccc(C)cc4)no3)nnc2-c2ccncc2)cc1,16013152.0,,16013152.0,JW-74,"4-[4-(4-methoxyphenyl)-5-({[3-(4-methylphenyl)-1,2,4-oxadiazol-5-yl]methyl}sulfanyl)-4H-1,2,4-triazol-3-yl]pyridine"
O=C(Oc1ccc([N+](=O)[O-])cc1)N1CCC(C(O)(c2ccc3c(c2)OCO3)c2ccc3c(c2)OCO3)CC1,25021165.0,,25021165.0,JZL-184,Jzl184
O=C(Oc1ccc([N+](=O)[O-])cc1)N1CCN(Cc2cccc(Oc3ccccc3)c2)CC1,46232606.0,,46232606.0,JZL-195,Jzl-195
COc1cc(-c2cc(-c3cccc(O)c3)cnc2N)cc(OC)c1OC,46173038.0,,46173038.0,K02288,K02288
O=C1NCCSc2c1sc1ccc(O)cc21,45258277.0,,45258277.0,KB NB 142-70,kb-NB142-70
CC(C)=CCC/C(C)=C/CC/C(C)=C/CSc1ccccc1C(=O)O,5469318.0,,5469318.0,KD-032,Salirasib
CC(C)NC(=O)COc1cccc(-c2nc(Nc3ccc4[nH]ncc4c3)c3ccccc3n2)c1,11950170.0,,11950170.0,KD025,2-(3-(4-(1H-Indazol-5-ylamino)-2-quinazolinyl)phenoxy)-N-(1-methylethyl)acetamide
CCOC(=O)c1c(/C(C#N)=C\N)c2ccc(Cl)c(Cl)c2n1C,44237094.0,,44237094.0,KH-CB19,KH-CB19
,,,,KHK Indazole,
CC(C)CNc1ccnc(NCc2csc(-c3ccccc3)n2)n1,71304818.0,,71304818.0,KHS101,"N4-isobutyl-N2-((2-phenylthiazol-4-yl)methyl)pyrimidine-2,4-diamine"
COc1cc(Oc2ccnc3cc(OC)c(OC)cc23)ccc1NC(=O)NC(C)c1nccs1,9869779.0,,9869779.0,KI20227,Ki-20227
COc1cc2nccc(Oc3ccc(NC(=O)Nc4ccc(F)cc4F)c(F)c3)c2cc1OC,11317348.0,,11317348.0,KI8751,Ki-8751
,,,,KIN001-042,
COc1cc(C)c(Sc2cnc(NC(=O)c3ccc(CNC(C)C(C)C)cc3)s2)cc1C(=O)N1CCN(C(C)=O)CC1,20635522.0,,20635522.0,KIN001-127,ITK inhibitor
,,,,KIN001-135,
,,,,KIN001-206,
,,,,KIN001-236,
O=C(NC(COc1ccc2[nH]c(=O)[nH]c2c1)c1ccccc1)c1cccn(Cc2ccc(F)c(F)c2)c1=O,56965967.0,,56965967.0,KIN001-244,PDK1 inhibitor
,,,,"KIN001-260, BAYER IKKB INHIBITOR",
CCN1CCC(n2cc(CNc3cc(Cl)c4ncc(C#N)c(Nc5ccc(F)c(Cl)c5)c4c3)nn2)CC1,44143370.0,,44143370.0,KIN001-266,"8-Chloro-4-(3-chloro-4-fluoroanilino)-6-(((1-(1-ethylpiperidin-4-yl)-1H-1,2,3-triazol-4-yl)methyl)amino)quinoline-3-carbonitrile"
,,,,KIN001-270,
CN([C@@H](Cc1ccc(OS(=O)(=O)c2cccc3cnccc23)cc1)C(=O)N1CCN(c2ccccc2)CC1)S(=O)(=O)c1cccc2cnccc12,5312126.0,,5312126.0,KN-62,4-((2S)-2-((5-Isoquinolinylsulfonyl)methylamino)-3-oxo-3-(4-phenyl-1-piperazinyl)propyl)phenyl 5-isoquinolinesulfonate
COc1ccc(S(=O)(=O)N(CCO)c2ccccc2CN(C)C/C=C/c2ccc(Cl)cc2)cc1,5312122.0,,5312122.0,KN-93,KN-93
COc1ccc(S(=O)(=O)N(CCO)c2ccccc2CN(C)C/C=C/c2ccc(Cl)cc2)cc1.O=P(O)(O)O,16760530.0,,5312122.0,KN-93 Phosphate,KN-93 Phosphate
COc1ccc(S(=O)(=O)Nc2ccccc2CN(C)C/C=C/c2ccc(Cl)cc2)cc1,5353702.0,,5353702.0,KN92,(E)-N-(2-(((3-(4-Chlorophenyl)allyl)(methyl)amino)methyl)phenyl)-4-methoxybenzenesulfonamide
COc1ccc(S(=O)(=O)N(CCO)c2ccccc2CN(C)C/C=C/c2ccc(Cl)cc2)cc1,5312122.0,,5312122.0,KN93,KN-93
O=CN1CC/C(=C\c2ccc3c(c2)OCO3)C1=O,46195007.0,,46195007.0,KNK437,Knk-437
COc1ccc2c3c([nH]c2c1)[C@H](CC(C)C)N1C(=O)[C@H](CCC(=O)OC(C)(C)C)NC(=O)[C@@H]1C3,10322450.0,,10322450.0,KO 143,Ko 143
COc1ccc2c3c([nH]c2c1)[C@H](CC(C)C)N1C(=O)[C@H](CCC(=O)OC(C)(C)C)NC(=O)[C@@H]1C3,10322450.0,,10322450.0,KO-143,Ko 143
O=[N+]([O-])c1cc(C(F)(F)F)cc([N+](=O)[O-])c1NNC(=S)Nc1ccc(F)cc1,3827738.0,,3827738.0,KOBE2602,Kobe2602
COc1cc(-c2ncn(/C=C/C(=O)OC(C)C)n2)cc(C(F)(F)F)c1,53386081.0,,53386081.0,KPT-185,CID 53386081
,,,,KPT-214,
FC(F)(F)c1cc(-c2ncn(/C=C\c3nnco3)n2)cc(C(F)(F)F)c1,57519758.0,,57519758.0,KPT-251,"(Z)-2-(2-(3-(3,5-bis(trifluoromethyl)phenyl)-1H-1,2,4-triazol-1-yl)vinyl)-1,3,4-oxadiazole"
,,383428422.0,,"KPT-330, (E)-RN",1421923-86-5
COc1cc(-c2ncn(/C=C\C(=O)OC(C)C)n2)cc(C(F)(F)F)c1,53495165.0,,53495165.0,KPT185,"propan-2-yl (Z)-3-[3-[3-methoxy-5-(trifluoromethyl)phenyl]-1,2,4-triazol-1-yl]prop-2-enoate"
,,,,"KRAS (G12C) INHIBITOR-12, GTPL8020",
CCCNC(=O)Nc1ccc(Oc2ncnc3cc(OC)c(OC)cc23)cc1Cl,9549295.0,,9549295.0,KRN 633,Krn-633
CCCNC(=O)Nc1ccc(Oc2ncnc3cc(OC)c(OC)cc23)cc1Cl,9549295.0,,9549295.0,KRN-633,Krn-633
CCCCCCCCCCCCCCCCCCOP(=O)([O-])OC1CC[N+](C)(C)CC1,148177.0,,148178.0,KRX-0401,Perifosine
CCN1CCN(CC(=O)Nc2ccc(-c3cccc4c(=O)cc(N5CCOCC5)oc34)c3sc4ccccc4c23)CC1,11964036.0,,11964036.0,KU 0060648,KU-0060648
COc1ccc(-c2ccc3c(N4CCOCC4)nc(N4C[C@@H](C)O[C@@H](C)C4)nc3n2)cc1CO,16736978.0,,16736978.0,KU-0063794,Ku-0063794
O=c1cc(-c2cccc3c2Sc2ccccc2S3)oc(N2CCOCC2)c1,5278396.0,,5278396.0,KU-55933,KU-55933
O=c1cc(-c2cccc3c2Sc2ccccc2S3)oc(N2CCOCC2)c1,5278396.0,,5278396.0,KU-55933 (ATM Kinase Inhibitor),KU-55933
O=c1cc(N2CCOCC2)oc2c(-c3cccc4c3sc3ccccc34)cccc12,11327430.0,,11327430.0,KU-57788,NU-7441
C[C@@H]1CN(CC(=O)Nc2ccc3c(c2)Cc2cccc(-c4cc(=O)cc(N5CCOCC5)o4)c2S3)C[C@H](C)O1,15953870.0,,15953870.0,KU-60019,KU-60019
,,125317239.0,,KU57788,8-dibenzothiophen-4-yl-2-morpholin-4-yl-chromen-4-one
O=C(c1ccc(/C=C/c2n[nH]c3ccccc23)cc1)N1CCNCC1,11427553.0,,11427553.0,KW-2449,Kw-2449
O=C(c1ccc(/C=C/c2n[nH]c3ccccc23)cc1)N1CCNCC1,11427553.0,,11427553.0,KW2449,Kw-2449
O=C(Cc1ccc(-c2ccc(OCCN3CCOCC3)cc2)cn1)NCc1ccccc1,23635314.0,,23635314.0,KX2-391,Tirbanibulin
COc1ccc(CCC(=O)Nc2nc3ccc(Cl)cc3s2)cc1OC,8582409.0,,8582409.0,KY02111,KY-02111
O=c1c(O)c(-c2ccc(O)cc2)oc2cc(O)cc(O)c12,5280863.0,,5280863.0,Kaempferol,Kaempferol
NC[C@H]1OC(O[C@H]2[C@H](O)[C@@H](O[C@H]3O[C@H](CO)[C@@H](O)[C@H](N)[C@H]3O)[C@H](N)C[C@@H]2N)[C@H](O)[C@@H](O)[C@@H]1O.O=S(=O)(O)O,16217548.0,,16217549.0,Kanamycin sulfate,"(2R,3S,4S,5R)-2-(aminomethyl)-6-[(1R,2R,3S,4R,6S)-4,6-diamino-3-[(2S,3R,4S,5S,6R)-4-amino-3,5-dihydroxy-6-(hydroxymethyl)oxan-2-yl]oxy-2-hydroxycyclohexyl]oxyoxane-3,4,5-triol;sulfuric acid"
O=C(O)c1ccccc1C(=O)Nc1ccc(-c2ccccc2)cc1,2826191.0,,2826191.0,Kartogenin,Kartogenin
O=C1C2CC3CC1CC(O)(C3)C2,64184.0,,64184.0,Kemantane( Idramantone),Idramantone
O=C1Cc2c([nH]c3ccc(Br)cc23)-c2ccccc2N1,3820.0,,3820.0,KenPaullone ,Kenpaullone
O=C1Cc2c([nH]c3ccc(Br)cc23)-c2ccccc2N1,3820.0,,3820.0,Kenpaullone,Kenpaullone
O=C(c1ccc(F)cc1)C1CCN(CCn2c(=O)[nH]c3ccccc3c2=O)CC1,3822.0,,3822.0,Ketanserin,Ketanserin
CC(=O)N1CCN(c2ccc(OC[C@@H]3CO[C@@](Cn4ccnc4)(c4ccc(Cl)cc4Cl)O3)cc2)CC1,47576.0,,47576.0,Ketoconazole,Ketoconazole
CC(C(=O)O)c1cccc(C(=O)c2ccccc2)c1,3825.0,,3825.0,Ketoprofen,Ketoprofen
CN1CCC(=C2c3ccccc3CC(=O)c3sccc32)CC1,3827.0,,3827.0,Ketotifen,Ketotifen
CN1CCC(=C2c3ccccc3CC(=O)c3sccc32)CC1.O=C(O)/C=C/C(=O)O,5282408.0,,3827.0,Ketotifen fumarate,Ketotifen Fumarate
COc1c2occc2c(OC)c2c(=O)cc(C)oc12,3828.0,,3828.0,Khellin,Khellin
COc1cc2nccc(Oc3ccc(NC(=O)Nc4ccc(F)cc4F)c(F)c3)c2cc1OC,11317348.0,,11317348.0,Ki8751,Ki-8751
COc1ccc2c3c([nH]c2c1)[C@H](CC(C)C)N1C(=O)[C@H](CCC(=O)OC(C)(C)C)NC(=O)[C@@H]1C3,10322450.0,,10322450.0,Ko-143,Ko 143
O=[N+]([O-])c1cc(C(F)(F)F)cc([N+](=O)[O-])c1NNC(=S)Nc1ccc(F)cc1,3827738.0,,3827738.0,Kobe2602,Kobe2602
Nc1ccccc1C(=O)C[C@H](N)C(=O)O,161166.0,,161166.0,Kynurenine,Kynurenine
O=C1O[C@H]([C@@H](O)CO)C(O)=C1O,54670067.0,,54670067.0,L(+)-Ascorbic acid,L-Ascorbic Acid
C[N+](C)(C)CC(O)CC(=O)[O-],288.0,,85.0,L(-)-Carnitine,DL-Carnitine
,38853.0,,,L-(-)-α-Methyldopa,Methyldopa
N[C@@H](Cc1c[nH]c2ccc(O)cc12)C(=O)O,439280.0,,439280.0,L-5-Hydroxytryptophan,Oxitriptan
CC(C)C[C@H](NC(=O)[C@H](Cc1ccccc1)C[C@@H](O)[C@H](Cc1ccccc1)NC(=O)OC(C)(C)C)C(=O)N[C@@H](Cc1ccccc1)C(N)=O,5479543.0,,5479543.0,"L-685,458","L-685,458"
CC(C)C[C@H](NC(=O)[C@H](Cc1ccccc1)C[C@@H](O)[C@H](Cc1ccccc1)NC(=O)OC(C)(C)C)C(=O)N[C@@H](Cc1ccccc1)C(N)=O,5479543.0,,5479543.0,L-685458,"L-685,458"
CNC[C@H](O)c1ccc(O)c(O)c1,5816.0,,5816.0,L-Adrenaline,Epinephrine
C[N+](C)(C)C[C@H](O)CC(=O)[O-].Cl,10219816.0,,10918.0,L-Carnitine hydrochloride,L-Carnitine hydrochloride
N[C@H]1CONC1=O,449215.0,,449215.0,L-Cycloserine,Levcycloserine
COC(=O)C(N)CS.Cl,21951.0,,4040.0,L-Cysteine methyl ester hydrochloride(Acdrile),"Cysteine, methyl ester, hydrochloride (1:1)"
NC(=O)CC[C@H](N)C(=O)O,5961.0,,5961.0,L-Glutamine,L-Glutamine
C[NH+]1[C@@H]2CC[C@H]1CC(OC(=O)[C@H](CO)c1ccccc1)C2,638022.0,,154417.0,L-Hyoscyamine,L-Hyoscyamine
CC(C)[C@@H]1CC[C@@H](C)C[C@H]1O,16666.0,,16666.0,L-Menthol,(-)-Menthol
NCCC[C@H](N)C(=O)O,6262.0,,6262.0,L-Ornithine,L-(-)-Ornithine
N[C@@H](Cc1cc(I)c(Oc2cc(I)c(O)c(I)c2)c(I)c1)C(=O)O,5819.0,,5819.0,L-Thyroxine,Thyroxine
N[C@@H](Cc1c[nH]c2ccccc12)C(=O)O,6305.0,,6305.0,L-Tryptophan,L-Tryptophan
Cl.NC(N)=NCCC[C@H](N)C(=O)O,66250.0,,6322.0,L-arginine monohydrochloride,"L-Arginine, monohydrochloride"
,452110.0,,160339.0,L-α-Phosphatidylcholine,Colfosceril Palmitate
CS(=O)(=O)CCNCc1ccc(-c2ccc3ncnc(Nc4ccc(OCc5cccc(F)c5)c(Cl)c4)c3c2)o1,208908.0,,208908.0,LAPATINIB,Lapatinib
O=C(/C=C/c1ccc(CN(CCO)CCc2c[nH]c3ccccc23)cc1)NO,6445533.0,,6445533.0,LAQ824 (Dacinostat),Dacinostat
CN1CCN(C(=O)C2C(C(=O)O)[C@H]3CC[C@@H]2O3)CC1,45101433.0,,45101433.0,LB-100,3-((4-Methylpiperazin-1-yl)carbonyl)-7-oxabicyclo(2.2.1)heptane-2-carboxylic acid
Cc1[nH]c2ccccc2c1CCNCc1ccc(/C=C/C(=O)NO)cc1,6918837.0,,6918837.0,LBH-589,Panobinostat
CN[C@@H](C)C(=O)N[C@H](C(=O)N1CC[C@H]2CCN(CCc3ccccc3)C[C@H]21)C1CCCCC1,11503417.0,,11503417.0,LBW242,NG5DD6UA5D
CN[C@@H](C)C(=O)N[C@H](C(=O)N1CCC[C@H]1c1nc(C(=O)c2ccc(F)cc2)cs1)C1CCCCC1,24737642.0,,24737642.0,LCL-161,Lcl-161
CN[C@@H](C)C(=O)N[C@H](C(=O)N1CCC[C@H]1c1nc(C(=O)c2ccc(F)cc2)cs1)C1CCCCC1,24737642.0,,24737642.0,LCL161,Lcl-161
,,,,LCTA 2290,
,,,,LCTA 2305,
CCCCC(=O)N(Cc1ccc(-c2ccccc2-c2nn[nH]n2)cc1)[C@H](C(=O)O)C(C)C.CCOC(=O)[C@H](C)C[C@@H](Cc1ccc(-c2ccccc2)cc1)NC(=O)CCC(=O)O.O.O.O.[Na+].[Na+].[Na+],71300864.0,,,LCZ696,Lcz696
COc1ccccc1-c1cc(Nc2cccc(CS(N)(=O)=O)c2)ncn1,25104564.0,,25104564.0,LDC000067,(3-{[6-(2-Methoxyphenyl)pyrimidin-4-yl]amino}phenyl)methanesulfonamide
Cc1c(C(=O)Nc2ccc(N3C[C@@H](C)O[C@@H](C)C3)nc2)cccc1-c1ccc(OC(F)(F)F)cc1,24775005.0,,24775005.0,LDE-225,Sonidegib
,,,,"LDE-225, diphosphonate salt",
Cc1c(C(=O)Nc2ccc(N3C[C@@H](C)O[C@@H](C)C3)nc2)cccc1-c1ccc(OC(F)(F)F)cc1,24775005.0,,24775005.0,LDE225,Sonidegib
Cc1c(C(=O)Nc2ccc(N3C[C@@H](C)O[C@@H](C)C3)nc2)cccc1-c1ccc(OC(F)(F)F)cc1,24775005.0,,24775005.0,"LDE225 (NVP-LDE225,Erismodegib)",Sonidegib
,,,,LDHA Cmp 33,
Cc1cc(Nc2ncc(Cl)c(Nc3ccccc3S(=O)(=O)C(C)C)n2)c(OC(C)C)cc1C1CCNCC1,57379345.0,,57379345.0,LDK378,Ceritinib
Cc1cc(Nc2ncc(Cl)c(Nc3ccccc3S(=O)(=O)C(C)C)n2)c(OC(C)C)cc1C1CCNCC1,57379345.0,,57379345.0,LDK378 (Ceritinib),Ceritinib
Cc1cc(Nc2ncc(Cl)c(Nc3ccccc3S(=O)(=O)C(C)C)n2)c(OC(C)C)cc1C1CCNCC1,57379345.0,,57379345.0,LDK378(Ceritinib),Ceritinib
c1ccc2c(-c3cnn4cc(-c5ccc(N6CCNCC6)cc5)cnc34)ccnc2c1,25195294.0,,25195294.0,LDN-193189,"4-(6-(4-(1-Piperazinyl)phenyl)pyrazolo(1,5-a)pyrimidin-3-yl)quinoline"
COc1cc(-c2cc(-c3ccc(N4CCNCC4)cc3)cnc2C)cc(OC)c1OC,91754554.0,,91754554.0,LDN-214117,Ldn-214117
c1ccc2c(-c3cnn4cc(-c5ccc(N6CCNCC6)cc5)cnc34)ccnc2c1,25195294.0,,25195294.0,LDN193189,"4-(6-(4-(1-Piperazinyl)phenyl)pyrazolo(1,5-a)pyrimidin-3-yl)quinoline"
CN1c2cc3c(cc2N=C(c2ccc(C(=O)O)cc2)c2ccccc21)C(C)(C)CCC3(C)C,10410894.0,,10410894.0,LE 135,LE 135
CN1c2cc3c(cc2N=C(c2ccc(C(=O)O)cc2)c2ccccc21)C(C)(C)CCC3(C)C,10410894.0,,10410894.0,LE-135,LE 135
CN(C)C(=O)c1cc2cnc(Nc3ccc(N4CCNCC4)cn3)nc2n1C1CCCC1,44631912.0,,44631912.0,LEE011,Ribociclib
Cc1oncc1C(=O)Nc1ccc(C(F)(F)F)cc1,3899.0,,3899.0,LEFLUNOMIDE,Leflunomide
Nc1cccc2c1CN(C1CCC(=O)NC1=O)C2=O,216326.0,,216326.0,LENALIDOMIDE,Lenalidomide
COc1cc2nccc(Oc3ccc(NC(=O)NC4CC4)c(Cl)c3)c2cc1C(N)=O,9823820.0,,9823820.0,LENVATINIB,Lenvatinib
Cc1c(Cc2ccccc2)nnc(N2CCN(c3cnc(C(C)(C)O)cn3)[C@H](C)C2)c1C,45100669.0,,45100669.0,LEQ-506,Nvp-leq-506
C[C@]12O[C@H](C[C@]1(O)CO)n1c3ccccc3c3c4c(c5c6ccccc6n2c5c31)CNC4=O,126565.0,,126565.0,LESTAURTINIB,Lestaurtinib
N#Cc1ccc(C(c2ccc(C#N)cc2)n2cncn2)cc1,3902.0,,3902.0,LETROZOLE,Letrozole
C/C(O)=C(\C#N)C(=O)Nc1cc(Br)ccc1Br,54676905.0,,54676905.0,LFM-A13,Lfm-A13
Cc1cc(-c2ncc(CC(=O)Nc3ccc(-c4cnccn4)cn3)cc2C)ccn1,46926973.0,,46926973.0,LGK-974,Wnt-974
Cc1cc(-c2ncc(CC(=O)Nc3ccc(-c4cnccn4)cn3)cc2C)ccn1,46926973.0,,46926973.0,LGK974,Wnt-974
CCNC(=O)Nc1ncc(-c2cc(-c3c(C)cc(OC)cc3C)nc(-c3cnccn3)n2)s1,46192505.0,,46192505.0,LIMK1 INHIBITOR BMS4,LIMK1inhibitorBMS4-BMS4
,,,,LIMK1i BMS4,
Cc1ccc(F)c(NC(=O)Nc2ccc(-c3cccc4[nH]nc(N)c34)cc2)c1,11485656.0,,11485656.0,LINIFANIB,Linifanib
CC1(O)CC(c2nc(-c3ccc4ccc(-c5ccccc5)nc4c3)c3c(N)nccn23)C1,11640390.0,,11640390.0,LINSITINIB,Osi-906
CN1CCN(c2ccc(-c3ccncc3-c3cc(F)c(O)c(F)c3)cc2)CC1,73010393.0,,73010393.0,LJH685,"2,6-Difluoro-4-[4-[4-(4-methylpiperazin-1-yl)phenyl]pyridin-3-yl]phenol"
Oc1c(F)cc(-c2cnccc2-c2ccc(N3CCOCC3)cc2)cc1F,118704762.0,,118704762.0,LJI308,"2,6-Difluoro-4-(4-(4-morpholinophenyl)pyridin-3-yl)phenol"
O=c1c(O)c(-c2ccc(O)c(O)c2)oc2cc(O)cc(O)c12,5280343.0,,5280343.0,LNS-5662,Quercetin
CN(CCCN1c2ccccc2CCc2ccccc21)CC(=O)c1ccc(Cl)cc1,3947.0,,3947.0,LOFEPRAMINE,Lofepramine
Nc1nc(OCc2cc(Br)cs2)c2[nH]cnc2n1,3025944.0,,3025944.0,LOMEGUATRIB,Lomeguatrib
O=NN(CCCl)C(=O)NC1CCCCC1,3950.0,,3950.0,LOMUSTINE,Lomustine
Cc1[nH]c2ccc(F)cc2c1-c1nc2c3cccnc3c3ncccc3c2[nH]1,11960271.0,,11960271.0,LOR-253,Apto-253
CC[C@H](C)C(=O)O[C@H]1C[C@@H](C)C=C2C=C[C@H](C)[C@H](CC[C@@H]3C[C@@H](O)CC(=O)O3)[C@H]21,53232.0,,53232.0,LOVASTATIN,Lovastatin
COc1cc(C(=O)N2CCC(N3CCN(C)CC3)CC2)ccc1Nc1ncc2c(n1)N(C)c1ccccc1C(=O)N2C,46843906.0,,46843906.0,LRRK2-IN-1,Lrrk2-IN-1
CC(N[C@H]1C[C@@H]1c1ccccc1)c1ccc2c(c1)OCCO2,76324808.0,,76324808.0,LSD1-C76,"trans-(1S,2R)-N-[1-(2,3-dihydro-1,4-benzodioxin-6-yl)ethyl]-2-phenylcyclopropan-1-amine"
Fc1ccc(-c2c3cccc(C(F)(F)F)c3nn2Cc2ccc(F)cc2Cl)cc1,16734800.0,,16734800.0,LXR623,Lxr-623
CN(C)C(=O)n1nnnc1Cc1ccc(-c2ccccc2)cc1,11507802.0,,11507802.0,LY 2183240,"5-([1,1'-Biphenyl]-4-ylmethyl)-N,N-dimethyl-1H-tetrazole-1-carboxamide"
O=c1cc(N2CCOCC2)oc2c(-c3ccccc3)cccc12,3973.0,,3973.0,LY 294002,2-(4-morpholinyl)-8-phenyl-4H-1-benzopyran-4-one
CN(C)C[C@@H]1CCn2cc(c3ccccc32)C2=C(C(=O)NC2=O)c2cn(c3ccccc23)CCO1,153999.0,,153999.0,LY 333531,Ruboxistaurin
O=C1NC(=O)C(c2cnc3ccccn23)=C1c1cn2c3c(cc(F)cc13)CN(C(=O)N1CCCCC1)CC2,10029385.0,,10029385.0,LY-2090314,Ly-2090314
c1ccc(-c2nn3c(c2-c2ccnc4cc(OCCN5CCOCC5)ccc24)CCC3)nc1,11655119.0,,11655119.0,LY-2109761,LY2109761
Cc1cccc(-c2nn3c(c2-c2ccnc4ccc(C(N)=O)cc24)CCC3)n1,10090485.0,,10090485.0,LY-2157299,Galunisertib
CN(C)C(=O)n1nnnc1Cc1ccc(-c2ccccc2)cc1,11507802.0,,11507802.0,LY-2183240,"5-([1,1'-Biphenyl]-4-ylmethyl)-N,N-dimethyl-1H-tetrazole-1-carboxamide"
CC(C)(C)Cn1c(N)nc2ccc(-c3[nH]c(C(C)(C)C)nc3-c3ccc(F)cc3)nc21.CS(=O)(=O)O.CS(=O)(=O)O,11570805.0,,11539025.0,LY-2228820,Ralimetinib Mesylate
CCNCCS(=O)(=O)NC[C@@]1(c2ccccc2)SC(NC(=O)C(C)(C)C)=NN1C(=O)C(C)(C)C,25167017.0,,25167017.0,LY-2523355,Litronesib
Cn1cc(-c2ccc(F)c(C(F)(F)F)c2)nc1C1CCN(c2ncnc3[nH]ncc23)CC1,25118925.0,,25118925.0,LY-2584702,Ly-2584702
Cc1cnc(NC(=O)Nc2cc(Br)c(C)cc2OC[C@@H]2CNCCO2)cn1,11955855.0,,11955855.0,LY-2603618,Rabusertib
COc1cccc(OCCCN)c1-c1cc(Nc2cnc(C#N)cn2)n[nH]1,46700756.0,,46700756.0,LY-2606368,Prexasertib
Cc1cc(Nc2cc(CN3CCOCC3)c3nc(C)c(Cc4ccc(Cl)cc4F)n3n2)n[nH]1,46213929.0,,46213929.0,LY-2784544,Gandotinib
Cc1ccc(C(=O)Nc2ccc(Oc3cc4cnn(C)c4cc3-c3cn[nH]c3)c(F)c2)c(=O)n1-c1ccc(F)cc1,44603533.0,,44603533.0,LY-2801653,Merestinib
CCN1CCN(Cc2ccc(Nc3ncc(F)c(-c4cc(F)c5nc(C)n(C(C)C)c5c4)n3)nc2)CC1,46220502.0,,46220502.0,LY-2835219,Abemaciclib
C[C@@H](Oc1ccc2[nH]nc(/C=C/c3cnn(CCO)c3)c2c1)c1c(Cl)cncc1Cl,46944259.0,,46944259.0,LY-2874455,Ly-2874455
O=c1cc(N2CCOCC2)oc2c(-c3ccccc3)cccc12,3973.0,,3973.0,LY-294002,2-(4-morpholinyl)-8-phenyl-4H-1-benzopyran-4-one
CN(C(=O)c1ccc(F)cc1C(F)(F)F)C1CCN(c2nnc(-c3ccnn3C)c3ccccc23)CC1,49848070.0,,49848070.0,LY-2940680,Taladegib
Cn1cc(C2=C(c3cn(C4CCN(Cc5ccccn5)CC4)c4ccccc34)C(=O)NC2=O)c2ccccc21,176167.0,,176167.0,LY-317615,Enzastaurin
CN(C)C[C@@H]1CCn2cc(c3ccccc32)C2=C(C(=O)NC2=O)c2cn(c3ccccc23)CCO1,153999.0,,153999.0,LY-333531,Ruboxistaurin
,9843750.0,,,LY-450139�,Semagacestat
O=C1NC(=O)C(c2cnc3ccccn23)=C1c1cn2c3c(cc(F)cc13)CN(C(=O)N1CCCCC1)CC2,10029385.0,,10029385.0,LY2090314,Ly-2090314
c1ccc(-c2nn3c(c2-c2ccnc4cc(OCCN5CCOCC5)ccc24)CCC3)nc1,11655119.0,,11655119.0,LY2109761,LY2109761
Cc1cccc(-c2nn3c(c2-c2ccnc4ccc(C(N)=O)cc24)CCC3)n1,10090485.0,,10090485.0,LY2157299,Galunisertib
CC(C)(C)Cn1c(N)nc2ccc(-c3[nH]c(C(C)(C)C)nc3-c3ccc(F)cc3)nc21.CS(=O)(=O)O.CS(=O)(=O)O,11570805.0,,11539025.0,LY2228820,Ralimetinib Mesylate
CC(C)NCCCC[C@H](NC(=O)[C@H]1CCC(=O)N[C@@H](Cc2ccccc2)C(=O)N[C@H](Cc2ccc(O)cc2)C(=O)N[C@@H](CCCCNC(C)C)C(=O)N[C@H](CCCN=C(N)N)C(=O)N[C@@H](Cc2ccc3ccccc3c2)C(=O)NCC(=O)N1)C(N)=O,129010506.0,,129010506.0,LY2510924,CID 129010506
Cc1ccc(S(=O)(=O)O)cc1.Cn1cc(-c2ccc(F)c(C(F)(F)F)c2)nc1C1CCN(c2ncnc3[nH]ncc23)CC1,46205871.0,,25118925.0,LY2584702 tosylate,LY-2584702 (tosylate salt)
Cc1cnc(NC(=O)Nc2cc(Br)c(C)cc2OC[C@@H]2CNCCO2)cn1,11955855.0,,11955855.0,LY2603618,Rabusertib
O=C(Nc1ncc(SCCN2CCCC2)s1)[C@]1(c2ccc(S(=O)(=O)C3CC3)cc2)C[C@H]1C1CCCCC1,46832368.0,,46832368.0,LY2608204,Ly-2608204
Cc1cc(Nc2cc(CN3CCOCC3)c3nc(C)c(Cc4ccc(Cl)cc4F)n3n2)n[nH]1,46213929.0,,46213929.0,LY2784544,Gandotinib
C[C@@]1(c2cc(-c3cncnc3)c(F)cc2F)CCSC(N)=N1,44251605.0,,44251605.0,LY2811376,Ly-2811376
CCN1CCN(Cc2ccc(Nc3ncc(F)c(-c4cc(F)c5nc(C)n(C(C)C)c5c4)n3)nc2)CC1,46220502.0,,46220502.0,LY2835219,Abemaciclib
CCN1CCN(Cc2ccc(Nc3ncc(F)c(-c4cc(F)c5nc(C)n(C(C)C)c5c4)n3)nc2)CC1.CS(=O)(=O)O,71576678.0,,46220502.0,LY2835219 mesylate,Abemaciclib Mesylate
O=c1cc(N2CCOCC2)oc2c(-c3ccccc3)cccc12,3973.0,,3973.0,LY294002,2-(4-morpholinyl)-8-phenyl-4H-1-benzopyran-4-one
CNc1ncc2cc(-c3cc(NC(=O)NCCC(C)(C)C)c(F)cc3C)c(C)nc2n1,71721540.0,,71721540.0,LY3009120,Ly-3009120
CO[C@@H](C)Cn1c(=O)n(C)c2cnc3ccc(-c4cncc(C(C)(C)O)c4)cc3c21,57519748.0,,57519748.0,LY3023414,Samotolisib
C[C@H](NC(=O)CCC(F)(F)F)C(=O)N[C@@H]1C(=O)N(CCO)c2ncccc2-c2ccccc21,71236992.0,,71236992.0,LY3039478,Crenigacestat
Cn1cc(C2=C(c3cn(C4CCN(Cc5ccccn5)CC4)c4ccccc34)C(=O)NC2=O)c2ccccc21,176167.0,,176167.0,LY317615,Enzastaurin
CN(C)[C@@H]1CCc2[nH]c3ccc(NC(=O)c4ccc(F)cc4)cc3c2C1,5311097.0,,5311097.0,LY344864,LY-344864
C[C@H](NC(=O)[C@@H](O)c1cc(F)cc(F)c1)C(=O)N[C@@H]1C(=O)N(C)c2ccccc2-c2ccccc21,10435235.0,,10435235.0,LY411575,"(alphaS)-N-((1S)-2-(((7S)-6,7-Dihydro-5-methyl-6-oxo-5H-dibenz(b,d)azepin-7-yl)amino)-1-methyl-2-oxoethyl)-3,5-difluoro-alpha-hydroxybenzeneacetamide"
CC(CCc1ccccc1)NCC(O)c1ccc(O)c(C(N)=O)c1.Cl,71412.0,,3869.0,Labetalol hydrochloride,Labetalol Hydrochloride
CCOC(=O)C1=C(C)NC(C)=C(C(=O)OCC)C1c1ccccc1/C=C/C(=O)OC(C)(C)C,5311217.0,,5311217.0,Lacidipine,Lacidipine
COC[C@@H](NC(C)=O)C(=O)NCc1ccccc1,219078.0,,219078.0,Lacosamide,Lacosamide
O.OC[C@@H](O)[C@@H](O[C@@H]1O[C@H](CO)[C@H](O)[C@H](O)[C@H]1O)[C@H](O)[C@@H](O)CO,3067270.0,,157355.0,Lactitol monohydrate,Lactitol Monohydrate
OC[C@H]1O[C@@H](O[C@@H]2[C@@H](CO)O[C@](O)(CO)[C@H]2O)[C@H](O)[C@@H](O)[C@H]1O,11333.0,,11333.0,Lactulose,Lactulose
N#C[C@H](O[C@@H]1O[C@H](C(=O)O)[C@@H](O)[C@H](O)[C@H]1O)c1ccccc1,5484354.0,,5484354.0,Laetrile,Vitamin B17
O=C(CS(=O)Cc1ccco1)NC/C=C\COc1cc(CN2CCCCC2)ccn1,5282136.0,,5282136.0,Lafutidine,Lafutidine
Nc1ccn([C@@H]2CS[C@H](CO)O2)c(=O)n1,60825.0,,60825.0,Lamivudine,Lamivudine
Nc1nnc(-c2cccc(Cl)c2Cl)c(N)n1,3878.0,,3878.0,Lamotrigine,Lamotrigine
,,481185920.0,,Lanolin,
Cc1c(OCC(F)(F)F)ccnc1CS(=O)c1nc2ccccc2[nH]1,3883.0,,3883.0,Lansoprazole,Lansoprazole
CS(=O)(=O)CCNCc1ccc(-c2ccc3ncnc(Nc4ccc(OCc5cccc(F)c5)c(Cl)c4)c3c2)o1,208908.0,,208908.0,Lapatinib,Lapatinib
CS(=O)(=O)CCNCc1ccc(-c2ccc3ncnc(Nc4ccc(OCc5cccc(F)c5)c(Cl)c4)c3c2)o1,208908.0,,208908.0,Lapatinib ,Lapatinib
CS(=O)(=O)CCNCc1ccc(-c2ccc3ncnc(Nc4ccc(OCc5cccc(F)c5)c(Cl)c4)c3c2)o1.Cc1ccc(S(=O)(=O)O)cc1.Cc1ccc(S(=O)(=O)O)cc1,9941095.0,,208908.0,Lapatinib (GW-572016) Ditosylate,Lapatinib ditosylate anhydrous
CS(=O)(=O)CCNCc1ccc(-c2ccc3ncnc(Nc4ccc(OCc5cccc(F)c5)c(Cl)c4)c3c2)o1.Cc1ccc(S(=O)(=O)O)cc1.Cc1ccc(S(=O)(=O)O)cc1.O,11557040.0,,208908.0,Lapatinib ditosylate monohydrate,Lapatinib Ditosylate
CCN1C[C@]2(OC(=O)c3ccccc3NC(C)=O)CC[C@H](OC)[C@@]34[C@@H]2C[C@@H]([C@@H]13)[C@@]1(O)C[C@H](OC)[C@H]2C[C@@H]4[C@]1(O)[C@H]2OC,90479327.0,,90479327.0,Lappaconitine,Lappaconitine
O=C(Nc1cnn2ccc(N3CCC[C@@H]3c3cc(F)ccc3F)nc12)N1CC[C@H](O)C1,46188928.0,,46188928.0,Larotrectinib,Larotrectinib
O=C(Nc1cnn2ccc(N3CCC[C@@H]3c3cc(F)ccc3F)nc12)N1CC[C@H](O)C1.O=S(=O)(O)O,67330085.0,,46188928.0,Larotrectinib sulfate,Larotrectinib Sulfate
Oc1ccc2c(c1)CC[C@H](c1ccccc1)[C@@H]2c1ccc(OCCN2CCCC2)cc1,216416.0,,216416.0,Lasofoxifene,Lasofoxifene
CC(C)OC(=O)CCC/C=C\C[C@@H]1[C@@H](CC[C@@H](O)CCc2ccccc2)[C@H](O)C[C@@H]1O,5311221.0,,5311221.0,Latanoprost,Latanoprost
CCCCCCCCCCCCCCCC[N+](C)(C)C.[Br-],5974.0,,2681.0,Lauroseptol,Hexadecyltrimethylammonium Bromide
Cc1oncc1C(=O)Nc1ccc(C(F)(F)F)cc1,3899.0,,3899.0,Leflunomide,Leflunomide
Nc1cccc2c1CN(C1CCC(=O)NC1=O)C2=O,216326.0,,216326.0,Lenalidomide,Lenalidomide
Nc1cccc2c1CN(C1CCC(=O)NC1=O)C2=O,216326.0,,216326.0,Lenalidomide  ,Lenalidomide
Nc1cccc2c1CN(C1CCC(=O)NC1=O)C2=O,216326.0,,216326.0,Lenalidomide (CC-5013),Lenalidomide
COc1cc2nccc(Oc3ccc(NC(=O)NC4CC4)c(Cl)c3)c2cc1C(N)=O,9823820.0,,9823820.0,Lenvatinib,Lenvatinib
COc1cc2nccc(Oc3ccc(NC(=O)NC4CC4)c(Cl)c3)c2cc1C(N)=O,9823820.0,,9823820.0,Lenvatinib (E7080),Lenvatinib
CCC(=C/[C@H](C)C/C=C/C(C)=C/[C@@H](C)C(=O)[C@@H](C)[C@H](O)[C@@H](C)C/C(C)=C/C(=O)O)/C=C/[C@@H]1OC(=O)C=C[C@@H]1C,6917907.0,,6917907.0,Leptomycin B,Leptomycin B
COC(=O)C1=C(C)NC(C)=C(C(=O)OC(C)(C)CN(C)CCC(c2ccccc2)c2ccccc2)C1c1cccc([N+](=O)[O-])c1,65866.0,,65866.0,Lercanidipine,Lercanidipine
C[C@]12O[C@H](C[C@]1(O)CO)n1c3ccccc3c3c4c(c5c6ccccc6n2c5c31)CNC4=O,126565.0,,126565.0,Lestaurtinib,Lestaurtinib
C[C@]12O[C@H](C[C@]1(O)CO)n1c3ccccc3c3c4c(c5c6ccccc6n2c5c31)CNC4=O,126565.0,,126565.0,Lestaurtinib (CEP-701),Lestaurtinib
N#Cc1ccc(C(c2ccc(C#N)cc2)n2cncn2)cc1,3902.0,,3902.0,Letrozole,Letrozole
N#Cc1ccc(C(c2ccc(C#N)cc2)n2cncn2)cc1,3902.0,,3902.0,Letrozole  ,Letrozole
COc1ccc(O)cc1,9015.0,,9015.0,Leucobasal,4-Methoxyphenol
Nc1nc2c(c(=O)[nH]1)N(C=O)C(CNc1ccc(C(=O)N[C@@H](CCC(=O)[O-])C(=O)[O-])cc1)CN2.[Ca+2],135403647.0,,135403648.0,Leucovorin calcium,Leucovorin Calcium
c1ccc([C@H]2CN3CCSC3=N2)cc1,26879.0,,26879.0,Levamisole,Levamisole
Cl.c1ccc([C@H]2CN3CCSC3=N2)cc1,27944.0,,26879.0,Levamisole hydrochloride,Levamisole Hydrochloride
CCOC(=O)C1=C(COCCN)NC(C)=C(C(=O)OC)[C@@H]1c1ccccc1Cl,9822750.0,,9822750.0,Levamlodipine,Levamlodipine
CC[C@@H](C(N)=O)N1CCCC1=O,5284583.0,,5284583.0,Levetiracetam,Levetiracetam
CCCCN1CCCC[C@H]1C(=O)Nc1c(C)cccc1C,92253.0,,92253.0,Levobupivacaine,Levobupivacaine
O=C(O)COCCN1CCN([C@H](c2ccccc2)c2ccc(Cl)cc2)CC1,1549000.0,,1549000.0,Levocetirizine,Levocetirizine
N[C@@H](Cc1ccc(O)c(O)c1)C(=O)O,6047.0,,6047.0,Levodopa,Levodopa
OC[C@@H](O)CN1CCN(c2ccccc2)CC1,65859.0,,65859.0,Levodropropizine,Levodropropizine
C[C@H]1COc2c(N3CCN(C)CC3)c(F)cc3c(=O)c(C(=O)O)cn1c23.Cl,9908810.0,,149096.0,Levofloxacin hydrochloride,Levofloxacin hydrochloride
CCN(CC)C(=O)[C@@]1(c2ccccc2)C[C@H]1CN,6917779.0,,6917779.0,Levomilnacipran,Levomilnacipran
C#C[C@]1(O)CC[C@H]2[C@@H]3CCC4=CC(=O)CC[C@@H]4[C@H]3CC[C@@]21CC,13109.0,,13109.0,Levonorgestrel,Levonorgestrel
C[C@@H]1CC(=O)NN=C1c1ccc(NN=C(C#N)C#N)cc1,3033825.0,,3033825.0,Levosimendan,Levosimendan
CCN1CCC[C@H]1CNC(=O)c1cc(S(N)(=O)=O)ccc1OC,688272.0,,688272.0,Levosulpiride,Levosulpiride
CCN(CC)CC(=O)Nc1c(C)cccc1C.Cl,6314.0,,3676.0,Lidocaine hydrochloride,Lidocaine Hydrochloride
Cc1cccc(C)c1NC(=O)CN1CCN(CCCC(c2ccc(F)cc2)c2ccc(F)cc2)CC1,3926.0,,3926.0,Lidoflazine,Lidoflazine
Cc1nc(C)c(C)nc1C.Cl,156709.0,,14296.0,Ligustrazine hydrochloride,Tetramethylpyrazine hydrochloride
CC1(C)O[C@H]2CC(=O)OC[C@]23[C@H]2CC[C@@]4(C)[C@H](c5ccoc5)OC(=O)[C@H]5O[C@]54[C@]2(C)C(=O)C[C@@H]13,179651.0,,179651.0,Limonin,Limonin
CC#CCn1c(N2CCC[C@@H](N)C2)nc2c1c(=O)n(Cc1nc(C)c3ccccc3n1)c(=O)n2C,10096344.0,,10096344.0,Linagliptin,Linagliptin
CCC[C@@H]1C[C@@H](C(=O)N[C@@H]([C@H]2O[C@H](SC)[C@H](O)[C@@H](O)[C@H]2O)[C@@H](C)O)N(C)C1.Cl,64710.0,,3000540.0,Lincomycin hydrochloride,Lincomycin Hydrochloride Anhydrous
CCC[C@@H]1C[C@@H](C(=O)N[C@@H]([C@H]2O[C@H](SC)[C@H](O)[C@@H](O)[C@H]2O)[C@@H](C)O)N(C)C1.Cl.O,71476.0,,3000540.0,Lincomycin hydrochloride monohydrate,Lincomycin hydrochloride monohydrate
ClC1C(Cl)C(Cl)C(Cl)C(Cl)C1Cl,727.0,,727.0,Lindane,Hexachlorocyclohexane
CC(=O)NC[C@H]1CN(c2ccc(N3CCOCC3)c(F)c2)C(=O)O1,441401.0,,441401.0,Linezolid,Linezolid
Cc1ccc(F)c(NC(=O)Nc2ccc(-c3cccc4[nH]nc(N)c34)cc2)c1,11485656.0,,11485656.0,Linifanib,Linifanib
Cc1ccc(F)c(NC(=O)Nc2ccc(-c3cccc4[nH]nc(N)c34)cc2)c1,11485656.0,,11485656.0,Linifanib (ABT-869),Linifanib
CC1(O)CC(c2nc(-c3ccc4ccc(-c5ccccc5)nc4c3)c3c(N)nccn23)C1,11640390.0,,11640390.0,Linsitinib,Osi-906
N[C@@H](Cc1cc(I)c(Oc2ccc(O)c(I)c2)c(I)c1)C(=O)[O-].[Na+],23666110.0,,5920.0,Liothyronine sodium,Liothyronine Sodium
COc1cccc(N(C)C(=S)Oc2ccc3c(c2)CCCC3)n1,3936.0,,3936.0,Liranaftate,Liranaftate
NCCCC[C@H](N[C@@H](CCc1ccccc1)C(=O)O)C(=O)N1CCC[C@H]1C(=O)O.O.O,5362118.0,,5362119.0,Lisinopril dihydrate,Lisinopril dihydrate
O=C([O-])[O-].[Li+].[Li+],11125.0,,767.0,Lithium Carbonate,Lithium Carbonate
O.O.O.O.O=C([O-])CC(O)(CC(=O)[O-])C(=O)[O-].[Li+].[Li+].[Li+],2724118.0,,311.0,Lithium citrate tribasic tetrahydrate,Lithium citrate tetrahydrate
C[C@H](CCC(=O)O)[C@H]1CC[C@H]2[C@@H]3CC[C@@H]4C[C@H](O)CC[C@]4(C)[C@H]3CC[C@]12C,9903.0,,9903.0,Lithocholic acid,Lithocholic Acid
CCNCCS(=O)(=O)NC[C@@]1(c2ccccc2)SC(NC(=O)C(C)(C)C)=NN1C(=O)C(C)(C)C,25167017.0,,25167017.0,Litronesib,Litronesib
CN1[C@@H](CC(=O)c2ccccc2)CCC[C@H]1C[C@H](O)c1ccccc1.Cl,101615.0,,101616.0,Lobeline hydrochloride,(-)-Lobeline hydrochloride
COC(=O)C1=CO[C@@H](O[C@@H]2O[C@H](CO)[C@@H](O)[C@H](O)[C@H]2O)[C@@H]2[C@@H](C)[C@@H](O)C[C@H]12,87691.0,,87691.0,Loganin,(-)-Loganin
CCn1cc(C(=O)O)c(=O)c2cc(F)c(N3CCNC(C)C3)c(F)c21,3948.0,,3948.0,Lomefloxacin,Lomefloxacin
CCn1cc(C(=O)O)c(=O)c2cc(F)c(N3CCNC(C)C3)c(F)c21.Cl,68624.0,,3948.0,Lomefloxacin hydrochloride,Lomefloxacin Hydrochloride
Nc1nc(OCc2cc(Br)cs2)c2[nH]cnc2n1,3025944.0,,3025944.0,Lomeguatrib,Lomeguatrib
COc1ccc(CN2CCN(C(c3ccc(F)cc3)c3ccc(F)cc3)CC2)c(OC)c1OC.Cl.Cl,122125.0,,3949.0,Lomerizine 2HCl,Lomerizine Hydrochloride
COc1ccc(CN2CCN(C(c3ccc(F)cc3)c3ccc(F)cc3)CC2)c(OC)c1OC.Cl.Cl,122125.0,,3949.0,Lomerizine hydrochloride,Lomerizine Hydrochloride
CS(=O)(=O)O.O=C(NC1CCN(CCCCC2(C(=O)NCC(F)(F)F)c3ccccc3-c3ccccc32)CC1)c1ccccc1-c1ccc(C(F)(F)F)cc1,11274333.0,,9853053.0,Lomitapide Mesylate,Lomitapide Mesylate
O=NN(CCCl)C(=O)NC1CCCCC1,3950.0,,3950.0,Lomustine,Lomustine
O=NN(CCCl)C(=O)NC1CCCCC1,3950.0,,3950.0,Lomustine ,Lomustine
NC(=O)N1CCC(CC(=O)N2CCC([C@H]3c4ncc(Br)cc4CCc4cc(Cl)cc(Br)c43)CC2)CC1,148195.0,,148195.0,Lonafarnib,Lonafarnib
O=C(O)c1nn(Cc2ccc(Cl)cc2Cl)c2ccccc12,39562.0,,39562.0,Lonidamine,Lonidamine
CN(C)C(=O)C(CCN1CCC(O)(c2ccc(Cl)cc2)CC1)(c1ccccc1)c1ccccc1.Cl,71420.0,,3955.0,Loperamide hydrochloride,Loperamide Hydrochloride
Cc1cccc(C)c1OCC(=O)N[C@@H](Cc1ccccc1)[C@@H](O)C[C@H](Cc1ccccc1)NC(=O)[C@H](C(C)C)N1CCCNC1=O,92727.0,,92727.0,Lopinavir,Lopinavir
CCOC(=O)N1CCC(=C2c3ccc(Cl)cc3CCc3cccnc32)CC1,3957.0,,3957.0,Loratadine,Loratadine
C[C@H]1CNCCc2ccc(Cl)cc21,11658860.0,,11658860.0,Lorcaserin,Lorcaserin
C[C@H]1Oc2cc(cnc2N)-c2c(nn(C)c2C#N)CN(C)C(=O)c2ccc(F)cc21,71731823.0,,71731823.0,Lorlatinib,Lorlatinib
CN1C(C(=O)Nc2ccccn2)=C(O)c2sc(Cl)cc2S1(=O)=O,54690031.0,,54690031.0,Lornoxicam,Lornoxicam
CCCCc1nc(Cl)c(CO)n1Cc1ccc(-c2ccccc2-c2nn[nH]n2)cc1,3961.0,,3961.0,Losartan,Losartan
CCCCc1nc(Cl)c(CO)n1Cc1ccc(-c2ccccc2-c2nnn[n-]2)cc1.[K+],11751549.0,,3961.0,Losartan potassium,Losartan Potassium
Cc1c(F)cc(C(=O)NC2CC2)cc1-c1ccc(C(=O)NCC(C)(C)C)cn1,11552706.0,,11552706.0,Losmapimod,Losmapimod
Cc1c(F)cc(C(=O)NC2CC2)cc1-c1ccc(C(=O)NCC(C)(C)C)cn1,11552706.0,,11552706.0,Losmapimod (GW856553X),Losmapimod
CCOC(=O)O[C@]1(C(=O)OCCl)CC[C@H]2[C@@H]3CCC4=CC(=O)C=C[C@]4(C)[C@H]3[C@@H](O)C[C@@]21C,444025.0,,444025.0,Loteprednol etabonate,Loteprednol Etabonate
CC[C@H](C)C(=O)O[C@H]1C[C@@H](C)C=C2C=C[C@H](C)[C@H](CC[C@@H]3C[C@@H](O)CC(=O)O3)[C@H]21,53232.0,,53232.0,Lovastatin,Lovastatin
CN1CCN(C2=Nc3ccccc3Oc3ccc(Cl)cc32)CC1.O=C(O)CCC(=O)O,71399.0,,3964.0,Loxapine succinate salt,Loxapine Succinate
CC(C(=O)O)c1ccc(CC2CCCC2=O)cc1,3965.0,,3965.0,Loxoprofen,Loxoprofen
CNC(=O)c1cccc2cc(Oc3ccnc4cc(OCC5(N)CC5)c(OC)cc34)ccc12,25031915.0,,25031915.0,Lucitanib,Lucitanib
N#C/C(=C1/SC[C@@H](c2ccc(Cl)cc2Cl)S1)n1ccnc1,3003141.0,,3003141.0,Luliconazole,Luliconazole
Cc1ccc(NC(=O)C2(c3ccc4c(c3)OC(F)(F)O4)CC2)nc1-c1cccc(C(=O)O)c1,16678941.0,,16678941.0,Lumacaftor(VX 809),Lumacaftor
CCCCN(CCCC)CC(O)c1cc(Cl)cc2c1-c1ccc(Cl)cc1/C2=C/c1ccc(Cl)cc1,6437380.0,,6437380.0,Lumefantrine,Lumefantrine
CCNC(=O)c1noc(-c2cc(C(C)C)c(O)cc2O)c1-c1ccc(CN2CCOCC2)cc1,135539077.0,,135539077.0,Luminespib,Luminespib
CCNC(=O)c1noc(-c2cc(C(C)C)c(O)cc2O)c1-c1ccc(CN2CCOCC2)cc1,135539077.0,,135539077.0,"Luminespib (AUY-922, NVP-AUY922)",Luminespib
,,,,Luminespid,
C=C(C)[C@@H]1CC[C@]2(C)CC[C@]3(C)[C@H](CC[C@@H]4[C@@]5(C)CC[C@H](O)C(C)(C)[C@@H]5CC[C@]43C)[C@@H]12,259846.0,,259846.0,Lupeol,Lupeol
CC1CCCC(C)N1,68843.0,,68843.0,Lupetidin,Nanofin
Cl.O=C1[C@@H]2[C@H]3CC[C@H](C3)[C@@H]2C(=O)N1C[C@@H]1CCCC[C@H]1CN1CCN(c2nsc3ccccc23)CC1,11237860.0,,213046.0,Lurasidone hydrochloride,Lurasidone Hydrochloride
O=c1cc(-c2ccc(O)c(O)c2)oc2cc(O)cc(O)c12,5280445.0,,5280445.0,Luteolin,Luteolin
Cl.O[C@H]1[C@H]2c3cc4c(cc3CN3CCC(=C[C@@H]1O)[C@H]23)OCO4,164943.0,,72378.0,Lycorine HCl,Lycorine hydrochloride
C#C[C@]1(O)CC[C@H]2[C@@H]3CCC4=CCCC[C@@H]4[C@H]3CC[C@@]21C,5857.0,,5857.0,Lynestrenol,Lynestrenol
N[C@@H](Cc1cc(I)c(Oc2ccc(O)c(I)c2)c(I)c1)C(=O)O,5920.0,,5920.0,Lyothyronine,Liothyronine
CCC(C)C(NC(=O)CNC(=O)C(CCC(N)=O)NC(=O)C1CCCN1C(=O)C(CC(=O)O)NC(=O)C(CCCNC(=N)N)NC(=O)C(NC(=O)C(NC(=O)C(N)CCCNC(=N)N)C(C)C)C(C)C)C(=O)NC(CCCNC(=N)N)C(=O)NC(C)C(=O)NC(Cc1c[nH]c2ccccc12)C(=O)NC(C(=O)NC(C)C(=O)NC(Cc1c[nH]c2ccccc12)C(=O)NC(CCCNC(=N)N)C(=O)NC(CC(N)=O)C(=O)NC(CCCNC(=N)N)C(=O)O)C(C)C,91976556.0,,91976556.0,Lysozyme,Lysozyme
,,135226775.0,,M15,Galantide
CCCC[C@@H](C)/C=C(C)/C=C(\C)C(=O)NC1=C[C@@](O)(/C=C/C=C/C=C/C(=O)NC2=C(O)CCC2=O)[C@@H]2O[C@@H]2C1=O,6438330.0,,6438330.0,MANUMYCIN A,Manumycin
O=C(c1ccccc1O)c1[nH]c(Cl)c(Cl)c1-n1c(C(=O)c2ccccc2O)cc(Cl)c1Cl,24797083.0,,24797083.0,MARITOCLAX,Marinopyrrole A
Cc1ccc(NC(=O)c2ccc(CN3CCN(C)CC3)cc2)cc1Nc1nc(-c2cccnc2)cs1,10074640.0,,10074640.0,MASITINIB,Masitinib
CCc1cnc(N2CCC(c3ncc(COc4ccc(-n5cnnn5)cc4)s3)CC2)nc1,46200973.0,,46200973.0,MBX2982,CID 46200973
COc1cc(-n2c(=S)[nH]c3ccccc3c2=O)c(Cl)cc1Cl,3825829.0,,3825829.0,MDIVI 1,"3-(2,4-dichloro-5-methoxyphenyl)-2-sulfanyl-4(3H)-quinazolinone"
CN(CCCl)CCCl.Cl,5935.0,,4033.0,MECHLORETHAMINE HYDROCHLORIDE,Nitrogen mustard hydrochloride
CC(=O)O[C@]1(C(C)=O)CC[C@H]2[C@@H]3C=C(C)C4=CC(=O)CC[C@]4(C)[C@H]3CC[C@@]21C,11683.0,,11683.0,MEGESTROL ACETATE,Megestrol Acetate
CC(O)(CC(=O)O)CC(=O)O,1662.0,,1662.0,MEGLUTOL,3-Hydroxy-3-methylglutaric acid
Cn1cnc2c(F)c(Nc3ccc(Br)cc3F)c(C(=O)NOCCO)cc21,10288191.0,,10288191.0,MEK-162,Binimetinib
N#C/C(=C(/N)Sc1ccc(N)cc1)c1ccccc1C(F)(F)F,9549284.0,,9549284.0,MEK1/2 Inhibitor,(Z)-3-Amino-3-(4-aminophenyl)sulfanyl-2-[2-(trifluoromethyl)phenyl]prop-2-enenitrile
Cn1cnc2c(F)c(Nc3ccc(Br)cc3F)c(C(=O)NOCCO)cc21,10288191.0,,10288191.0,MEK162,Binimetinib
Cn1cnc2c(F)c(Nc3ccc(Br)cc3F)c(C(=O)NOCCO)cc21,10288191.0,,10288191.0,"MEK162 (ARRY-162, ARRY-438162)",Binimetinib
Cl.N[C@@H](Cc1ccc(N(CCCl)CCCl)cc1)C(=O)O,9927978.0,,460612.0,MELPHALAN HYDROCHLORIDE,Melphalan Hydrochloride
CS(=O)(=O)N1CCc2c(-c3cnc(N)nc3)nc(N3CCOCC3)nc21,49784945.0,,49784945.0,MEN 1611,Izorlisib
S=c1nc[nH]c2nc[nH]c12,667490.0,,667490.0,MERCAPTOPURINE,6-Mercaptopurine
,,,,"METAP2 INHIBITOR, A832234",
CN(C)C(=N)N=C(N)N,4091.0,,4091.0,METFORMIN,Metformin
CN(Cc1cnc2nc(N)nc(N)c2n1)c1ccc(C(=O)N[C@@H](CCC(=O)O)C(=O)O)cc1,126941.0,,126941.0,METHOTREXATE,Methotrexate
COc1c2occc2cc2ccc(=O)oc12,4114.0,,4114.0,METHOXSALEN,8-Methoxypsoralen
Nc1ccccc1NC(=O)c1ccc(CNc2nccc(-c3cccnc3)n2)cc1,9865515.0,,9865515.0,MG-0103,Mocetinostat
CC(C)C[C@@H](C=O)NC(=O)[C@H](CC(C)C)NC(=O)[C@H](CC(C)C)NC(=O)OCc1ccccc1,462382.0,,462382.0,MG-132,MG-132
Cn1cnc(-c2cc3nccc(Oc4ccc(NC(=S)NC(=O)Cc5ccccc5)cc4F)c3s2)c1,24901704.0,,24901704.0,MGCD-265,"N-(3-fluoro-4-(2-(1-methyl-1H-imidazol-4-yl)thieno[3,2-b]pyridin-7-yloxy)phenylcarbamothioyl)-2-phenylacetamide"
Nc1ccccc1NC(=O)c1ccc(CNc2nccc(-c3cccnc3)n2)cc1,9865515.0,,9865515.0,MGCD0103,Mocetinostat
CC1(C)CN=C(N2CCN(c3ncnc4sc5c(c34)CCCC5)CC2)S1,1323703.0,,1323703.0,MI-1,"4-[4-(5,5-dimethyl-4H-1,3-thiazol-2-yl)piperazin-1-yl]-5,6,7,8-tetrahydro-[1]benzothiolo[2,3-d]pyrimidine"
CCCc1cc2c(N3CCN(C4=NCC(C)(C)S4)CC3)ncnc2s1,54765302.0,,54765302.0,MI-2,"4-(4-(5,5-Dimethyl-4,5-dihydrothiazol-2-yl)piperazin-1-yl)-6-propylthieno[2,3-d]pyrimidine"
CCCc1cc2c(N3CCN(C4=NCC(C)(C)S4)CC3)ncnc2s1,54765302.0,,54765302.0,MI-2 (Menin-MLL Inhibitor),"4-(4-(5,5-Dimethyl-4,5-dihydrothiazol-2-yl)piperazin-1-yl)-6-propylthieno[2,3-d]pyrimidine"
CC(C)(C)C[C@H]1N[C@@H](C(=O)NCC[C@H](O)CO)[C@H](c2cccc(Cl)c2)[C@@]12C(=O)Nc1cc(Cl)c(F)cc12.Cl,156596490.0,,24877503.0,MI-219,MI-219
CC(C)(C)C[C@H]1N[C@@H](C(=O)NC2CCC(O)CC2)[C@H](c2cccc(Cl)c2F)[C@@]12C(=O)Nc1cc(Cl)ccc12,52938482.0,,52938482.0,MI-773,"(2'R,3S,4'S,5'R)-6-Chloro-4'-(3-chloro-2-fluorophenyl)-2'-(2,2-dimethylpropyl)-1,2-dihydro-N-(trans-4-hydroxycyclohexyl)-2-oxospiro[3H-indole-3,3'-pyrrolidine]-5'-carboxamide"
CO[C@@H]1[C@H](N(C)C(=O)c2ccccc2)C[C@H]2O[C@]1(C)n1c3ccccc3c3c4c(c5c6ccccc6n2c5c31)C(=O)NC4,9829523.0,,9829523.0,MIDOSTAURIN,Midostaurin
Cc1csc(=NC2CCCCC2)n1/N=C/c1ccc(O)c(O)c1O,135691163.0,,135691163.0,MIM1,"4-((E)-(((E)-2-(Cyclohexylimino)-4-methylthiazol-3(2h)-yl)imino)methyl)benzene-1,2,3-triol"
,,,,"MIM1, MIM 1, MIM-1",
CCC(=O)OCN1C(=O)C=CC1=O,227681.0,,227681.0,MIRA-1,"(2,5-dioxo-2,5-dihydro-1H-pyrrol-1-yl)methyl propionate"
NC1=NC(=O)/C(=C/c2ccc(O)cc2)S1,1206243.0,,1206243.0,MIRIN,Mirin
CO[C@@]12[C@H](COC(N)=O)C3=C(C(=O)C(C)=C(N)C3=O)N1C[C@@H]1N[C@@H]12,5746.0,,5746.0,MITOMYCIN,Mitomycin C
CO[C@@]12[C@H](COC(N)=O)C3=C(C(=O)C(C)=C(N)C3=O)N1C[C@@H]1N[C@@H]12,5746.0,,5746.0,MITOMYCIN-C,Mitomycin C
Clc1ccc(C(c2ccccc2Cl)C(Cl)Cl)cc1,4211.0,,4211.0,MITOTANE,Mitotane
O=C1c2c(O)ccc(O)c2C(=O)c2c(NCCNCCO)ccc(NCCNCCO)c21,4212.0,,4212.0,MITOXANTRONE,Mitoxantrone
,,,,MJO5,
C=CCn1c(=O)c2cnc(Nc3ccc(N4CCN(C)CC4)cc3)nc2n1-c1cccc(C(C)(C)O)n1,24856436.0,,24856436.0,MK 1775,MK 1775
O=C(O)CCC1CCC(c2cc(F)ccc2F)(S(=O)(=O)c2ccc(Cl)cc2)CC1,9803433.0,,9803433.0,MK-0752,Mk-0752
CC(C)(F)C[C@H](N[C@@H](c1ccc(-c2ccc(S(C)(=O)=O)cc2)cc1)C(F)(F)F)C(=O)NC1(C#N)CC1,10152654.0,,10152654.0,MK-0822,Odanacatib
C=CCn1c(=O)c2cnc(Nc3ccc(N4CCN(C)CC4)cc3)nc2n1-c1cccc(C(C)(C)O)n1,24856436.0,,24856436.0,MK-1775,MK 1775
C=CCn1c(=O)c2cnc(Nc3ccc(N4CCN(C)CC4)cc3)nc2n1-c1cccc(C(C)(C)O)n1,24856436.0,,24856436.0,MK-1775 ,MK 1775
NC1(c2ccc(-c3nc4ccn5c(=O)[nH]nc5c4cc3-c3ccccc3)cc2)CCC1,24964624.0,,24964624.0,MK-2206,Mk-2206
Cl.Cl.NC1(c2ccc(-c3nc4ccn5c(=O)[nH]nc5c4cc3-c3ccccc3)cc2)CCC1,46930998.0,,24964624.0,MK-2206 2HCL,MK-2206 dihydrochloride
Cl.Cl.NC1(c2ccc(-c3nc4ccn5c(=O)[nH]nc5c4cc3-c3ccccc3)cc2)CCC1,46930998.0,,24964624.0,MK-2206 2HCl,MK-2206 dihydrochloride
Cl.Cl.NC1(c2ccc(-c3nc4ccn5c(=O)[nH]nc5c4cc3-c3ccccc3)cc2)CCC1,46930998.0,,24964624.0,MK-2206 dihydrochloride,MK-2206 dihydrochloride
CN(C[C@@H]1COCCO1)S(=O)(=O)Nc1ccc2ccc3ncc(-c4cnn(C)c4)cc3c(=O)c2c1,44137946.0,,44137946.0,MK-2461,Mk-2461
C[C@](O)(COc1ccc(C#N)cc1)C(=O)Nc1ccc(C#N)c(C(F)(F)F)c1,11326715.0,,11326715.0,MK-2866 (GTx-024),Enobosarm
Cc1ccc(-n2nccn2)c(C(=O)N2CCN(c3nc4cc(Cl)ccc4o3)CCC2C)c1,57505028.0,,57505028.0,MK-4305 (Suvorexant),"Suvorexant, (A+-)-"
NC(=O)c1cccc2cn(-c3ccc([C@@H]4CCCNC4)cc3)nc12,24958200.0,,24958200.0,MK-4827,Niraparib
O=C(O)C1(Cc2cccc(Nc3nccs3)n2)CCC(Oc2cccc(Cl)c2F)CC1,24748204.0,,24748204.0,MK-5108,MK-5108
O=C(O)C1(Cc2cccc(Nc3nccs3)n2)CCC(Oc2cccc(Cl)c2F)CC1,24748204.0,,24748204.0,MK-5108 (VX-689),MK-5108
CC(C)(C)Sc1c(CC(C)(C)C(=O)[O-])n(Cc2ccc(Cl)cc2)c2ccc(OCc3ccc4ccccc4n3)cc12.[Na+],23672584.0,,60923.0,MK-591,Quiflapon Sodium
CCc1cnn2c(NCc3ccc[n+]([O-])c3)cc(N3CCCC[C@H]3CCO)nc12,46926350.0,,46926350.0,MK-7965,Dinaciclib
Cn1cc(-c2cnc3ccc4ccc(CS(=O)(=O)NCc5ccccn5)cc4c(=O)c3c2)cn1,45142457.0,,45142457.0,MK-8033,Mk-8033
Cn1cc(-c2cnc3ccc4ccc(CS(=O)(=O)NCc5ccccn5)cc4c(=O)c3c2)cn1,45142457.0,,45142457.0,MK-8033 ,Mk-8033
O=C(O)Cn1nnc(-c2cc(N3CCC(Oc4cc(F)ccc4Br)CC3)no2)n1,24988881.0,,24988881.0,MK-8245,Mk-8245
CO[C@H]1C[C@@H]2CC[C@@H](C)[C@@](O)(O2)C(=O)C(=O)N2CCCC[C@H]2C(=O)O[C@H]([C@H](C)C[C@@H]2CC[C@@H](OP(C)(C)=O)[C@H](OC)C2)CC(=O)[C@H](C)/C=C(\C)[C@@H](O)[C@@H](OC)C(=O)[C@H](C)C[C@H](C)/C=C/C=C/C=C/1C,11520894.0,,11520894.0,MK-8669 ,Ridaforolimus
O=C(c1cccc(Cl)c1F)N1CCN(Cc2cccc(Nc3nccs3)n2)CC1,11676373.0,,11676373.0,MK-8745,(3-Chloro-2-fluorophenyl)(4-((6-(thiazol-2-ylamino)pyridin-2-yl)methyl)piperazin-1-yl)methanone
Cn1cc(-c2cnn3c(N)c(Br)c([C@@H]4CCCNC4)nc23)cn1,46239015.0,,46239015.0,MK-8776,Sch-900776
Cn1cc(-c2cnn3c(N)c(Br)c([C@@H]4CCCNC4)nc23)cn1,46239015.0,,46239015.0,MK-8776 (SCH 900776),Sch-900776
,46239015.0,,,"MK-8776, SCH900776",Sch-900776
,46239015.0,,,MK-8776/ SCH900776,Sch-900776
O=C(O)CCC1CCC(c2cc(F)ccc2F)(S(=O)(=O)c2ccc(Cl)cc2)CC1,9803433.0,,9803433.0,MK0752,Mk-0752
C=CCn1c(=O)c2cnc(Nc3ccc(N4CCN(C)CC4)cc3)nc2n1-c1cccc(C(C)(C)O)n1,24856436.0,,24856436.0,MK1775,MK 1775
NC1(c2ccc(-c3nc4ccn5c(=O)[nH]nc5c4cc3-c3ccccc3)cc2)CCC1,24964624.0,,24964624.0,MK2206,Mk-2206
CS(=O)(=O)n1cc2c(n1)CN(C1COC(c3cc(F)ccc3F)C(N)C1)C2,75148822.0,,75148822.0,MK3102,"(2S,3R,5S)-2-(2,5-Difluorophenyl)-5-[2-(methylsulfonyl)-2,6-dihydropyrrolo[3,4-c]pyrazol-5(4H)-yl]tetrahydro-2H-pyran-3-amine"
COc1ccc(CNC(=O)c2cc(-c3cncc(C)c3)ncc2-c2nccs2)nc1OC,46190695.0,,46190695.0,MK3697,MK-3697
O[C@@](Cc1ncc(CC2(C(F)(F)F)CC2)[nH]1)(c1ccc(-n2cccn2)cc1)C(F)(F)F,49871766.0,,49871766.0,MK5046,MK-5046
Cc1onc(C(=O)N2CCN(C(c3ccc(Cl)cc3)c3ccc(Cl)cc3)CC2)c1[N+](=O)[O-],49766530.0,,49766530.0,ML 210,ML-210
,9803932.0,,4216.0,ML-7-HCl,"1-(5-iodonaphthalene-1-sulfonyl)-1H-hexahydro-1,4-diazepine hydrochloride"
c1ccc(-c2nnc(N3CCOCC3)nc2-c2ccccc2)cc1,2842253.0,,2842253.0,ML006,"4-(5,6-Diphenyl-1,2,4-triazin-3-yl)morpholine"
Br.Cc1cc2nc(NCCCO)n(CC(=O)c3cc(C(C)(C)C)c(O)c(C(C)(C)C)c3)c2cc1C,2858522.0,,2858523.0,ML029,"1-(3,5-Ditert-butyl-4-hydroxyphenyl)-2-[2-(3-hydroxypropylamino)-5,6-dimethylbenzimidazol-1-yl]ethanone;hydrobromide"
COc1ccc(OC)c(-c2nnc3n2N=C(c2ccc(OC)c(OC)c2)CS3)c1,17757146.0,,17757146.0,ML030,BMCL181297 Compound 5F
Cc1cc(C(=O)CN2C(=O)CCC2=O)c(C)n1Cc1ccccc1,2113511.0,,2113511.0,ML031,"1-[2-[2,5-Dimethyl-1-(phenylmethyl)-3-pyrrolyl]-2-oxoethyl]pyrrolidine-2,5-dione"
Brc1cc2c(cc1C1Nc3ccccc3C3C=CCC31)OCO2,3136844.0,,3136844.0,ML050,"4-(6-bromo-1,3-benzodioxol-5-yl)-3a,4,5,9b-tetrahydro-3H-cyclopenta[c]quinoline"
COc1ccc(S(=O)(=O)N2CCN(S(=O)(=O)c3ccc4c(c3)OCCO4)CC2)cc1,650361.0,,650361.0,ML083,"1-(2,3-Dihydro-1,4-benzodioxin-6-ylsulfonyl)-4-((4-methoxyphenyl)sulfonyl)piperazine"
COc1ccc(N(C(=O)CCl)C(C(=O)NCCc2ccccc2)c2cccs2)cc1Cl,3689413.0,,3689413.0,ML162,ML162
Nc1cccc(S(=O)(=O)N2CCCN(S(=O)(=O)c3ccc4c(c3)OCCO4)CC2)c1,44543605.0,,44543605.0,ML203,Dasa-58
Cc1onc(C(=O)N2CCN(C(c3ccc(Cl)cc3)c3ccc(Cl)cc3)CC2)c1[N+](=O)[O-],49766530.0,,49766530.0,ML210,ML-210
Cn1c(=O)c([N+](=O)[O-])c(Cl)c2ccccc21,701939.0,,701939.0,ML214,"4-Chloro-1-methyl-3-nitro-1,2-dihydroquinolin-2-one"
O=C(COc1c(Cl)cc(Cl)cc1Cl)N/N=C/c1ccc[nH]1,135999136.0,,135999136.0,ML239,"(E)-N'-((1H-Pyrrol-2-yl)methylene)-2-(2,4,6-trichlorophenoxy)acetohydrazide"
COc1ccc(Cn2c(=O)c3c(n4nnnc24)-c2ccccc2CC32CCCC2)cc1,53301938.0,,53301938.0,ML258,"12-[(4-Methoxyphenyl)methyl]spiro[12,14,15,16,17-pentazatetracyclo[8.7.0.02,7.013,17]heptadeca-1(10),2,4,6,13,15-hexaene-9,1'-cyclopentane]-11-one"
CCN1CCN(C(c2ccc(C(F)(F)F)cc2)c2ccc3cccnc3c2O)CC1,3384730.0,,3384730.0,ML311,7-[(4-Ethylpiperazin-1-yl)-[4-(trifluoromethyl)phenyl]methyl]quinolin-8-ol
CC(C)NC(=O)Nc1ccc2c(c1)C(=O)N([C@H](C)CO)C[C@@H](C)[C@H](CN(C)S(=O)(=O)c1ccc(Cl)cc1)O2,44487061.0,,44487061.0,ML312,Cjd-hdl-188-2
COc1ccccc1[C@@H]1C2=C(CC(C)(C)CC2=O)Nc2n[nH]c(C(F)(F)F)c21,135984461.0,,135984461.0,ML320,ppn-gsk-10-R-enantiomer
Cc1cnc(-c2ccccc2C(C)C)nc1NCc1ccc(-n2ccnn2)cc1,60167849.0,,60167849.0,ML323,ML323
,,,,"ML323, GTPL7898, AOB2313,",
,,,,ML334 diastereomer,
O=C(CCNC(=O)c1ccc(OC(F)(F)F)cc1)N[C@@H]1CCCc2ccccc21,71768304.0,,71768304.0,ML390,"N-[3-oxo-3-[[(1R)-1,2,3,4-tetrahydro-1-naphthalenyl]amino]propyl]-4-(trifluoromethoxy)-benzamide"
C[C@@H](NC(=O)c1ncnc(N)c1Cl)c1ncc(C(=O)Nc2cc(C(F)(F)F)c(Cl)cn2)s1,25161177.0,,25161177.0,MLN 2480,Tovorafenib
CC(C)n1nc(-c2ccc3oc(N)nc3c2)c2c(N)ncnc21,45375953.0,,45375953.0,MLN-0128,Sapanisertib
Cc1ncc(CCCN(C)C)cc1Nc1ncc2c(n1)-c1ccc(C(F)(F)F)cc1NC(=S)C2,46235922.0,,46235922.0,MLN-0905,Mln0905
COc1c(Cl)cc2c([nH]c3cnccc32)c1NC(=O)c1cccnc1C,9929127.0,,9929127.0,MLN-120B,N-(6-chloro-7-methoxy-9H-beta-carbolin-8-yl)-2-methylnicotinamide
CC(C)C[C@H](NC(=O)CNC(=O)c1cc(Cl)ccc1Cl)B(O)O,25183872.0,,25183872.0,MLN-2238,Ixazomib
C[C@@H](NC(=O)c1ncnc(N)c1Cl)c1ncc(C(=O)Nc2cc(C(F)(F)F)c(Cl)cn2)s1,25161177.0,,25161177.0,MLN-2480,Tovorafenib
NS(=O)(=O)OC[C@@H]1C[C@@H](n2ccc3c(N[C@H]4CCc5ccccc54)ncnc32)C[C@@H]1O,16720766.0,,16720766.0,MLN-4924,Pevonedistat
COc1cc2c(N3CCN(C(=O)Nc4ccc(OC(C)C)cc4)CC3)ncnc2cc1OCCCN1CCCCC1,3038522.0,,3038522.0,MLN-518,Tandutinib
COc1cccc2c1ccc1nc3cccc(C(=O)N[C@H](C)CN(C)C)c3nc12,9886593.0,,9886593.0,MLN-576,XR-11576
O=C(O)c1ccc(Nc2ncc3c(n2)-c2ccc(Cl)cc2C(c2c(F)cccc2F)=NC3)cc1,11712649.0,,11712649.0,MLN-8054,Mln8054
COc1cc(Nc2ncc3c(n2)-c2ccc(Cl)cc2C(c2c(F)cccc2OC)=NC3)ccc1C(=O)O,24771867.0,,24771867.0,MLN-8237 ,Alisertib
CC(C)C[C@H](NC(=O)CNC(=O)c1cc(Cl)ccc1Cl)B1OC(=O)CC(CC(=O)O)(C(=O)O)O1,49867936.0,,49867936.0,MLN-9708,Mln9708
CC(C)n1nc(-c2ccc3oc(N)nc3c2)c2c(N)ncnc21,45375953.0,,45375953.0,MLN0128 (Sapanisertib),Sapanisertib
COc1c(Cl)cc2c([nH]c3cnccc32)c1NC(=O)c1cccnc1C,9929127.0,,9929127.0,MLN120B,N-(6-chloro-7-methoxy-9H-beta-carbolin-8-yl)-2-methylnicotinamide
CC(C)C[C@H](NC(=O)CNC(=O)c1cc(Cl)ccc1Cl)B(O)O,25183872.0,,25183872.0,MLN2238,Ixazomib
CC(C)C[C@H](NC(=O)CNC(=O)c1cc(Cl)ccc1Cl)B(O)O,25183872.0,,25183872.0,MLN2238(Ixazomib),Ixazomib
C[C@@H](NC(=O)c1ncnc(N)c1Cl)c1ncc(C(=O)Nc2cc(C(F)(F)F)c(Cl)cn2)s1,25161177.0,,25161177.0,MLN2480,Tovorafenib
NS(=O)(=O)OC[C@@H]1C[C@@H](n2ccc3c(N[C@H]4CCc5ccccc54)ncnc32)C[C@@H]1O,16720766.0,,16720766.0,MLN4924,Pevonedistat
O=C(O)c1ccc(Nc2ncc3c(n2)-c2ccc(Cl)cc2C(c2c(F)cccc2F)=NC3)cc1,11712649.0,,11712649.0,MLN8054,Mln8054
COc1cc(Nc2ncc3c(n2)-c2ccc(Cl)cc2C(c2c(F)cccc2OC)=NC3)ccc1C(=O)O,24771867.0,,24771867.0,MLN8237,Alisertib
CC(C)C[C@H](NC(=O)CNC(=O)c1cc(Cl)ccc1Cl)B1OC(=O)CC(CC(=O)O)(C(=O)O)O1,49867936.0,,49867936.0,MLN9708,Mln9708
CC(C)c1ccc(-c2cc(=O)c3ccccc3o2)cc1,2802462.0,,2802462.0,MN-64,4'-Isopropylflavone
N#CCNC(=O)c1ccc(-c2ccnc(Nc3ccc(N4CCOCC4)cc3)n2)cc1,25062766.0,,25062766.0,MOMELOTINIB,Momelotinib
CC1(C)CNc2cc(NC(=O)c3cccnc3NCc3ccncc3)ccc21,11667893.0,,11667893.0,MOTESANIB,Motesanib
,,185966817.0,,MP-0922,122455-85-0
S=C(NCc1ccc2c(c1)OCO2)N1CCN(c2ncnc3c2oc2ccccc23)CC1,11282283.0,,11282283.0,MP-470,Amuvatinib
C[C@H](O)C(=O)N1CCC(CCn2c(Sc3cc4c(cc3Br)OCO4)nc3c(N)ncnc32)CC1,57336747.0,,57336747.0,MPC-3100,Mpc-3100
Cc1cccc(C#Cc2ccccc2)n1.Cl,9794588.0,,3025961.0,MPEP hydrochloride,2-Methyl-6-(phenylethynyl)pyridine hydrochloride
Cc1cc(N2CCOCC2)ccc1Nc1nc(NC2CCCCC2)c2[nH]cnc2n1,46909588.0,,46909588.0,MPI-0479605,Mpi-0479605
,,,,MPS-1-IN-1,
Nc1ccccc1NC(=O)c1ccc(CNC(=O)OCc2cccnc2)cc1,4261.0,,4261.0,MS-275,Entinostat
,,,,MS002,
,,,,MS009,
,,,,MS010,
CCc1ccc(C(=O)COc2ccc(CC3SC(=O)NC3=O)cc2)nc1,10429242.0,,10429242.0,MSDC-0160,Mitoglitazone
O=C(Nc1cccc(NC(=O)c2cccc(O)c2O)c1)c1cccc(O)c1O,10385095.0,,10385095.0,MST-312,Telomerase Inhibitor IX
O=c1c(O)c(-c2cc(O)c(O)c(O)c2)oc2cc(O)cc(O)c12,5281672.0,,5281672.0,MYRICETIN,Myricetin
CCCCCCC(=O)CCCCCC/C=C/C[C@@H](O)[C@H](O)[C@@](N)(CO)C(=O)O,6438394.0,,6438394.0,MYRIOCIN,Myriocin
CCCNS(=O)(=O)Nc1ncnc(OCCOc2ncc(Br)cn2)c1-c1ccc(Br)cc1,16004692.0,,16004692.0,Macitentan,Macitentan
Cl.NCc1ccc(S(N)(=O)=O)cc1,67313.0,,3998.0,Mafenide hydrochloride,Mafenide Hydrochloride
C=CCc1ccc(O)c(-c2cc(CC=C)ccc2O)c1,72300.0,,72300.0,Magnolol,Magnolol
CCOC(=O)CC(SP(=S)(OC)OC)C(=O)OCC,4004.0,,4004.0,Malathion,Malathion
CC(C)OC(=O)C(C(=O)OC(C)C)=C1SC=CS1,4006.0,,4006.0,Malotilate,Malotilate
OC[C@H]1O[C@H](O[C@H]2[C@H](O)[C@@H](O)C(O)O[C@@H]2CO)[C@H](O)[C@@H](O)[C@@H]1O,439186.0,,439186.0,Maltose,Maltose
COC(=O)C1=C(C)NC(C)=C(C(=O)OCCN2CCN(C(c3ccccc3)c3ccccc3)CC2)C1c1cccc([N+](=O)[O-])c1,4008.0,,4008.0,Manidipine,Manidipine
COC(=O)C1=C(C)NC(C)=C(C(=O)OCCN2CCN(C(c3ccccc3)c3ccccc3)CC2)C1c1cccc([N+](=O)[O-])c1.Cl.Cl,150762.0,,4008.0,Manidipine dihydrochloride,Manidipine dihydrochloride
CNCCCC12CCC(c3ccccc31)c1ccccc12.Cl,71478.0,,4011.0,Maprotiline hydrochloride,Maprotiline Hydrochloride
Cc1nnc(C(C)C)n1C1C[C@H]2CC[C@@H](C1)N2CC[C@@H](NC(=O)C1CCC(F)(F)CC1)c1ccccc1,23725098.0,,23725098.0,Maraviroc,Maraviroc
CN1CCN(c2c(F)cc3c(=O)c(C(=O)O)cn4c3c2OCN4C)CC1,60651.0,,60651.0,Marbofloxacin,Marbofloxacin
CC(C)Nc1nc2cc(Cl)c(Cl)cc2n1[C@H]1O[C@@H](CO)[C@H](O)[C@@H]1O,471161.0,,471161.0,Maribavir,Maribavir
CNC(=O)[C@@H](NC(=O)[C@H](CC(C)C)[C@H](O)C(=O)NO)C(C)(C)C,119031.0,,119031.0,Marimastat,Marimastat
Cc1ccc(NC(=O)c2ccc(CN3CCN(C)CC3)cc2)cc1Nc1nc(-c2cccnc2)cs1,10074640.0,,10074640.0,Masitinib,Masitinib
Cc1ccc(NC(=O)c2ccc(CN3CCN(C)CC3)cc2)cc1Nc1nc(-c2cccnc2)cs1,10074640.0,,10074640.0,Masitinib (AB-1010),Masitinib
Cc1ccc(NC(=O)c2ccc(CN3CCN(C)CC3)cc2)cc1Nc1nc(-c2cccnc2)cs1,10074640.0,,10074640.0,Masitinib (AB1010),Masitinib
COc1cc(-n2c(=S)[nH]c3ccccc3c2=O)c(Cl)cc1Cl,3825829.0,,3825829.0,Mdivi-1,"3-(2,4-dichloro-5-methoxyphenyl)-2-sulfanyl-4(3H)-quinazolinone"
COC(=O)Nc1nc2ccc(C(=O)c3ccccc3)cc2[nH]1,4030.0,,4030.0,Mebendazole,Mebendazole
CCN(CCCCOC(=O)c1ccc(OC)c(OC)c1)C(C)Cc1ccc(OC)cc1.Cl,17683.0,,4031.0,Mebeverine hydrochloride,Mebeverine Hydrochloride
CN1CCc2c(c3ccccc3n2Cc2ccccc2)C1.CN1CCc2c(c3ccccc3n2Cc2ccccc2)C1.O=S(=O)(O)c1cccc2c(S(=O)(=O)O)cccc12,22529.0,,,Mebhydrolin napadisylate,Mebhydrolin Napadisilate
CNC1(C)C2CCC(C2)C1(C)C.Cl,13221.0,,4032.0,Mecamylamine hydrochloride ,Mecamylamine Hydrochloride
CCOC(=O)c1c(C)n(C)c2ccc(O)cc12,616236.0,,616236.0,Mecarbinate,Mecarbinate
CN(CCCl)CCCl,4033.0,,4033.0,Mechlorethamine,Mechlorethamine
CN(CCCl)CCCl,4033.0,,4033.0,Mechlorethamine ,Mechlorethamine
CN(CCCl)CCCl.Cl,5935.0,,4033.0,Mechlorethamine hydrochloride,Nitrogen mustard hydrochloride
Cc1cccc(CN2CCN(C(c3ccccc3)c3ccc(Cl)cc3)CC2)c1.Cl.Cl,64713.0,,4034.0,Meclizine dihydrochloride,Meclozine Dihydrochloride
C=C1c2c(Cl)ccc(O)c2C(O)=C2C(=O)[C@]3(O)C(O)=C(C(N)=O)C(=O)[C@@H](N(C)C)[C@@H]3[C@@H](O)[C@H]12.O=C(O)c1cc(S(=O)(=O)O)ccc1O,54676538.0,,54676539.0,Meclocycline sulfosalicylate salt,Meclocycline sulfosalicylate
Cc1ccc(Cl)c(Nc2ccccc2C(=O)O)c1Cl,4037.0,,4037.0,Meclofenamate,Meclofenamic Acid
Cc1ccc(Cl)c(Nc2ccccc2C(=O)[O-])c1Cl.[Na+],4038.0,,4037.0,Meclofenamate Sodium,Meclofenamate Sodium
CN(C)CCOC(=O)COc1ccc(Cl)cc1.Cl,19379.0,,4039.0,Meclofenoxate hydrochloride,Meclofenoxate Hydrochloride
Cc1cccc(CN2CCN(C(c3ccccc3)c3ccc(Cl)cc3)CC2)c1.Cl.Cl,64713.0,,4034.0,Meclozine dihydrochloride,Meclozine Dihydrochloride
CC(=O)[C@H]1CC[C@H]2[C@@H]3C[C@H](C)C4=CC(=O)CC[C@]4(C)[C@H]3[C@@H](O)C[C@]12C,247839.0,,247839.0,Medrysone,Medrysone
Cc1cccc(Nc2ccccc2C(=O)O)c1C,4044.0,,4044.0,Mefenamic acid,Mefenamic Acid
OC(c1cc(C(F)(F)F)nc2c(C(F)(F)F)cccc12)C1CCCCN1,4046.0,,4046.0,Mefloquine,Mefloquine
Cl.O[C@@H](c1cc(C(F)(F)F)nc2c(C(F)(F)F)cccc12)[C@H]1CCCCN1,65329.0,,40692.0,Mefloquine hydrochloride,Mefloquine Hydrochloride
CC(=O)[C@@]1(O)CC[C@H]2[C@@H]3C=C(C)C4=CC(=O)CC[C@]4(C)[C@H]3CC[C@@]21C,19090.0,,19090.0,Megestrol,Megestrol
CC(=O)O[C@]1(C(C)=O)CC[C@H]2[C@@H]3C=C(C)C4=CC(=O)CC[C@]4(C)[C@H]3CC[C@@]21C,11683.0,,11683.0,Megestrol acetate,Megestrol Acetate
CNC[C@H](O)[C@@H](O)[C@H](O)[C@H](O)CO,8567.0,,8567.0,Meglumine,N-Methyl-D-glucamine
COc1ccc2[nH]cc(CCNC(C)=O)c2c1,896.0,,896.0,Melatonine,Melatonin
Cc1cnc(NC(=O)C2=C(O)c3ccccc3S(=O)(=O)N2C)s1,54677470.0,,54677470.0,Meloxicam,Meloxicam
N[C@@H](Cc1ccc(N(CCCl)CCCl)cc1)C(=O)O,460612.0,,460612.0,Melphalan,Melphalan
N[C@@H](Cc1ccc(N(CCCl)CCCl)cc1)C(=O)O,460612.0,,460612.0,Melphalan ,Melphalan
CC12CC3CC(C)(C1)CC(N)(C3)C2.Cl,181458.0,,4054.0,Memantine hydrochloride,Memantine Hydrochloride
CC(=O)Oc1cc(C)c(OC(C)=O)c2ccccc12,11310.0,,11310.0,Menadiol Diacetate,Acetomenaphthone
CC1=CC(=O)c2ccccc2C1=O,4055.0,,4055.0,Menadione,Menadione
CC(C)=CCC/C(C)=C/CC/C(C)=C/CC/C(C)=C/CC1=C(C)C(=O)c2ccccc2C1=O,5282367.0,,5282367.0,Menatetrenone,Menatetrenone
CCN(CC)CCCC(C)Nc1c2ccc(Cl)cc2nc2ccc(OC)cc12,237.0,,237.0,Mepacrine,(+-)-Quinacrine
,,,,Mepacrine aq,
C[N+]1(C)CCCC(OC(=O)C(O)(c2ccccc2)c2ccccc2)C1.[Br-],6461.0,,4057.0,Mepenzolate Bromide,Mepenzolate Bromide
Cc1ccccc1OCC(O)CO,4059.0,,4059.0,Mephenesin,Mephenesin
[O-][n+]1cccc(CO)c1,71668.0,,71668.0,Mepiroxol,Mepiroxol
Cc1cccc(C)c1NC(=O)C1CCCCN1C.Cl,66070.0,,4062.0,Mepivacaine hydrochloride,Mepivacaine Hydrochloride
CCC1(c2cccc(O)c2)CCCCN(C)C1.Cl,65483.0,,41049.0,Meptazinol hydrochloride,Meptazinol Hydrochloride
O=C([O-])c1ccccc1-c1c2cc(Br)c(=O)cc-2oc2[c]([Hg+])c([O-])c(Br)cc12.[Na+].[Na+].[OH-],9853537.0,,9853538.0,Merbromin,Merbromin
S=c1nc[nH]c2nc[nH]c12,667490.0,,667490.0,Mercaptopurine,6-Mercaptopurine
S=c1nc[nH]c2nc[nH]c12,667490.0,,667490.0,Mercaptopurine (6-MP),6-Mercaptopurine
CC(=O)Nc1ccc(C(=O)Nc2cc(-c3cccs3)ccc2N)cc1,6918878.0,,6918878.0,Merck60,"HDAC inhibitor, Compound 1"
Cc1ccc(C(=O)Nc2ccc(Oc3cc4cnn(C)c4cc3-c3cn[nH]c3)c(F)c2)c(=O)n1-c1ccc(F)cc1,44603533.0,,44603533.0,Merestinib,Merestinib
C[C@@H](O)[C@H]1C(=O)N2C(C(=O)O)=C(S[C@@H]3CN[C@H](C(=O)N(C)C)C3)[C@H](C)[C@H]12,441130.0,,441130.0,Meropenem,Meropenem
COc1cc2cc(c1Cl)N(C)C(=O)C[C@H](OC(=O)[C@H](C)N(C)C(=O)CCS)[C@]1(C)O[C@H]1[C@H](C)[C@@H]1C[C@@](O)(NC(=O)O1)[C@H](OC)/C=C/C=C(\C)C2,11343137.0,,11343137.0,Mertansine,Mertansine
Nc1ccc(O)c(C(=O)O)c1,4075.0,,4075.0,Mesalamine,5-Aminosalicylic Acid
O=S(=O)([O-])CCS.[Na+],23662354.0,,598.0,Mesna,Mesna
CN1CCCCC1CCN1c2ccccc2Sc2ccc(S(C)=O)cc21.O=S(=O)(O)c1ccccc1,36207.0,,4078.0,Mesoridazine Besylate,Mesoridazine Besylate
C[C@H]1CC(=O)C[C@@H]2CC[C@H]3[C@@H]4CC[C@H](O)[C@@]4(C)CC[C@@H]3[C@]21C,15020.0,,15020.0,Mesterolone,Mesterolone
CN(C)C(=O)Oc1ccc[n+](C)c1.[Br-],91696191.0,,4991.0,Mestinon,Mestinon
C#C[C@]1(O)CC[C@H]2[C@@H]3CCc4cc(OC)ccc4[C@H]3CC[C@@]21C,6291.0,,6291.0,Mestranol,Mestranol
Cc1ncc(CO)c(CO)c1O.O=C1CC[C@@H](C(=O)O)N1,115198.0,,,Metadoxine,Metadoxine
Cc1c(CNCS(=O)(=O)[O-])c(=O)n(-c2ccccc2)n1C.Cc1c(CNCS(=O)(=O)[O-])c(=O)n(-c2ccccc2)n1C.[Mg+2],80253.0,,80254.0,Metamizole magnesium,"Magnesium bis((((1,5-dimethyl-3-oxo-2-phenyl-2,3-dihydro-1H-pyrazol-4-yl)methyl)amino)methanesulfonate)"
C[C@H](N)[C@H](O)c1cccc(O)c1.O=C(O)[C@H](O)[C@@H](O)C(=O)O,441414.0,,,Metaraminol bitartrate,Metaraminol Bitartrate
Cc1cc(C)cc(OCC2CNC(=O)O2)c1,15459.0,,15459.0,Metaxalone,Metaxalone
CN1C[C@H](CNC(=O)OCc2ccccc2)C[C@@H]2c3cccc4c3c(cn4C)C[C@H]21,28693.0,,28693.0,Metergoline,Metergoline
CN(C)C(=N)N=C(N)N,4091.0,,4091.0,Metformin,Metformin
CN(C)C(=N)N=C(N)N.Cl,14219.0,,4091.0,Metformin hydrochloride,Metformin Hydrochloride
CC(=O)OC(C)C[N+](C)(C)C.[Cl-],6114.0,,1993.0,Methacholine Chloride,Methacholine Chloride
C=C1c2cccc(O)c2C(O)=C2C(=O)[C@]3(O)C(O)=C(C(N)=O)C(=O)[C@@H](N(C)C)[C@@H]3[C@@H](O)[C@H]12.Cl,54685047.0,,54675785.0,Methacycline hydrochloride,Methacycline Hydrochloride
CC(=O)N=c1sc(S(N)(=O)=O)nn1C,4100.0,,4100.0,Methazolamide,Methazolamide
C1N2CN3CN1CN(C2)C3,4101.0,,4101.0,Methenamine,Hexamethylenetetramine
Cn1cc[nH]c1=S,1349907.0,,1349907.0,Methimazole,Methimazole
CSc1ccc2c(c1)C(N1CCN(C)CC1)Cc1ccccc1S2.O=C(O)/C=C\C(=O)O,5358812.0,,4106.0,Methiothepin maleate,Methiothepin Maleate
COc1ccccc1OCC(O)COC(N)=O,4107.0,,4107.0,Methocarbamol,Methocarbamol
CN(Cc1cnc2nc(N)nc(N)c2n1)c1ccc(C(=O)N[C@@H](CCC(=O)O)C(=O)O)cc1,126941.0,,126941.0,Methotrexate,Methotrexate
CN(Cc1cnc2nc(N)nc(N)c2n1)c1ccc(C(=O)N[C@@H](CCC(=O)O)C(=O)O)cc1,126941.0,,126941.0,Methotrexate  ,Methotrexate
COc1ccc(OC)c([C@@H](O)[C@H](C)N)c1.Cl,57333099.0,,688523.0,Methoxamine hydrochloride,Methoxamine Hydrochloride
COc1c2occc2cc2ccc(=O)oc12,4114.0,,4114.0,Methoxsalen,8-Methoxypsoralen
C[N+]1(C)[C@@H]2CC(OC(=O)[C@H](CO)c3ccccc3)C[C@H]1[C@@H]1O[C@@H]12.[Br-],5459110.0,,71183.0,Methscopolamine,Methscopolamine bromide
COc1ccc([C@@H]2CC(=O)c3c(O)cc(O[C@@H]4O[C@H](CO[C@@H]5O[C@@H](C)[C@H](O)[C@@H](O)[C@H]5O)[C@@H](O)[C@H](O)[C@H]4O)cc3O2)cc1OC,5284419.0,,5284419.0,Methyl hesperidin,Methylhesperidin
C/C1=C2/[N-]C([C@H](CC(N)=O)[C@@]2(C)CCC(=O)NCC(C)OP(=O)([O-])OC2C(O)[C@@H](n3cnc4cc(C)c(C)cc43)O[C@@H]2CO)[C@]2(C)N=C(/C(C)=C3\N=C(/C=C4\N=C1[C@@H](CCC(N)=O)C4(C)C)[C@@H](CCC(N)=O)[C@]3(C)CC(N)=O)[C@@H](CCC(N)=O)[C@]2(C)CC(N)=O.[CH3-].[Co+3],6474321.0,,3034082.0,Methylcobalamin,Methylcobalamin
CN(C)c1ccc2nc3ccc(=[N+](C)C)cc-3sc2c1.O.O.O.[Cl-],104827.0,,4139.0,Methylene Blue trihydrate,Methylene Blue Trihydrate
C[C@H]1C[C@@H]2[C@H]([C@@H](O)C[C@@]3(C)[C@H]2CC[C@]3(O)C(=O)CO)[C@@]2(C)C=CC(=O)C=C12,6741.0,,6741.0,Methylprednisolone,Methylprednisolone
,,,,Methylprodnisolone Sodium Succinate,
Cc1cc(=O)[nH]c(=S)[nH]1,667493.0,,667493.0,Methylthiouracil,Methylthiouracil
Cc1cc2c(cc1S(N)(=O)=O)S(=O)(=O)CCC2,4165.0,,4165.0,Meticrane,Meticrane
CN1CCCC(CC2c3ccccc3Sc3ccccc32)C1.Cl,64722.0,,4167.0,Metixene hydrochloride,Metixene Hydrochloride
CCN(CC)CCNC(=O)c1cc(Cl)c(N)cc1OC.Cl.O,441347.0,,4168.0,Metoclopramide hydrochloride,Metoclopramide Hydrochloride
Cc1ccccc1N1C(=O)c2cc(S(N)(=O)=O)c(Cl)cc2NC1C,4170.0,,4170.0,Metolazone,Metolazone
COCCc1ccc(OCC(O)CNC(C)C)cc1,4171.0,,4171.0,Metoprolol,Metoprolol
COCCc1ccc(OCC(O)CNC(C)C)cc1.COCCc1ccc(OCC(O)CNC(C)C)cc1.O=C(O)CCC(=O)O,62937.0,,4171.0,Metoprolol Succinate (ToprolX),Metoprolol Succinate
COCCc1ccc(OCC(O)CNC(C)C)cc1.COCCc1ccc(OCC(O)CNC(C)C)cc1.O=C(O)[C@H](O)[C@@H](O)C(=O)O,441308.0,,,Metoprolol tartrate,Metoprolol Tartrate
Cc1ncc([N+](=O)[O-])n1CCO,4173.0,,4173.0,Metronidazole,Metronidazole
CC(C)(C(=O)c1cccnc1)c1cccnc1,4174.0,,4174.0,Metyrapone,Metyrapone
CC[C@H](C)C(=O)O[C@H]1CCC=C2C=C[C@H](C)[C@H](CC[C@@H]3C[C@@H](O)CC(=O)O3)[C@H]21,64715.0,,64715.0,Mevastatin,Mevastatin
COc1ccc(C(=O)c2ccc(C)cc2)c(O)c1,71645.0,,71645.0,Mexenone,2-Hydroxy-4-methoxy-4'-methylbenzophenone
Cc1cccc(C)c1OCC(C)N.Cl,21467.0,,4178.0,Mexiletine hydrochloride,Mexiletine Hydrochloride
CN1CCN2c3ccccc3Cc3ccccc3C2C1.Cl,68551.0,,4184.0,Mianserin hydrochloride,Mianserin Hydrochloride
COCC(=O)O[C@]1(CCN(C)CCCc2nc3ccccc3[nH]2)CCc2cc(F)ccc2[C@@H]1C(C)C,60663.0,,60663.0,Mibefradil,Mibefradil
Clc1ccc(COC(Cn2ccnc2)c2ccc(Cl)cc2Cl)c(Cl)c1,4189.0,,4189.0,Miconazole,Miconazole
Clc1ccc(COC(Cn2ccnc2)c2ccc(Cl)cc2Cl)c(Cl)c1.O=[N+]([O-])O,68553.0,,4189.0,Miconazole nitrate,Miconazole Nitrate
CO[C@@H]1[C@H](N(C)C(=O)c2ccccc2)C[C@H]2O[C@]1(C)n1c3ccccc3c3c4c(c5c6ccccc6n2c5c31)C(=O)NC4,9829523.0,,9829523.0,Midostaurin,Midostaurin
CO[C@@H]1[C@H](N(C)C(=O)c2ccccc2)C[C@H]2O[C@]1(C)n1c3ccccc3c3c4c(c5c6ccccc6n2c5c31)C(=O)NC4,9829523.0,,9829523.0,Midostaurin ,Midostaurin
COC1C(N(C)C(=O)c2ccccc2)C[C@H]2OC1(C)n1c3ccccc3c3c4c(c5c6ccccc6n2c5c31)C(=O)NC4.O,129886949.0,,129886950.0,Midostaurin hydrate,Midostaurin hydrate
CC#C[C@]1(O)CC[C@H]2[C@@H]3CCC4=CC(=O)CCC4=C3[C@@H](c3ccc(N(C)C)cc3)C[C@@]21C,55245.0,,55245.0,Mifepristone,Mifepristone
OCCN1C[C@H](O)[C@@H](O)[C@H](O)[C@H]1CO,441314.0,,441314.0,Miglitol,Miglitol
CC1=C[C@H]2C(=O)O[C@H]3C[C@@H](C/C=C(\C)C[C@@H](C)/C=C/C=C4\CO[C@H](/C1=N\O)[C@@]42O)O[C@@]1(CC[C@H](C)[C@@H](C)O1)C3.CC[C@H]1O[C@]2(CC[C@@H]1C)C[C@@H]1C[C@@H](C/C=C(\C)C[C@@H](C)/C=C/C=C3\CO[C@@H]4/C(=N\O)C(C)=C[C@@H](C(=O)O1)[C@]34O)O2,20056431.0,,,Milbemycin oxime,"Milbemycin, oxime"
CNC(=O)c1nn(C)c2c1C(C)(C)Cc1cnc(Nc3ccc(N4CCN(C)CC4)cc3)nc1-2,16718576.0,,16718576.0,Milciclib,"N,1,4,4-Tetramethyl-8-((4-(4-methylpiperazin-1-yl)phenyl)amino)-4,5-dihydro-1H-pyrazolo(4,3-h)quinazoline-3-carboxamide"
CNC(=O)c1nn(C)c2c1C(C)(C)Cc1cnc(Nc3ccc(N4CCN(C)CC4)cc3)nc1-2,16718576.0,,16718576.0,Milciclib (PHA-848125),"N,1,4,4-Tetramethyl-8-((4-(4-methylpiperazin-1-yl)phenyl)amino)-4,5-dihydro-1H-pyrazolo(4,3-h)quinazoline-3-carboxamide"
C[N+](C)(C)NCCC(=O)[O-],123868.0,,123869.0,Mildronate,Meldonium
CCN(CC)C(=O)[C@]1(c2ccccc2)C[C@@H]1CN.Cl,163701.0,,65833.0,Milnacipran hydrochloride,Milnacipran Hydrochloride
Cc1[nH]c(=O)c(C#N)cc1-c1ccncc1,4197.0,,4197.0,Milrinone,Milrinone
CCCCCCCCCCCCCCCCOP(=O)([O-])OCC[N+](C)(C)C,3599.0,,3600.0,Miltefosine,Miltefosine
Cc1cc(-c2ccccc2)nnc1NCCN1CCOCC1.Cl.Cl,33254.0,,4199.0,Minaprine dihydrochloride,Minaprine Hydrochloride
CN(C)c1ccc(O)c2c1C[C@H]1C[C@H]3[C@H](N(C)C)C(=O)C(C(N)=O)=C(O)[C@@]3(O)C(=O)C1=C2O.Cl,54685925.0,,54675783.0,Minocycline hydrochloride,Minocycline hydrochloride
N=c1nc(N2CCCCC2)cc(N)n1O,4201.0,,4201.0,Minoxidil,Minoxidil
Nc1nc(CC(=O)Nc2ccc(CCNC[C@H](O)c3ccccc3)cc2)cs1,9865528.0,,9865528.0,Mirabegron,Mirabegron
O=C(NOC[C@H](O)CO)c1ccc(F)c(F)c1Nc1ccc(I)cc1F,9826528.0,,9826528.0,Mirdametinib,"N-((2R)-2,3-Dihydroxypropoxy)-3,4-difluoro-2-((2-fluoro-4-iodophenyl)amino)benzamide"
NC1=NC(=O)/C(=C/c2ccc(O)cc2)S1,1206243.0,,1206243.0,Mirin,Mirin
CN1CCN2c3ncccc3Cc3ccccc3C2C1,4205.0,,4205.0,Mirtazapine,Mirtazapine
O=C([O-])[C@H](CC(=O)N1C[C@H]2CCCC[C@H]2C1)Cc1ccccc1.O=C([O-])[C@H](CC(=O)N1C[C@H]2CCCC[C@H]2C1)Cc1ccccc1.[Ca+2],5478927.0,,121891.0,Mitiglinide calcium,Mitiglinide Calcium
CO[C@@]12[C@H](COC(N)=O)C3=C(C(=O)C(C)=C(N)C3=O)N1C[C@@H]1N[C@@H]12,5746.0,,5746.0,Mitomycin ,Mitomycin C
CO[C@@]12[C@H](COC(N)=O)C3=C(C(=O)C(C)=C(N)C3=O)N1C[C@@H]1N[C@@H]12,5746.0,,5746.0,Mitomycin C,Mitomycin C
Clc1ccc(C(c2ccccc2Cl)C(Cl)Cl)cc1,4211.0,,4211.0,Mitotan,Mitotane
Clc1ccc(C(c2ccccc2Cl)C(Cl)Cl)cc1,4211.0,,4211.0,Mitotane,Mitotane
O=C1c2c(O)ccc(O)c2C(=O)c2c(NCCNCCO)ccc(NCCNCCO)c21,4212.0,,4212.0,Mitoxantrone,Mitoxantrone
Cl.Cl.O=C1c2c(O)ccc(O)c2C(=O)c2c(NCCNCCO)ccc(NCCNCCO)c21,51082.0,,4212.0,Mitoxantrone 2HCl,Mitoxantrone Hydrochloride
Cl.Cl.O=C1c2c(O)ccc(O)c2C(=O)c2c(NCCNCCO)ccc(NCCNCCO)c21,51082.0,,4212.0,Mitoxantrone dihydrochloride,Mitoxantrone Hydrochloride
Cl.Cl.O=C1c2c(O)ccc(O)c2C(=O)c2c(NCCNCCO)ccc(NCCNCCO)c21,51082.0,,4212.0,Mitoxantrone hydrochloride,Mitoxantrone Hydrochloride
CCS(=O)(=O)Nc1ccc(Oc2ccc(F)cc2F)c(-c2cn(C)c(=O)c3[nH]ccc23)c1,71600087.0,,71600087.0,Mivebresib,Mivebresib
NC(=O)c1ncn([C@@H]2O[C@H](CO)[C@@H](O)[C@H]2O)c1O,104762.0,,104762.0,Mizoribine,Mizoribine
Nc1ccccc1NC(=O)c1ccc(CNc2nccc(-c3cccnc3)n2)cc1,9865515.0,,9865515.0,Mocetinostat,Mocetinostat
Nc1ccccc1NC(=O)c1ccc(CNc2nccc(-c3cccnc3)n2)cc1,9865515.0,,9865515.0,Mocetinostat (MGCD0103),Mocetinostat
O=C(NCCN1CCOCC1)c1ccc(Cl)cc1,4235.0,,4235.0,Moclobemide,Moclobemide
NC(=O)CS(=O)C(c1ccccc1)c1ccccc1,4236.0,,4236.0,Modafinil,Modafinil
Cc1nccnc1N1CCCCC1.O=S(=O)(O)O,17859.0,,17860.0,Modaline sulfate,Modaline Sulfate
CCOC(=O)CC(=O)N1CCSC1COc1ccccc1OC,65935.0,,65935.0,Moguisteine,Moguisteine
CCNC(=O)C[C@@H]1N=C(c2ccc(Cl)cc2)c2cc(OC)ccc2-n2c(C)nnc21,46943432.0,,46943432.0,Molibresib,"(4S)-6-(4-Chlorophenyl)-N-ethyl-8-methoxy-1-methyl-4H-(1,2,4)triazolo(4,3-a)(1,4)benzodiazepine-4-acetamide"
CCc1c(C)[nH]c2c1C(=O)C(CN1CCOCC1)CC2.Cl,9883259.0,,23897.0,Molindone hydrochloride,Molindone Hydrochloride
CCO/C([O-])=N/c1c[n+](N2CCOCC2)no1,5353788.0,,4239.0,Molsidomine,Molsidomine
N#CCNC(=O)c1ccc(-c2ccnc(Nc3ccc(N4CCOCC4)cc3)n2)cc1,25062766.0,,25062766.0,Momelotinib,Momelotinib
N#CCNC(=O)c1ccc(-c2ccnc(Nc3ccc(N4CCOCC4)cc3)n2)cc1,25062766.0,,25062766.0,Momelotinib (CYT387),Momelotinib
C[C@@H]1C[C@H]2[C@@H]3CCC4=CC(=O)C=C[C@]4(C)[C@@]3(Cl)[C@@H](O)C[C@]2(C)[C@@]1(OC(=O)c1ccco1)C(=O)CCl,441336.0,,441336.0,Mometasone furoate,Mometasone Furoate
CC[C@@]1([C@@H]2O[C@@H]([C@H]3O[C@@](O)(CO)[C@H](C)C[C@@H]3C)C[C@@H]2C)CC[C@H]([C@]2(C)CC[C@]3(C[C@H](O)[C@@H](C)[C@@H]([C@@H](C)[C@@H](OC)[C@H](C)C(=O)O)O3)O2)O1,441145.0,,441145.0,Monensin,Monensin
CC[C@@]1([C@H]2O[C@H]([C@H]3O[C@@](O)(CO)[C@H](C)C[C@@H]3C)C[C@H]2C)CC[C@H]([C@@]2(C)CC[C@]3(C[C@H](O)[C@@H](C)[C@@H]([C@H](C)[C@H](OC)[C@@H](C)C(=O)[O-])O3)O2)O1.[Na+],23690927.0,,28263.0,Monensin sodium salt,Monensin sodium salt
Oc1ccc(OCc2ccccc2)cc1,7638.0,,7638.0,Monobenzone,Monobenzone
C[C@H]1C(=O)O[C@@H]2CCN3CC=C(COC(=O)[C@](C)(O)[C@]1(C)O)[C@H]23,9415.0,,9415.0,Monocrotaline,Monocrotaline
CC(C)(O)c1ccccc1CC[C@@H](SCC1(CC(=O)O)CC1)c1cccc(/C=C/c2ccc3ccc(Cl)cc3n2)c1,5281040.0,,5281040.0,Montelukast,Montelukast
CC(C)(O)c1ccccc1CC[C@@H](SCC1(CC(=O)[O-])CC1)c1cccc(/C=C/c2ccc3ccc(Cl)cc3n2)c1.[Na+],23663996.0,,5281040.0,Montelukast sodium,Montelukast Sodium
Cc1ccsc1/C=C/C1=NCCCN1C.O=C(O)[C@H](O)[C@@H](O)C(=O)O,6433951.0,,,Morantel tartrate,Morantel Tartrate
Cl.N=C(N=C(N)N)N1CCOCC1,76621.0,,71655.0,Moroxydine hydrochloride,Moroxydine hydrochloride
CCOc1cc(N)c(Cl)cc1C(=O)NCC1CN(Cc2ccc(F)cc2)CCO1.O=C(O)CC(O)(CC(=O)O)C(=O)O,119583.0,,,Mosapride Citrate,Mosapride citrate
CC1(C)CNc2cc(NC(=O)c3cccnc3NCc3ccncc3)ccc21,11667893.0,,11667893.0,Motesanib,Motesanib
CC1(C)CNc2cc(NC(=O)c3cccnc3NCc3ccncc3)ccc21,11667893.0,,11667893.0,Motesanib ,Motesanib
CC1(C)CNc2cc(NC(=O)c3cccnc3NCc3ccncc3)ccc21,11667893.0,,11667893.0,Motesanib (AMG-706),Motesanib
CC1(C)CNc2cc(NC(=O)c3cccnc3NCc3ccncc3)ccc21.O=P(O)(O)O.O=P(O)(O)O,16097729.0,,11667893.0,Motesanib Diphosphate (AMG-706),Motesanib Diphosphate
CCCN(CCC)C(=O)C1=Cc2ccc(-c3ccc(C(=O)N4CCCC4)cc3)cc2N=C(N)C1,16049404.0,,16049404.0,Motolimod,Motolimod
CO/N=C1\C[C@]2(C[C@@H]3C[C@@H](C/C=C(\C)C[C@@H](C)/C=C/C=C4\CO[C@@H]5[C@H](O)C(C)=C[C@@H](C(=O)O3)[C@]45O)O2)O[C@H](/C(C)=C/C(C)C)[C@H]1C,9832912.0,,9832912.0,Moxidectin,Moxidectin
COc1c(N2C[C@@H]3CCCN[C@@H]3C2)c(F)cc2c(=O)c(C(=O)O)cn(C3CC3)c12.Cl,101526.0,,152946.0,Moxifloxacin hydrochloride,Moxifloxacin Hydrochloride
CC(=O)Oc1cc(C(C)C)c(OCCN(C)C)cc1C.Cl,6420039.0,,4260.0,Moxisylyte hydrochloride,Moxisylyte Hydrochloride
COc1nc(C)nc(Cl)c1NC1=NCCN1,4810.0,,4810.0,Moxonidine,Moxonidine
FC(F)(F)c1ccc(/C=C/c2nc(COc3ccc(CCCCn4ccnn4)cc3)co2)cc1,6444692.0,,6444692.0,Mubritinib,Mubritinib
FC(F)(F)c1ccc(/C=C/c2nc(COc3ccc(CCCCn4ccnn4)cc3)co2)cc1,6444692.0,,6444692.0,Mubritinib (TAK 165),Mubritinib
C/C(=C\C(=O)OCCCCCCCCC(=O)O)C[C@@H]1OC[C@H](C[C@@H]2O[C@H]2[C@@H](C)[C@H](C)O)[C@@H](O)[C@H]1O,446596.0,,446596.0,Mupirocin,Mupirocin
CCCCC(C#N)(Cn1cncn1)c1ccc(Cl)cc1,6336.0,,6336.0,Myclobutanil,Myclobutanil
COc1c(C)c2c(c(O)c1C/C=C(\C)CCC(=O)OCCN1CCOCC1)C(=O)OC2,5281078.0,,5281078.0,Mycophenolate Mofetil,Mycophenolate Mofetil
COc1c(C)c2c(c(O)c1C/C=C(\C)CCC(=O)OCCN1CCOCC1)C(=O)OC2,5281078.0,,5281078.0,Mycophenolate mofetil,Mycophenolate Mofetil
COc1c(C)c2c(c(O)c1C/C=C(\C)CCC(=O)O)C(=O)OC2,446541.0,,446541.0,Mycophenolic acid,Mycophenolic Acid
Nc1ncn([C@@H]2O[C@H](CO)[C@@H](O)[C@H]2O)c(=O)n1,9444.0,,9444.0,Mylosar,Azacytidine
CC(=O)N[C@H]1[C@H]([C@H](O)[C@H](O)CO)OC(O)(C(=O)O)C[C@@H]1O,439197.0,,439197.0,N-Acetylneuraminic acid,N-Acetyl-Neuraminic Acid
O=C[C@H](NS(=O)(=O)O)[C@@H](O)[C@H](O)[C@H](O)CO.[Na],122197674.0,,197373.0,N-Sulfo-glucosamine sodium salt,"D-Glucose, 2-deoxy-2-(sulfoamino)-, sodium salt (1:1)"
CC(C)n1cnc2c(NCc3ccccc3)nc(NCCO)nc21,6610355.0,,6610355.0,N9-ISOPROPYLOLOMOUCINE,2-((6-(benzylamino)-9-(propan-2-yl)-9H-purin-2-yl)amino)ethan-1-ol
CC(C)n1cnc2c(NCc3ccccc3)nc(NCCO)nc21,6610355.0,,6610355.0,N9-isopropylolomoucine,2-((6-(benzylamino)-9-(propan-2-yl)-9H-purin-2-yl)amino)ethan-1-ol
O=C1N[C@@H]2C(=C[C@H](O)[C@@H](O)[C@H]2O)c2cc3c(c(O)c21)OCO3,72376.0,,72376.0,NARCICLASINE,Narciclasine
CC1(C)CCC(c2ccc(Cl)cc2)=C(CN2CCN(c3ccc(C(=O)NS(=O)(=O)c4ccc(N[C@H](CCN5CCOCC5)CSc5ccccc5)c(S(=O)(=O)C(F)(F)F)c4)cc3)CC2)C1,24978538.0,,24978538.0,NAVITOCLAX,Abt 263
CN1C(=O)C(Cc2c[nH]c3ccccc23)NC1=S,2828334.0,,2828334.0,NECROSTATIN-1,Necrostatin-1
N=C1S/C(=C\c2cn[nH]c2-c2ccc(F)cc2)C(=O)N1c1nccs1,1239801.0,,1239801.0,NECROSTATIN-7,Necrostatin-7
,1239801.0,,,NECROSTATIN­7,Necrostatin-7
COc1nccnc1NS(=O)(=O)c1ccc(NC(=O)/C=C/c2ccc([N+](=O)[O-])s2)cc1,1566236.0,,1566236.0,NECROSULFONAMIDE,Necrosulfonamide
COc1nc(N)nc2c1ncn2[C@@H]1O[C@H](CO)[C@@H](O)[C@@H]1O,3011155.0,,3011155.0,NELARABINE,Nelarabine
CS(=O)(=O)O.Cc1c(O)cccc1C(=O)N[C@@H](CSc1ccccc1)[C@H](O)CN1C[C@H]2CCCC[C@H]2C[C@H]1C(=O)NC(C)(C)C,64142.0,,64143.0,NELFINAVIR MESYLATE,Nelfinavir Mesylate
CCOc1cc2ncc(C#N)c(Nc3ccc(OCc4ccccn4)c(Cl)c3)c2cc1NC(=O)/C=C/CN(C)C,9915743.0,,9915743.0,NERATINIB,Neratinib
O=C(NC1CC1)c1cc(-c2cccs2)on1,19582717.0,,19582717.0,NEURONAL DIFFERENTIATION INDUCER III,"N-cyclopropyl-5-(thiophen-2-yl)-1,2-oxazole-3-carboxamide"
Nc1ccc2ncnc(NCCc3ccc(Oc4ccccc4)cc3)c2c1,509554.0,,509554.0,NF-kB Activation Inhibitor,Evp4593
CCN1CCN(Cc2ccc(NC(=O)c3ccc(C)c(Oc4ccnc5[nH]ccc45)c3)cc2C(F)(F)F)CC1,53340664.0,,53340664.0,NG-25,NG-25
O=C(Nc1ccc([N+](=O)[O-])cc1Cl)c1cc(Cl)ccc1O,4477.0,,4477.0,NICLOSAMIDE,Niclosamide
Cc1cn(-c2cc(NC(=O)c3ccc(C)c(Nc4nccc(-c5cccnc5)n4)c3)cc(C(F)(F)F)c2)cn1,644241.0,,644241.0,NILOTINIB,Nilotinib
COC(=O)c1ccc2c(C(=Nc3ccc(N(C)C(=O)CN4CCN(C)CC4)cc3)c3ccccc3)c(O)[nH]c2c1,135423438.0,,135423438.0,NINTEDANIB,Nintedanib
NC(=O)c1cccc2cn(-c3ccc([C@@H]4CCCNC4)cc3)nc12,24958200.0,,24958200.0,NIRAPARIB,Niraparib
CC(=O)Oc1ccccc1C(=O)Nc1ncc([N+](=O)[O-])s1,41684.0,,41684.0,NITAZOXANIDE,Nitazoxanide
OC(CC1c2ccccc2-c2cncn21)C1CCCCC1,66558287.0,,66558287.0,NLG919,Nlg919
Cc1cc(OCc2nnc(SC3CCCC3)n2-c2cccnc2)ccc1-c1ccc(S(C)(=O)=O)cc1,71521142.0,,71521142.0,NMS-873,Nms-873
CCOC(=O)c1c(NC(=O)c2ccc([N+](=O)[O-])s2)sc2c1CC(C)(C)NC2(C)C,3465537.0,,3465537.0,NPC-26,"Ethyl 5,5,7,7-tetramethyl-2-(5-nitrothiophene-2-carboxamido)-4,5,6,7-tetrahydrothieno[2,3-c]pyridine-3-carboxylate"
COc1cc(C(=O)NC2CCN(C)CC2)ccc1Nc1ncc2c(n1)N(C1CCCC1)C(C)CC(=O)N2C,46843648.0,,46843648.0,NPK76-II-72-1,"4-[(9-cyclopentyl-5,8-dimethyl-6-oxo-7,8-dihydropyrimido[4,5-b][1,4]diazepin-2-yl)amino]-3-methoxy-N-(1-methyl-4-piperidinyl)benzamide"
O=c1[nH]c2cc(C(F)(F)F)ccc2n1-c1cc(C(F)(F)F)ccc1O,4552.0,,4552.0,NS 1619,"1,3-dihydro-1-(2-hydroxy-5-(trifluoromethyl)phenyl)-5-(trifluoromethyl)-2H-benzimidazol-2-one"
CCN(CC)CCCC(C)Nc1nc(C)cc(Nc2ccc3nc(C)cc(N)c3c2)n1,409805.0,,409805.0,NSC 23766,"N6-[2-[5-(diethylamino)pentan-2-ylamino]-6-methyl-4-pyrimidinyl]-2-methylquinoline-4,6-diamine"
COc1ccc(OC)c2c(=S)c3ccccc3[nH]c12,3004085.0,,3004085.0,NSC 625987,"1,4-Dimethyoxy-9(10H)-acridinone"
Cc1ccc(/C=C2\CNC/C(=C\c3ccc(C)cc3)C2=O)cc1.Cl,5351362.0,,5351363.0,NSC 632839 HYDROCHLORIDE,Nsc632839
OCc1ccc(-c2ccc(-c3ccc(CO)s3)o2)s1,374536.0,,374536.0,NSC 652287,"2,5-Bis(5-hydroxymethyl-2-thienyl)furan"
Cc1ccc(S(=O)(=O)OCC(=O)Nc2ccc(C(=O)O)c(O)c2)cc1,252682.0,,252682.0,NSC 74859,S 3I201
O=C1C(SCCO)=C(SCCO)C(=O)c2ccccc21,262093.0,,262093.0,NSC 95397,"2,3-Bis(2-hydroxyethylsulfanyl)-(1,4)naphthoquinone"
Nc1ncn([C@@H]2O[C@H](CO)[C@@H](O)[C@H]2O)c(=O)n1,9444.0,,9444.0,NSC-102816,Azacytidine
Nc1nc(Cl)nc2c1ncn2[C@H]1C[C@H](O)[C@@H](CO)O1,20279.0,,20279.0,NSC-105014,Cladribine
O=P1(NCCCl)OCCCN1CCCl,3690.0,,3690.0,NSC-109724,Ifosfamide
Nc1nc(F)nc2c1ncn2[C@@H]1O[C@H](COP(=O)(O)O)[C@@H](O)[C@@H]1O,30751.0,,30751.0,NSC-118218,Fludarabine Phosphate
N.N.[Cl][Pt][Cl],5460033.0,,,NSC-119875,Cisplatin
CC1=C(/C=C/C(C)=C/C=C/C(C)=C/C(=O)O)C(C)(C)CCC1,444795.0,,444795.0,NSC-122758,Retinoic Acid
COc1cc([C@@H]2c3cc4c(cc3[C@@H](O[C@@H]3O[C@@H]5CO[C@@H](c6cccs6)O[C@H]5[C@H](O)[C@H]3O)[C@H]3COC(=O)[C@H]23)OCO4)cc(OC)c1O,452548.0,,452548.0,NSC-122819,Teniposide
COc1cccc2c1C(=O)c1c(O)c3c(c(O)c1C2=O)C[C@@](O)(C(=O)CO)C[C@@H]3O[C@H]1C[C@H](N)[C@H](O)[C@H](C)O1,31703.0,,31703.0,NSC-123127,Doxorubicin
Cc1c(N)nc([C@H](CC(N)=O)NC[C@H](N)C(N)=O)nc1C(=O)N[C@H](C(=O)N[C@H](C)[C@@H](O)[C@H](C)C(=O)N[C@H](C(=O)NCCc1nc(-c2nc(C(=O)NCCC[S+](C)C)cs2)cs1)[C@@H](C)O)[C@@H](OC1OC(CO)C(O)C(O)C1OC1OC(CO)C(O)C(OC(N)=O)C1O)c1cnc[nH]1,5360373.0,,5360373.0,NSC-125066,Bleomycin
CC(=O)O[C@H]1C(=O)[C@@]2(C)[C@H]([C@H](OC(=O)c3ccccc3)[C@]3(O)C[C@H](OC(=O)[C@H](O)[C@@H](NC(=O)c4ccccc4)c4ccccc4)C(C)=C1C3(C)C)[C@]1(OC(C)=O)CO[C@@H]1C[C@@H]2O,36314.0,,36314.0,NSC-125973,Paclitaxel
Nc1ncn([C@H]2C[C@H](O)[C@@H](CO)O2)c(=O)n1,451668.0,,451668.0,NSC-127716,5-Aza-2'-deoxycytidine
CN(C)c1nc(N(C)C)nc(N(C)C)n1,2123.0,,2123.0,NSC-13875,Altretamine
Cl.Cn1c(CCCC(=O)O)nc2cc(N(CCCl)CCCl)ccc21,77082.0,,65628.0,NSC-138783,Bendamustine Hydrochloride
O=c1[nH]cnc2[nH]ncc12,135401907.0,,135401907.0,NSC-1390,Allopurinol
COc1cc([C@@H]2c3cc4c(cc3[C@@H](O[C@@H]3O[C@@H]5CO[C@@H](C)O[C@H]5[C@H](O)[C@H]3O)[C@H]3COC(=O)[C@H]23)OCO4)cc(OC)c1O,36462.0,,36462.0,NSC-141540,Etoposide
CCN(CC)CCCC(C)Nc1c2ccc(Cl)cc2nc2ccc(OC)cc12.Cl,5351141.0,,237.0,NSC-14229,"4-((6-Chloro-2-methoxyacridin-9(10H)-ylidene)amino)-N,N-diethylpentan-1-amine--hydrogen chloride (1/1)"
C[C@@H](CN1CC(=O)NC(=O)C1)N1CC(=O)NC(=O)C1,71384.0,,71384.0,NSC-169780,Dexrazoxane
CC/C(=C(\c1ccccc1)c1ccc(OCCN(C)C)cc1)c1ccccc1.O=C(O)CC(O)(CC(=O)O)C(=O)O,2733525.0,,,NSC-180973,Tamoxifen Citrate
Cl.NCC(=O)CCC(=O)O,123608.0,,137.0,NSC-18509,Aminolevulinic Acid Hydrochloride
O=c1[nH]cc(F)c(=O)[nH]1,3385.0,,3385.0,NSC-19893,5-Fluorouracil
,42640.0,,,"NSC-207895, XI-006","4-(4-Methyl-1-piperazinyl)-7-nitro-2,1,3-benzoxadiazole 3-oxide"
OC[C@H]1O[C@@H](n2cnc3c2NC=NC[C@H]3O)C[C@@H]1O,439693.0,,439693.0,NSC-218321,Pentostatin
CO[C@H]1C[C@@H]2CC[C@@H](C)[C@@](O)(O2)C(=O)C(=O)N2CCCC[C@H]2C(=O)O[C@H]([C@H](C)C[C@@H]2CC[C@@H](O)[C@H](OC)C2)CC(=O)[C@H](C)/C=C(\C)[C@@H](O)[C@@H](OC)C(=O)[C@H](C)C[C@H](C)/C=C/C=C/C=C/1C,5284616.0,,5284616.0,NSC-226080,Sirolimus
N.N.O=C([O-])C1(C(=O)[O-])CCC1.[Pt+2],10339178.0,,2568.0,NSC-241240,Carboplatin
CO[C@H](C(=O)[C@@H](O)[C@@H](C)O)[C@@H]1Cc2cc3cc(O[C@H]4C[C@@H](O[C@H]5C[C@@H](O)[C@H](O)[C@@H](C)O5)[C@H](O)[C@@H](C)O4)c(C)c(O)c3c(O)c2C(=O)[C@H]1O[C@H]1C[C@@H](O[C@H]2C[C@@H](O[C@H]3C[C@](C)(O)[C@H](O)[C@@H](C)O3)[C@@H](O)[C@@H](C)O2)[C@H](O)[C@@H](C)O1,163659.0,,163659.0,NSC-24559,Mithramycin
CCCCC(=O)OCC(=O)[C@]1(O)Cc2c(O)c3c(c(O)c2[C@@H](O[C@H]2C[C@H](NC(=O)C(F)(F)F)[C@H](O)[C@H](C)O2)C1)C(=O)c1c(OC)cccc1C3=O,454216.0,,454216.0,NSC-246131,Valrubicin
O=C(CCBr)N1CCN(C(=O)CCBr)CC1,4842.0,,4842.0,NSC-25154,Pipobroman
O=P1(N(CCCl)CCCl)NCCCO1,2907.0,,2907.0,NSC-26271,Cyclophosphamide
N[C@@H]1CCCC[C@H]1N.O=C([O-])C(=O)[O-].[Pt+2],9887054.0,,,NSC-266046,Oxaliplatin
CO[C@@]12[C@H](COC(N)=O)C3=C(C(=O)C(C)=C(N)C3=O)N1C[C@@H]1N[C@@H]12,5746.0,,5746.0,NSC-26980,Mitomycin C
O=c1[nH]c(=O)n([C@H]2C[C@H](O)[C@@H](CO)O2)cc1F,5790.0,,5790.0,NSC-27640,Floxuridine
O=C1c2c(O)ccc(O)c2C(=O)c2c(NCCNCCO)ccc(NCCNCCO)c21,4212.0,,4212.0,NSC-279836,Mitoxantrone
NCCCNCCSP(=O)(O)O,2141.0,,2141.0,NSC-296961,Amifostine
Cc1c2oc3c(C)ccc(C(=O)N[C@@H]4C(=O)N[C@H](C(C)C)C(=O)N5CCC[C@H]5C(=O)N(C)CC(=O)N(C)[C@@H](C(C)C)C(=O)O[C@@H]4C)c3nc-2c(C(=O)N[C@@H]2C(=O)N[C@H](C(C)C)C(=O)N3CCC[C@H]3C(=O)N(C)CC(=O)N(C)[C@@H](C(C)C)C(=O)O[C@@H]2C)c(N)c1=O,457193.0,,457193.0,NSC-3053,Dactinomycin
O=C(O)CCCc1ccc(N(CCCl)CCCl)cc1,2708.0,,2708.0,NSC-3088,Chlorambucil
CC(=NNC(=S)N1CCC1)c1ccccn1,3003931.0,,3003931.0,NSC-319726,"1-Azetidinecarbothioic acid, [1-(2-pyridinyl)ethylidene]hydrazide"
NC(=O)NO,3657.0,,3657.0,NSC-32065,Hydroxyurea
O=c1[nH]cc(N(CCCl)CCCl)c(=O)[nH]1,6194.0,,6194.0,NSC-34462,Uracil Mustard
Cn1nnc2c(C(N)=O)ncn2c1=O,5394.0,,5394.0,NSC-362856,Temozolomide
CC(C)Cn1cnc2c(N)nc3ccccc3c21,57469.0,,57469.0,NSC-369100,Imiquimod
Clc1ccc(C(c2ccccc2Cl)C(Cl)Cl)cc1,4211.0,,4211.0,NSC-38721,Mitotane
O=NN(CCCl)C(=O)NCCCl,2578.0,,2578.0,NSC-409962,Carmustine
CN(C)/N=N/c1nc[nH]c1C(N)=O,135398738.0,,135398738.0,NSC-45388,Dacarbazine
COc1c2occc2cc2ccc(=O)oc12,4114.0,,4114.0,NSC-45923,8-Methoxypsoralen
CC[C@]1(O)C[C@@H]2CN(CCc3c([nH]c4ccccc34)[C@@](C(=O)OC)(c3cc4c(cc3OC)N(C)[C@H]3[C@@](O)(C(=O)OC)[C@H](OC(C)=O)[C@]5(CC)C=CCN6CC[C@]43[C@@H]65)C2)C1.O=S(=O)(O)O,5388983.0,,13342.0,NSC-49842,Vinblastine Sulfate
Nc1nc(Cl)nc2c1ncn2C1OC(CO)C(O)C1F,354624.0,,354624.0,NSC-606869,5-(6-Amino-2-chloro-9-purinyl)-4-fluoro-2-(hydroxymethyl)-3-oxolanol
CCC1=C[C@@H]2CN(C1)Cc1c([nH]c3ccccc13)[C@@](C(=O)OC)(c1cc3c(cc1OC)N(C)[C@H]1[C@@](O)(C(=O)OC)[C@H](OC(C)=O)[C@]4(CC)C=CCN5CC[C@]31[C@@H]54)C2.O=C(O)[C@H](O)[C@@H](O)C(=O)O,25136944.0,,5311497.0,NSC-608210,Navelbine
CC[C@@]1(O)C(=O)OCc2c1cc1n(c2=O)Cc2cc3c(CN(C)C)c(O)ccc3nc2-1,60700.0,,60700.0,NSC-609699,Topotecan
Nc1ccn([C@@H]2O[C@H](CO)[C@@H](O)C2(F)F)c(=O)n1,60750.0,,60750.0,NSC-613327,Gemcitabine
CC(=O)O[C@@]12CO[C@@H]1C[C@H](O)[C@@]1(C)C(=O)[C@H](O)C3=C(C)[C@@H](OC(=O)[C@H](O)[C@@H](NC(=O)OC(C)(C)C)c4ccccc4)C[C@@](O)([C@@H](OC(=O)c4ccccc4)[C@H]21)C3(C)C,148124.0,,148124.0,NSC-628503,Docetaxel
Cl.Nc1ccn([C@@H]2O[C@H](CO)[C@@H](O)[C@@H]2O)c(=O)n1,6252.0,,6253.0,NSC-63878,Cytarabine Hydrochloride
S=P(N1CC1)(N1CC1)N1CC1,5453.0,,5453.0,NSC-6396,Thiotepa
O=C1CCC(N2C(=O)c3ccccc3C2=O)C(=O)N1,5426.0,,5426.0,NSC-66847,Thalidomide
CCc1c2c(nc3ccc(O)cc13)-c1cc3c(c(=O)n1C2)COC(=O)[C@]3(O)CC,104842.0,,104842.0,NSC-673596,7-Ethyl-10-Hydroxycamptothecin
CC[C@]1(O)C[C@H]2CN(CCc3c([nH]c4ccccc34)[C@@](C(=O)OC)(c3cc4c(cc3OC)N(C=O)[C@H]3[C@@](O)(C(=O)OC)[C@H](OC(C)=O)[C@]5(CC)C=CCN6CC[C@]43[C@@H]65)C2)C1,5978.0,,5978.0,NSC-67574,Vincristine
CC(C)C[C@H](NC(=O)[C@H](Cc1ccccc1)NC(=O)c1cnccn1)B(O)O,387447.0,,387447.0,NSC-681239,Bortezomib
COc1nc(N)nc2c1ncn2[C@@H]1O[C@H](CO)[C@@H](O)[C@@H]1O,3011155.0,,3011155.0,NSC-686673,Nelarabine
Nc1nc2[nH]cc(CCc3ccc(C(=O)N[C@@H](CCC(=O)O)C(=O)O)cc3)c2c(=O)[nH]1,135410875.0,,135410875.0,NSC-698037,Pemetrexed
O=C(CCCCCCC(=O)Nc1ccccc1)NO,5311.0,,5311.0,NSC-701852,Vorinostat
C[C@]12CC[C@@H]3c4ccc(OC(=O)N(CCCl)CCCl)cc4CC[C@H]3[C@@H]1CC[C@@H]2OP(=O)(O)O.[Na+],54611422.0,,259329.0,NSC-702294,Estramustine disodium phosphate
CCCCCOC(=O)Nc1nc(=O)n(C2OC(C)C(O)C2O)cc1F,400633.0,,400633.0,NSC-712807,1-(5-Deoxypentofuranosyl)-5-fluoro-4-(((pentyloxy)carbonyl)amino)pyrimidin-2(1H)-one
C=C1C[C@@H]2[C@H](CC[C@]3(C)C(=O)CC[C@@H]23)[C@@]2(C)C=CC(=O)C=C12,60198.0,,60198.0,NSC-713563,Exemestane
CC(=O)O[C@]1(C(C)=O)CC[C@H]2[C@@H]3C=C(C)C4=CC(=O)CC[C@]4(C)[C@H]3CC[C@@]21C,11683.0,,11683.0,NSC-71423,Megestrol Acetate
COc1cc2ncnc(Nc3ccc(F)c(Cl)c3)c2cc1OCCCN1CCOCC1,123631.0,,123631.0,NSC-715055,Gefitinib
C#Cc1cccc(Nc2ncnc3cc(OCCOC)c(OCCOC)cc23)c1.Cl,176871.0,,176870.0,NSC-718781,Erlotinib Hydrochloride
C[C@]12CC[C@@H]3c4ccc(O)cc4C[C@@H](CCCCCCCCCS(=O)CCCC(F)(F)C(F)(F)F)[C@H]3[C@@H]1CC[C@@H]2O,104741.0,,104741.0,NSC-719276,Fulvestrant
CC(C)(C#N)c1cc(Cn2cncn2)cc(C(C)(C)C#N)c1,2187.0,,2187.0,NSC-719344,Anastrozole
N#Cc1ccc(C(c2ccc(C#N)cc2)n2cncn2)cc1,3902.0,,3902.0,NSC-719345,Letrozole
Cc1ccc(-c2cc(C(F)(F)F)nn2-c2ccc(S(N)(=O)=O)cc2)cc1,2662.0,,2662.0,NSC-719627,Celecoxib
O=P(O)(O)C(O)(Cn1ccnc1)P(=O)(O)O,68740.0,,68740.0,NSC-721517,Zoledronic Acid
Cc1nc(Nc2ncc(C(=O)Nc3c(C)cccc3Cl)s2)cc(N2CCN(CCO)CC2)n1,3062316.0,,3062316.0,NSC-732517,Dasatinib
CO[C@H]1C[C@@H]2CC[C@@H](C)[C@@](O)(O2)C(=O)C(=O)N2CCCC[C@H]2C(=O)O[C@H]([C@H](C)C[C@@H]2CC[C@@H](OCCO)[C@H](OC)C2)CC(=O)[C@H](C)C=C(C)[C@@H](O)[C@@H](OC)C(=O)[C@H](C)C[C@H](C)/C=C/C=C/C=C1C,54608520.0,,54608520.0,NSC-733504,42-O-(2-hydroxyethyl)rapamycin)
Cc1ccc(Nc2nccc(N(C)c3ccc4c(C)n(C)nc4c3)n2)cc1S(N)(=O)=O.Cl,11525740.0,,10113978.0,NSC-737754,Pazopanib Hydrochloride
CN(Cc1cnc2nc(N)nc(N)c2n1)c1ccc(C(=O)N[C@@H](CCC(=O)O)C(=O)O)cc1,126941.0,,126941.0,NSC-740,Methotrexate
Cc1ccc(NC(=O)c2ccc(CN3CCN(C)CC3)cc2)cc1Nc1nccc(-c2cccnc2)n1,5291.0,,5291.0,NSC-743414,Imatinib
CS(=O)(=O)CCNCc1ccc(-c2ccc3ncnc(Nc4ccc(OCc5cccc(F)c5)c(Cl)c4)c3c2)o1,208908.0,,208908.0,NSC-745750,Lapatinib
Cc1cn(-c2cc(NC(=O)c3ccc(C)c(Nc4nccc(-c5cccnc5)n4)c3)cc(C(F)(F)F)c2)cn1,644241.0,,644241.0,NSC-747599,Nilotinib
CNC(=O)c1cc(Oc2ccc(NC(=O)Nc3ccc(Cl)c(C(F)(F)F)c3)cc2)ccn1,216239.0,,216239.0,NSC-747971,Sorafenib
Nc1cccc2c1CN(C1CCC(=O)NC1=O)C2=O,216326.0,,216326.0,NSC-747972,Lenalidomide
C/C(=C\c1csc(C)n1)[C@@H]1C[C@@H]2O[C@]2(C)CCC[C@H](C)[C@H](O)[C@@H](C)C(=O)C(C)(C)[C@@H](O)CC(=O)N1,6445540.0,,6445540.0,NSC-747973,Ixabepilone
O=C(c1ccc(OCCN2CCCCC2)cc1)c1c(-c2ccc(O)cc2)sc2cc(O)ccc12,5035.0,,5035.0,NSC-747974,Raloxifene
C[C@]12CC[C@H](O)CC1=CC[C@@H]1[C@@H]2CC[C@]2(C)C(c3cccnc3)=CC[C@@H]12,132971.0,,132971.0,NSC-749226,Abiraterone
CS(=O)(=O)OCCCCOS(C)(=O)=O,2478.0,,2478.0,NSC-750,Busulfan
CCN(CC)CCNC(=O)c1c(C)[nH]c(/C=C2\C(=O)Nc3ccc(F)cc32)c1C,5329102.0,,5329102.0,NSC-750690,Sunitinib
Nc1nc(=S)c2[nH]cnc2[nH]1,2723601.0,,2723601.0,NSC-752,Thioguanine
,,,,NSC-753082,
C/C=C1\NC(=O)[C@H]2CSSCC/C=C/[C@H](CC(=O)N[C@H](C(C)C)C(=O)N2)OC(=O)[C@H](C(C)C)NC1=O,5352062.0,,5352062.0,NSC-754143,Romidepsin
C#CCC(Cc1cnc2nc(N)nc(N)c2n1)c1ccc(C(=O)N[C@@H](CCC(=O)O)C(=O)O)cc1,148121.0,,148121.0,NSC-754230,Pralatrexate
S=c1nc[nH]c2nc[nH]c12,667490.0,,667490.0,NSC-755,6-Mercaptopurine
CS(=O)(=O)c1ccc(C(=O)Nc2ccc(Cl)c(-c3ccccn3)c2)c(Cl)c1,24776445.0,,24776445.0,NSC-755986,Vismodegib
C[C@@H](Oc1cc(-c2cnn(C3CCNCC3)c2)cnc1N)c1c(Cl)ccc(F)c1Cl,11626560.0,,11626560.0,NSC-756645,Crizotinib
CNC(=O)c1ccccc1Sc1ccc2c(/C=C/c3ccccn3)n[nH]c2c1,6450551.0,,6450551.0,NSC-757441,Axitinib
COc1cc2c(Nc3ccc(Br)cc3F)ncnc2cc1OCC1CCN(C)CC1,3081361.0,,3081361.0,NSC-760766,Vandetanib
CCCS(=O)(=O)Nc1ccc(F)c(C(=O)c2c[nH]c3ncc(-c4ccc(Cl)cc4)cc23)c1F,42611257.0,,42611257.0,NSC-761431,Vemurafenib
CO[C@H]1C(=O)[C@]2(C)[C@@H](OC)C[C@H]3OC[C@@]3(OC(C)=O)[C@H]2[C@H](OC(=O)c2ccccc2)[C@]2(O)C[C@H](OC(=O)[C@H](O)[C@@H](NC(=O)OC(C)(C)C)c3ccccc3)C(C)=C1C2(C)C,9854073.0,,9854073.0,NSC-761432,Cabazitaxel
CN(CCCl)CCCl.Cl,5935.0,,4033.0,NSC-762,Nitrogen mustard hydrochloride
N#CC[C@H](C1CCCC1)n1cc(-c2ncnc3[nH]ccc23)cn1,25126798.0,,25126798.0,NSC-763371,Ruxolitinib
CNNCc1ccc(C(=O)NC(C)C)cc1.Cl,9703.0,,4915.0,NSC-77213,Procarbazine Hydrochloride
O=NN(CCCl)C(=O)NC1CCCCC1,3950.0,,3950.0,NSC-79037,Lomustine
COc1cccc2c1C(=O)c1c(O)c3c(c(O)c1C2=O)C[C@@](O)(C(C)=O)C[C@@H]3O[C@H]1C[C@H](N)[C@H](O)[C@H](C)O1.Cl,62770.0,,30323.0,NSC-82151,Daunorubicin Hydrochloride
CN(N=O)C(=O)N[C@@H]1[C@@H](O)[C@H](O)[C@@H](CO)O[C@@H]1O,29327.0,,29327.0,NSC-85998,Streptozocin
O=S(=O)(O)c1ccc2cc(N=Nc3cc(S(=O)(=O)O)c4cccnc4c3O)ccc2c1,92577.0,,92577.0,NSC-87877,Nsc-87877
N[C@@H](Cc1ccc(N(CCCl)CCCl)cc1)C(=O)O,460612.0,,460612.0,NSC-8806,Melphalan
[As+3].[As+3].[O-2].[O-2].[O-2],14888.0,,,NSC-92859,Arsenic Trioxide
C1CN1c1nc(N2CC2)nc(N2CC2)n1,5799.0,,5799.0,NSC-9706,Triethylenemelamine
CCC(=O)OCN1C(=O)C=CC1=O,227681.0,,227681.0,NSC19630,"(2,5-dioxo-2,5-dihydro-1H-pyrrol-1-yl)methyl propionate"
CCN(CC)CCCC(C)Nc1nc(C)cc(Nc2ccc3nc(C)cc(N)c3c2)n1.Cl,54603599.0,,409805.0,NSC23766,"6-N-[2-[5-(diethylamino)pentan-2-ylamino]-6-methylpyrimidin-4-yl]-2-methylquinoline-4,6-diamine trihydrochloride"
CCN(CC)CCCC(C)Nc1nc(C)cc(Nc2ccc3nc(C)cc(N)c3c2)n1.Cl,54603599.0,,409805.0,NSC23766(HYDROCHLORIDE),"6-N-[2-[5-(diethylamino)pentan-2-ylamino]-6-methylpyrimidin-4-yl]-2-methylquinoline-4,6-diamine trihydrochloride"
O=C(O)c1cc2cc(OCc3ccccc3)ccc2[nH]1,81146.0,,81146.0,NSC30930,5-(phenylmethoxy)-1H-indole-2-carboxylic acid
C/C(=N\NC(=S)N1CCC1)c1ccccn1,5351307.0,,5351307.0,NSC319726,N'-(1-(Pyridin-2-yl)ethylidene)azetidine-1-carbothiohydrazide
Cc1ccc2nc(CN(CCN(Cc3nc4ccc(C)cc4[nH]3)Cc3nc4ccc(C)cc4[nH]3)Cc3nc4ccc(C)cc4[nH]3)[nH]c2c1,335974.0,,335974.0,NSC348884,"N,N,N',N'-tetrakis[(6-methyl-1H-benzimidazol-2-yl)methyl]ethane-1,2-diamine"
O=[As](O)(O)c1ccc(Cc2ccc([As](=O)(O)O)cc2)cc1,241158.0,,241158.0,NSC48300,(4-((4-Arsonophenyl)methyl)phenyl)arsonic acid
Cc1ccc(/C=C2\CNC/C(=C\c3ccc(C)cc3)C2=O)cc1.Cl,5351362.0,,5351363.0,NSC632839,Nsc632839
O=C1C(SCCO)=C(SCCO)C(=O)c2ccccc21,262093.0,,262093.0,NSC95397,"2,3-Bis(2-hydroxyethylsulfanyl)-(1,4)naphthoquinone"
CC(C)CCNc1ncccc1C(=O)N1CCN(Cc2ccccc2)CC1,50922681.0,,50922681.0,NSI-189,(2-((3-Methylbutyl)amino)-3-pyridinyl)(4-(phenylmethyl)-1-piperazinyl)methanone
Cc1nc2c(O)cccc2c(=O)[nH]1,135398517.0,,135398517.0,NU 1025,8-Hydroxy-2-methyl-4(3H)-quinazolinone
Nc1nc(N)c(N=O)c(OCC2CCCCC2)n1,398148.0,,398148.0,NU-6027,NU-6027
O=c1cc(N2CCOCC2)oc2c(-c3cccc4c3sc3ccccc34)cccc12,11327430.0,,11327430.0,NU-7441,NU-7441
Nc1nc(N)c(N=O)c(OCC2CCCCC2)n1,398148.0,,398148.0,NU6027,NU-6027
O=c1cc(N2CCOCC2)oc2c(-c3cccc4c3sc3ccccc34)cccc12,11327430.0,,11327430.0,NU7441,NU-7441
COc1ccc(C2=N[C@@H](c3ccc(Cl)cc3)[C@@H](c3ccc(Cl)cc3)N2C(=O)N2CCNC(=O)C2)c(OC(C)C)c1,11433190.0,,11433190.0,NUTLIN-3,Nutlin 3
COc1ccc(C2=N[C@@H](c3ccc(Cl)cc3)[C@@H](c3ccc(Cl)cc3)N2C(=O)N2CCNC(=O)C2)c(OC(C)C)c1,11433190.0,,11433190.0,NUTLIN-3A (-),Nutlin 3
O=C(Nc1nc2ccc(NC(=O)C34CC5CC(CC(C5)C3)C4)cc2s1)c1ccccc1,4096211.0,,4096211.0,NVP 231,Nvp 231
,135539077.0,,,NVP AUY922,Luminespib
,216248.0,,,NVP LAQ824,Laq 824
,16038120.0,,,NVP TAE684,"5-Chloro-N2-(2-methoxy-4-(4-(4-methyl-1-piperazinyl)-1-piperidinyl)phenyl)-N4-(2-((1-methylethyl)sulfonyl)phenyl)-2,4-pyrimidinediamine"
O=C(Nc1nc2ccc(NC(=O)C34CC5CC(CC(C5)C3)C4)cc2s1)c1ccccc1,4096211.0,,4096211.0,NVP-231,Nvp 231
Nc1ncnc2c1c(-c1cccc(OCc3ccccc3)c1)cn2C1CC(CN2CCCC2)C1,9825149.0,,9825149.0,NVP-ADW742,Nvp-adw742
CCN1CCN(Cc2ccc(-c3cc4c(N[C@H](C)c5ccccc5)ncnc4[nH]3)cc2)CC1,10297043.0,,10297043.0,NVP-AEE788,"6-(4-((4-Ethyl-1-piperazinyl)methyl)phenyl)-N-((1R)-1-phenylethyl)-7H-pyrrolo(2,3-d)pyrimidin-4-amine"
Nc1ncnc2c1c(-c1cccc(OCc3ccccc3)c1)cn2C1CC(CN2CCC2)C1,11476171.0,,11476171.0,NVP-AEW541,Nvp-aew541
CCNC(=O)c1noc(-c2cc(C(C)C)c(O)cc2O)c1-c1ccc(CN2CCOCC2)cc1,135539077.0,,135539077.0,NVP-AUY922,Luminespib
CCNC(=O)c1cc2c(-c3cc(OCCN4CCCC4)c(Cl)cc3Cl)nc(N)nc2s1,25210273.0,,25210273.0,NVP-BEP800,"2-amino-4-(2,4-dichloro-5-(2-pyrrolidin-1-ylethoxy)phenyl)-N-ethylthieno(2,3-d)pyrimidine-6-carboxamide"
Cn1c(=O)n(-c2ccc(C(C)(C)C#N)cc2)c2c3cc(-c4cnc5ccccc5c4)ccc3ncc21,11977753.0,,11977753.0,NVP-BEZ235,Dactolisib
CCN1CCN(c2ccc(Nc3cc(N(C)C(=O)Nc4c(Cl)c(OC)cc(OC)c4Cl)ncn3)cc2)CC1,53235510.0,,53235510.0,NVP-BGJ398,Infigratinib
COc1ccc(-c2ccc3ncc4c(c3c2)n(-c2ccc(N3CCNCC3)c(C(F)(F)F)c2)c(=O)n4C)cn1.O=C(O)/C=C\C(=O)O,57336745.0,,11978790.0,NVP-BGT226,Bgt226
Cc1ccc(C(=O)Nc2cccc(C(F)(F)F)c2)cc1Nc1nc(-c2cccnc2)nc2c1cnn2C,16747388.0,,16747388.0,NVP-BHG712,"4-methyl-3-(1-methyl-6-(pyridin-3-yl)-1H-pyrazolo(3,4-d)pyrimidin-4-ylamino)-N-(3-(trifluoromethyl)phenyl)benzamide"
Fc1cc(-c2cccc3ncc(-c4cnn(C5CCNCC5)c4)nc23)cc(F)c1CN1CCOCC1,46398810.0,,46398810.0,NVP-BSK805,"4-(2,6-difluoro-4-(3-(1-(piperidin-4-yl)-1H-pyrazol-4-yl)quinoxalin-5-yl)benzyl)morpholine"
Cl.Cl.Fc1cc(-c2cccc3ncc(-c4cnn(C5CCNCC5)c4)nc23)cc(F)c1CN1CCOCC1,57339395.0,,46398810.0,NVP-BSK805 2HCl,NVP-BSK805 2HCl
Cn1cc(-c2ccc3ncc(Cc4ccc5ncccc5c4)n3n2)cn1,44206063.0,,44206063.0,NVP-BVU972,"6-((6-(1-methyl-1H-pyrazol-4-yl)imidazo[1,2-b]pyridazin-3-yl)methyl)quinoline"
COc1cc2c(cc1OC(C)C)[C@H](c1ccc(Cl)cc1)N(c1ccc(N(C)CC3CCC(N4CCN(C)C(=O)C4)CC3)cc1)C(=O)C2,53240420.0,,53240420.0,NVP-CGM097,Nvp-cgm097
CNC(=O)c1ccc(-c2cnc3ncc(Cc4ccc5ncccc5c4)n3n2)cc1F,25145656.0,,25145656.0,NVP-INC280,Capmatinib
CN[C@@H](C)C(=O)N[C@H](C(=O)N1CCC[C@H]1c1nc(C(=O)c2ccc(F)cc2)cs1)C1CCCCC1,24737642.0,,24737642.0,NVP-LCL161,Lcl-161
,,,,NVP-LGK974,
Cn1c(Nc2ccc(C(F)(F)F)cc2)nc2cc(Oc3ccnc(-c4ncc(C(F)(F)F)[nH]4)c3)ccc21,11656518.0,,11656518.0,NVP-RAF265,Raf265
,,,,NVP-SHP099,
COc1cc(N2CCC(N3CCN(C)CC3)CC2)ccc1Nc1ncc(Cl)c(Nc2ccccc2S(=O)(=O)C(C)C)n1,16038120.0,,16038120.0,NVP-TAE684,"5-Chloro-N2-(2-methoxy-4-(4-(4-methyl-1-piperazinyl)-1-piperidinyl)phenyl)-N4-(2-((1-methylethyl)sulfonyl)phenyl)-2,4-pyrimidinediamine"
CC(C)(C)/[N+]([O-])=C/c1ccc(S(=O)(=O)[O-])cc1S(=O)(=O)[O-].[Na+].[Na+],6440181.0,,6913176.0,NXY-059,Disufenton Sodium
COc1ccc2cc(CCC(C)=O)ccc2c1,4409.0,,4409.0,Nabumetone,Nabumetone
CC1CCc2c(N3CCC(O)CC3)c(F)cc3c(=O)c(C(=O)O)cn1c23,4410.0,,4410.0,Nadifloxacin,Nadifloxacin
CC(C)(C)NCC(O)COc1cccc2c1C[C@H](O)[C@H](O)C2,39147.0,,39147.0,Nadolol,Nadolol
CS(=O)(=O)O.CS(=O)(=O)O.N=C(N)c1ccc2cc(OC(=O)c3ccc(N=C(N)N)cc3)ccc2c1,5311180.0,,4413.0,Nafamostat mesylate,Nafamostat Mesylate
CN(C/C=C/c1ccccc1)Cc1cccc2ccccc12.Cl,5281098.0,,47641.0,Naftifine hydrochloride,Naftifine Hydrochloride
COc1ccccc1N1CCN(CC(O)COc2cccc3ccccc23)CC1,4418.0,,4418.0,Naftopidil,Naftopidil
CN(C(=O)/C=C/c1ccoc1)[C@@H]1CC[C@@]2(O)[C@H]3Cc4ccc(O)c5c4[C@@]2(CCN3CC2CC2)[C@H]1O5.Cl,6918287.0,,6445230.0,Nalfurafine hydrochloride,"2-Propenamide, N-((5alpha,6beta)-17-(cyclopropylmethyl)-4,5-epoxy-3,14-dihydroxymorphinan-6-yl)-3-(3-furanyl)-N-methyl-, hydrochloride (1:1), (2E)-"
CCn1cc(C(=O)O)c(=O)c2ccc(C)nc21,4421.0,,4421.0,Nalidixic acid,Nalidixic Acid
CCn1cc(C(=O)[O-])c(=O)c2ccc(C)nc21.[Na+],3864541.0,,4421.0,Nalidixic acid sodium salt,Nalidixate Sodium Anhydrous
C=C1CC[C@@]2(O)[C@H]3Cc4ccc(O)c5c4[C@@]2(CCN3CC2CC2)[C@H]1O5.Cl,5388881.0,,5284594.0,Nalmefene hydrochloride,Nalmefene Hydrochloride
C=CCN1CC[C@]23c4c5ccc(O)c4O[C@H]2C(=O)CC[C@@]3(O)[C@H]1C5.Cl,5464092.0,,5284596.0,Naloxone hydrochloride,Naloxone Hydrochloride
Cl.O=C1CC[C@@]2(O)[C@H]3Cc4ccc(O)c5c4[C@@]2(CCN3CC2CC2)[C@H]1O5,5485201.0,,5360515.0,Naltrexone hydrochloride,Naltrexone Hydrochloride
C[C@]12CC[C@H]3[C@@H](CCC4=CC(=O)CC[C@@H]43)[C@@H]1CC[C@@H]2O,9904.0,,9904.0,Nandrolone,Nandrolone
CCCCCCCCCC(=O)O[C@H]1CC[C@H]2[C@@H]3CCC4=CC(=O)CC[C@@H]4[C@H]3CC[C@]12C,9677.0,,9677.0,Nandrolone decanoate,Nandrolone Decanoate
CC(=O)c1cc2c(o1)C(=O)c1ccccc1C2=O,10331844.0,,10331844.0,Napabucasin,Napabucasin
Cl.c1ccc2c(CC3=NCCN3)cccc2c1,11079.0,,4436.0,Naphazoline hydrochloride,Naphazoline Hydrochloride
COc1ccc2cc([C@H](C)C(=O)O)ccc2c1,156391.0,,156391.0,Naproxen,Naproxen
COc1ccc2cc([C@H](C)C(=O)[O-])ccc2c1.[Na+],23681059.0,,156391.0,Naproxen sodium,Naproxen Sodium
O=C1C[C@@H](c2ccc(O)cc2)Oc2cc(O)cc(O)c21,439246.0,,439246.0,Naringenin,Naringenin
C[C@@H]1O[C@@H](O[C@H]2[C@H](Oc3cc(O)c4c(c3)O[C@H](c3ccc(O)cc3)CC4=O)O[C@H](CO)[C@@H](O)[C@@H]2O)[C@H](O)[C@H](O)[C@H]1O,442428.0,,442428.0,Naringin,Naringin
C[C@@H]1O[C@@H](O[C@H]2[C@H](Oc3cc(O)c(C(=O)CCc4ccc(O)cc4)c(O)c3)O[C@H](CO)[C@@H](O)[C@@H]2O)[C@H](O)[C@H](O)[C@H]1O,9894584.0,,9894584.0,Naringin dihydrochalcone,Naringin dihydrochalcone
CC(C)C1CCC(C(=O)N[C@H](Cc2ccccc2)C(=O)O)CC1,5311309.0,,5311309.0,Nateglinide,Nateglinide
CC1(C)CCC(c2ccc(Cl)cc2)=C(CN2CCN(c3ccc(C(=O)NS(=O)(=O)c4ccc(N[C@H](CCN5CCOCC5)CSc5ccccc5)c(S(=O)(=O)C(F)(F)F)c4)cc3)CC2)C1,24978538.0,,24978538.0,Navitoclax,Abt 263
Cl.O[C@H](CNC[C@@H](O)[C@H]1CCc2cc(F)ccc2O1)[C@@H]1CCc2cc(F)ccc2O1,24866733.0,,189562.0,Nebivolol hydrochloride,Nebivolol Hydrochloride
CN1C(=O)N[C@H](Cc2c[nH]c3c(Cl)cccc23)C1=O,11288934.0,,11288934.0,Necrostatin 2,"(5R)-5-[(7-Chloro-1H-indol-3-yl)methyl]-3-methylimidazolidine-2,4-dione"
N.N.O=C([O-])C[O-].[Pt+2],9796440.0,,757.0,Nedaplatin,Nedaplatin
CCc1nn(CCCN2CCN(c3cccc(Cl)c3)CC2)c(=O)n1CCOc1ccccc1.Cl,54911.0,,4449.0,Nefazodone hydrochloride,Nefazodone Hydrochloride
Cc1cccc(C)c1NC(=O)CN1CCCC1=O,71157.0,,71157.0,Nefiracetam,Nefiracetam
O=c1ncn2nc(Sc3ccc(F)cc3F)ccc2c1-c1c(Cl)cccc1Cl,3038525.0,,3038525.0,Neflamapimod,"5-(2,6-Dichlorophenyl)-2-((2,4-difluorophenyl)thio)-6H-pyrimido(1,6-b)pyridazin-6-one"
CN1CCOC(c2ccccc2)c2ccccc2C1.Cl,155290.0,,4450.0,Nefopam hydrochloride,Nefopam Hydrochloride
COc1nc(N)nc2c1ncn2[C@@H]1O[C@H](CO)[C@@H](O)[C@@H]1O,3011155.0,,3011155.0,Nelarabine,Nelarabine
COc1nc(N)nc2c1ncn2[C@@H]1O[C@H](CO)[C@@H](O)[C@@H]1O,3011155.0,,3011155.0,Nelarabine ,Nelarabine
CS(=O)(=O)O.Cc1c(O)cccc1C(=O)N[C@@H](CSc1ccccc1)[C@H](O)CN1C[C@H]2CCCC[C@H]2C[C@H]1C(=O)NC(C)(C)C,64142.0,,64143.0,Nelfinavir Mesylate,Nelfinavir Mesylate
,,438540775.0,,Neomycin Sulphate B ,103914-52-9
NC[C@@H]1O[C@H](O[C@H]2[C@@H](O)[C@H](O[C@@H]3[C@@H](O)[C@H](N)C[C@H](N)[C@H]3O[C@H]3O[C@H](CN)[C@@H](O)[C@H](O)[C@H]3N)O[C@@H]2CO)[C@H](N)[C@@H](O)[C@@H]1O.O=S(=O)(O)O,197162.0,,8378.0,Neomycin sulfate,Neomycin Sulfate
CN(C)C(=O)Oc1cccc([N+](C)(C)C)c1.[Br-],8246.0,,4456.0,Neostigmine bromide,Neostigmine Bromide
NC(=O)Cc1cccc(C(=O)c2ccccc2)c1N,151075.0,,151075.0,Nepafenac,Nepafenac
CCOc1cc2ncc(C#N)c(Nc3ccc(OCc4ccccn4)c(Cl)c3)c2cc1NC(=O)/C=C/CN(C)C,9915743.0,,9915743.0,Neratinib,Neratinib
CCOc1cc2ncc(C#N)c(Nc3ccc(OCc4ccccn4)c(Cl)c3)c2cc1NC(=O)/C=C/CN(C)C,9915743.0,,9915743.0,Neratinib (HKI-272),Neratinib
CCOc1cc2ncc(C#N)c(Nc3ccc(OCc4ccccn4)c(Cl)c3)c2cc1NC(=O)C=CCN(C)C,53398697.0,,53398697.0,Neratinib(HKI-272),N-[4-[3-chloro-4-(2-pyridinylmethoxy)anilino]-3-cyano-7-ethoxy-6-quinolinyl]-4-(dimethylamino)-2-butenamide
CCN[C@@H]1C[C@H](N)[C@@H](O[C@H]2OC(CN)=CC[C@H]2N)[C@H](O)[C@H]1O[C@H]1OC[C@](C)(O)[C@H](NC)[C@H]1O.CCN[C@@H]1C[C@H](N)[C@@H](O[C@H]2OC(CN)=CC[C@H]2N)[C@H](O)[C@H]1O[C@H]1OC[C@](C)(O)[C@H](NC)[C@H]1O.O=S(=O)(O)O.O=S(=O)(O)O.O=S(=O)(O)O.O=S(=O)(O)O.O=S(=O)(O)O,62115.0,,441306.0,Netilmicin sulfate,Netilmicin Sulfate
Cc1ccnc2c1NC(=O)c1cccnc1N2C1CC1,4463.0,,4463.0,Nevirapine,Nevirapine
O=C(CCNNC(=O)c1ccncc1)NCc1ccccc1,4472.0,,4472.0,Nialamide,Nialamide
Cc1cc(C)[nH]c(=O)n1.O=C(Nc1ccc([N+](=O)[O-])cc1)Nc1ccc([N+](=O)[O-])cc1,9507.0,,9509.0,Nicarbazin,Nicarbazin
COC(=O)C1=C(C)NC(C)=C(C(=O)OCCN(C)Cc2ccccc2)C1c1cccc([N+](=O)[O-])c1.Cl,41114.0,,4474.0,Nicardipine hydrochloride,Nicardipine Hydrochloride
O=C(Nc1ccc([N+](=O)[O-])cc1Cl)c1cc(Cl)ccc1O,4477.0,,4477.0,Niclosamide,Niclosamide
O=C(NCCO[N+](=O)[O-])c1cccnc1,47528.0,,47528.0,Nicorandil,Nicorandil
NC(=O)c1cccnc1,936.0,,936.0,Nicotinamide,Nicotinamide
CN1CCC[C@H]1c1cccnc1,89594.0,,89594.0,Nicotine,Nicotine
O=C(O)c1cccnc1,938.0,,938.0,Nicotinic acid,Nicotinic Acid
COC(=O)C1=C(C)NC(C)=C(C(=O)OC)C1c1ccccc1[N+](=O)[O-],4485.0,,4485.0,Nifedipine,Nifedipine
Cl.Cn1c(NCCN(CCO)CCCc2ccc([N+](=O)[O-])cc2)cc(=O)n(C)c1=O,122188.0,,4486.0,Nifekalant hydrochloride,Nifekalant Hydrochloride
Cc1c(NC(=O)c2cccnc2)c(=O)n(-c2ccccc2)n1C,4487.0,,4487.0,Nifenazone,Nifenazone
O=C(O)c1cccnc1Nc1cccc(C(F)(F)F)c1,4488.0,,4488.0,Niflumic acid,Niflumic Acid
CSCC1CN(/N=C/c2ccc([N+](=O)[O-])o2)C(=O)O1,6433427.0,,6433427.0,Nifuratel,Nifuratel
O=C(N/N=C/c1ccc([N+](=O)[O-])o1)c1ccc(O)cc1,5337997.0,,5337997.0,Nifuroxazide,Nifuroxazide
CO[C@@H]1C[C@@H](C[C@H]2CC[C@H](C)[C@H]([C@@H](C)C(=O)O)O2)O[C@]2(O[C@](C)([C@H]3CC[C@@](C)([C@@H]4O[C@@H]([C@H]5O[C@@](O)(CO)[C@H](C)C[C@@H]5C)C[C@@H]4C)O3)C[C@H]2C)[C@@H]1C,34230.0,,34230.0,Nigericin,Nigericin
COC(=O)C1=C(C)NC(C)=C(C(=O)OCCCN2CCC(c3ccccc3)(c3ccccc3)CC2)[C@H]1c1cccc([N+](=O)[O-])c1,60602.0,,60602.0,Niguldipine,Niguldipine
Cc1cn(-c2cc(NC(=O)c3ccc(C)c(Nc4nccc(-c5cccnc5)n4)c3)cc(C(F)(F)F)c2)cn1,644241.0,,644241.0,Nilotinib,Nilotinib
Cc1cn(-c2cc(NC(=O)c3ccc(C)c(Nc4nccc(-c5cccnc5)n4)c3)cc(C(F)(F)F)c2)cn1,644241.0,,644241.0,Nilotinib ,Nilotinib
Cc1cn(-c2cc(NC(=O)c3ccc(C)c(Nc4nccc(-c5cccnc5)n4)c3)cc(C(F)(F)F)c2)cn1,644241.0,,644241.0,Nilotinib  ,Nilotinib
Cc1cn(-c2cc(NC(=O)c3ccc(C)c(Nc4nccc(-c5cccnc5)n4)c3)cc(C(F)(F)F)c2)cn1,644241.0,,644241.0,Nilotinib (AMN-107),Nilotinib
CC1(C)NC(=O)N(c2ccc([N+](=O)[O-])c(C(F)(F)F)c2)C1=O,4493.0,,4493.0,Nilutamide,Nilutamide
COC(=O)C1=C(C#N)NC(C)=C(C(=O)OC(C)C)C1c1cccc([N+](=O)[O-])c1,4494.0,,4494.0,Nilvadipine,Nilvadipine
CS(=O)(=O)Nc1ccc([N+](=O)[O-])cc1Oc1ccccc1,4495.0,,4495.0,Nimesulide,Nimesulide
COCCOC(=O)C1=C(C)NC(C)=C(C(=O)OC(C)C)C1c1cccc([N+](=O)[O-])c1,4497.0,,4497.0,Nimodipine,Nimodipine
O=[N+]([O-])c1cncn1CCN1CCOCC1,23009.0,,23009.0,Nimorazole,Nimorazole
COC(=O)c1ccc2c(C(=Nc3ccc(N(C)C(=O)CN4CCN(C)CC4)cc3)c3ccccc3)c(O)[nH]c2c1,135423438.0,,135423438.0,Nintedanib,Nintedanib
COC(=O)c1ccc2c(C(=Nc3ccc(N(C)C(=O)CN4CCN(C)CC4)cc3)c3ccccc3)c(O)[nH]c2c1,135423438.0,,135423438.0,Nintedanib (BIBF 1120),Nintedanib
NC(=O)c1cccc2cn(-c3ccc([C@@H]4CCCNC4)cc3)nc12,24958200.0,,24958200.0,Niraparib,Niraparib
COC(=O)C1=C(C)NC(C)=C(C(=O)OCC(C)C)C1c1ccccc1[N+](=O)[O-],4499.0,,4499.0,Nisoldipine,Nisoldipine
O=[N+]([O-])c1ccc([As](=O)(O)O)cc1,66826.0,,66826.0,Nitarsone,Nitarsone
CC(=O)Oc1ccccc1C(=O)Nc1ncc([N+](=O)[O-])s1,41684.0,,41684.0,Nitazoxanide,Nitazoxanide
CC(=O)Nc1ncc([N+](=O)[O-])s1,8798.0,,8798.0,Nithiamide,Nithiamide
O=C1CCCC(=O)C1C(=O)c1ccc(C(F)(F)F)cc1[N+](=O)[O-],115355.0,,115355.0,Nitisinone,Nitisinone
CCOC(=O)C1=C(C)NC(C)=C(C(=O)OC)C1c1cccc([N+](=O)[O-])c1,4507.0,,4507.0,Nitrendipine,Nitrendipine
O=C1CN(/N=C/c2ccc([N+](=O)[O-])o2)C(=O)N1,6604200.0,,6604200.0,Nitrofurantoin,Nitrofurantoin
CN(CCCl)CCCl,4033.0,,4033.0,Nitrogen mustard,Mechlorethamine
O=[N+]([O-])c1ccc(O)c2ncccc12,19910.0,,19910.0,Nitroxoline,Nitroxoline
CNC(=C[N+](=O)[O-])NCCSCc1csc(CN(C)C)n1,4513.0,,4513.0,Nizatidine,Nizatidine
COC(=O)Nc1nc2ccc(C(=O)c3cccs3)cc2[nH]1,4122.0,,4122.0,Nocodazole,Nocodazole
CNC(=C[N+](=O)[O-])NCCSCc1ccc(CN(C)C)o1.Cl,47909.0,180678653.0,5039.0,Noctone,Zantac
CCCCCCCCC(=O)NCc1ccc(O)c(OC)c1,2998.0,,2998.0,Nonivamide,Nonivamide
,,505862286.0,,Nonoxynol,
NC[C@H](O)c1ccc(O)c(O)c1.O.O=C(O)C(O)C(O)C(=O)O,24847757.0,,,Noradrenaline bitartrate,Noradrenaline bitartrate
NCC(O)c1ccc(O)c(O)c1.O.O=C(O)C(O)C(O)C(=O)O,53399078.0,,,Noradrenaline bitartrate monohydrate,Noradrenaline bitartrate monohydrate
C#C[C@]1(O)CC[C@H]2[C@@H]3CCC4=CC(=O)CC[C@@H]4[C@H]3CC[C@@]21C,6230.0,,6230.0,Norethindrone,Norethindrone
C#C[C@]1(O)CC[C@H]2[C@@H]3CCC4=C(CCC(=O)C4)[C@H]3CC[C@@]21C,6231.0,,6231.0,Norethynodrel,Norethynodrel
CCn1cc(C(=O)O)c(=O)c2cc(F)c(N3CCNCC3)cc21,4539.0,,4539.0,Norfloxacin,Norfloxacin
C#CC1(O)CC[C@H]2[C@@H]3CCC4=CC(=O)CC[C@@H]4[C@H]3CC[C@@]21CC,16051930.0,,16051930.0,Norgestrel,Norgestrel
CNCCC=C1c2ccccc2CCc2ccccc21.Cl,441358.0,,4543.0,Nortriptyline hydrochloride,Nortriptyline Hydrochloride
COc1ccc2c(c1OC)C(=O)O[C@@H]2[C@H]1c2c(cc3c(c2OC)OCO3)CCN1C.Cl,9933439.0,,275196.0,Noscapine hydrochloride,Noscapine Hydrochloride
CC(C)=CCC[C@](C)(O[C@@H]1O[C@H](CO)[C@@H](O)[C@H](O)[C@H]1O)[C@H]1CC[C@]2(C)[C@@H]1[C@H](O)C[C@@H]1[C@@]3(C)CC[C@H](O)C(C)(C)[C@@H]3[C@@H](O[C@@H]3O[C@H](CO)[C@@H](O)[C@H](O)[C@H]3O[C@@H]3OC[C@@H](O)[C@H](O)[C@H]3O)C[C@]12C,441934.0,,441934.0,Notoginsenoside R1,Notoginsenoside R1
,,162037411.0,,Nutlin,"4-[4,5-bis(4-chlorophenyl)-2-(2-isopropoxy-4-methoxyphenyl)-4,5-dihydroimidazole-1-carbonyl]piperazin-2-one"
COc1ccc(C2=N[C@@H](c3ccc(Cl)cc3)[C@@H](c3ccc(Cl)cc3)N2C(=O)N2CCNC(=O)C2)c(OC(C)C)c1,11433190.0,,11433190.0,Nutlin 3a,Nutlin 3
COc1ccc(C2=N[C@@H](c3ccc(Cl)cc3)[C@@H](c3ccc(Cl)cc3)N2C(=O)N2CCNC(=O)C2)c(OC(C)C)c1,11433190.0,,11433190.0,Nutlin-3,Nutlin 3
COc1ccc(C2=N[C@@H](c3ccc(Cl)cc3)[C@@H](c3ccc(Cl)cc3)N2C(=O)N2CCNC(=O)C2)c(OC(C)C)c1,11433190.0,,11433190.0,Nutlin-3a,Nutlin 3
COc1ccc(C2=N[C@@H](c3ccc(Cl)cc3)[C@@H](c3ccc(Cl)cc3)N2C(=O)N2CCNC(=O)C2)c(OC(C)C)c1,11433190.0,,11433190.0,Nutlin-3a (-),Nutlin 3
,,340503113.0,,Nutlin3a,675576-98-4
CC(CCc1ccccc1)NC(C)C(O)c1ccc(O)cc1.Cl,5702098.0,,4567.0,Nylidrin hydrochloride,"Benzenemethanol, 4-hydroxy-alpha-(1-((1-methyl-3-phenylpropyl)amino)ethyl)-, hydrochloride (1:1)"
C[C@@H]1[C@H](O)[C@@H](C)/C=C/C=C/CC/C=C/C=C/C=C/C=C/[C@H](O[C@H]2O[C@@H](C)[C@H](O)[C@@H](N)[C@H]2O)C[C@@H]2O[C@](O)(C[C@@H](O)[C@H](O)CC[C@@H](O)C[C@@H](O)C[C@@H](O)CC(=O)O[C@H]1C)C[C@H](O)[C@H]2C(=O)O,44424838.0,,44424838.0,Nystatin (Fungicidin),Nystatin (Fungicidin)
Nc1nc(OCc2ccccc2)c2[nH]cnc2n1,4578.0,,4578.0,O-6-benzylguanine,6-(Phenylmethoxy)-9H-purin-2-amine
CC(=O)O[C@H](CC(=O)[O-])C[N+](C)(C)C.Cl,6917959.0,,439756.0,O-Acetyl-L-carnitine hydrochloride,o-Acetyl-L-carnitine hydrochloride
Nc1nc(OCc2ccccc2)c2[nH]cnc2n1,4578.0,,4578.0,O6-BG,6-(Phenylmethoxy)-9H-purin-2-amine
COc1c/c(=C2\C=c3ccccc3=N2)[nH]/c1=C\c1[nH]c(C)cc1C,11404337.0,,11404337.0,OBATOCLAX,Obatoclax
Cc1c(Cc2ccc3ccccc3n2)c2cc(F)ccc2n1CC(=O)O,11462174.0,,11462174.0,OC000459,OC-000459
CC(O)c1cc(C(=O)N[C@@H](C)Cn2ccc(-c3ccc(C#N)c(Cl)c3)n2)n[nH]1,67171867.0,,67171867.0,ODM-201,Darolutamide
COc1cc2c(cc1NS(=O)(=O)c1ccc(Br)cc1C)n(C)c(=O)n2C,35397514.0,,35397514.0,OF-1,"4-Bromo-N-(2,3-dihydro-6-methoxy-1,3-dimethyl-2-oxo-1H-benzimidazol-5-yl)-2-methyl-benzenesulfonamide"
O=C(c1cc(Cc2n[nH]c(=O)c3ccccc23)ccc1F)N1CCN(C(=O)C2CC2)CC1,23725625.0,,23725625.0,OLAPARIB,Olaparib
CC[C@H]1/C=C/C=C/C[C@@H](C)[C@H](O)[C@@](C)(O)C(=O)[C@@H](C)[C@H](O)[C@@H](C)C(=O)[C@@H](C)[C@H](O)[C@@H](C)/C=C/C(=O)O[C@@H]2[C@H](C)[C@H](CC1)O[C@]1(CC[C@H](C)[C@H](C[C@@H](C)O)O1)[C@H]2C,52947716.0,,52947716.0,OLIGOMYCIN A,Oligomycin A
COC(=O)C[C@](O)(CCCC(C)(C)O)C(=O)O[C@@H]1C(OC)=C[C@]23CCCN2CCc2cc4c(cc2[C@H]13)OCO4,285033.0,,285033.0,OMACETAXINE MEPESUCCINATE,Omacetaxine Mepesuccinate
COc1cc(OC)c(/C=C/S(=O)(=O)Cc2ccc(OC)c(NCC(=O)[O-])c2)c(OC)c1.[Na+],23696523.0,,6918736.0,ON-01910Na,Rigosertib Sodium
Cc1ccccc1CN1C(=O)C2=C(CCN(Cc3ccccc3)C2)N2CCN=C12,73777259.0,,73777259.0,ONC201,Dordaviprone
CC#CC(=O)N1CC[C@@H](n2c(=O)n(-c3ccc(Oc4ccccc4)cc3)c3c(N)ncnc32)C1,54755438.0,,54755438.0,ONO-4059,Tirabrutinib
C#CCN(c1ccc(C(=O)N[C@@H](CCC(=O)N[C@H](CCC(=O)O)C(=O)O)C(=O)O)cc1)[C@H]1CCc2cc3nc(CO)[nH]c(=O)c3cc21,135487419.0,,135487419.0,ONX-0801,Bgc 945
C1=C/COCc2cc(ccc2OCCN2CCCC2)Nc2nccc(n2)-c2cccc(c2)COC/1,46216796.0,,46216796.0,ONX-0803,Pacritinib
COC[C@H](NC(=O)c1cnc(C)s1)C(=O)N[C@@H](COC)C(=O)N[C@@H](Cc1ccccc1)C(=O)[C@@]1(C)CO1,25067547.0,,25067547.0,ONX-0912  ,Oprozomib
COc1ccc(C[C@H](NC(=O)[C@H](C)NC(=O)CN2CCOCC2)C(=O)N[C@@H](Cc2ccccc2)C(=O)[C@]2(C)CO2)cc1,46218908.0,,46218908.0,ONX-0914,Onx-0914
O=C(Nc1ccc(OC(F)(F)F)cc1)c1sccc1NCc1ccnc2ccccc12,9868037.0,,9868037.0,OSI 930,Osi-930
COc1cccc2cc(-c3nc(C4CCC(C(=O)O)CC4)n4ncnc(N)c34)[nH]c12,135398516.0,,135398516.0,OSI-027,Cerc 006
C#Cc1cccc(Nc2ncnc3cc(OCCOC)c(OCCO)cc23)c1,10317566.0,,10317566.0,OSI-420,CP-373420
CC1(O)CC(c2nc(-c3ccc4ccc(-c5ccccc5)nc4c3)c3c(N)nccn23)C1,11640390.0,,11640390.0,OSI-906,Osi-906
CC1(O)CC(c2nc(-c3ccc4ccc(-c5ccccc5)nc4c3)c3c(N)nccn23)C1,11640390.0,,11640390.0,OSI-906 (LINSITINIB),Osi-906
CC1(O)CC(c2nc(-c3ccc4ccc(-c5ccccc5)nc4c3)c3c(N)nccn23)C1,11640390.0,,11640390.0,OSI-906 (Linsitinib),Osi-906
O=C(Nc1ccc(OC(F)(F)F)cc1)c1sccc1NCc1ccnc2ccccc12,9868037.0,,9868037.0,OSI-930,Osi-930
O=C(Nc1ccc(OC(F)(F)F)cc1)c1sccc1NCc1ccnc2ccccc12,9868037.0,,9868037.0,OSI-930 ,Osi-930
C=CC(=O)Nc1cc(Nc2nccc(-c3cn(C)c4ccccc34)n2)c(OC)cc1N(C)CCN(C)C,71496458.0,,71496458.0,OSIMERTINIB,Osimertinib
NCC(=O)Nc1ccc(-n2nc(C(F)(F)F)cc2-c2ccc3c(ccc4ccccc43)c2)cc1,10027278.0,,10027278.0,OSU-03012,2-Amino-N-(4-(5-(2-phenanthrenyl)-3-(trifluoromethyl)-1H-pyrazol-1-yl)phenyl)acetamide
NCC(=O)Nc1ccc(-n2nc(C(F)(F)F)cc2-c2ccc3c(ccc4ccccc43)c2)cc1,10027278.0,,10027278.0,OSU-03012 ,2-Amino-N-(4-(5-(2-phenanthrenyl)-3-(trifluoromethyl)-1H-pyrazol-1-yl)phenyl)acetamide
NCC(=O)Nc1ccc(-n2nc(C(F)(F)F)cc2-c2ccc3c(ccc4ccccc43)c2)cc1,10027278.0,,10027278.0,OSU-03012 (AR-12),2-Amino-N-(4-(5-(2-phenanthrenyl)-3-(trifluoromethyl)-1H-pyrazol-1-yl)phenyl)acetamide
NC(N)=Nc1ccc(-n2nc(C(F)(F)F)cc2-c2ccc3c(ccc4ccccc43)c2)cc1,10343467.0,,10343467.0,OSU-03013,2-[4-[5-Phenanthren-2-yl-3-(trifluoromethyl)pyrazol-1-yl]phenyl]guanidine
COc1ccc(C(=O)O[C@H]2[C@H](O[C@@H]3[C@@H](OC(C)=O)[C@H](O[C@H]4C[C@H]5[C@@H]6CC=C7C[C@@H](O)CC[C@]7(C)[C@H]6CC[C@]5(C)[C@@]4(O)[C@H](C)C(=O)CCC(C)C)OC[C@@H]3O)OC[C@@H](O)[C@@H]2O)cc1,9854230.0,,9854230.0,OSW-1,Osw 1
CC1(C)CC(O)CC(C)(C)N1O,5395.0,,5395.0,OT-674,"1,4-Dihydroxy-2,2,6,6-tetramethylpiperidine"
Cc1cc(O)c(-c2ccc([C@@H](C)CN(C)C)cc2)c2c1[nH]c(=O)c1sccc12.Cl,89675898.0,,67448186.0,OTS-964,OTS964 hydrochloride
CC(=O)c1cnc2ccc(-c3cc(Cl)c(O)c(Cl)c3)nc2c1NC1CCC(CN(C)C)CC1,135398499.0,,135398499.0,OTS167,Otssp167
CC(=O)c1cnc2ccc(-c3cc(Cl)c(O)c(Cl)c3)nc2c1NC1CCC(CN(C)C)CC1,135398499.0,,135398499.0,OTSSP167,Otssp167
Cc1sc2c(c1C)C(c1ccc(Cl)cc1)=N[C@@H](CC(=O)Nc1ccc(O)cc1)c1nnc(C)n1-2,9936746.0,,9936746.0,OTX-015,"(6S)-4-(4-Chlorophenyl)-N-(4-hydroxyphenyl)-2,3,9-trimethyl-6H-thieno(3,2-f)(1,2,4)triazolo(4,3-a)(1,4)diazepine-6-acetamide"
Cc1sc2c(c1C)C(c1ccc(Cl)cc1)=N[C@@H](CC(=O)Nc1ccc(O)cc1)c1nnc(C)n1-2,9936746.0,,9936746.0,OTX015,"(6S)-4-(4-Chlorophenyl)-N-(4-hydroxyphenyl)-2,3,9-trimethyl-6H-thieno(3,2-f)(1,2,4)triazolo(4,3-a)(1,4)diazepine-6-acetamide"
C[C@@H]1O[C@@H](O[C@H]2C[C@@H](O)[C@]3(CO)[C@H]4[C@H](O)C[C@]5(C)[C@@H](C6=CC(=O)OC6)CC[C@]5(O)[C@@H]4CC[C@]3(O)C2)[C@H](O)[C@H](O)[C@H]1O,439501.0,,439501.0,OUABAIN,Ouabain
N[C@@H]1CCCC[C@H]1N.O=C([O-])C(=O)[O-].[Pt+2],9887054.0,,,OXALIPLATIN,Oxaliplatin
COc1c/c(=C2\C=c3ccccc3=N2)[nH]/c1=C\c1[nH]c(C)cc1C,11404337.0,,11404337.0,Obatoclax,Obatoclax
COc1c/c(=C2\C=c3ccccc3=N2)[nH]/c1=C\c1[nH]c(C)cc1C.CS(=O)(=O)O,16681698.0,,11404337.0,Obatoclax Mesylate,Obatoclax mesylate
COc1c/c(=C2/C=c3ccccc3=N2)[nH]/c1=C\c1[nH]c(C)cc1C.CS(=O)(=O)O,46930996.0,,46930997.0,Obatoclax Mesylate (GX15-070),Obatoclax mesylate (GX15-070)
COc1c/c(=C2\C=c3ccccc3=N2)[nH]/c1=C\c1[nH]c(C)cc1C.CS(=O)(=O)O,16681698.0,,11404337.0,Obatoclax mesylate,Obatoclax mesylate
CC[C@H]1[C@@H](O)[C@@H]2[C@H](CC[C@]3(C)[C@@H]([C@H](C)CCC(=O)O)CC[C@@H]23)[C@@]2(C)CC[C@@H](O)C[C@@H]12,447715.0,,447715.0,Obeticholic Acid,Obeticholic Acid
C[C@@H]1CC(=O)c2c(ccc3c2C(=O)c2cccc(O)c2C3=O)C1,11808929.0,,11808929.0,Ochromycinone,Ochromycinone
CNS(=O)(=O)CC1CCC(N(C)c2ncnc3[nH]ccc23)CC1,44631938.0,,44631938.0,Oclacitinib,Oclacitinib
CCCCCCCCN=c1ccn(CCCCCCCCCCn2ccc(=NCCCCCCCC)cc2)cc1,51167.0,,51167.0,Octenidine,Octenidine
CCCCC(CC)COC(=O)c1ccccc1O,8364.0,,8364.0,Octisalate,2-Ethylhexyl salicylate
CCCCC(CC)COC(=O)C(C#N)=C(c1ccccc1)c1ccccc1,22571.0,,22571.0,Octocrilene,Octocrylene
Cl.NCC(O)c1ccc(O)cc1,102484.0,,4581.0,Octopamine hydrochloride,Octopamine Hydrochloride
CC(=O)O.CC(=O)O.C[C@@H](O)[C@@H]1NC(=O)[C@H](CCCCN)NC(=O)[C@@H](Cc2c[nH]c3ccccc23)NC(=O)[C@H](Cc2ccccc2)NC(=O)[C@@H](NC(=O)[C@H](N)Cc2ccccc2)CSSC[C@@H](C(=O)N[C@H](CO)[C@@H](C)O)NC1=O,155804637.0,,448601.0,Octreotide Acetate,Octreotide Acetate
CC(=O)O.CC(=O)O.C[C@@H](O)[C@@H]1NC(=O)[C@H](CCCCN)NC(=O)[C@@H](Cc2c[nH]c3ccccc23)NC(=O)[C@H](Cc2ccccc2)NC(=O)[C@@H](NC(=O)[C@H](N)Cc2ccccc2)CSSC[C@@H](C(=O)N[C@H](CO)[C@@H](C)O)NC1=O,155804637.0,,448601.0,Octreotide acetate,Octreotide Acetate
CC(C)(F)C[C@H](N[C@@H](c1ccc(-c2ccc(S(C)(=O)=O)cc2)cc1)C(F)(F)F)C(=O)NC1(C#N)CC1,10152654.0,,10152654.0,Odanacatib (MK-0822),Odanacatib
CC1COc2c(N3CCN(C)CC3)c(F)cc3c(=O)c(C(=O)O)cn1c23,4583.0,,4583.0,Ofloxacin,Ofloxacin
Cc1cc2c(s1)Nc1ccccc1N=C2N1CCN(C)CC1,135398745.0,,135398745.0,Olanzapine,Olanzapine
O=C(c1cc(Cc2n[nH]c(=O)c3ccccc23)ccc1F)N1CCN(C(=O)C2CC2)CC1,23725625.0,,23725625.0,Olaparib,Olaparib
O=C(c1cc(Cc2n[nH]c(=O)c3ccccc23)ccc1F)N1CCN(C(=O)C2CC2)CC1,23725625.0,,23725625.0,Olaparib ,Olaparib
O=C(c1cc(Cc2n[nH]c(=O)c3ccccc23)ccc1F)N1CCN(C(=O)C2CC2)CC1,23725625.0,,23725625.0,"Olaparib (AZD2281, Ku-0059436)",Olaparib
O=C(c1cc(Cc2n[nH]c(=O)c3ccccc23)ccc1F)N1CCN(C(=O)C2CC2)CC1,23725625.0,,23725625.0,Olaparib(1495) + Temozolomide(1375),Olaparib
CC1(C)CC[C@]2(C(=O)O)CC[C@]3(C)C(=CC[C@@H]4[C@@]5(C)CC[C@H](O)C(C)(C)[C@@H]5CC[C@]43C)[C@@H]2C1,10494.0,,10494.0,Oleanolic Acid,Oleanolic Acid
CC[C@H]1/C=C\C=C\C[C@H](C)[C@@H](O)[C@](C)(O)C(=O)[C@H](C)[C@@H](O)C(C)C(=O)[C@H](C)[C@H](O)[C@@H](C)/C=C/C(=O)OC2C(C)[C@H](CC1)O[C@@]1(CC[C@@H](C)[C@@H](CC(C)O)O1)[C@@H]2C,78358496.0,,78358496.0,Oligomycin,Oligomycin
CCCc1nc(C(C)(C)O)c(C(=O)O)n1Cc1ccc(-c2ccccc2-c2nn[nH]n2)cc1,158781.0,,158781.0,Olmesartan,Olmesartan
C=CC(=O)Nc1cccc(Oc2nc(Nc3ccc(N4CCN(C)CC4)cc3)nc3ccsc23)c1,54758501.0,,54758501.0,Olmutinib,Olmutinib
C=CC(=O)Nc1cccc(Oc2nc(Nc3ccc(N4CCN(C)CC4)cc3)nc3ccsc23)c1,54758501.0,,54758501.0,"Olmutinib (HM61713, BI 1482694)",Olmutinib
CN(C)CC/C=C1/c2ccccc2COc2ccc(CC(=O)O)cc21.Cl,5282402.0,,5281071.0,Olopatadine hydrochloride,Olopatadine Hydrochloride
O=C(O)c1cc(N=Nc2ccc([O-])c(C(=O)O)c2)ccc1[O-].[Na+].[Na+],135413505.0,,22419.0,Olsalazine disodium,Olsalazine sodium
Cc1c(-c2cnccn2)ssc1=S,47318.0,,47318.0,Oltipraz,Oltipraz
C[C@H](Nc1ccc(C#N)n(C)c1=O)c1cc2cc(Cl)ccc2[nH]c1=O,118955396.0,,118955396.0,Olutasidenib,Olutasidenib
COC1=C[C@]23CCCN2CCc2cc4c(cc2[C@@H]3[C@@H]1O)OCO4,65305.0,,65305.0,Omacetaxine,Cephalotaxine
COC1=C[C@]23CCCN2CCc2cc4c(cc2[C@@H]3[C@@H]1O)OCO4,65305.0,,65305.0,Omacetaxine ,Cephalotaxine
,,,,Omacetaxine mepasuccinate,
COC(=O)C[C@](O)(CCCC(C)(C)O)C(=O)O[C@@H]1C(OC)=C[C@]23CCCN2CCc2cc4c(cc2[C@H]13)OCO4,285033.0,,285033.0,Omacetaxine mepesuccinate,Omacetaxine Mepesuccinate
CC1(C)CC[C@]2(NC(=O)C(C)(F)F)CC[C@]3(C)[C@H](C(=O)C=C4[C@@]5(C)C=C(C#N)C(=O)C(C)(C)[C@@H]5CC[C@]43C)[C@@H]2C1,71811910.0,,71811910.0,Omaveloxolone,"N-(2-Cyano-3,12-dioxo-28-noroleana-1,9(11)-dien-17-yl)-2,2-difluoropropanamide"
COC(=O)N1CCN(Cc2cccc(NC(=O)Nc3ccc(C)nc3)c2F)CC1,11689883.0,,11689883.0,Omecamtiv mecarbil (CK-1827452),Omecamtiv Mecarbil
COc1ccc2nc(S(=O)Cc3ncc(C)c(OC)c3C)[nH]c2c1,4594.0,,4594.0,Omeprazole,Prilosec
COc1ccc2nc(SCc3ncc(C)c(OC)c3C)[nH]c2c1,155794.0,,155794.0,Omeprazole sulfide,Omeprazole sulfide
COc1ncc(-c2ccc3nccc(-c4ccnnc4)c3c2)cc1NS(=O)(=O)c1ccc(F)cc1F,25167777.0,,25167777.0,Omipalisib,Omipalisib
CC(C)c1cc(C(=O)N2Cc3ccc(CN4CCN(C)CC4)cc3C2)c(O)cc1O,11955716.0,,11955716.0,Onalespib,Onalespib
Cc1nccn1CC1CCc2c(c3ccccc3n2C)C1=O.Cl,68647.0,,4595.0,Ondansetron hydrochloride,Ondansetron Hydrochloride
CN1CCN(c2ccc(OC(F)(F)F)c(Nc3ncc4c(n3)-c3c(c(C(N)=O)nn3CCO)CC4)c2)CC1,49792852.0,,49792852.0,Onvansertib,Onvansertib
Cl.Cl.OCCN1CCN(CCCN2c3ccccc3C=Cc3ccccc32)CC1,71587.0,,9417.0,Opipramol dihydrochloride,Opipramol Hydrochloride
COC[C@H](NC(=O)c1cnc(C)s1)C(=O)N[C@@H](COC)C(=O)N[C@@H](Cc1ccccc1)C(=O)[C@@]1(C)CO1,25067547.0,,25067547.0,Oprozomib,Oprozomib
COC[C@H](NC(=O)c1cnc(C)s1)C(=O)N[C@@H](COC)C(=O)N[C@@H](Cc1ccccc1)C(=O)[C@@]1(C)CO1,25067547.0,,25067547.0,Oprozomib (ONX 0912),Oprozomib
Cc1[nH]c(/C=C2\C(=O)Nc3ccccc32)c(C)c1CCC(=O)O,5329099.0,,5329099.0,Orantinib,Orantinib
C[C@@H]1CN(c2c(F)c(F)c3c(=O)c(C(=O)O)cn(C4CC4)c3c2F)C[C@H](C)N1,60605.0,,60605.0,Orbifloxacin,Orbifloxacin
CC(C)NCC(O)c1cc(O)cc(O)c1.CC(C)NCC(O)c1cc(O)cc(O)c1.O=S(=O)(O)O,441333.0,,4086.0,Orciprenaline sulfate,Metaproterenol Sulfate
CCCCCCCCCCC[C@@H](C[C@@H]1OC(=O)[C@H]1CCCCCC)OC(=O)[C@H](CC(C)C)NC=O,3034010.0,,3034010.0,Orlistat,Orlistat
Cc1ncc([N+](=O)[O-])n1CC(O)CCl,28061.0,,28061.0,Ornidazole,Ornidazole
O=C(O)c1cc(=O)[nH]c(=O)[nH]1,967.0,,967.0,Orotic acid,Orotic Acid
Cc1ccccc1C(OCCN(C)C)c1ccccc1.Cl,9568.0,,4601.0,Orphenadrine hydrochloride,Orphenadrine Hydrochloride
CNC(=O)c1ccc2cc([C@@]3(O)CCn4cncc43)ccc2c1,9796590.0,,9796590.0,Orteronel,Orteronel
O=C(Nc1ccc(O)cc1)c1ccccc1O,4602.0,,4602.0,Osalmid,Osalmid
CCOC(=O)C1=C[C@@H](OC(CC)CC)[C@H](NC(C)=O)[C@@H](N)C1.O=P(O)(O)O,78000.0,,65028.0,Oseltamivir phosphate,Tamiflu
C=CC(=O)Nc1cc(Nc2nccc(-c3cn(C)c4ccccc34)n2)c(OC)cc1N(C)CCN(C)C,71496458.0,,71496458.0,Osimertinib,Osimertinib
OCCOc1ccc(/C(=C(/CCCl)c2ccccc2)c2ccccc2)cc1,3036505.0,,3036505.0,Ospemifene,Ospemifene
COc1ccc2ccc(=O)oc2c1CC=C(C)C,10228.0,,10228.0,Osthole,Osthol
NCC(=O)Nc1ccc(-n2nc(C(F)(F)F)cc2-c2ccc3c(ccc4ccccc43)c2)cc1,10027278.0,,10027278.0,Osu-03012 ,2-Amino-N-(4-(5-(2-phenanthrenyl)-3-(trifluoromethyl)-1H-pyrazol-1-yl)phenyl)acetamide
CCNC1(C(N)=O)CCN(c2ncnc3c2nc(-c2ccccc2Cl)n3-c2ccc(Cl)cc2)CC1,10052040.0,,10052040.0,Otenabant (CP-945598) hydrochloride,1-(9-(4-chlorophenyl)-8-(2-chlorophenyl)-9H-purin-6-yl)-4-ethylaminopiperidine-4-carboxylic acid amide
CCCCCCCCOc1ccccc1C(=O)Nc1ccc(C(=O)OCC[N+](C)(CC)CC)cc1.[Br-],72092.0,,72093.0,Otilonium bromide,Otilonium Bromide
C[C@@H]1O[C@@H](O[C@H]2C[C@@H](O)[C@]3(CO)[C@H]4[C@H](O)C[C@]5(C)[C@@H](C6=CC(=O)OC6)CC[C@]5(O)[C@@H]4CC[C@]3(O)C2)[C@H](O)[C@H](O)[C@H]1O,439501.0,,439501.0,Ouabain,Ouabain
C[C@@H]1O[C@@H](O[C@H]2C[C@@H](O)[C@]3(CO)[C@H]4[C@H](O)C[C@]5(C)[C@@H](C6=CC(=O)OC6)CC[C@]5(O)[C@@H]4CC[C@]3(O)C2)[C@H](O)[C@H](O)[C@H]1O.O.O.O.O.O.O.O.O,6364534.0,,439501.0,Ouabain octahydrate,Ouabain Octahydrate
Cc1onc(-c2ccccc2)c1C(=O)N[C@@H]1C(=O)N2[C@@H]1SC(C)(C)[C@@H]2C(=O)[O-].O.[Na+],23694213.0,,6196.0,Oxacillin sodium,Oxacillin Sodium
N[C@@H]1CCCC[C@H]1N.O=C([O-])C(=O)[O-].[Pt+2],9887054.0,,,Oxaliplatin,Oxaliplatin
N[C@@H]1CCCC[C@H]1N.O=C([O-])C(=O)[O-].[Pt+2],9887054.0,,,Oxaliplatin  ,Oxaliplatin
C[C@]12COC(=O)C[C@@H]1CC[C@@H]1[C@@H]2CC[C@@]2(C)[C@H]1CC[C@]2(C)O,5878.0,,5878.0,Oxandrolone,Oxandrolone
CN1CCCN=C1/C=C/c1cccc(O)c1.O=C(O)c1cc2ccccc2c(Cc2c(O)c(C(=O)O)cc3ccccc23)c1O,5281086.0,,,Oxantel Pamoate,Oxantel Pamoate
O=C(O)CCc1nc(-c2ccccc2)c(-c2ccccc2)o1,4614.0,,4614.0,Oxaprozin,Oxaprozin
NC(=O)N1c2ccccc2CC(=O)c2ccccc21,34312.0,,34312.0,Oxcarbazepine,Oxcarbazepine
CCN(CC)CCOCCOC(=O)C(CC)(CC)c1ccccc1.O=C(O)CC(O)(CC(=O)O)C(=O)O,9936727.0,,,Oxeladin citrate,Oxeladin Citrate
CN(C(=O)CN(CCO)CC(=O)N(C)C(C)(C)Cc1ccccc1)C(C)(C)Cc1ccccc1,4621.0,,4621.0,Oxethazaine,Oxethazaine
COC(=O)Nc1nc2ccc(S(=O)c3ccccc3)cc2[nH]1,40854.0,,40854.0,Oxfendazole,Oxfendazole
CCCOc1ccc2nc(NC(=O)OC)[nH]c2c1,4622.0,,4622.0,Oxibendazole,Oxibendazole
Clc1ccc(CO/N=C(\Cn2ccnc2)c2ccc(Cl)cc2Cl)c(Cl)c1.O=[N+]([O-])O,9556529.0,,5353853.0,Oxiconazole nitrate,Oxiconazole Nitrate
O=C(O)c1ccc[n+]([O-])c1,16976.0,,16976.0,Oxiniacic Acid,Oxiniacic Acid
NC(=O)CN1CC(O)CC1=O,4626.0,,4626.0,Oxiracetam,Oxiracetam
CCN(CC)CCc1nc(-c2ccccc2)no1.O=C(O)CC(O)(CC(=O)O)C(=O)O,264891.0,,,Oxolamine citrate,Oxolamine citrate
CCn1cc(C(=O)O)c(=O)c2cc3c(cc21)OCO3,4628.0,,4628.0,Oxolinic acid,Oxolinic Acid
O=C(O)c1nc(=O)[nH]c(=O)[nH]1,4604.0,,4604.0,Oxonic Acid,Oteracil
COc1ccc(C(=O)c2ccccc2)c(O)c1,4632.0,,4632.0,Oxybenzone,2-Hydroxy-4-methoxybenzophenone
CCCCOc1cc(C(=O)OCCN(CC)CC)ccc1N.Cl,6420040.0,,4633.0,Oxybuprocaine hydrochloride,Oxybuprocaine Hydrochloride
CCN(CC)CC#CCOC(=O)C(O)(c1ccccc1)C1CCCCC1,4634.0,,4634.0,Oxybutynin,Oxybutynin
CCN(CC)CC#CCOC(=O)C(O)(c1ccccc1)C1CCCCC1.Cl,91505.0,,4634.0,Oxybutynin hydrochloride,Oxybutynin Hydrochloride
Cc1cc(C(C)(C)C)c(O)c(C)c1CC1=NCCN1.Cl,66259.0,,4636.0,Oxymetazoline hydrochloride,Oxymetazoline Hydrochloride
CN(C)[C@@H]1C(=O)C(C(N)=O)=C(O)[C@@]2(O)C(=O)C3=C(O)c4c(O)cccc4[C@@](C)(O)[C@H]3[C@H](O)[C@@H]12,54675779.0,,54675779.0,Oxytetracycline (Terramycin),Terramycin
O=C(O)/C=C/c1ccc(Cn2ccnc2)cc1,5282440.0,,5282440.0,Ozagrel,Ozagrel
Cl.O=C(O)/C=C/c1ccc(Cn2ccnc2)cc1,6438130.0,,5282440.0,Ozagrel hydrochloride,Ozagrel hydrochloride
Fc1c(F)c(F)c(Cl)c(F)c1F,9579.0,,9579.0,P-0850,Chloropentafluorobenzene
CC(=O)c1cc([N+](=O)[O-])c(Sc2ccc(F)cc2F)s1,46931953.0,,46931953.0,P22077,P22077
CN1CC[C@@H](c2c(O)cc(O)c3c(=O)cc(-c4ccccc4Cl)oc23)[C@@H]1CO.Cl,23643975.0,,23643976.0,P276-00,P 276-00
C=CCc1cccc(/C=N/NC(=O)CN2CCN(Cc3ccccc3)CC2)c1O,135421197.0,,135421197.0,PAC 1,Pac-1
C=CCc1cccc(/C=N/NC(=O)CN2CCN(Cc3ccccc3)CC2)c1O,135421197.0,,135421197.0,PAC-1,Pac-1
C=CCc1cccc(/C=N/NC(=O)CN2CCN(Cc3ccccc3)CC2)c1O,135421197.0,,135421197.0,PAC1,Pac-1
CC(=O)O[C@H]1C(=O)[C@@]2(C)[C@H]([C@H](OC(=O)c3ccccc3)[C@]3(O)C[C@H](OC(=O)[C@H](O)[C@@H](NC(=O)c4ccccc4)c4ccccc4)C(C)=C1C3(C)C)[C@]1(OC(C)=O)CO[C@@H]1C[C@@H]2O,36314.0,,36314.0,PACLITAXEL,Paclitaxel
CC(=O)c1c(C)c2cnc(Nc3ccc(N4CCNCC4)cn3)nc2n(C2CCCC2)c1=O,5330286.0,,5330286.0,PALBOCICLIB,Palbociclib
CCCCCCCCCC[C@@H]1C(=O)O[C@H]1CCc1ccc(OC)c(OC)c1,45100481.0,,45100481.0,PALMOSTATIN B,Palmostatin B
NCc1ccc(C(=O)O)cc1,65526.0,,65526.0,PAMBA,4-(Aminomethyl)Benzoic Acid
Cc1[nH]c2ccccc2c1CCNCc1ccc(/C=C/C(=O)NO)cc1,6918837.0,,6918837.0,PANOBINOSTAT,Panobinostat
CCCCc1ccc2nc(NC(=O)OC)[nH]c2c1,26596.0,,26596.0,PARBENDAZOLE,Parbendazole
C=C1C(=O)O[C@H]2[C@H]1CC/C(C)=C/CC[C@@]1(C)O[C@@H]21,6473881.0,,6473881.0,PARTHENOLIDE,Parthenolide
Cc1ccc(Nc2nccc(N(C)c3ccc4c(C)n(C)nc4c3)n2)cc1S(N)(=O)=O,10113978.0,,10113978.0,PAZOPANIB,Pazopanib
Cc1ccc(Nc2nccc(N(C)c3ccc4c(C)n(C)nc4c3)n2)cc1S(N)(=O)=O.Cl,11525740.0,,10113978.0,PAZOPANIB HYDROCHLORIDE,Pazopanib Hydrochloride
CC(=O)O.CC(=O)O.CCc1c(CC)c2cc3nc(cnc4cc(OCCOCCOCCOC)c(OCCOCCOCCOC)cc4ncc4nc(cc1[n-]2)C(CCCO)=C4C)C(C)=C3CCCO.O.[Gd],24820762.0,,151071.0,PCI-0120,Motexafin gadolinium hydrate
CN(C)Cc1c(C(=O)NCCOc2ccc(C(=O)NO)cc2)oc2ccccc12,11749858.0,,11749858.0,PCI-24781,Abexinostat
CN(C)Cc1c(C(=O)NCCOc2ccc(C(=O)NO)cc2)oc2ccccc12,11749858.0,,11749858.0,PCI-24781 (Abexinostat),Abexinostat
COc1ccc(Cn2ccc3ccc(C(=O)NO)cc32)cc1,24753719.0,,24753719.0,PCI-34051,Pci-34051
O=C(NOC[C@H](O)CO)c1ccc(F)c(F)c1Nc1ccc(I)cc1F,9826528.0,,9826528.0,PD 0325901,"N-((2R)-2,3-Dihydroxypropoxy)-3,4-difluoro-2-((2-fluoro-4-iodophenyl)amino)benzamide"
CC(=O)c1c(C)c2cnc(Nc3ccc(N4CCNCC4)cn3)nc2n(C2CCCC2)c1=O,5330286.0,,5330286.0,PD 0332991,Palbociclib
COc1cc2ncnc(Nc3cccc(Br)c3)c2cc1OC,4705.0,,4705.0,PD 153035,PD-153035
CC(C)[C@H](NS(=O)(=O)c1ccc(-c2ccc(Br)cc2)cc1)C(=O)O,9887870.0,,9887870.0,PD 166793,"(S)-2-(4'-Bromo-[1,1'-biphenyl]-4-ylsulfonamido)-3-methylbutanoic acid"
O=[N+]([O-])c1ccc(-c2nc(-c3ccc(F)cc3)c(-c3ccncc3)[nH]2)cc1,4712.0,,4712.0,PD 169316,PD-169316
Cc1cc(Nc2ncc3cc(-c4c(Cl)cccc4Cl)c(=O)n(C)c3n2)ccc1F,5311104.0,,5311104.0,PD 180970,PD-180970
COc1cccc(-c2cc(=O)c3ccccc3o2)c1N,4713.0,,4713.0,PD 98059,2-(2-amino-3-methoxyphenyl)-4H-1-benzopyran-4-one
O=C(NOC[C@H](O)CO)c1ccc(F)c(F)c1Nc1ccc(I)cc1F,9826528.0,,9826528.0,PD-0325901,"N-((2R)-2,3-Dihydroxypropoxy)-3,4-difluoro-2-((2-fluoro-4-iodophenyl)amino)benzamide"
CC(=O)c1c(C)c2cnc(Nc3ccc(N4CCNCC4)cn3)nc2n(C2CCCC2)c1=O,5330286.0,,5330286.0,PD-0332991,Palbociclib
CCN(CC)CCCCNc1ncc2cc(-c3cc(OC)cc(OC)c3)c(NC(=O)NC(C)(C)C)nc2n1,1401.0,,1401.0,PD-173074,"N-(2-((4-(Diethylamino)butyl)amino)-6-(3,5-dimethoxyphenyl)pyrido(2,3-d)pyrimidin-7-yl)-N'-(1,1-dimethylethyl)urea"
O=C(NOCC1CC1)c1ccc(F)c(F)c1Nc1ccc(I)cc1Cl,6918454.0,,6918454.0,PD-184352,Ci-1040
COc1cccc(-c2cc(=O)c3ccccc3o2)c1N,4713.0,,4713.0,PD-98059,2-(2-amino-3-methoxyphenyl)-4H-1-benzopyran-4-one
O=C(NOC[C@H](O)CO)c1ccc(F)c(F)c1Nc1ccc(I)cc1F,9826528.0,,9826528.0,PD0325901,"N-((2R)-2,3-Dihydroxypropoxy)-3,4-difluoro-2-((2-fluoro-4-iodophenyl)amino)benzamide"
Cc1cc(Cn2cnc3c2C[C@@H](C(=O)O)N(C(=O)C(c2ccccc2)c2ccccc2)C3)ccc1N(C)C,5311345.0,,5311345.0,PD123319,"(6S)-1-((4-(Dimethylamino)-3-methylphenyl)methyl)-5-(2,2-diphenylacetyl)-4,5,6,7-tetrahydro-1H-imidazo(4,5-c)pyridine-6-carboxylic acid"
COc1cc2ncnc(Nc3cccc(Br)c3)c2cc1OC,4705.0,,4705.0,PD153035,PD-153035
C=CC(=O)Nc1ccc2ncnc(Nc3cccc(Br)c3)c2c1,4708.0,,4708.0,PD168393,Pd 168393
CCN(CC)CCCCNc1ncc2cc(-c3cc(OC)cc(OC)c3)c(NC(=O)NC(C)(C)C)nc2n1,1401.0,,1401.0,PD173074,"N-(2-((4-(Diethylamino)butyl)amino)-6-(3,5-dimethoxyphenyl)pyrido(2,3-d)pyrimidin-7-yl)-N'-(1,1-dimethylethyl)urea"
CSc1cccc(Nc2ncc3cc(-c4c(Cl)cccc4Cl)c(=O)n(C)c3n2)c1,447077.0,,447077.0,PD173955,PD173955
O=C(NOCC1CC1)c1ccc(F)c(F)c1Nc1ccc(I)cc1Cl,6918454.0,,6918454.0,PD184352,Ci-1040
O=C(NOCC1CC1)c1ccc(F)c(F)c1Nc1ccc(I)cc1Cl,6918454.0,,6918454.0,PD184352 (CI-1040),Ci-1040
O=C(NOCC(O)CO)c1cc(Br)c(F)c(F)c1Nc1ccc(I)cc1F,10231331.0,,10231331.0,PD318088,PD318088
COc1cccc(-c2cc(=O)c3ccccc3o2)c1N,4713.0,,4713.0,PD98059,2-(2-amino-3-methoxyphenyl)-4H-1-benzopyran-4-one
COc1cc2c(cc1OC)-c1[nH]nc(Nc3cccc(F)c3)c1C2,9797370.0,,9797370.0,PDGFR tyrosine kinase inhibitor IV,Jnj-10198409
CCCCCCCCCC(=O)NC(CN1CCOCC1)C(C)c1ccccc1.Cl,114736.0,,114737.0,PDMP,RV 538
CCOc1cc2ncc(C#N)c(Nc3ccc(F)c(Cl)c3)c2cc1NC(=O)/C=C/CN(C)C,6445562.0,,6445562.0,PELITINIB,Pelitinib
Nc1nc2[nH]cc(CCc3ccc(C(=O)N[C@@H](CCC(=O)O)C(=O)O)cc3)c2c(=O)[nH]1,135410875.0,,135410875.0,PEMETREXED,Pemetrexed
OC[C@H]1O[C@@H](n2cnc3c2NC=NC[C@H]3O)C[C@@H]1O,439693.0,,439693.0,PENTOSTATIN,Pentostatin
CCCCCCCCCCCCCCCCCCOP(=O)([O-])OC1CC[N+](C)(C)CC1,148177.0,,148178.0,PERIFOSINE,Perifosine
NS(=O)(=O)OC[C@@H]1C[C@@H](n2ccc3c(N[C@H]4CCc5ccccc54)ncnc32)C[C@@H]1O,16720766.0,,16720766.0,PEVONEDISTAT,Pevonedistat
C[C@]1(CO)CN(c2cc(C(=O)Nc3ccc4c(c3)-c3c(c(C(N)=O)nn3-c3ccc(F)cc3)CC4)c(Cl)cn2)C[C@@]1(C)CO,57519531.0,,57519531.0,PF 184,"8-[[2-[(3R,4S)-3,4-bis(hydroxymethyl)-3,4-dimethylpyrrolidin-1-yl]-5-chloropyridine-4-carbonyl]amino]-1-(4-fluorophenyl)-4,5-dihydrobenzo[g]indazole-3-carboxamide"
CN(c1ccccc1CNc1nc(Nc2ccc3c(c2)CC(=O)N3)ncc1C(F)(F)F)S(C)(=O)=O,11598628.0,,11598628.0,PF 431396,"N-Methyl-N-(2-(((2-((2-oxo-2,3-dihydro-1H-indol-5-yl)amino)-5-(trifluoromethyl)pyrimidin-4-yl)amino)methyl)phenyl)methanesulfonamide"
Cn1cc(-c2[nH]c3cc(NC(=O)[C@H](N)C4CCCCC4)cc4c3c2C=NNC4=O)cn1,135565545.0,,135565545.0,PF 477736,PF-477736
Nc1ncnc2c1c(COc1cccc(Cl)c1)nn2C1CCOCC1,53472153.0,,53472153.0,PF 4800567 HYDROCHLORIDE,"3-((3-Chlorophenoxy)methyl)-1-(tetrahydro-2H-pyran-4-yl)-1H-pyrazolo(3,4-d)pyrimidin-4-amine"
CS(=O)(=O)c1cccc(CNc2nc(Nc3ccc4c(c3)CCC(=O)N4)ncc2C(F)(F)F)c1,11612883.0,,11612883.0,PF 573228,PF-573228
O=C(Nc1ccccc1)N1CCC(Cc2cnc3ccccc3c2)CC1,25154868.0,,25154868.0,PF 750,PF-750
Cl.Cn1cc(-c2[nH]c3cc(NC(=O)[C@H](N)C4CCCCC4)cc4c3c2C=NNC4=O)cn1,137219757.0,,135565545.0,PF-00477736,"(2R)-2-amino-2-cyclohexyl-N-[2-(1-methyl-1H-pyrazol-4-yl)-9-oxo-3,10,11-triazatricyclo[6.4.1.0,4,13]trideca-1,4(13),5,7,11-pentaen-6-yl]acetamide hydrochloride"
CN(c1ncccc1CNc1nc(Nc2ccc3c(c2)CC(=O)N3)ncc1C(F)(F)F)S(C)(=O)=O.O=S(=O)(O)c1ccccc1,16118986.0,,11713159.0,PF-00562271,PF-562271 besylate
CNCc1ccc(-c2[nH]c3cc(F)cc4c3c2CCNC4=O)cc1.O=P(O)(O)O,9931953.0,,9931954.0,PF-01367338,Rucaparib Phosphate
C[C@@H](Oc1cc(-c2cnn(C3CCNCC3)c2)cnc1N)c1c(Cl)ccc(F)c1Cl,11626560.0,,11626560.0,PF-02341066,Crizotinib
,,,,PF-03084014 diastereomer 1,
,,,,PF-03084014 diastereomer 2,
Cc1nc(Nc2n[nH]c3c2CN(C(=O)N[C@H](CN(C)C)c2ccccc2)C3(C)C)c2sccc2n1,25227462.0,,25227462.0,PF-03758309,PF-3758309
CC(=O)NCC(=O)N1[C@@H]2CC[C@H]1c1ccc(Nc3ncc(C(F)(F)F)c(NC4CCC4)n3)cc12,51346455.0,,51346455.0,PF-03814735,Pf-03814735
OCCn1cc(-c2cnc3nnn(Cc4ccc5ncccc5c4)c3n2)cn1,17754438.0,,17754438.0,PF-04217903,Pf-04217903
CN1CC[C@@H](NC(=O)Nc2ccc(C#N)cc2)C[C@@H]1c1nc2ccccc2[nH]1,25166913.0,,25166913.0,PF-04449913,Glasdegib
COc1ccc(-c2cc3c(C)nc(N)nc3n(C3CCC(OCCO)CC3)c2=O)cn1,25033539.0,,25033539.0,PF-04691502,"2-amino-8-(4-(2-hydroxyethoxy)cyclohexyl)-6-(6-methoxypyridin-3-yl)-4-methylpyrido(2,3-d)pyrimidin-7(8H)-one"
CCc1cncnc1N1CCN(Cc2nc3ccc(C(F)(F)F)cc3[nH]2)CC1,51371303.0,,51371303.0,PF-04708671,PF-4708671
CC1(C)CC(=O)c2c(C(F)(F)F)nn(-c3ccc(C(N)=O)c(NC4CCC(OC(=O)CN)CC4)c3)c2C1,44195571.0,,44195571.0,PF-04929113,Snx-5422
CN(C)C1CCN(C(=O)c2ccc(NC(=O)Nc3ccc(-c4nc(N5CCOCC5)nc(N5CCOCC5)n4)cc3)cc2)CC1,44516953.0,,44516953.0,PF-05212384,Gedatolisib
,,,,PF-0528767,
C[C@H]1Oc2cc(cnc2N)-c2c(nn(C)c2C#N)CN(C)C(=O)c2ccc(F)cc21,71731823.0,,71731823.0,PF-06463922,Lorlatinib
C[C@]1(CO)CN(c2cc(C(=O)Nc3ccc4c(c3)-c3c(c(C(N)=O)nn3-c3ccc(F)cc3)CC4)c(Cl)cn2)C[C@@]1(C)CO,57519531.0,,57519531.0,PF-184,"8-[[2-[(3R,4S)-3,4-bis(hydroxymethyl)-3,4-dimethylpyrrolidin-1-yl]-5-chloropyridine-4-carbonyl]amino]-1-(4-fluorophenyl)-4,5-dihydrobenzo[g]indazole-3-carboxamide"
C[C@@H](Oc1cc(-c2cnn(C3CCNCC3)c2)cnc1N)c1c(Cl)ccc(F)c1Cl,11626560.0,,11626560.0,PF-2341066,Crizotinib
Cn1cc(-c2ccncc2)c(-c2ccc(OCc3ccc4ccccc4n3)cc2)n1,11581936.0,,11581936.0,PF-2545920,2-((4-(1-methyl-4-pyridin-4-yl-1H-pyrazol-3-yl)phenoxy)methyl)quinoline
COc1cc2ncnc(Nc3ccc(F)c(Cl)c3)c2cc1NC(=O)/C=C/CN1CCCCC1,11511120.0,,11511120.0,PF-299804,Dacomitinib
Cc1nc(Nc2n[nH]c3c2CN(C(=O)N[C@H](CN(C)C)c2ccccc2)C3(C)C)c2sccc2n1,25227462.0,,25227462.0,PF-3758309,PF-3758309
O=C(Nc1cccnc1)N1CCC(Cc2cccc(Oc3ccc(C(F)(F)F)cn3)c2)CC1,25154867.0,,25154867.0,PF-3845,N-3-Pyridinyl-4-((3-((5-(trifluoromethyl)-2-pyridinyl)oxy)phenyl)methyl)-1-piperidinecarboxamide
CCc1c[nH]c2ncnc(N3CC[C@](N)(CNC(=O)c4ccc(F)cc4F)C3)c12,25061501.0,,25061501.0,PF-4176340,PF-Akt400
CN(c1ccccc1CNc1nc(Nc2ccc3c(c2)CC(=O)N3)ncc1C(F)(F)F)S(C)(=O)=O,11598628.0,,11598628.0,PF-431396,"N-Methyl-N-(2-(((2-((2-oxo-2,3-dihydro-1H-indol-5-yl)amino)-5-(trifluoromethyl)pyrimidin-4-yl)amino)methyl)phenyl)methanesulfonamide"
CCc1cncnc1N1CCN(Cc2nc3ccc(C(F)(F)F)cc3[nH]2)CC1,51371303.0,,51371303.0,PF-4708671,PF-4708671
Cn1cc(-c2[nH]c3cc(NC(=O)[C@H](N)C4CCCCC4)cc4c3c2C=NNC4=O)cn1,135565545.0,,135565545.0,PF-477736,PF-477736
Nc1ncnc2c1c(COc1cccc(Cl)c1)nn2C1CCOCC1,53472153.0,,53472153.0,PF-4800567,"3-((3-Chlorophenoxy)methyl)-1-(tetrahydro-2H-pyran-4-yl)-1H-pyrazolo(3,4-d)pyrimidin-4-amine"
Cl.Nc1ncnc2c1c(COc1cccc(Cl)c1)nn2C1CCOCC1,71751553.0,,53472153.0,PF-4800567 hydrochloride,"3-[(3-Chlorophenoxy)methyl]-1-(tetrahydro-2H-pyran-4-yl)-1H-pyrazolo[3,4-d]pyrimidin-4-amine Hydrochloride"
Nc1nc2c(c(-c3c(Cl)cc(Cl)cc3OCCn3cccn3)n1)CN(C(=O)NCC(F)(F)F)C2,53236589.0,438494092.0,,PF-4942847,"2-amino-4-[2,4-dichloro-6-(2-pyrazol-1-ylethoxy)phenyl]-N-(2,2,2-trifluoroethyl)-5,7-dihydropyrrolo[3,4-d]pyrimidine-6-carboxamide"
Cc1cnc(-c2cc(N3CCN(C(=O)CCS(C)(=O)=O)CC3)ncc2Cl)c(C)c1,56956240.0,,56956240.0,PF-5274857,"1-(4-(5'-Chloro-3,5-dimethyl-2,4'-bipyridin-2'-yl)piperazin-1-yl)-3-(methylsulfonyl)propan-1-one"
Cc1cc(CS(=O)(=O)c2ccccc2)cc(OCc2ccc(CN3CCC[C@@H]3CO)cc2)c1,66577038.0,,66577038.0,PF-543,PF-543
CN(c1ncccc1CNc1nc(Nc2ccc3c(c2)CC(=O)N3)ncc1C(F)(F)F)S(C)(=O)=O,11713159.0,,11713159.0,PF-562271,PF-562271
CS(=O)(=O)c1cccc(CNc2nc(Nc3ccc4c(c3)CCC(=O)N4)ncc2C(F)(F)F)c1,11612883.0,,11612883.0,PF-573228,PF-573228
Cl.Cl.Nc1nccc(-c2c(-c3ccc(F)cc3)ncn2C2CCCCC2)n1,51049607.0,,11681588.0,PF-670462,PF-670462
O=C(Nc1ccccc1)N1CCC(Cc2cnc3ccccc3c2)CC1,25154868.0,,25154868.0,PF-750,PF-750
C[C@H]1Oc2cc(cnc2N)-c2c(nn(C)c2C#N)CN(C)C(=O)c2ccc(F)cc21,71731823.0,,71731823.0,PF06463922,Lorlatinib
CC[C@@H]1[C@H](F)C(=O)N[C@@H]1COc1nccc2cc(C(N)=O)c(OC)cc12,118414016.0,,118414016.0,PF06650833,Zimlovisertib
C[C@@H](Oc1cc(-c2cnn(C3CCNCC3)c2)cnc1N)c1c(Cl)ccc(F)c1Cl,11626560.0,,11626560.0,PF2341066,Crizotinib
Cn1cc(-c2[nH]c3cc(NC(=O)[C@H](N)C4CCCCC4)cc4c3c2C=NNC4=O)cn1,135565545.0,,135565545.0,PF477736,PF-477736
Nc1ncnc2c1c(COc1cccc(Cl)c1)nn2C1CCOCC1,53472153.0,,53472153.0,PF4800567,"3-((3-Chlorophenoxy)methyl)-1-(tetrahydro-2H-pyran-4-yl)-1H-pyrazolo(3,4-d)pyrimidin-4-amine"
Cl.Cl.Nc1nccc(-c2c(-c3ccc(F)cc3)ncn2C2CCCCC2)n1,51049607.0,,11681588.0,PF670462,PF-670462
COc1ccccc1S(=O)(=O)Nc1ccc2c(c1)CN(C)C(=O)N2,71271629.0,,71271629.0,PFI-1,Pfi-1
O=C(/C=C/N1C[C@H]2C[C@@H]1CN2c1ccccn1)c1ccccc1O,78243717.0,,78243717.0,PFI-3,Pfi-3
O=C(/C=C/c1ccc2ccc(C(F)(F)F)cc2n1)c1ccncc1,71730058.0,,71730058.0,PFK-158,Pfk-158
O=C(C=Cc1ccc2ccccc2n1)c1ccncc1,74395294.0,,74395294.0,PFK15,Pfk15
,,,,PG66.33,
CNC(=O)c1ccc(C)c(-n2c(C)cc(OCc3ccc(F)cc3F)c(Br)c2=O)c1,22049997.0,,22049997.0,PH-797804,PH 797804
CNC(=O)c1ccc(C)c(-n2c(C)cc(OCc3ccc(F)cc3F)c(Br)c2=O)c1,22049997.0,,22049997.0,PH797804,PH 797804
CN1CCN(c2cc(C(=O)Nc3ccc4c(c3)-c3c(c(C(N)=O)nn3-c3ccc(F)cc3)CC4)c(Cl)cn2)CC1,22291652.0,,22291652.0,PHA 408,Pha-408
Cc1[nH]c(/C=C2\C(=O)Nc3ccc(S(=O)(=O)Cc4c(Cl)cccc4Cl)cc32)c(C)c1C(=O)N1CCC[C@@H]1CN1CCCC1,10461815.0,,10461815.0,PHA-665752,"(3Z)-5-(((2,6-Dichlorophenyl)methyl)sulfonyl)-3-((3,5-dimethyl-4-(((2R)-2-(1-pyrrolidinylmethyl)-1-pyrrolidinyl)carbonyl)-1H-pyrrol-2-yl)methylene)-1,3-dihydro-2H-indol-2-one"
CCc1cccc(CC)c1NC(=O)N1Cc2[nH]nc(NC(=O)c3ccc(N4CCN(C)CC4)cc3)c2C1,11249084.0,,11249084.0,PHA-680632,Pha-680632
O=C1NCCc2[nH]c(-c3ccncc3)cc21,11715767.0,,11715767.0,PHA-767491,Pha-767491
CC(C)CC(=O)Nc1n[nH]c2c1CN(C(=O)C1CCN(C)CC1)C2(C)C,46191454.0,,46191454.0,PHA-793887,Pha-793887
NC(N)=NC(N)=NCCc1ccccc1,8249.0,,8249.0,PHENFORMIN,Phenformin
O=C(CCc1ccc(O)cc1)c1c(O)cc(O)cc1O,4788.0,,4788.0,PHLORETIN,Phloretin
CCCCCCCCCCCCc1ccc(S(=O)(=O)Nc2nncs2)cc1,44240850.0,,44240850.0,PHT-427,"4-dodecyl-N-(1,3,4-thiadiazol-2-yl)benzenesulfonamide"
Cl.Oc1cccc(-c2nc(N3CCOCC3)c3oc4ncccc4c3n2)c1,16739368.0,,9884685.0,PI 103 HYDROCHLORIDE,PI-103 (Hydrochloride)
Oc1cccc(-c2nc(N3CCOCC3)c3oc4ncccc4c3n2)c1,9884685.0,,9884685.0,PI-103,"3-(4-(4-Morpholinyl)pyrido(3',2':4,5)furo(3,2-d)pyrimidin-2-yl)phenol"
,,,,"PICOLINICI-ACID, PICOLINATE",
NS(=O)(=O)C#Cc1ccccc1,327653.0,,327653.0,PIFITHRIN-MU,2-Phenylethynesulfonamide
,9929138.0,,4817.0,PIFITHRIN­±,Pifithrin
Cc1ccc([N+](=O)[O-])cc1S(=O)(=O)N(C)/N=C/c1cnc2ccc(Br)cn12,10275789.0,,10275789.0,PIK 75,Pik-75
COc1ccc2c3n(c(=NC(=O)c4cccnc4)nc2c1OC)CCN3,135398491.0,,135398491.0,PIK 90,"N-(7,8-dimethoxy-2,3-dihydroimidazo[1,2-c]quinazolin-5-yl)nicotinamide"
Cc1ccccc1-n1c(Cn2ncc3c(N)ncnc32)nc2cccc(C)c2c1=O,53245636.0,,53245636.0,PIK-293,"2-((4-amino-1H-pyrazolo[3,4-d]pyrimidin-1-yl)methyl)-5-methyl-3-o-tolylquinazolin-4(3H)-one"
Cc1ccccc1-n1c(Cn2nc(-c3cccc(O)c3)c3c(N)ncnc32)nc2cccc(C)c2c1=O,24905149.0,,24905149.0,PIK-294,Pik-294
Cc1ccc([N+](=O)[O-])cc1S(=O)(=O)N(C)/N=C/c1cnc2ccc(Br)cn12,10275789.0,,10275789.0,PIK-75,Pik-75
CC(=O)Nc1nc(C)c(-c2ccc(Cl)c(S(=O)(=O)NCCO)c2)s1,6852167.0,,6852167.0,PIK-93,"N-(5-{4-Chloro-3-[(2-hydroxyethyl)sulfamoyl]phenyl}-4-methyl-1,3-thiazol-2-yl)acetamide"
,56599306.0,,,"PILARALISIB, XL-147",Pilaralisib
C[C@@H]1C[C@H](N)C[C@H](c2ccncc2NC(=O)c2ccc(F)c(-c3c(F)cccc3F)n2)C1,44814409.0,,44814409.0,PIM-447,Lgh-447
COc1cc(/C=C/C(=O)N2CCC=CC2=O)cc(OC)c1OC,637858.0,,637858.0,PIPERLONGUMINE,Piperlongumine
O=C(CCBr)N1CCN(C(=O)CCBr)CC1,4842.0,,4842.0,PIPOBROMAN,Pipobroman
O=C1N/C(=N\S(=O)(=O)c2cccc3ccccc23)S/C1=C\c1ccc(Br)cc1,136227331.0,,136227331.0,PITSTOP2,Pitstop2
CCC(C)N(C)C(=O)c1cc2ccccc2c(-c2ccccc2Cl)n1,1345.0,,1345.0,PK-11195,1-(2-Chlorophenyl)-N-methyl-N-(1-methylpropyl)-3-isoquinolinecarboxamide
CO[C@@H]1[C@H](N(C)C(=O)c2ccccc2)C[C@H]2O[C@]1(C)n1c3ccccc3c3c4c(c5c6ccccc6n2c5c31)C(=O)NC4,9829523.0,,9829523.0,PKC412,Midostaurin
CCn1nnc2c(N3CCOCC3)nc(-c3ccc(NC(=O)Nc4ccc(C(=O)N5CCN(C)CC5)cc4)cc3)nc21,44187953.0,,44187953.0,PKI-402,Pki-402
,171713879.0,,,PKM2 Activator 9,PKM2 activator 7
COc1cc(/C=C/C(=O)N2CCC=CC2=O)cc(OC)c1OCCN(C)CCOc1c(OC)cc(/C=C/C(=O)N2CCC=CC2=O)cc1OC,73707398.0,,73707398.0,PL-DI,"1-[(E)-3-[4-[2-[2-[2,6-dimethoxy-4-[(E)-3-oxo-3-(6-oxo-2,3-dihydropyridin-1-yl)prop-1-enyl]phenoxy]ethyl-methylamino]ethoxy]-3,5-dimethoxyphenyl]prop-2-enoyl]-2,3-dihydropyridin-6-one"
c1cc(CN2CCCNCCNCCCNCC2)ccc1CN1CCCNCCNCCCNCC1,65015.0,,65015.0,PLERIXAFOR,Plerixafor
CO[C@H](C(=O)[C@@H](O)[C@@H](C)O)[C@@H]1Cc2cc3cc(O[C@H]4C[C@@H](O[C@H]5C[C@@H](O)[C@H](O)[C@@H](C)O5)[C@H](O)[C@@H](C)O4)c(C)c(O)c3c(O)c2C(=O)[C@H]1O[C@H]1C[C@@H](O[C@H]2C[C@@H](O[C@H]3C[C@](C)(O)[C@H](O)[C@@H](C)O3)[C@@H](O)[C@@H](C)O2)[C@H](O)[C@@H](C)O1,163659.0,,163659.0,PLICAMYCIN,Mithramycin
Cc1cc(Nc2ncc3c(n2)N(C)C(=O)N(c2cc(NC(=O)c4cccc(C(F)(F)F)c4)ccc2C)C3)n(C)n1,12003241.0,,12003241.0,PLURIPOTIN,Pluripotin
FC(F)(F)c1ccc(CNc2ccc(Cc3c[nH]c4ncc(Cl)cc34)cn2)cn1,25151352.0,,25151352.0,PLX-3397,Pexidartinib
CCCS(=O)(=O)Nc1ccc(F)c(C(=O)c2c[nH]c3ncc(-c4ccc(Cl)cc4)cc23)c1F,42611257.0,,42611257.0,PLX-4032,Vemurafenib
CCCS(=O)(=O)Nc1ccc(F)c(C(=O)c2c[nH]c3ncc(Cl)cc23)c1F,24180719.0,,24180719.0,PLX-4720,Plx-4720
FC(F)(F)c1ccc(CNc2ccc(Cc3c[nH]c4ncc(Cl)cc34)cn2)cn1,25151352.0,,25151352.0,PLX3397,Pexidartinib
CC(C)S(=O)(=O)Nc1ccc(F)c(C(=O)c2c[nH]c3ncc(-c4cccnc4)cc23)c1F,53438230.0,,53438230.0,PLX4032,Plx4032
CCCS(=O)(=O)Nc1ccc(F)c(C(=O)c2c[nH]c3ncc(Cl)cc23)c1F,24180719.0,,24180719.0,PLX4720,Plx-4720
CCN(C)S(=O)(=O)Nc1ccc(F)c(C(=O)c2c[nH]c3ncc(-c4cnc(C5CC5)nc4)cc23)c1F,90116945.0,,90116945.0,PLX7904,"5-(2-cyclopropylpyrimidin-5-yl)-3-(3-((ethyl(methyl)sulfamoyl)amino)-2,6-difluorobenzoyl)-1H-pyrrolo(2,3-b)pyridine"
Cl.O=C(N[C@H]1CN2CCC1CC2)c1ccc(Cl)cc1,11243536.0,,9795278.0,PNU 282987,"Benzamide, N-(3R)-1-azabicyclo(2.2.2)oct-3-yl-4-chloro-, hydrochloride (1:1)"
Cc1ccc(C=NNC(=O)c2ccccc2Oc2ccccc2)o1,60119583.0,,60119583.0,PNU-74654,Pnu-74654
COc1cc([C@@H]2c3cc4c(cc3[C@H](O)[C@H]3COC(=O)[C@H]23)OCO4)cc(OC)c1OC,10607.0,,10607.0,PODOPHYLLOTOXIN,Podophyllotoxin
Cc1ccc(C(=O)Nc2ccc(CN3CCN(C)CC3)c(C(F)(F)F)c2)cc1C#Cc1cnc2cccnn12,24826799.0,,24826799.0,PONATINIB,Ponatinib
CC(C)n1nc(-c2cc3cc(O)ccc3[nH]2)c2c(N)ncnc21,135565635.0,,135565635.0,PP-242,Torkinib
CC(C)n1nc(-c2cccc(C(=O)NC3=NCCS3)c2)c2c(N)ncnc21,24905154.0,,24905154.0,PP-30,"3-(4-amino-1-isopropyl-1H-pyrazolo[3,4-d]pyrimidin-3-yl)-N-(4,5-dihydrothiazol-2-yl)benzamide"
Cc1ccc(-c2nn(C(C)(C)C)c3ncnc(N)c23)cc1,1400.0,,1400.0,PP1,"1-Ter-Butyl-3-P-Tolyl-1h-Pyrazolo[3,4-D]Pyrimidin-4-Ylamine"
Nc1ncnc2c1c(-c1cnc3[nH]ccc3c1)nn2C1CCCC1,24905142.0,,24905142.0,PP121,PP121
CC(C)(C)n1nc(-c2ccc(Cl)cc2)c2c(N)ncnc21,4878.0,,4878.0,PP2,"3-(4-Chlorophenyl)-1-(1,1-dimethylethyl)-1H-pyrazolo(3,4-d)pyrimidin-4-amine"
CC(C)n1nc(-c2cc3cc(O)ccc3[nH]2)c2c(N)ncnc21,135565635.0,,135565635.0,PP242,Torkinib
COc1ccc(Cl)cc1NC(=O)Nc1cc(C)nc2ccccc12,9549305.0,,9549305.0,PQ 401,PQ-401
C#CCC(Cc1cnc2nc(N)nc(N)c2n1)c1ccc(C(=O)N[C@@H](CCC(=O)O)C(=O)O)cc1,148121.0,,148121.0,PRALATREXATE,Pralatrexate
C[C@H]1[C@H]2N(C(=O)CN(C)N2C(=O)NCc2ccccc2)[C@@H](Cc2ccc(OP(=O)(O)O)cc2)C(=O)N1Cc1cccc2cccnc12,71509318.0,,71509318.0,PRI-724,Pri-724
O=C1C2CCN(CC2)C1(CO)CO,322968.0,,322968.0,PRIMA-1,"2,2-Bis(hydroxymethyl)-1-azabicyclo(2,2,2,)octan-3-one"
COC[C@@]1(CO)C(=O)C2CCN1CC2,73707386.0,,73707386.0,PRIMA-1-Met,"Eprenetapopt, (S)-"
COCC1(CO)C(=O)C2CCN1CC2,52918385.0,,52918385.0,PRIMA-1MET,2-(Hydroxymethyl)-2-(methoxymethyl)-1-azabicyclo(2.2.2)octan-3-one
O=C1NC(=S)S/C1=C\c1cc(Br)ccc1OCc1ccccc1Br,11983303.0,,11983303.0,PRL-3 INHIBITOR I,PRL-3 inhibitor I
O=C1NC(=S)S/C1=C\c1cc(Br)ccc1OCc1ccccc1Br,11983303.0,,11983303.0,PRL-3 Inhibitor I,PRL-3 inhibitor I
O=C1NC(=S)S/C1=C\c1cc(Br)ccc1OCc1ccccc1Br,11983303.0,,11983303.0,PRL-3 inhibitor I,PRL-3 inhibitor I
,11983303.0,,,PRL­3 INHIBITOR,PRL-3 inhibitor I
,,,,PRM-123,
CNNCc1ccc(C(=O)NC(C)C)cc1.Cl,9703.0,,4915.0,PROCARBAZINE HCL,Procarbazine Hydrochloride
CNNCc1ccc(C(=O)NC(C)C)cc1.Cl,9703.0,,4915.0,PROCARBAZINE HYDROCHLORIDE,Procarbazine Hydrochloride
CN1CCN(CCCN2c3ccccc3Sc3ccc(Cl)cc32)CC1.O=C(O)/C=C\C(=O)O.O=C(O)/C=C\C(=O)O,5281032.0,,4917.0,PROCHLORPERAZINE DIMALEATE,Prochlorperazine Maleate
CCS(=O)(=O)N1CCN(c2ccc(Nc3ncc(C(N)=O)c(NC4CC4)n3)cc2)CC1.Cl,56960607.0,,44595079.0,PRT062070,Cerdulatinib Hydrochloride
NC(=O)c1cnc(N[C@@H]2CCCC[C@@H]2N)nc1Nc1cccc(-n2nccn2)c1,44462758.0,,44462758.0,PRT062607,P505-15
Cl.NC(=O)c1cnc(N[C@@H]2CCCC[C@H]2N)nc1Nc1cccc(-n2nccn2)c1,131750280.0,,57472063.0,"PRT062607 (P505-15, BIIB057) HCl",P505-15 hydrochloride
NC(=O)c1cnc(N[C@@H]2CCCC[C@@H]2N)nc1Nc1cccc(-n2nccn2)c1,44462758.0,,44462758.0,"PRT062607 (P505-15, BIIB057) hydrochloride",P505-15
O=C(Nc1cc(Cl)cc2c1[nH]c1cnccc12)c1cccnc1,9949093.0,,9949093.0,PS-1145,"N-(6-chloro-9h-pyrido[3,4-b]indol-8-yl)-3-pyridinecarboxamide"
,,,,PS74.26,
C[C@@]1(F)[C@H](O)[C@@H](CO)O[C@H]1n1ccc(=O)[nH]c1=O,11311503.0,,11311503.0,PSI6206,(2'R)-2'-Deoxy-2'-fluoro-2'-methyluridine
CS(=O)(=O)c1ccc(Oc2cc(F)cc(C#N)c2)c2c1[C@H](O)C(F)(F)C2,91754484.0,,91754484.0,PT2385,PT-2385
COc1cc(Br)c(Nc2nc(-c3c(C)nc4ncccn34)cs2)c(Br)c1,1117196.0,,1117196.0,PTC-209,"N-(2,6-dibromo-4-methoxyphenyl)-4-(2-methylimidazo[1,2-a]pyrimidin-3-yl)thiazol-2-amine"
c1ccc2c(Oc3nc(Nc4ccc(N5CCOCC5)cc4)c4ncn(C5CCCCC5)c4n3)cccc2c1,5284329.0,,5284329.0,PURMORPHAMINE,Purmorphamine
CCC(C)SSc1ncc[nH]1,219104.0,,219104.0,PX 12,Px-12
CCC(C)SSc1ncc[nH]1,219104.0,,219104.0,PX-12,Px-12
C=CCN(/C=C1/C(=O)O[C@H](COC)[C@@]2(C)C1=C(O)C(=O)C1=C2[C@H](OC(C)=O)C[C@]2(C)C(=O)CC[C@@H]12)CC=C,9849735.0,,9849735.0,PX-866,Sonolisib
,11234794.0,,11234795.0,PX478 dihydrochloride,Px 478
C=CCN(/C=C1/C(=O)O[C@H](COC)[C@@]2(C)C1=C(O)C(=O)C1=C2[C@H](OC(C)=O)C[C@]2(C)C(=O)CC[C@@H]12)CC=C,9849735.0,,9849735.0,PX866,Sonolisib
O=C(/C=C/c1cccc(S(=O)(=O)Nc2ccccc2)c1)NO,6918638.0,,6918638.0,PXD101,Belinostat
CCOC(=O)c1ccc(N2NC(=O)C(=Cc3ccc([N+](=O)[O-])o3)C2=O)cc1,2856906.0,,2856906.0,PYR 41,"Ethyl 4-[4-[(5-nitrofuran-2-yl)methylidene]-3,5-dioxopyrazolidin-1-yl]benzoate"
CCOC(=O)c1ccc(N2NC(=O)/C(=C/c3ccc([N+](=O)[O-])o3)C2=O)cc1,5335621.0,,5335621.0,PYR-41,Pyr-41
NCCOc1cc(C(=O)Nc2cc(OCCN)c3ccccc3n2)nc(C(=O)Nc2cc(OCCN)c3ccccc3n2)c1,25227847.0,,25227847.0,PYRIDOSTATIN,Pyridostatin
CCc1nc(N)nc(N)c1-c1ccc(Cl)cc1,4993.0,,4993.0,PYRIMETHAMINE,Pyrimethamine
CC(=O)O[C@H]1C(=O)[C@@]2(C)[C@H]([C@H](OC(=O)c3ccccc3)[C@]3(O)C[C@H](OC(=O)[C@H](O)[C@@H](NC(=O)c4ccccc4)c4ccccc4)C(C)=C1C3(C)C)[C@]1(OC(C)=O)CO[C@@H]1C[C@@H]2O,36314.0,,36314.0,Paclitaxel,Paclitaxel
CC(=O)O[C@H]1C(=O)[C@@]2(C)[C@H]([C@H](OC(=O)c3ccccc3)[C@]3(O)C[C@H](OC(=O)[C@H](O)[C@@H](NC(=O)c4ccccc4)c4ccccc4)C(C)=C1C3(C)C)[C@]1(OC(C)=O)CO[C@@H]1C[C@@H]2O,36314.0,,36314.0,Paclitaxel  ,Paclitaxel
C1=C/COCc2cc(ccc2OCCN2CCCC2)Nc2nccc(n2)-c2cccc(c2)COC/1,46216796.0,,46216796.0,Pacritinib,Pacritinib
C1=C/COCc2cc(ccc2OCCN2CCCC2)Nc2nccc(n2)-c2cccc(c2)COC/1,46216796.0,,46216796.0,Pacritinib (SB1518),Pacritinib
C[C@@]12C[C@@]3(O)O[C@@H](O1)[C@]1(COC(=O)c4ccccc4)[C@H]3C[C@@]12O[C@@H]1O[C@H](CO)[C@@H](O)[C@H](O)[C@H]1O,442534.0,,442534.0,Paeoniflorin,Paeoniflorin
COc1ccc(C(C)=O)c(O)c1,11092.0,,11092.0,Paeonol,Paeonol
CC(=O)c1c(C)c2cnc(Nc3ccc(N4CCNCC4)cn3)nc2n(C2CCCC2)c1=O,5330286.0,,5330286.0,Palbociclib,Palbociclib
CC(=O)c1c(C)c2cnc(Nc3ccc(N4CCNCC4)cn3)nc2n(C2CCCC2)c1=O.Cl,11431660.0,,5330286.0,Palbociclib (PD-0332991) hydrochloride,Palbociclib hydrochloride
CC(=O)c1c(C)c2cnc(Nc3ccc(N4CCNCC4)cn3)nc2n(C2CCCC2)c1=O.O=S(=O)(O)CCO,11478676.0,,5330286.0,Palbociclib (PD0332991) Isethionate,Palbociclib Isethionate
Cc1nc2n(c(=O)c1CCN1CCC(c3noc4cc(F)ccc34)CC1)CCCC2O,115237.0,,115237.0,Paliperidone,Paliperidone
COc1ccc(COc2cc3oc(=O)c4cc(C(C)O)ccc4c3cc2OC)cc1,11998575.0,,11998575.0,Palomid 529,Palomid 529
COc1ccc(COc2cc3oc(=O)c4cc(C(C)O)ccc4c3cc2OC)cc1,11998575.0,,11998575.0,Palomid 529  (P529),Palomid 529
COc1ccc(COc2cc3oc(=O)c4cc(C(C)O)ccc4c3cc2OC)cc1,11998575.0,,11998575.0,Palomid 529 (P529),Palomid 529
COc1ccc(COc2cc3oc(=O)c4cc(C(C)O)ccc4c3cc2OC)cc1,11998575.0,,11998575.0,Palomid-529,Palomid 529
Cl.O=C1c2cccc3c2[C@H](CCC3)CN1[C@@H]1CN2CCC1CC2,6918303.0,,6337614.0,Palonosetron hydrochloride,Palonosetron Hydrochloride
NCCC(O)(P(=O)([O-])O)P(=O)([O-])O.[Na+].[Na+],73351.0,,4674.0,Pamidronate disodium salt,Pamidronate Disodium Anhydrous
O=C(CS(=O)(=O)Cc1ccccc1)N1CCOCC1,284483.0,,284483.0,Pancreatin,2-(Benzylsulfonyl)-1-(morpholin-4-yl)ethanone
Cc1[nH]c2ccccc2c1CCNCc1ccc(/C=C/C(=O)NO)cc1,6918837.0,,6918837.0,Panobinostat,Panobinostat
Cc1[nH]c2ccccc2c1CCNCc1ccc(/C=C/C(=O)NO)cc1,6918837.0,,6918837.0,Panobinostat (LBH589),Panobinostat
CC(C)(CO)C(O)C(=O)NCCCO,4678.0,,4678.0,Panthenol,DL-panthenol
COc1ccnc(CS(=O)c2nc3cc(OC(F)F)ccc3[n-]2)c1OC.[Na+],15008962.0,,4679.0,Pantoprazole Sodium Hydrate,Pantoprazole Sodium
COc1ccc(Cc2nccc3cc(OC)c(OC)cc23)cc1OC.Cl,6084.0,,4680.0,Papaverine hydrochloride,Papaverine Hydrochloride
CN1CCN(c2cccc3[nH]c(=O)oc23)CC1,6918525.0,,6918525.0,Pardoprunox,Pardoprunox
CCC(=O)NS(=O)(=O)c1ccc(-c2c(-c3ccccc3)noc2C)cc1,119828.0,,119828.0,Parecoxib ,Parecoxib
C#CCN(C)Cc1ccccc1,4688.0,,4688.0,Pargyline,Pargyline
C#CCN(C)Cc1ccccc1.Cl,9373.0,,4688.0,Pargyline hydrochloride,Pargyline Hydrochloride
NC[C@@H]1O[C@H](O[C@H]2[C@@H](O)[C@H](O[C@@H]3[C@@H](O)[C@H](N)C[C@H](N)[C@H]3O[C@H]3O[C@H](CO)[C@@H](O)[C@H](O)[C@H]3N)O[C@@H]2CO)[C@H](N)[C@@H](O)[C@@H]1O.O=S(=O)(O)O,441375.0,,165580.0,Paromomycin Sulfate,Paromomycin Sulfate
Fc1ccc([C@@H]2CCNC[C@H]2COc2ccc3c(c2)OCO3)cc1,43815.0,,43815.0,Paroxetine,Paroxetine
Cl.Fc1ccc([C@@H]2CCNC[C@H]2COc2ccc3c(c2)OCO3)cc1,62878.0,,43815.0,Paroxetine hydrochloride,Paroxetine Hydrochloride
C=C1C(=O)O[C@H]2[C@H]1CC/C(C)=C/CC[C@@]1(C)O[C@@H]21,6473881.0,,6473881.0,Parthenolide,Parthenolide
NNC(=O)c1ccncc1.Nc1ccc(C(=O)O)c(O)c1,16367.0,,,Pasiniazid,Pasiniazid
NCCCC[C@@H]1NC(=O)[C@@H](Cc2c[nH]c3ccccc23)NC(=O)[C@H](c2ccccc2)NC(=O)[C@@H]2C[C@@H](OC(=O)NCCN)CN2C(=O)[C@H](Cc2ccccc2)NC(=O)[C@H](Cc2ccc(OCc3ccccc3)cc2)NC1=O,9941444.0,,9941444.0,Pasireotide (SOM230) ditrifluoroacetate,Pasireotide
C[C@H]1CC[C@@]2(O)C(C)(C)[C@@H]3CC[C@@]2(C)[C@H]1C3,10955174.0,,10955174.0,Patchouli alcohol,Patchouli alcohol
C/C(=C\c1csc(C)n1)[C@@H]1C[C@@H]2O[C@]2(C)CCC[C@H](C)[C@H](O)[C@@H](C)C(=O)C(C)(C)[C@@H](O)CC(=O)O1,448013.0,,448013.0,Patupilone,Epothilone B
C/C(=C\c1csc(C)n1)[C@@H]1C[C@@H]2O[C@]2(C)CCC[C@H](C)[C@H](O)[C@@H](C)C(=O)C(C)(C)[C@@H](O)CC(=O)O1,448013.0,,448013.0,Patupilone ,Epothilone B
CC1(C)OCCn2c1nc1c(N3CCOCC3)nc(-c3cnc(N)nc3)nc12,57384863.0,,57384863.0,Paxalisib,Paxalisib
Cc1ccc(Nc2nccc(N(C)c3ccc4c(C)n(C)nc4c3)n2)cc1S(N)(=O)=O,10113978.0,,10113978.0,Pazopanib,Pazopanib
Cc1ccc(Nc2nccc(N(C)c3ccc4c(C)n(C)nc4c3)n2)cc1S(N)(=O)=O,10113978.0,,10113978.0,Pazopanib ,Pazopanib
Cc1ccc(Nc2nccc(N(C)c3ccc4c(C)n(C)nc4c3)n2)cc1S(N)(=O)=O,10113978.0,,10113978.0,Pazopanib (GW786034),Pazopanib
Cc1ccc(Nc2nccc(N(C)c3ccc4c(C)n(C)nc4c3)n2)cc1S(N)(=O)=O.Cl,11525740.0,,10113978.0,Pazopanib HCl,Pazopanib Hydrochloride
Cc1ccc(Nc2nccc(N(C)c3ccc4c(C)n(C)nc4c3)n2)cc1S(N)(=O)=O.Cl,11525740.0,,10113978.0,Pazopanib hydrochloride,Pazopanib Hydrochloride
CS(=O)(=O)O.C[C@H]1COc2c(C3(N)CC3)c(F)cc3c(=O)c(C(=O)O)cn1c23,6918232.0,,65957.0,Pazufloxacin Mesylate,Pazufloxacin Mesilate
,57928403.0,349491952.0,,Peficitinb,Peficitinib
CCn1cc(C(=O)O)c(=O)c2cc(F)c(N3CCN(C)CC3)cc21.CS(=O)(=O)O,119525.0,,51081.0,Pefloxacin Mesylate,Pefloxacin Mesylate
CCn1cc(C(=O)O)c(=O)c2cc(F)c(N3CCN(C)CC3)cc21.CS(=O)(=O)O.O.O,6917670.0,,51081.0,Pefloxacin Mesylate Dihydrate,Pefloxacin Mesylate Dihydrate
CCOc1cc2ncc(C#N)c(Nc3ccc(F)c(Cl)c3)c2cc1NC(=O)/C=C/CN(C)C,6445562.0,,6445562.0,Pelitinib,Pelitinib
CCOc1cc2ncc(C#N)c(Nc3ccc(F)c(Cl)c3)c2cc1NC(=O)/C=C/CN(C)C,6445562.0,,6445562.0,Pelitinib (EKB-569),Pelitinib
,,,,Pelitrexol isomer A,
,,,,Pelitrexol isomer B,
Nc1nc2[nH]cc(CCc3ccc(C(=O)N[C@@H](CCC(=O)O)C(=O)O)cc3)c2c(=O)[nH]1,135410875.0,,135410875.0,Pemetrexed,Pemetrexed
Nc1nc2[nH]cc(CCc3ccc(C(=O)N[C@@H](CCC(=O)[O-])C(=O)[O-])cc3)c2c(=O)[nH]1.Nc1nc2[nH]cc(CCc3ccc(C(=O)N[C@@H](CCC(=O)[O-])C(=O)[O-])cc3)c2c(=O)[nH]1.O.O.O.O.O.[Na+].[Na+].[Na+].[Na+],135564527.0,,135410875.0,Pemetrexed Disodium Hydrate,Pemetrexed Disodium Hemipentahydrate
Nc1nc2[nH]cc(CCc3ccc(C(=O)O)cc3)c2c(=O)[nH]1,135405776.0,,135405776.0,Pemetrexed acid,Pemetrexed acid
,,,,Pemetrexed aq,
Nc1nc2[nH]cc(CCc3ccc(C(=O)N[C@@H](CCC(=O)[O-])C(=O)[O-])cc3)c2c(=O)[nH]1.[Na+].[Na+],135413520.0,,135410875.0,Pemetrexed disodium,Pemetrexed Disodium
,131668609.0,,135410875.0,Pemetrexed disodium salt,Pemetrexed Disodium Salt Heptahydrate
,135410875.0,,,"Pemetrexed,",Pemetrexed
Cc1cccn2c(=O)c(-c3nnn[n-]3)cnc12.[K+],443866.0,,57697.0,Pemirolast potassium,Pemirolast Potassium
CN1C(C)(C)CCCC1(C)C,6603.0,,6603.0,Pempidine,Pempidine
Nc1nc2c(ncn2CCC(CO)CO)c(=O)[nH]1,135398748.0,,135398748.0,Penciclovir,Penciclovir
OC1(c2ccc(Cl)c(C(F)(F)F)c2)CCN(CCCC(c2ccc(F)cc2)c2ccc(F)cc2)CC1,33630.0,,33630.0,Penfluridol,Penfluridol
CC1(C)S[C@@H]2[C@H](NC(=O)Cc3ccccc3)C(=O)N2[C@H]1C(=O)[O-].[Na+],23668834.0,,5904.0,Penicillin G sodium salt,Penicillin G Sodium
CC1(C)S[C@@H]2[C@H](NC(=O)COc3ccccc3)C(=O)N2[C@H]1C(=O)[O-].[K+],23676814.0,,6869.0,Penicillin V potassium salt,Penicillin V Potassium
C=C(C)[C@H]1O[C@H]2CC[C@@]3(C)[C@@](O)(CC[C@H]4[C@@H]5OC(C)(C)[C@H]6C[C@@H]7C(=C)Cc8c(Cl)cc9[nH]c(c5c9c8[C@@]76O)[C@@]43C)[C@]23O[C@@H]3[C@H]1O,6610243.0,,6610243.0,Penitrem A,Penitrem A
N=C(N)c1ccc(OCCCCCOc2ccc(C(=N)N)cc2)cc1.O=S(=O)(O)CCO.O=S(=O)(O)CCO,8813.0,,4735.0,Pentamidine isethionate,Pentamidine Isethionate
C1CCc2nnnn2CC1,5917.0,,5917.0,Pentetrazol,Pentylenetetrazole
OC[C@H]1O[C@@H](n2cnc3c2NC=NC[C@H]3O)C[C@@H]1O,439693.0,,439693.0,Pentostatin,Pentostatin
CC(=O)CCCCn1c(=O)c2c(ncn2C)n(C)c1=O,4740.0,,4740.0,Pentoxifylline,Pentoxifylline
,155816272.0,,,Peptide [CRGDKGPDC - cys & cys bridge,iGRD peptide
CCC(CC)[C@H](NC(C)=O)[C@@H]1[C@H](O)[C@@H](C(=O)O)C[C@H]1N=C(N)N.O.O.O,11954371.0,,154234.0,Peramivir Trihydrate,Peramivir trihydrate
C1CCC(C(CC2CCCCN2)C2CCCCC2)CC1.O=C(O)/C=C\C(=O)O,5284439.0,,4746.0,Perhexiline maleate,Perhexiline Maleate
CCCCCCCCCCCCCCCCCCOP(=O)([O-])OC1CC[N+](C)(C)CC1,148177.0,,148178.0,Perifosine,Perifosine
CCCCCCCCCCCCCCCCCCOP(=O)([O-])OC1CC[N+](C)(C)CC1,148177.0,,148178.0,Perifosine (KRX-0401),Perifosine
C=C(C)C1CC=C(CO)CC1,10819.0,,10819.0,Perillyl alcohol,Perillyl Alcohol
CC(C)(C)N.CCC[C@H](N[C@@H](C)C(=O)N1[C@H](C(=O)O)C[C@@H]2CCCC[C@@H]21)C(=O)OCC,441313.0,,107807.0,Perindopril erbumine,Perindopril Erbumine
CC1(C)C(C=C(Cl)Cl)C1C(=O)OCc1cccc(Oc2ccccc2)c1,40326.0,,40326.0,Permethrin,Permethrin
OCCN1CCN(CCCN2c3ccccc3Sc3ccc(Cl)cc32)CC1,4748.0,,4748.0,Perphenazine,Perphenazine
NS(=O)(=O)OC[C@@H]1C[C@@H](n2ccc3c(N[C@H]4CCc5ccccc54)ncnc32)C[C@@H]1O,16720766.0,,16720766.0,Pevonedistat,Pevonedistat
FC(F)(F)c1ccc(CNc2ccc(Cc3c[nH]c4ncc(Cl)cc34)cn2)cn1,25151352.0,,25151352.0,Pexidartinib,Pexidartinib
CCOc1ccc(NC(C)=O)cc1,4754.0,,4754.0,Phenacetin,Phenacetin
Cl.Nc1ccc(N=Nc2ccccc2)c(N)n1,8691.0,,4756.0,Phenazopyridine hydrochloride,Phenazopyridine hydrochloride
OCCc1ccccc1,6054.0,,6054.0,Phenethyl alcohol,2-Phenylethanol
NC(N)=NC(N)=NCCc1ccccc1,8249.0,,8249.0,Phenformin,Phenformin
Cl.NC(N)=NC(N)=NCCc1ccccc1,13266.0,,8249.0,Phenformin HCl,Phenformin Hydrochloride
Cl.NC(N)=NC(N)=NCCc1ccccc1,13266.0,,8249.0,Phenformin hydrochloride,Phenformin Hydrochloride
CN(C)CCC(c1ccccc1)c1ccccn1.O=C(O)/C=C\C(=O)O,5282139.0,,,Pheniramine maleate,Pheniramine Maleate
O=C1OC(c2ccc(O)cc2)(c2ccc(O)cc2)c2ccccc21,4764.0,,4764.0,Phenolphthalein,Phenolphthalein
c1ccc2c(c1)Nc1ccccc1S2,7108.0,,7108.0,Phenothiazine,Phenothiazine
CC(COc1ccccc1)N(CCCl)Cc1ccccc1.Cl,5284441.0,,4768.0,Phenoxybenzamine hydrochloride,Phenoxybenzamine Hydrochloride
CS(=O)(=O)O.Cc1ccc(N(CC2=NCCN2)c2cccc(O)c2)cc1,91430.0,,5775.0,Phentolamine mesilate,Phentolamine Methanesulfonate
CCCCC1C(=O)N(c2ccccc2)N(c2ccccc2)C1=O,4781.0,,4781.0,Phenylbutazone,Phenylbutazone
CNC[C@H](O)c1cccc(O)c1.Cl,5284443.0,,6041.0,Phenylephrine hydrochloride,Phenylephrine Hydrochloride
O=C1c2ccccc2C(=O)C1c1ccccc1,4760.0,,4760.0,Phenylindione,Phenindione
O=C1NC(=O)C(c2ccccc2)(c2ccccc2)N1,1775.0,,1775.0,Phenytoin,Phenytoin
O=C1[N-]C(=O)C(c2ccccc2)(c2ccccc2)N1.[Na+],657302.0,,1775.0,Phenytoin sodium,Phenytoin Sodium
O=C(CCc1ccc(O)cc1)c1c(O)cc(O)cc1O[C@@H]1O[C@H](CO)[C@@H](O)[C@H](O)[C@H]1O,6072.0,,6072.0,Phlorizin,Phlorizin
NP(=O)(O)N(CCCl)CCCl,96356.0,,96356.0,Phosphoramide mustard,Phosphoramide Mustard
CC(=O)NS(=O)(=O)c1ccc(NC(=O)c2ccccc2C(=O)O)cc1,8574.0,,8574.0,Phthalylsulfacetamide,Phthalylsulfacetamide
O=C(O)c1ccccc1C(=O)Nc1ccc(S(=O)(=O)Nc2nccs2)cc1,4806.0,,4806.0,Phthalylsulfathiazole,Phthalylsulfathiazole
CC1=C(C/C=C(\C)CCC[C@H](C)CCC[C@H](C)CCCC(C)C)C(=O)c2ccccc2C1=O,5284607.0,,5284607.0,Phylloquinone,Phylloquinone
CNC(=O)Oc1ccc2c(c1)[C@]1(C)CCN(C)[C@@H]1N2C.O=C(O)c1ccccc1O,657348.0,,,Physostigmine Salicylate,(-)-Physostigmine salicylate
CCCCN1CCC(CNC(=O)c2c3n(c4ccccc24)CCCO3)CC1,177336.0,,177336.0,Piboserod(SB-207266),Piboserod
Oc1cc(O)cc(/C=C/c2ccc(O)c(O)c2)c1,667639.0,,667639.0,Piceatannol,Piceatannol
OC[C@H]1O[C@@H](Oc2cc(O)cc(/C=C/c3ccc(O)cc3)c2)[C@H](O)[C@@H](O)[C@@H]1O,5281718.0,,5281718.0,Piceid,Polydatin
COc1cc([C@@H]2c3cc4c(cc3[C@H](O)[C@H]3COC(=O)[C@@H]23)OCO4)cc(OC)c1OC,72435.0,,72435.0,Picropodophyllin (PPP),Picropodophyllin
CS(=O)(=O)N1CCN(Cc2cc3nc(-c4cccc5[nH]ncc45)nc(N4CCOCC4)c3s2)CC1,17755052.0,,17755052.0,Pictilisib,Pictilisib
O=C1CC[C@@H](C(=O)N2CSC[C@H]2C(=O)O)N1,65944.0,,65944.0,Pidotimod,Pidotimod
,11553038.0,,11553039.0,Pifithrin_alpha,p-nitro-Pifithrin-alpha
O=C(O)CCCNC(=O)c1cccnc1,60608.0,,60608.0,Pikamilone,4-((3-Pyridinylcarbonyl)amino)butanoic acid
COc1ccc(Cl)c(Nc2nc3ccccc3nc2NS(=O)(=O)c2cccc(NC(=O)C(C)(C)N)c2)c1,56599306.0,,56599306.0,Pilaralisib,Pilaralisib
COc1ccc(Cl)c(Nc2nc3ccccc3nc2NS(=O)(=O)c2cccc(NC(=O)C(C)(C)N)c2)c1,56599306.0,,56599306.0,Pilaralisib (XL147),Pilaralisib
CC[C@@H]1C(=O)OC[C@@H]1Cc1cncn1C,5910.0,,5910.0,Pilocarpine,Pilocarpine
CC[C@@H]1C(=O)OC[C@@H]1Cc1cncn1C.O=[N+]([O-])O,657349.0,,5910.0,Pilocarpine nitrate,Pilocarpine Nitrate
C[C@@H]1C/C=C/C=C/C=C/C=C/[C@H](O[C@@H]2O[C@H](C)[C@@H](O)[C@H](N)[C@@H]2O)C[C@@H]2O[C@](O)(C[C@@H](O)C[C@H]3O[C@@H]3/C=C/C(=O)O1)C[C@H](O)[C@H]2C(=O)O,5284447.0,,5284447.0,Pimaricin,Natamycin
O=C(NC[C@H](O)CO)c1ccncc1Nc1ccc(I)cc1F,44187362.0,,44187362.0,Pimasertib,Pimasertib
O=C(NC[C@H](O)CO)c1ccncc1Nc1ccc(I)cc1F,44187362.0,,44187362.0,Pimasertib (AS-703026),Pimasertib
CC(C)COc1ccc(CNC(=O)N(Cc2ccc(F)cc2)C2CCN(C)CC2)cc1,10071196.0,,10071196.0,Pimavanserin,Pimavanserin
CC[C@@H]1/C=C(\C)C[C@H](C)C[C@H](OC)[C@H]2O[C@@](O)(C(=O)C(=O)N3CCCC[C@H]3C(=O)O[C@H](/C(C)=C/[C@@H]3CC[C@H](Cl)[C@H](OC)C3)[C@H](C)[C@@H](O)CC1=O)[C@H](C)C[C@@H]2OC,6509979.0,,6509979.0,Pimecrolimus,Pimecrolimus
COc1ccc(-c2nc3ccc(C4=NNC(=O)CC4C)cc3[nH]2)cc1,4823.0,,4823.0,Pimobendan,Pimobendan
O=c1[nH]c2ccccc2n1C1CCN(CCCC(c2ccc(F)cc2)c2ccc(F)cc2)CC1,16362.0,,16362.0,Pimozide,Pimozide
CC(C)NCC(O)COc1cccc2[nH]ccc12,4828.0,,4828.0,Pindolol,Pindolol
O=C1C[C@@H](c2ccccc2)Oc2cc(O)cc(O)c21,68071.0,,68071.0,Pinocembrin,(+)-Pinocembrin
CC(C)N(C[C@H]1O[C@@H](n2cnc3c(N)ncnc32)[C@H](O)[C@@H]1O)C1CC(CCc2nc3ccc(C(C)(C)C)cc3[nH]2)C1,57345410.0,,57345410.0,Pinometostat,Pinometostat
CCc1ccc(CCOc2ccc(CC3SC(=O)NC3=O)cc2)nc1,4829.0,,4829.0,Pioglitazone,Pioglitazone
CCc1ccc(CCOc2ccc(CC3SC(=O)NC3=O)cc2)nc1.Cl,60560.0,,4829.0,Pioglitazone hydrochloride,Pioglitazone Hydrochloride
NC(=O)C1(N2CCCCC2)CCN(CCCC(=O)c2ccc(F)cc2)CC1,4830.0,,4830.0,Pipamperone,Pipamperone
CCn1cc(C(=O)O)c(=O)c2cnc(N3CCNCC3)nc21,4831.0,,4831.0,Pipemidic acid,Pipemidic Acid
CC(=O)c1ccc2c(c1)N(CCCN1CCC(CCO)CC1)c1ccccc1S2,19675.0,,19675.0,Piperacetazine,Piperacetazine
CCN1CCN(C(=O)N[C@@H](C(=O)N[C@@H]2C(=O)N3[C@@H]2SC(C)(C)[C@@H]3C(=O)[O-])c2ccccc2)C(=O)C1=O.[Na+],23666879.0,,43672.0,Piperacillin sodium salt,Piperacillin Sodium
O=C(/C=C/C=C/c1ccc2c(c1)OCO2)N1CCCCC1,638024.0,,638024.0,Piperine,Piperine
CCCCOCCOCCOCc1cc2c(cc1CCC)OCO2,5794.0,,5794.0,Piperonyl butoxide,Piperonyl Butoxide
O=C(CCBr)N1CCN(C(=O)CCBr)CC1,4842.0,,4842.0,Pipobroman,Pipobroman
NC(=O)CN1CCCC1=O,4843.0,,4843.0,Piracetam,Piracetam
COc1cccc2c1C(=O)c1c(O)c3c(c(O)c1C2=O)C[C@@](O)(C(=O)CO)C[C@@H]3O[C@H]1C[C@H](N)[C@H](O[C@@H]2CCCCO2)[C@H](C)O1.Cl,20846247.0,,11296583.0,Pirarubicin hydrochloride,Theprubicin
CN1CCN(CC(=O)N2c3ccccc3C(=O)Nc3cccnc32)CC1.Cl.Cl,71405.0,,4848.0,Pirenzepine dihydrochloride,Pirenzepine Hydrochloride
Cc1ccc(=O)n(-c2ccccc2)c1,40632.0,,40632.0,Pirfenidone,Pirfenidone
c1cnc(N2CCN(Cc3ccc4c(c3)OCO4)CC2)nc1,4850.0,,4850.0,Piribedil,Piribedil
CCOC(=O)c1ccc(OCCC2CCN(c3ccc(C)nn3)CC2)cc1,71345.0,,71345.0,Pirodavir,Pirodavir
CN1C(C(=O)Nc2ccccn2)=C(O)c2ccccc2S1(=O)=O,54676228.0,,54676228.0,Piroxicam,Piroxicam
,5282451.0,,5282452.0,Pitavastatin Ca,Pitavastatin Calcium
O=C([O-])C[C@H](O)C[C@H](O)/C=C/c1c(C2CC2)nc2ccccc2c1-c1ccc(F)cc1.O=C([O-])C[C@H](O)C[C@H](O)/C=C/c1c(C2CC2)nc2ccccc2c1-c1ccc(F)cc1.[Ca+2],5282451.0,,5282452.0,Pitavastatin calcium,Pitavastatin Calcium
NCCNc1ccc(NCCN)c2c1C(=O)c1ccncc1C2=O,134019.0,,134019.0,Pixantrone,Pixantrone
NCCNc1ccc(NCCN)c2c1C(=O)c1ccncc1C2=O.O=C(O)/C=C\C(=O)O.O=C(O)/C=C\C(=O)O,9937618.0,,134019.0,Pixantrone dimaleate,Pixantrone dimaleate
CN1CCC(=C2c3ccccc3CCc3sccc32)CC1,27400.0,,27400.0,Pizotifen,Pizotifen
CN1CCC(=C2c3ccccc3CCc3sccc32)CC1.O=C(O)CC(O)C(=O)O,168993.0,,27400.0,Pizotifen Malate,Pizotifen malate
[Pt],23939.0,,,Platin,Platinum
c1cc(CN2CCCNCCNCCCNCC2)ccc1CN1CCCNCCNCCCNCC1,65015.0,,65015.0,Plerixafor,Plerixafor
c1cc(CN2CCCNCCNCCCNCC2)ccc1CN1CCCNCCNCCCNCC1,65015.0,,65015.0,Plerixafor ,Plerixafor
,,,,Plerixafor aq,
CO[C@H](C(=O)[C@@H](O)[C@@H](C)O)[C@@H]1Cc2cc3cc(O[C@H]4C[C@@H](O[C@H]5C[C@@H](O)[C@H](O)[C@@H](C)O5)[C@H](O)[C@@H](C)O4)c(C)c(O)c3c(O)c2C(=O)[C@H]1O[C@H]1C[C@@H](O[C@H]2C[C@@H](O[C@H]3C[C@](C)(O)[C@H](O)[C@@H](C)O3)[C@@H](O)[C@@H](C)O2)[C@H](O)[C@@H](C)O1,163659.0,,163659.0,Plicamycin,Mithramycin
CC(C)(C)c1[nH]cnc1/C=c1\[nH]c(=O)/c(=C/c2ccccc2)[nH]c1=O,9949641.0,,9949641.0,Plinabulin (NPI-2358),Plinabulin
,,516575712.0,,Polymyxin B sulfate,
Nc1cccc2c1C(=O)N(C1CCC(=O)NC1=O)C2=O,134780.0,,134780.0,Pomalidomide,Pomalidomide
O=C(O)Cc1nn(Cc2ccc(Br)cc2F)c(=O)c2ccccc12,5278.0,,5278.0,Ponalrestat,Ponalrestat
Cc1ccc(C(=O)Nc2ccc(CN3CCN(C)CC3)c(C(F)(F)F)c2)cc1C#Cc1cnc2cccnn12,24826799.0,,24826799.0,Ponatinib,Ponatinib
Cc1ccc(C(=O)Nc2ccc(CN3CCN(C)CC3)c(C(F)(F)F)c2)cc1C#Cc1cnc2cccnn12,24826799.0,,24826799.0,Ponatinib ,Ponatinib
Cc1ccc(C(=O)Nc2ccc(CN3CCN(C)CC3)c(C(F)(F)F)c2)cc1C#Cc1cnc2cccnn12,24826799.0,,24826799.0,Ponatinib (AP24534),Ponatinib
CCCN=C1S/C(=C\c2ccc(OC[C@H](O)CO)c(Cl)c2)C(=O)N1c1ccccc1C,11363176.0,,11363176.0,Ponesimod,Ponesimod
CC[C@@H]([C@H](C)O)n1ncn(-c2ccc(N3CCN(c4ccc(OC[C@@H]5CO[C@@](Cn6cncn6)(c6ccc(F)cc6F)C5)cc4)CC3)cc2)c1=O,468595.0,,468595.0,Posaconazole,Posaconazole
,16682736.0,376218659.0,16682737.0,Potassium antimonyl tartrate sesquihydrate,Dipotassium bis(mu-tartrato(4-))diantimonate(2-) trihydrate
C[C@]12CCC(=O)C=C1C=C[C@@H]1[C@@H]2CC[C@@]2(C)[C@H]1CC[C@@]2(O)CCC(=O)[O-].[K+],23671691.0,,656615.0,Potassium canrenoate,Canrenoate Potassium
COc1cc(S(=O)(=O)[O-])ccc1O.O.[K+],102601439.0,,4874.0,Potassium guaiacolsulfonate,Thiocol
[I-].[K+],4875.0,,,Potassium iodide,Potassium Iodide
CCC(C)N1CCCC1=O,11989721.0,,11989721.0,Povidone-iodine (PVP-I),"2-Pyrrolidinone, 1-(1-methylpropyl)-"
C=CC(=O)N1CCC(Oc2cc3c(Nc4ccc(Cl)c(Cl)c4F)ncnc3cc2OC)CC1,25127713.0,,25127713.0,Poziotinib,Poziotinib
C=CC(=O)N1CCC(Oc2cc3c(Nc4ccc(Cl)c(Cl)c4F)ncnc3cc2OC)CC1,25127713.0,,25127713.0,Poziotinib (HM781-36B),Poziotinib
CCCCc1nc2cc(/C=C/C(=O)NO)ccc2n1CCN(CC)CC,49855250.0,,49855250.0,Pracinostat,Pracinostat
CCCCc1nc2cc(/C=C/C(=O)NO)ccc2n1CCN(CC)CC,49855250.0,,49855250.0,Pracinostat (SB939),Pracinostat
C#CCC(Cc1cnc2nc(N)nc(N)c2n1)c1ccc(C(=O)N[C@@H](CCC(=O)O)C(=O)O)cc1,148121.0,,148121.0,Pralatrexate,Pralatrexate
C#CCC(Cc1cnc2nc(N)nc(N)c2n1)c1ccc(C(=O)N[C@@H](CCC(=O)O)C(=O)O)cc1,148121.0,,148121.0,Pralatrexate ,Pralatrexate
C#CCC(Cc1cnc2nc(N)nc(N)c2n1)c1ccc(C(=O)N[C@@H](CCC(=O)O)C(=O)O)cc1,148121.0,,148121.0,Pralatrexate  ,Pralatrexate
CCCN[C@H]1CCc2nc(N)sc2C1,119570.0,,119570.0,Pramipexole,Pramipexole
CC(C)N(CCNC(=O)CN1CCCC1=O)C(C)C,51712.0,,51712.0,Pramiracetam,Pramiracetam
CCCCOc1ccc(OCCCN2CCOCC2)cc1.Cl,73957.0,,4886.0,Pramoxine hydrochloride,Pramoxine Hydrochloride
O=C(Nc1cccc2c(=O)cc(-c3nn[nH]n3)oc12)c1ccc(OCCCCc2ccccc2)cc1,4887.0,,4887.0,Pranlukast,Pranlukast
CC(C(=O)O)c1ccc2c(c1)Cc1cccnc1O2,4888.0,,4888.0,Pranoprofen,Pranoprofen
CC(=O)Oc1cc2c(s1)CCN(C(C(=O)C1CC1)c1ccccc1F)C2,6918456.0,,6918456.0,Prasugrel,Prasugrel
CC[C@H](C)C(=O)O[C@H]1C[C@H](O)C=C2C=C[C@H](C)[C@H](CC[C@@H](O)C[C@@H](O)CC(=O)O)[C@H]21,54687.0,,54687.0,Pravastatin,Pravastatin
,,,,Pravastatin aq,
CC[C@H](C)C(=O)O[C@H]1C[C@H](O)C=C2C=C[C@H](C)[C@H](CC[C@@H](O)C[C@@H](O)CC(=O)[O-])[C@H]21.[Na+],16759173.0,,54687.0,Pravastatin sodium,Pravastatin Sodium
O=C(C1CCCCC1)N1CC(=O)N2CCc3ccccc3C2C1,4891.0,,4891.0,Praziquantel,Praziquantel
COc1cc2nc(N3CCN(C(=O)c4ccco4)CC3)nc(N)c2cc1OC.Cl,68546.0,,4893.0,Prazosin hydrochloride,Prazosin Hydrochloride
C[C@]12C=CC(=O)C=C1CC[C@@H]1[C@@H]2[C@@H](O)C[C@@]2(C)[C@H]1CC[C@]2(O)C(=O)CO,5755.0,,5755.0,Prednisolone,Prednisolone
C[C@]12C=CC(=O)C=C1CC[C@@H]1[C@@H]2[C@@H](O)C[C@@]2(C)[C@H]1CC[C@]2(O)C(=O)CO,5755.0,,5755.0,Prednisolone ,Prednisolone
C[C@]12C=CC(=O)C=C1CC[C@@H]1[C@@H]2[C@@H](O)C[C@@]2(C)[C@H]1CC[C@]2(O)C(=O)COP(=O)([O-])[O-].[Na+].[Na+],441409.0,,72078.0,Prednisolone phosphate sodium,Prednisolone Sodium Phosphate
CC(=O)OCC(=O)C1(O)CCC2C3CCC4=CC(=O)C=CC4(C)C3C(O)CC21C,4895.0,,4895.0,Prednisolone-21-acetate,"11,17-Dihydroxy-3,20-dioxopregna-1,4-dien-21-yl acetate"
C[C@]12C=CC(=O)C=C1CC[C@@H]1[C@@H]2C(=O)C[C@@]2(C)[C@H]1CC[C@]2(O)C(=O)CO,5865.0,,5865.0,Prednisone,Prednisone
CC(C)C[C@H](CN)CC(=O)O,5486971.0,,5486971.0,Pregabalin,Pregabalin
CC(=O)[C@H]1CC[C@H]2[C@@H]3CC=C4C[C@@H](O)CC[C@]4(C)[C@H]3CC[C@]12C,8955.0,,8955.0,Pregnenolone,Pregnenolone
CC(Cc1ccccc1)NCCC(c1ccccc1)c1ccccc1.CC(O)C(=O)O,65557.0,,9801.0,Prenylamine lactate,Prenylamine Lactate
COc1cccc(OCCCN)c1-c1cc(Nc2cnc(C#N)cn2)n[nH]1,46700756.0,,46700756.0,Prexasertib,Prexasertib
COCC1(CO)C(=O)C2CCN1CC2,52918385.0,123055437.0,,Prima-1 Met,2-(Hydroxymethyl)-2-(methoxymethyl)-1-azabicyclo(2.2.2)octan-3-one
COc1cc(NC(C)CCCN)c2ncccc2c1.O=P(O)(O)O.O=P(O)(O)O,6135.0,,4908.0,Primaquine diphosphate,Primaquine Diphosphate
CCC1(c2ccccc2)C(=O)NCNC1=O,4909.0,,4909.0,Primidone,Primidone
Cc1nc(N(C)C(=O)Cc2ccc(-c3ccccn3)cc2)sc1S(N)(=O)=O,491941.0,,491941.0,Pritelivir (BAY 57-1293),"N-(5-(Aminosulfonyl)-4-methyl-1,3-thiazol-2-yl)-N-methyl-2-(4-(2-pyridinyl)phenyl)acetamide"
CCCC(C(=O)OCCN(CC)CC)(c1ccccc1)c1ccccc1.Cl,65341.0,,4910.0,Proadifen hydrochloride,Proadifen Hydrochloride
Oc1cc(O)c2c(c1)OC(c1ccc(O)c(O)c1)C(OC1(c3ccc(O)c(O)c3)Oc3cc(O)cc(O)c3C(O)C1O)C2,107876.0,,107876.0,Proanthocyanidins,Procyanidin
CCCN(CCC)S(=O)(=O)c1ccc(C(=O)O)cc1,4911.0,,4911.0,Probenecid,Probenecid
CC(C)(Sc1cc(C(C)(C)C)c(O)c(C(C)(C)C)c1)Sc1cc(C(C)(C)C)c(O)c(C(C)(C)C)c1,4912.0,,4912.0,Probucol,Probucol
CCN(CC)CCNC(=O)c1ccc(N)cc1.Cl,66068.0,,4913.0,Procainamide hydrochloride,Procainamide Hydrochloride
CCN(CC)CCOC(=O)c1ccc(N)cc1,4914.0,,4914.0,Procaine,Procaine
CCN(CC)CCOC(=O)c1ccc(N)cc1.Cl,5795.0,,4914.0,Procaine hydrochloride,Procaine Hydrochloride
CNNCc1ccc(C(=O)NC(C)C)cc1,4915.0,,4915.0,Procarbazine,Procarbazine
CNNCc1ccc(C(=O)NC(C)C)cc1,4915.0,,4915.0,Procarbazine ,Procarbazine
CNNCc1ccc(C(=O)NC(C)C)cc1.Cl,9703.0,,4915.0,Procarbazine hydrochloride,Procarbazine Hydrochloride
CN1CCN(CCCN2c3ccccc3Sc3ccc(Cl)cc32)CC1.O=C(O)/C=C\C(=O)O.O=C(O)/C=C\C(=O)O,5281032.0,,4917.0,Prochlorperazine Maleate,Prochlorperazine Maleate
CN1CCN(CCCN2c3ccccc3Sc3ccc(Cl)cc32)CC1.O=C(O)/C=C\C(=O)O.O=C(O)/C=C\C(=O)O,5281032.0,,4917.0,Prochlorperazine dimaleate,Prochlorperazine Maleate
O=C(O)CCc1nc2ccccc2[nH]1,65708.0,,65708.0,Procodazole,Procodazole
Nc1ccc2cc3ccc(N)cc3nc2c1.Nc1ccc2cc3ccc(N)cc3nc2c1.O=S(=O)(O)O,9849425.0,,7099.0,Proflavine Hemisulfate,"3,6-Acridinediamine, sulfate (2:1)"
CC(=O)[C@H]1CC[C@H]2[C@@H]3CCC4=CC(=O)CC[C@]4(C)[C@H]3CC[C@]12C,5994.0,,5994.0,Progesterone,Progesterone
CCCN(CCC)C(=O)C(CCC(=O)O)NC(=O)c1ccccc1,4922.0,,4922.0,Proglumide,Proglumide
CC(C)N=C(N)/N=C(\N)Nc1ccc(Cl)cc1.Cl,9570076.0,,6178111.0,Proguanil hydrochloride,Proguanil Hydrochloride
CN(C)CCCN1c2ccccc2Sc2ccccc21.Cl,5887.0,,4926.0,Promazine hydrochloride,Promazine Hydrochloride
CCCOc1ccc2c(c1)CC[C@@H]1[C@@H]2CC[C@]2(C)[C@@H](OC)CC[C@@H]12,9883915.0,,9883915.0,Promestriene,Promestriene
CC(CN1c2ccccc2Sc2ccccc21)N(C)C,4927.0,,4927.0,Promethazine,Promethazine
CC(CN1c2ccccc2Sc2ccccc21)N(C)C.Cl,6014.0,,4927.0,Promethazine hydrochloride,Promethazine Hydrochloride
CCCNCC(O)COc1ccccc1C(=O)CCc1ccccc1,4932.0,,4932.0,Propafenone,Propafenone
CC(C)[N+](C)(CCOC(=O)C1c2ccccc2Oc2ccccc21)C(C)C.[Br-],9279.0,,4934.0,Propantheline bromide,Propantheline Bromide
CCCOc1ccc(C(=O)OCCN(CC)CC)cc1N.Cl,517321.0,,4935.0,Proparacaine hydrochloride,Proparacaine Hydrochloride
CC[N+](C)(CC)CCC[n+]1c(-c2ccccc2)c2cc(N)ccc2c2ccc(N)cc21.[I-].[I-],104981.0,,4939.0,Propidium Iodide,Propidium Iodide
CCCNC(C)C(=O)Nc1ccccc1C.Cl,92163.0,,4906.0,Propitocaine hydrochloride,Prilocaine Hydrochloride
CC(C)c1cccc(C(C)C)c1O,4943.0,,4943.0,Propofol,Propofol
CNC(=O)Oc1ccccc1OC(C)C,4944.0,,4944.0,Propoxur,Propoxur
CC(C)NCC(O)COc1cccc2ccccc12.Cl,62882.0,,4946.0,Propranolol hydrochloride,Propranolol Hydrochloride
CCCc1cc(=O)[nH]c(=S)[nH]1,657298.0,,657298.0,Propylthiouracil,Propylthiouracil
CCCc1cc(C(N)=S)ccn1,666418.0,,666418.0,Protionamide,Prothionamide
O=C(O)c1ccc(O)c(O)c1,72.0,,72.0,Protocatechuic acid,Protocatechuic Acid
C=Cc1c(C)c2cc3[nH]c(cc4nc(cc5nc(cc1[nH]2)C(C)=C5CCC(=O)O)C(CCC(=O)O)=C4C)c(C)c3C=C,4971.0,,4971.0,Protoporphyrin,protoporphyrin IX
C=Cc1c(C)c2cc3[nH]c(cc4nc(cc5nc(cc1[nH]2)C(C)=C5CCC(=O)O)C(CCC(=O)O)=C4C)c(C)c3C=C,4971.0,,4971.0,Protoporphyrin IX,protoporphyrin IX
CNCCCC1c2ccccc2C=Cc2ccccc21.Cl,6603149.0,,4976.0,Protriptyline hydrochloride,Protriptyline Hydrochloride
COCCCN1CCC(NC(=O)c2cc(Cl)c(N)c3c2OCC3)CC1,3052762.0,,3052762.0,Prucalopride,Prucalopride
O=c1ccc2cc3ccoc3cc2o1,6199.0,,6199.0,Psoralen,Psoralen
COc1cc(/C=C/c2ccc(O)cc2)cc(OC)c1,5281727.0,,5281727.0,Pterostilbene,Pterostilbene
O=c1c(-c2ccc(O)cc2)coc2c(O[C@@H]3O[C@H](CO)[C@@H](O)[C@H](O)[C@H]3O)c(O)ccc12,15068212.0,,15068212.0,Puerarin (Kakonein),"7-hydroxy-3-(4-hydroxyphenyl)-8-[(2S,3R,4S,5S,6R)-3,4,5-trihydroxy-6-(hydroxymethyl)tetrahydropyran-2-yl]oxy-chromen-4-one"
CC(C)[C@H](CO)Nc1nc(Nc2cccc(Cl)c2)c2ncn(C(C)C)c2n1,456214.0,,456214.0,Purvalanol A,Purvalanol A
CN1CCCN=C1/C=C/c1cccs1.O=C(O)c1cc2ccccc2c(Cc2c(O)c(C(=O)O)cc3ccccc23)c1O,5281033.0,,,Pyrantel pamoate,Pyrantel Pamoate
CN1CCCN=C1/C=C/c1cccs1.O=C(O)[C@H](O)[C@@H](O)C(=O)O,6434144.0,,,Pyrantel tartrate,Pyrantel Tartrate
NC(=O)c1cnccn1,1046.0,,1046.0,Pyrazinamide,Pyrazinamide
Cc1cc(-c2ncc(-c3cccnc3)cc2/C=C/c2ccccc2)cnc1-c1cccnc1,92042827.0,,92042827.0,Pyridoclax,Pyridoclax
Cc1ncc(CO)c(CO)c1O,1054.0,,1054.0,Pyridoxine,Pyridoxine
Cc1ncc(CO)c(CO)c1O.Cl,6019.0,,1054.0,Pyridoxine hydrochloride,Pyridoxine Hydrochloride
COc1ccc(CN(CCN(C)C)c2ccccn2)cc1.O=C(O)/C=C\C(=O)O,5284451.0,,4992.0,Pyrilamine maleate,Pyrilamine Maleate
CCc1nc(N)nc(N)c1-c1ccc(Cl)cc1,4993.0,,4993.0,Pyrimethamine,Pyrimethamine
Cc1ncc(CSSCc2cnc(C)c(O)c2CO)c(CO)c1O,14190.0,,14190.0,Pyrithioxin,Pyritinol
Cc1cc(/C=C/c2ccc3cc(N(C)C)ccc3[n+]2C)c(C)n1-c1ccccc1.Cc1cc(/C=C/c2ccc3cc(N(C)C)ccc3[n+]2C)c(C)n1-c1ccccc1.O=C(O)c1cc2ccccc2c(Cc2c([O-])c(C(=O)O)cc3ccccc23)c1[O-],54680693.0,,8546.0,Pyrvinium pamoate,Pyrvinium Pamoate
,,,,QL-VIII-58,
C=CC(=O)Nc1cc(-n2c(=O)ccc3cnc4ccc(-c5cn[nH]c5)cc4c32)ccc1C,73707530.0,,73707530.0,QL-X-138,"N-[2-methyl-5-[2-oxo-9-(1H-pyrazol-4-yl)-1-benzo[h][1,6]naphthyridinyl]phenyl]-2-propenamide"
C=CC(=O)Nc1cc(NC(=O)c2ccc(C)c(NC(=O)c3ccno3)c2)cc(C(F)(F)F)c1,73265214.0,,73265214.0,QL-XI-92,N-[2-methyl-5-[oxo-[3-(1-oxoprop-2-enylamino)-5-(trifluoromethyl)anilino]methyl]phenyl]-5-isoxazolecarboxamide
,118346216.0,,,QL-XII-47,QL-Xii-47-AL
,,,,QL-XII-61,
OC[C@H](Cc1ccccc1)Nc1nc(Oc2ccc3c(c2)CCC3)nc2c1ncn2Cc1ccc(-c2ccccc2)cc1,42623900.0,,42623900.0,QS 11,"(S)-2-((9-([1,1'-biphenyl]-4-ylmethyl)-2-((2,3-dihydro-1H-inden-5-yl)oxy)-9H-purin-6-yl)amino)-3-phenylpropan-1-ol"
OCC(Cc1ccccc1)Nc1nc(Oc2ccc3c(c2)CCC3)nc2c1ncn2Cc1ccc(-c2ccccc2)cc1,66890843.0,,66890843.0,QS-11,"(2S)-2-{[9-(4-Biphenylylmethyl)-2-(2,3-dihydro-1H-inden-5-yloxy)-9H-purin-6-yl]amino}-3-phenyl-1-propanol"
OC[C@H](Cc1ccccc1)Nc1nc(Oc2ccc3c(c2)CCC3)nc2c1ncn2Cc1ccc(-c2ccccc2)cc1,42623900.0,,42623900.0,QS11,"(S)-2-((9-([1,1'-biphenyl]-4-ylmethyl)-2-((2,3-dihydro-1H-inden-5-yl)oxy)-9H-purin-6-yl)amino)-3-phenylpropan-1-ol"
CC(C)(C)c1cc(NC(=O)Nc2ccc(-c3cn4c(n3)sc3cc(OCCN5CCOCC5)ccc34)cc2)no1,24889392.0,,24889392.0,QUIZARTINIB,Quizartinib
,,,,QW-BI-011,
O=c1c(O)c(-c2ccc(O)c(O)c2)oc2cc(O)cc(O)c12,5280343.0,,5280343.0,Quercetin,Quercetin
O.O.O=c1c(O)c(-c2ccc(O)c(O)c2)oc2cc(O)cc(O)c12,5284452.0,,5280343.0,Quercetin dihydrate,Quercetin Dihydrate
,5002.0,,,Quetiapin,Quetiapine
O=C(O)/C=C/C(=O)O.OCCOCCN1CCN(C2=Nc3ccccc3Sc3ccccc32)CC1.OCCOCCN1CCN(C2=Nc3ccccc3Sc3ccccc32)CC1,5281025.0,,5002.0,Quetiapine Fumarate,Quetiapine Fumarate
CCN(CC)CCCC(C)Nc1c2ccc(Cl)cc2nc2ccc(OC)cc12.Cl.Cl,6239.0,,237.0,Quinacrine dihydrochloride,Quinacrine Dihydrochloride
CCN(CC)CCCC(C)Nc1c2ccc(Cl)cc2nc2ccc(OC)cc12.Cl.Cl.O.O,2725002.0,,237.0,Quinacrine dihydrochloride dihydrate,Quinacrine dihydrochloride dihydrate
CCOC(=O)[C@H](CCc1ccccc1)N[C@@H](C)C(=O)N1Cc2ccccc2C[C@H]1C(=O)O.Cl,54891.0,,54892.0,Quinapril hydrochloride,Quinapril Hydrochloride
C#C[C@]1(O)CC[C@H]2[C@@H]3CCc4cc(OC5CCCC5)ccc4[C@H]3CC[C@@]21C,9046.0,,9046.0,Quinestrol,Quinestrol
C=C[C@H]1CN2CC[C@H]1C[C@@H]2[C@@H](O)c1ccnc2ccc(OC)cc12.Cl,11639099.0,,441074.0,Quinidine hydrochloride,Quinidine hydrochloride
C=C[C@H]1CN2CC[C@H]1C[C@H]2[C@H](O)c1ccnc2ccc(OC)cc12,3034034.0,,3034034.0,Quinine,Quinine
Cn1cc(CNCC2CCN(c3ncc(C(=O)NO)cn3)CC2)c2ccccc21,11538455.0,,11538455.0,Quisinostat,Quisinostat
CC(C)(C)c1cc(NC(=O)Nc2ccc(-c3cn4c(n3)sc3cc(OCCN5CCOCC5)ccc34)cc2)no1,24889392.0,,24889392.0,Quizartinib,Quizartinib
CC(C)(C)c1cc(NC(=O)Nc2ccc(-c3cn4c(n3)sc3cc(OCCN5CCOCC5)ccc34)cc2)no1,24889392.0,,24889392.0,Quizartinib (AC220),Quizartinib
Cc1c(OCC(F)(F)F)ccnc1C[S@@](=O)c1nc2ccccc2[nH]1,9578005.0,,9578005.0,R-(+)-Lansoprazole,Dexlansoprazole
Cn1cncc1[C@@](N)(c1ccc(Cl)cc1)c1ccc2c(c1)c(-c1cccc(Cl)c1)cc(=O)n2C,159324.0,,159324.0,R-115777,Tipifarnib
COc1cc2c(cc1F)C(c1ccccc1Cl)=Nc1c(n[nH]c1C)N2,135398512.0,,135398512.0,R-1530,R-1530
COc1cc(Nc2ncc(F)c(Nc3ccc4c(n3)NC(=O)C(C)(C)O4)n2)cc(OC)c1OC,11213558.0,,11213558.0,R-406,Tamatinib
Nc1nc(Nc2ccc3c(c2)CC[C@@H](N2CCCC2)CC3)nn1-c1cc2c(nn1)-c1ccccc1CCC2,46215462.0,,46215462.0,R-428,Bemcentinib
COc1ccc(F)c(F)c1C(=O)c1cnc(NC2CCN(S(C)(=O)=O)CC2)nc1N,6918852.0,,6918852.0,R-547,"(4-Amino-2-(1-methanesulfonylpiperidin-4-ylamino)pyrimidin-5-yl)(2,3-difluoro-6-methoxyphenyl)methanone"
COc1cc(Nc2ncc(F)c(Nc3ccc4c(n3)N(COP(=O)(O)O)C(=O)C(C)(C)O4)n2)cc(OC)c1OC,11671467.0,,11671467.0,R-788,Fostamatinib
Oc1cccc(Nc2ncc(F)c(Nc3cccc(O)c3)n2)c1,9904854.0,,9904854.0,R112,R-112
COc1cc(Nc2ncc(F)c(Nc3ccc4c(n3)NC(=O)C(C)(C)O4)n2)cc(OC)c1OC.O=S(=O)(O)c1ccccc1,11984591.0,,11213558.0,R406,R406 Benzenesulfonate
COc1cc(Nc2ncc(F)c(Nc3ccc4c(n3)NC(=O)C(C)(C)O4)n2)cc(OC)c1OC,11213558.0,,11213558.0,R406 (free base),Tamatinib
Nc1nc(Nc2ccc3c(c2)CC[C@@H](N2CCCC2)CC3)nn1-c1cc2c(nn1)-c1ccccc1CCC2,46215462.0,,46215462.0,R428,Bemcentinib
COc1ccc(F)c(F)c1C(=O)c1cnc(NC2CCN(S(C)(=O)=O)CC2)nc1N,6918852.0,,6918852.0,R547,"(4-Amino-2-(1-methanesulfonylpiperidin-4-ylamino)pyrimidin-5-yl)(2,3-difluoro-6-methoxyphenyl)methanone"
Cc1nc2sccn2c(=O)c1CCN1CCC(=C(c2ccccc2)c2ccc(F)cc2)CC1,3012.0,,3012.0,R59022,R 59022
COc1cc(Nc2ncc(F)c(Nc3ccc4c(n3)N(COP(=O)([O-])[O-])C(=O)C(C)(C)O4)n2)cc(OC)c1OC.[Na+].[Na+],25008120.0,,11671467.0,R788 (Fostamatinib) Disodium,Fostamatinib disodium anhydrous
O=c1c2ccccc2nc(/C=C/c2cccnc2)n1Cc1ccccc1,5738263.0,,5738263.0,RAD51 INHIBITOR B02,((E)-3-benzyl-2-(2-(pyridin-3-yl)vinyl)quinazolin-4-(3H)-one)
Cn1c(Nc2ccc(C(F)(F)F)cc2)nc2cc(Oc3ccnc(-c4ncc(C(F)(F)F)[nH]4)c3)ccc21,11656518.0,,11656518.0,RAF-265,Raf265
Cn1c(Nc2ccc(C(F)(F)F)cc2)nc2cc(Oc3ccnc(-c4ncc(C(F)(F)F)[nH]4)c3)ccc21,11656518.0,,11656518.0,RAF265,Raf265
Cn1c(Nc2ccc(C(F)(F)F)cc2)nc2cc(Oc3ccnc(-c4ncc(C(F)(F)F)[nH]4)c3)ccc21,11656518.0,,11656518.0,RAF265 (CHIR-265),Raf265
O=C(c1ccc(OCCN2CCCCC2)cc1)c1c(-c2ccc(O)cc2)sc2cc(O)ccc12,5035.0,,5035.0,RALOXIFENE,Raloxifene
CO[C@H]1C[C@@H]2CC[C@@H](C)[C@@](O)(O2)C(=O)C(=O)N2CCCC[C@H]2C(=O)O[C@H]([C@H](C)C[C@@H]2CC[C@@H](O)[C@H](OC)C2)CC(=O)[C@H](C)/C=C(\C)[C@@H](O)[C@@H](OC)C(=O)[C@H](C)C[C@H](C)/C=C/C=C/C=C/1C,5284616.0,,5284616.0,RAPAMYCIN,Sirolimus
CNC(=O)c1ccc(N2C(=S)N(c3ccc(C#N)c(C(F)(F)F)c3)C(=O)C23CCC3)cc1F,11957756.0,,11957756.0,RD162,"4-[7-[4-cyano-3-(trifluoromethyl)phenyl]-8-oxo-6-sulfanylidene-5,7-diazaspiro[3.4]octan-5-yl]-2-fluoro-N-methylbenzamide"
COc1cc(F)c(F)c(Nc2ccc(I)cc2F)c1NS(=O)(=O)C1(C[C@H](O)CO)CC1,44182295.0,,44182295.0,RDEA119,Refametinib
COc1cc(F)c(F)c(Nc2ccc(I)cc2F)c1NS(=O)(=O)C1(C[C@H](O)CO)CC1,44182295.0,,44182295.0,REFAMETINIB,Refametinib
CNC(=O)c1cc(Oc2ccc(NC(=O)Nc3ccc(Cl)c(C(F)(F)F)c3)c(F)c2)ccn1,11167602.0,,11167602.0,REGORAFENIB,Regorafenib
O=C(O)[C@H](Cc1c[nH]c2ccccc12)N1C(=O)c2ccccc2C1=O,702558.0,,702558.0,RG-108,"(2S)-2-(1,3-dioxo-1,3-dihydro-2H-isoindol-2-yl)-3-(1H-indol-3-yl)propanoic acid"
CC(C)(C(=O)NCC(F)(F)C(F)(F)F)C(=O)N[C@@H]1C(=O)Nc2ccccc2-c2ccccc21,49867930.0,,49867930.0,RG-4733,Ro 4929097
CCOc1cc(C(C)(C)C)ccc1C1=N[C@@](C)(c2ccc(Cl)cc2)[C@@](C)(c2ccc(Cl)cc2)N1C(=O)N1CCN(CCCS(C)(=O)=O)CC1,57406853.0,,57406853.0,RG-7112,Ro-5045337
,,312468233.0,,RG-7167,Rg-7167
CCNC(=O)Nc1ccc(-c2nc3c(c(N4CCOCC4C)n2)CCN(C2COC2)C3)cc1,60154901.0,,60154901.0,RG-7603,"1-ethyl-3-[4-[4-(3-methylmorpholin-4-yl)-7-(oxetan-3-yl)-6,8-dihydro-5H-pyrido[3,4-d]pyrimidin-2-yl]phenyl]urea"
,11550001.0,,,RG5.5,Ginsenoside Rg5
COCCN1CCN(Cc2ccc(-c3n[nH]c4c3C(=O)c3c(NC(=O)NN5CCOCC5)cccc3-4)cc2)CC1,11285002.0,,11285002.0,RGB-286638 free base,RGB-286638 free base
Nc1cc(F)ccc1NC(=O)/C=C/c1cnn(C/C=C/c2ccccc2)c1,56650312.0,,56650312.0,RGFP966,Rgfp966
O=C1C(Cl)=C(N2CCOCC2)C(=O)N1c1ccc(Cl)c(Cl)c1,1074953.0,,1074953.0,RI-1,"3-chloro-1-(3,4-dichlorophenyl)-4-(4-morpholinyl)-1H-pyrrole-2,5-dione"
CN(C)C(=O)c1cc2cnc(Nc3ccc(N4CCNCC4)cn3)nc2n1C1CCCC1,44631912.0,,44631912.0,RIBOCICLIB,Ribociclib
COc1cc(OC)c(/C=C/S(=O)(=O)Cc2ccc(OC)c(NCC(=O)O)c2)c(OC)c1,6918736.0,,6918736.0,RIGOSERTIB,Rigosertib
,,482023954.0,,RITA,
O=C(NCc1cccc(O)c1)Nc1nc(-c2ccncc2)cs1,60138149.0,,60138149.0,RKI-1447,Rki-1447
CN1CCN(c2ccc(Nc3cc(-c4cccc(-n5ccc6cc(C7CC7)cc(F)c6c5=O)c4CO)cn(C)c3=O)nc2)CC1,46908026.0,,46908026.0,RN486,RN486
O=C1NC(=NCc2cccs2)SC1=Cc1ccc2ncccc2c1,136240579.0,,136240579.0,RO-3306,RO3306
CNS(=O)(=O)Nc1nccc(Cc2c(C)c3ccc(Oc4ncccn4)cc3oc2=O)c1F,16719221.0,,16719221.0,RO-5126766,Avutometinib
CC(C)(C(=O)NCC(F)(F)C(F)(F)F)C(=O)N[C@@H]1C(=O)Nc2ccccc2-c2ccccc21,49867930.0,,49867930.0,RO4929097,Ro 4929097
CNS(=O)(=O)Nc1nccc(Cc2c(C)c3ccc(Oc4ncccn4)cc3oc2=O)c1F,16719221.0,,16719221.0,RO5126766,Avutometinib
CS(=O)(=O)c1ccc(C2=C(c3ccccc3)C(=O)OC2)cc1,5090.0,,5090.0,ROFECOXIB,Rofecoxib
CC[C@H](CO)Nc1nc(NCc2ccccc2)c2ncn(C(C)C)c2n1,160355.0,,160355.0,ROSCOVITINE,Roscovitine
,101111172.0,,,RS4.6,20(22)Z-ginsenoside Rs4
,162886991.0,,,RS6.4,ginsenoside Rs6
COC(=O)c1ccc([C@H]2C3Nc4ccccc4C3C[C@H](C(=O)OC)N2C(=O)CCl)cc1,89084603.0,,89084603.0,RSL3,Rsl3
,,,,RTRAIL,
CCC(C)CNCC(=O)N1CCc2sccc2C1COc1cccc(C)c1,46006640.0,,46006640.0,RU-SKI 43,RU-Ski 43
CC[C@@H](C)CNCC(=O)N1CCc2sccc2[C@@H]1COc1cccc(C)c1,93160320.0,,93160320.0,RU-SKI-43,RU-Ski-43
CC1(C)C(=O)N(c2ccc(C#N)c(C(F)(F)F)c2)C(=O)N1CCCCO,132981.0,,132981.0,RU58841,"4-(3-(4-Hydroxybutyl)-4,4-dimethyl-2,5-dioxo-1-imidazolidinyl)-2-(trifluoromethyl)benzonitrile"
CNCc1ccc(-c2[nH]c3cc(F)cc4c3c2CCNC4=O)cc1,9931954.0,,9931954.0,RUCAPARIB,Rucaparib
N#CC[C@H](C1CCCC1)n1cc(-c2ncnc3[nH]ccc23)cn1,25126798.0,,25126798.0,RUXOLITINIB,Ruxolitinib
COc1cc(OC)c2c(=O)[nH]c(-c3cc(C)c(OCCO)c(C)c3)nc2c1,135564749.0,,135564749.0,RVX-208,Apabetalone
CN1CCN(c2ccc(C(=O)Nc3n[nH]c4ccc(Cc5cc(F)cc(F)c5)cc34)c(NC3CCOCC3)c2)CC1,25141092.0,,25141092.0,RXDX101,Entrectinib
,56846693.0,375568204.0,,RXDX105,Agerafenib
,,376154655.0,,RXDX106,1437321-24-8
,5029.0,,,Rabeprazole Related Compound E,Rabeprazole
Cc1cnc(NC(=O)Nc2cc(Br)c(C)cc2OC[C@@H]2CNCCO2)cn1,11955855.0,,11955855.0,Rabusertib,Rabusertib
CC(=O)SCC(Cc1ccccc1)C(=O)NCC(=O)OCc1ccccc1,107751.0,,107751.0,Racecadotril,Racecadotril
CC(CCc1ccc(O)cc1)NCC(O)c1ccc(O)cc1.Cl,14010333.0,,56052.0,Ractopamine hydrochloride,Ractopamine Hydrochloride
C[C@@H]1C[C@H]2O[C@@H]2/C=C\C=C\C(=O)Cc2c(Cl)c(O)cc(O)c2C(=O)O1,6323491.0,,6323491.0,Radicicol,Radicicol
Cc1cn(-c2cc(NC(=O)c3ccc(C)c(Nc4nccc(-c5cnccn5)n4)c3)cc(C(F)(F)F)c2)cn1,16063245.0,,16063245.0,Radotinib,Radotinib
CC(C)(C)Cn1c(N)nc2ccc(-c3[nH]c(C(C)(C)C)nc3-c3ccc(F)cc3)nc21,11539025.0,,11539025.0,Ralimetinib,Ralimetinib
CC(C)(C)Cn1c(N)nc2ccc(-c3[nH]c(C(C)(C)C)nc3-c3ccc(F)cc3)nc21.CS(=O)(=O)O.CS(=O)(=O)O,11570805.0,,11539025.0,Ralimetinib (LY2228820),Ralimetinib Mesylate
O=C(c1ccc(OCCN2CCCCC2)cc1)c1c(-c2ccc(O)cc2)sc2cc(O)ccc12,5035.0,,5035.0,Raloxifene,Raloxifene
Cl.O=C(c1ccc(OCCN2CCCCC2)cc1)c1c(-c2ccc(O)cc2)sc2cc(O)ccc12,54900.0,,5035.0,Raloxifene hydrochloride,Raloxifene Hydrochloride
Cc1nnc(C(=O)NC(C)(C)c2nc(C(=O)NCc3ccc(F)cc3)c(O)c(=O)n2C)o1,54671008.0,,54671008.0,Raltegravir (MK-0518),Raltegravir
Cc1nnc(C(=O)NC(C)(C)c2nc(C(=O)NCc3ccc(F)cc3)c([O-])c(=O)n2C)o1.[K+],23668479.0,,54671008.0,Raltegravir potassium,Raltegravir Potassium
Cc1nc2ccc(CN(C)c3ccc(C(=O)N[C@@H](CCC(=O)O)C(=O)O)s3)cc2c(=O)[nH]1,135400182.0,,135400182.0,Raltitrexed,Raltitrexed
O=C(O)CCn1c2c(c3ccccc31)C[C@H](NS(=O)(=O)c1ccc(F)cc1)CC2,123879.0,,123879.0,Ramatroban,Ramatroban
CCC(=O)NCC[C@@H]1CCc2ccc3c(c21)CCO3,208902.0,,208902.0,Ramelteon,Ramelteon
CCOC(=O)[C@H](CCc1ccccc1)N[C@@H](C)C(=O)N1[C@H](C(=O)O)C[C@@H]2CCC[C@@H]21,5362129.0,,5362129.0,Ramipril,Ramipril
CN/C(=C\[N+](=O)[O-])NCCSCc1ccc(CN(C)C)o1,3001055.0,,3001055.0,Ranitidine,Ranitidine
COc1ccccc1OCC(O)CN1CCN(CC(=O)Nc2c(C)cccc2C)CC1,56959.0,,56959.0,Ranolazine,Ranolazine
COc1ccccc1OCC(O)CN1CCN(CC(=O)Nc2c(C)cccc2C)CC1.Cl.Cl,71279.0,,56959.0,Ranolazine dihydrochloride,Ranolazine Hydrochloride
CO[C@H]1C[C@@H]2CC[C@@H](C)[C@@](O)(O2)C(=O)C(=O)N2CCCC[C@H]2C(=O)O[C@H]([C@H](C)C[C@@H]2CC[C@@H](O)[C@H](OC)C2)CC(=O)[C@H](C)/C=C(\C)[C@@H](O)[C@@H](OC)C(=O)[C@H](C)C[C@H](C)/C=C/C=C/C=C/1C,5284616.0,,5284616.0,Rapamycin,Sirolimus
COC1CC2CCC(C)C(O)(O2)C(=O)C(=O)N2CCCCC2C(=O)OC(C(C)CC2CCC(O)C(OC)C2)CC(=O)C(C)/C=C(\C)C(O)C(OC)C(=O)C(C)CC(C)/C=C/C=C/C=C/1C,5374464.0,,5374464.0,Rapamycin (Sirolimus),Rapamycin (Sirolimus)
C#CCN[C@@H]1CCc2ccccc21,3052776.0,,3052776.0,Rasagiline,Rasagiline
Cn1nccc1Nc1nccc(-c2ccn([C@H](CO)c3ccc(Cl)c(F)c3)c(=O)c2)n1,71727581.0,,71727581.0,Ravoxertinib,Ravoxertinib
O=C(NC(Cc1cc(=O)[nH]c2ccccc12)C(=O)O)c1ccc(Cl)cc1,5042.0,,5042.0,Rebamipide,Rebamipide
CNC(=O)c1cc(Oc2ccc(NC(=O)Nc3cc(C(C)(C)C)nn3-c3ccc4ncccc4c3)c(F)c2)ccn1,25066467.0,,25066467.0,Rebastinib,Rebastinib
COCCCOc1ccnc(CS(=O)c2nc3ccccc3[n-]2)c1C.[Na+],14720269.0,,5029.0,Rebeprazole sodium,Rabeprazole Sodium
CCOc1ccccc1O[C@H](c1ccccc1)[C@H]1CNCCO1,127151.0,,127151.0,Reboxetine,Reboxetine
COc1cc(F)c(F)c(Nc2ccc(I)cc2F)c1NS(=O)(=O)C1(C[C@H](O)CO)CC1,44182295.0,,44182295.0,Refametinib,Refametinib
COc1cc(F)c(F)c(Nc2ccc(I)cc2F)c1NS(=O)(=O)C1(C[C@H](O)CO)CC1,44182295.0,,44182295.0,"Refametinib (RDEA119, Bay 86-9766)",Refametinib
CNC(=O)c1cc(Oc2ccc(NC(=O)Nc3ccc(Cl)c(C(F)(F)F)c3)c(F)c2)ccn1,11167602.0,,11167602.0,Regorafenib,Regorafenib
CNC(=O)c1cc(Oc2ccc(NC(=O)Nc3ccc(Cl)c(C(F)(F)F)c3)c(F)c2)ccn1,11167602.0,,11167602.0,Regorafenib ,Regorafenib
CNC(=O)c1cc(Oc2ccc(NC(=O)Nc3ccc(Cl)c(C(F)(F)F)c3)c(F)c2)ccn1,11167602.0,,11167602.0,Regorafenib (BAY 73-4506),Regorafenib
CCN1CCC[C@H]1CNC(=O)c1c(OC)ccc(Br)c1OC.Cl.O,60678.0,,54477.0,Remoxipride Hydrochloride,Remoxipride Hydrochloride
Cc1cccc(-c2[nH]ncc2-c2ccc3ncccc3n2)n1,449054.0,,449054.0,RepSox,RepSox
CCOc1cc(CC(=O)N[C@@H](CC(C)C)c2ccccc2N2CCCCC2)ccc1C(=O)O,65981.0,,65981.0,Repaglinide,Repaglinide
Cc1ccc(C(=O)NCCCCCC(=O)Nc2ccc(F)cc2N)cc1,46174525.0,,46174525.0,Repligen 136,N-[6-(2-amino-4-fluoroanilino)-6-oxohexyl]-4-methylbenzamide
CCOC(=O)C1=CCCC[C@H]1S(=O)(=O)Nc1ccc(F)cc1Cl,11703255.0,,11703255.0,Resatorvid,Resatorvid
COC(=O)[C@H]1[C@H]2C[C@@H]3c4[nH]c5cc(OC)ccc5c4CCN3C[C@H]2C[C@@H](OC(=O)c2cc(OC)c(OC)c(OC)c2)[C@@H]1OC,5770.0,,5770.0,Reserpine,Reserpine
CCOCc1nc2c(N)nc3ccccc3c2n1CC(C)(C)O,159603.0,,159603.0,Resiquimod,Resiquimod
CN(C)Cc1ccc(S(=O)(=O)n2ccc(/C=C/C(=O)NO)c2)cc1,11609955.0,,11609955.0,Resminostat,Resminostat
Oc1cccc(O)c1,5054.0,,5054.0,Resorcine,Resorcinol
Oc1ccc(/C=C/c2cc(O)cc(O)c2)cc1,445154.0,,445154.0,Resveratrol,Resveratrol
CCOC(=O)Nc1ccc(NCc2ccc(F)cc2)cc1N,121892.0,,121892.0,Retigabine,Ezogabine
CCCCCCCCCCCCCCCC(=O)OC/C=C(C)/C=C/C=C(C)/C=C/C1=C(C)CCCC1(C)C,5280531.0,,5280531.0,Retinol palmitate,Retinol Palmitate
CC(=O)OC/C=C(C)/C=C/C=C(C)/C=C/C1=C(C)CCCC1(C)C,638034.0,,638034.0,Retinyl acetate,"Retinol, acetate"
Cc1nc(Nc2ccc(F)cc2)nc(N2CCc3ccccc3C2C)c1C.Cl,204103.0,,204104.0,Revaprazan hydrochloride,Revaprazan Hydrochloride
NC(=O)c1ncn([C@@H]2O[C@H](CO)[C@@H](O)[C@H]2O)n1,37542.0,,37542.0,Ribavirin,Ribavirin
CN(C)C(=O)c1cc2cnc(Nc3ccc(N4CCNCC4)cn3)nc2n1C1CCCC1,44631912.0,,44631912.0,Ribociclib,Ribociclib
Cc1cc2nc3c(=O)[nH]c(=O)nc-3n(C[C@H](O)[C@H](O)[C@H](O)CO)c2cc1C,493570.0,,493570.0,Riboflavin,Riboflavin
NC[C@H]1O[C@H](O[C@H]2[C@H](O[C@@H]3O[C@H](CO)[C@@H](O)[C@H]3O)[C@@H](O)[C@H](N)C[C@@H]2N)[C@H](N)[C@@H](O)[C@@H]1O.O=S(=O)(O)O,656837.0,,33042.0,Ribostamycin sulfate,Ribostamycin Sulfate
O=C(CCCCCCNC(=O)c1cnc(N(c2ccccc2)c2ccccc2)nc1)NO,53340666.0,,53340666.0,Ricolinostat,Ricolinostat
CO[C@H]1C[C@@H]2CC[C@@H](C)[C@@](O)(O2)C(=O)C(=O)N2CCCC[C@H]2C(=O)O[C@H]([C@H](C)C[C@@H]2CC[C@@H](OP(C)(C)=O)[C@H](OC)C2)CC(=O)[C@H](C)/C=C(\C)[C@@H](O)[C@@H](OC)C(=O)[C@H](C)C[C@H](C)/C=C/C=C/C=C/1C,11520894.0,,11520894.0,Ridaforolimus,Ridaforolimus
CO[C@H]1C[C@@H]2CC[C@@H](C)[C@@](O)(O2)C(=O)C(=O)N2CCCC[C@H]2C(=O)O[C@H]([C@H](C)C[C@@H]2CC[C@@H](OP(C)(C)=O)[C@H](OC)C2)CC(=O)[C@H](C)/C=C(\C)[C@@H](O)[C@@H](OC)C(=O)[C@H](C)C[C@H](C)/C=C\C=C\C=C\1C,25199957.0,,25199957.0,"Ridaforolimus (Deforolimus, MK-8669)","Ridaforolimus (Deforolimus, MK-8669)"
CO[C@H]1/C=C/O[C@@]2(C)Oc3c(C)c(O)c4c(O)c(c5c(c4c3C2=O)=NC2(CCN(CC(C)C)CC2)N=5)NC(=O)/C(C)=C\C=C\[C@H](C)[C@H](O)[C@@H](C)[C@@H](O)[C@@H](C)[C@H](OC(C)=O)[C@@H]1C,135415564.0,,135415564.0,Rifabutin,Rifabutin
CO[C@H]1/C=C/O[C@@]2(C)Oc3c(C)c(O)c4c(O)c(c(/C=N/N5CCN(C)CC5)c(O)c4c3C2=O)NC(=O)/C(C)=C\C=C\[C@H](C)[C@H](O)[C@@H](C)[C@@H](O)[C@@H](C)[C@H](OC(C)=O)[C@@H]1C,135398735.0,,135398735.0,Rifampicin,Rifampicin
CO[C@H]1/C=C/O[C@@]2(C)Oc3c(C)c(O)c4c(O)c(c(/C=N/N5CCN(C6CCCC6)CC5)c(O)c4c3C2=O)NC(=O)/C(C)=C\C=C\[C@H](C)[C@H](O)[C@@H](C)[C@@H](O)[C@@H](C)[C@H](OC(C)=O)[C@@H]1C,135403821.0,,135403821.0,Rifapentine,Rifapentine
CO[C@H]1/C=C/O[C@@]2(C)Oc3c(C)c(O)c4c(O)c(c5c(nc6cc(C)ccn65)c4c3C2=O)NC(=O)/C(C)=C\C=C\[C@H](C)[C@H](O)[C@@H](C)[C@@H](O)[C@@H](C)[C@H](OC(C)=O)[C@@H]1C,6436173.0,,6436173.0,Rifaximin,Rifaximin
COc1cc(OC)c(/C=C/S(=O)(=O)Cc2ccc(OC)c(NCC(=O)O)c2)c(OC)c1,6918736.0,,6918736.0,Rigosertib,Rigosertib
COc1cc(OC)c(/C=C/S(=O)(=O)Cc2ccc(OC)c(NCC(=O)[O-])c2)c(OC)c1.[Na+],23696523.0,,6918736.0,Rigosertib (ON-01910),Rigosertib Sodium
COc1cc(OC)c(/C=C/S(=O)(=O)Cc2ccc(OC)c(NCC(=O)[O-])c2)c(OC)c1.[Na+],23696523.0,,6918736.0,Rigosertib sodium,Rigosertib Sodium
Cc1cc(/C=C/C#N)cc(C)c1Nc1ccnc(Nc2ccc(C#N)cc2)n1,6451164.0,,6451164.0,Rilpivirine,Rilpivirine
Nc1nc2ccc(OC(F)(F)F)cc2s1,5070.0,,5070.0,Riluzole,Riluzole
CC(N)C12CC3CC(CC(C3)C1)C2.Cl,15165.0,,5071.0,Rimantadine hydrochloride,Rimantadine Hydrochloride
C[C@@H]1CN(CCCn2c3ccccc3c3ccccc32)C[C@H](C)N1,53389.0,,53389.0,Rimcazole,Rimcazole
Cc1c(C(=O)NN2CCCCC2)nn(-c2ccc(Cl)cc2Cl)c1-c1ccc(Cl)cc1,104850.0,,104850.0,Rimonabant,Rimonabant
Cc1c(C(=O)NN2CCCCC2)nn(-c2ccc(Cl)cc2Cl)c1-c1ccc(Cl)cc1.Cl,104849.0,,104850.0,Rimonabant hydrochloride,Rimonabant Hydrochloride
C[C@H]1CNCCCN1S(=O)(=O)c1cccc2cncc(F)c12,9863672.0,,9863672.0,Ripasudil,Ripasudil
O=P([O-])(O)C(O)(Cc1cccnc1)P(=O)(O)O.[Na+],4194514.0,,5245.0,Risedronate Sodium,Risedronate Sodium
O=P(O)(O)C(O)(Cc1cccnc1)P(=O)(O)O,5245.0,,5245.0,Risedronic Acid,Risedronate
Cc1nc2n(c(=O)c1CCN1CCC(c3noc4cc(F)ccc34)CC1)CCCC2,5073.0,,5073.0,Risperidal,Risperidone
C[C@@H](NCCc1ccc(O)cc1)[C@@H](O)c1ccc(O)cc1.Cl,3040551.0,,688570.0,Ritodrine hydrochloride,Ritodrine Hydrochloride
CC(C)c1nc(CN(C)C(=O)N[C@H](C(=O)N[C@@H](Cc2ccccc2)C[C@H](O)[C@H](Cc2ccccc2)NC(=O)OCc2cncs2)C(C)C)cs1,392622.0,,392622.0,Ritonavir,Ritonavir
O=C(NC[C@H]1CN(c2ccc(N3CCOCC3=O)cc2)C(=O)O1)c1ccc(Cl)s1,9875401.0,,9875401.0,Rivaroxaban,Rivaroxaban
CCN(C)C(=O)Oc1cccc([C@H](C)N(C)C)c1.O=C(O)[C@H](O)[C@@H](O)C(=O)O,6918078.0,,,Rivastigmine tartrate,Rivastigmine Tartrate
CN(C)CCc1c[nH]c2ccc(Cn3cncn3)cc12.O=C(O)c1ccccc1,77997.0,,,Rizatriptan benzoate,Rizatriptan Benzoate
CS(=O)(=O)O.Cn1cc(C2=C(c3cn(CCCSC(=N)N)c4ccccc34)C(=O)NC2=O)c2ccccc21,11628205.0,,5083.0,Ro 31-8220 Mesylate,Bisindolylmaleimide IX mesylate
COc1cccc(Oc2c(NS(=O)(=O)c3ccc(C(C)(C)C)cc3)ncnc2OCCO)c1,122044.0,,122044.0,Ro 46-2005,Ro 46-2005
CS(=O)(=O)c1ccc([C@@H](CC2CCCC2)C(=O)Nc2nccs2)cc1,9886086.0,,9886086.0,Ro-28-1675,(2R)-3-cyclopentyl-2-(4-methylsulfonylphenyl)-N-(2-thiazolyl)propanamide
O=C1NC(=NCc2cccs2)SC1=Cc1ccc2ncccc2c1,136240579.0,,136240579.0,Ro-3306,RO3306
COc1cc(C(=O)NC2CCN(C)CC2)ccc1Nc1ncc2c(n1)N(C1CCCC1)CC(F)(F)C(=O)N2C,25015677.0,,25015677.0,Ro3280,Ro3280
,,505879604.0,,Robatumumab,
Cl.N/C(=N\N=C\c1ccc(Cl)cc1)N/N=C/c1ccc(Cl)cc1,16212175.0,,9570438.0,Robenidine hydrochloride,Robenidine Hydrochloride
C=CC(=O)Nc1cccc(Nc2nc(Nc3ccc(N4CCN(C(C)=O)CC4)cc3OC)ncc2C(F)(F)F)c1,57335384.0,,57335384.0,Rociletinib,Rociletinib
C=CC(=O)Nc1cccc(Nc2nc(Nc3ccc(N4CCN(C(C)=O)CC4)cc3OC)ncc2C(F)(F)F)c1,57335384.0,,57335384.0,"Rociletinib (CO-1686, AVL-301)",Rociletinib
O=C(CCCCCCNC(=O)c1cnc(N(c2ccccc2)c2ccccc2)nc1)NO,53340666.0,,53340666.0,Rocilinostat,Ricolinostat
O=C(CCCCCCNC(=O)c1cnc(N(c2ccccc2)c2ccccc2)nc1)NO,53340666.0,,53340666.0,Rocilinostat (ACY-1215),Ricolinostat
C=CC[N+]1([C@H]2C[C@H]3[C@@H]4CC[C@H]5C[C@H](O)[C@@H](N6CCOCC6)C[C@]5(C)[C@H]4CC[C@]3(C)[C@H]2OC(C)=O)CCCC1.[Br-],441351.0,,441290.0,Rocuronium bromide,Rocuronium Bromide
CS(=O)(=O)c1ccc(C2=C(c3ccccc3)C(=O)OC2)cc1,5090.0,,5090.0,Rofecoxib,Rofecoxib
O=C(Nc1c(Cl)cncc1Cl)c1ccc(OC(F)F)c(OCC2CC2)c1,449193.0,,449193.0,Roflumilast,Roflumilast
COc1ccc(C2CNC(=O)C2)cc1OC1CCCC1,5092.0,,5092.0,Rolipram,Rolipram
C/C=C1\NC(=O)[C@H]2CSSCC/C=C/[C@H](CC(=O)N[C@H](C(C)C)C(=O)N2)OC(=O)[C@H](C(C)C)NC1=O,5352062.0,,5352062.0,Romidepsin,Romidepsin
C/C=C1\NC(=O)[C@H]2CSSCC/C=C/[C@H](CC(=O)N[C@H](C(C)C)C(=O)N2)OC(=O)[C@H](C(C)C)NC1=O,5352062.0,,5352062.0,Romidepsin  ,Romidepsin
OCc1cccnc1,7510.0,,7510.0,Roniacol,3-Pyridinemethanol
Cn1c([N+](=O)[O-])cnc1COC(N)=O,5094.0,,5094.0,Ronidazole,Ronidazole
CCCN(CCC)CCc1cccc2c1CC(=O)N2.Cl,68727.0,,5095.0,Ropinirole hydrochloride,Ropinirole Hydrochloride
CCCN1CCCC[C@H]1C(=O)Nc1c(C)cccc1C.Cl,175804.0,,175805.0,Ropivacaine hydrochloride,Ropivacaine Hydrochloride
CC[C@H](CO)Nc1nc(NCc2ccccc2)c2ncn(C(C)C)c2n1,160355.0,,160355.0,Roscovitine,Roscovitine
CC[C@H](CO)Nc1nc(NCc2ccccc2)c2ncn(C(C)C)c2n1,160355.0,,160355.0,Roscovitine (CYC-202),Roscovitine
CC[C@H](CO)Nc1nc(NCc2ccccc2)c2ncn(C(C)C)c2n1,160355.0,,160355.0,"Roscovitine (CYC202,Seliciclib)",Roscovitine
CC[C@H](CO)Nc1nc(NCc2ccccc2)c2ncn(C(C)C)c2n1,160355.0,,160355.0,"Roscovitine (Seliciclib,CYC202)",Roscovitine
CN(CCOc1ccc(CC2SC(=O)NC2=O)cc1)c1ccccn1,77999.0,,77999.0,Rosiglitazone,Rosiglitazone
CN(CCOc1ccc(CC2SC(=O)NC2=O)cc1)c1ccccn1.O=C(O)/C=C\C(=O)O,5281055.0,,77999.0,Rosiglitazone maleate,Rosiglitazone Maleate
O=C(/C=C/c1ccc(O)c(O)c1)O[C@H](Cc1ccc(O)c(O)c1)C(=O)O,5281792.0,,5281792.0,Rosmarinic acid,Rosmarinic Acid
C[C@]12CC[C@H](O)C[C@H]1CC[C@@H]1[C@@H]2CC[C@]2(C)[C@@](O)(c3ccoc3)CC[C@]12O,153976.0,,153976.0,Rostafuroxin(PST 2238),Rostafuroxin
CC(C)c1nc(N(C)S(C)(=O)=O)nc(-c2ccc(F)cc2)c1/C=C/[C@@H](O)C[C@@H](O)CC(=O)O,446157.0,,446157.0,Rosuvastatin,Rosuvastatin
CC(C)c1nc(N(C)S(C)(=O)=O)nc(-c2ccc(F)cc2)c1/C=C/[C@@H](O)C[C@@H](O)CC(=O)[O-].CC(C)c1nc(N(C)S(C)(=O)=O)nc(-c2ccc(F)cc2)c1/C=C/[C@@H](O)C[C@@H](O)CC(=O)[O-].[Ca+2],5282455.0,,446157.0,Rosuvastatin calcium,Rosuvastatin Calcium
C=C(C)[C@H]1Cc2c(ccc3c2O[C@@H]2COc4cc(OC)c(OC)cc4[C@@H]2C3=O)O1,6758.0,,6758.0,Rotenone,Rotenone
,,,,"Rotundine, TETRAHYDROPALMATINE HYDROCHLORIDE",
Cc1nc(C(=O)NCC(=O)O)c(O)c2ccc(Oc3ccccc3)cc12,11256664.0,,11256664.0,Roxadustat,FG 4592
Cc1nc(C(=O)NCC(=O)O)c(O)c2ccc(Oc3ccccc3)cc12,11256664.0,,11256664.0,Roxadustat (FG-4592),FG 4592
O=[N+]([O-])c1cc([As](=O)(O)O)ccc1O,5104.0,,5104.0,Roxarsone,Roxarsone
CC(=O)OCC(=O)NCCCOc1cccc(CN2CCCCC2)c1.Cl,56704.0,,5105.0,Roxatidine Acetate hydrochloride,Roxatidine Acetate Hydrochloride
CC[C@H]1OC(=O)[C@H](C)[C@@H](O[C@H]2C[C@@](C)(OC)[C@@H](O)[C@H](C)O2)[C@H](C)[C@@H](O[C@@H]2O[C@H](C)C[C@H](N(C)C)[C@H]2O)[C@](C)(O)C[C@@H](C)/C(=N\OCOCCOC)[C@H](C)[C@@H](O)[C@]1(C)O,6915744.0,,6915744.0,Roxithromycin,Roxithromycin
CN(C)C[C@@H]1CCn2cc(c3ccccc32)C2=C(C(=O)NC2=O)c2cn(c3ccccc23)CCO1,153999.0,,153999.0,Ruboxistaurin,Ruboxistaurin
CNCc1ccc(-c2[nH]c3cc(F)cc4c3c2CCNC4=O)cc1,9931954.0,,9931954.0,Rucaparib,Rucaparib
CNCc1ccc(-c2[nH]c3cc(F)cc4c3c2CCNC4=O)cc1,9931954.0,,9931954.0,Rucaparib ,Rucaparib
NC(=O)c1cn(Cc2c(F)cccc2F)nn1,129228.0,,129228.0,Rufinamide,Rufinamide
Cc1cncc(CN2CCC(=C3c4ccc(Cl)cc4CCc4cccnc43)CC2)c1.O=C(O)/C=C/C(=O)O,6449107.0,,133017.0,Rupatadine Fumarate,Rupatadine Fumarate
C[C@@H]1O[C@@H](OC[C@H]2O[C@@H](Oc3c(-c4ccc(O)c(O)c4)oc4cc(O)cc(O)c4c3=O)[C@H](O)[C@@H](O)[C@@H]2O)[C@H](O)[C@H](O)[C@H]1O,5280805.0,,5280805.0,Rutin,Rutin
N#CC[C@H](C1CCCC1)n1cc(-c2ncnc3[nH]ccc23)cn1,25126798.0,,25126798.0,Ruxolitinib,Ruxolitinib
N#CC[C@H](C1CCCC1)n1cc(-c2ncnc3[nH]ccc23)cn1,25126798.0,,25126798.0,Ruxolitinib ,Ruxolitinib
N#CCC(C1CCCC1)n1cc(-c2ncnc3[nH]ccc23)cn1.O=P(O)(O)O,25184036.0,,17754772.0,Ruxolitinib (INCB-18424) phosphate,rac-Ruxolitinib Phosphate
N#CC[C@H](C1CCCC1)n1cc(-c2ncnc3[nH]ccc23)cn1,25126798.0,,25126798.0,Ruxolitinib (INCB018424),Ruxolitinib
O=C1Nc2ccc(CN3C(=O)CSC3=O)cc2/C1=C/c1cc(CN2CCOCC2)c[nH]1,49870909.0,,49870909.0,S-49076,S-49076
Cc1c(-c2c(-c3ccc(F)o3)sc3ncnc(OC(Cc4ccccc4OCc4ccnn4CC(F)(F)F)C(=O)O)c23)ccc(OCCN2CCN(C)CC2)c1Cl,126970642.0,,126970642.0,S-63845,Tvf3xuq4PG
,10143.0,,,S-Isocorydine(+),(+)-Isocorydine
N#CC[C@@H](C1CCCC1)n1cc(-c2ncnc3[nH]ccc23)cn1,50878566.0,,50878566.0,S-Ruxolitinib (INCB018424),Incb 18424
N[C@@H](CSC(c1ccccc1)(c1ccccc1)c1ccccc1)C(=O)O,76044.0,,76044.0,S-TRITYL-L-CYSTEINE,S-Trityl-L-Cysteine
N[C@@H](CSC(c1ccccc1)(c1ccccc1)c1ccccc1)C(=O)O,76044.0,,76044.0,S-trityl-L-cysteine,S-Trityl-L-Cysteine
Cc1ccc(S(=O)(=O)OCC(=O)Nc2ccc(C(=O)O)c(O)c2)cc1,252682.0,,252682.0,S31-201,S 3I201
Cc1ccc(S(=O)(=O)OCC(=O)Nc2ccc(C(=O)O)c(O)c2)cc1,252682.0,,252682.0,S3I-201 (NSC 74859),S 3I201
,46236925.0,,,"SABUTOCLAX, BI-97C1",Sabutoclax
CC(C(=O)Nc1cccc(N=Cc2c(O)ccc3ccccc23)c1)c1ccccc1,135659046.0,,135659046.0,SALERMIDE,N-(3-((2-hydroxynaphthalen-1-ylmethylene)amino)phenyl)-2-phenylpropionamide
OCc1ccccc1O[C@@H]1O[C@H](CO)[C@@H](O)[C@H](O)[C@H]1O,439503.0,,439503.0,SALICOSIDE,Salicin
O=C(/C=C/c1ccccc1)NC(NC(=S)Nc1cccc2cccnc12)C(Cl)(Cl)Cl,5717801.0,,5717801.0,SALUBRINAL,"(2E)-3-Phenyl-N-(2,2,2-trichloro-1-(((8-quinolinylamino)thioxomethyl)amino)ethyl)-2-propenamide"
Cc1nn(-c2ccccc2)c(C)c1/C=N/N1CCN(Cc2ccccc2)CC1,6878030.0,,6878030.0,SANT-1,Sant-1
O=C(NCCN1CCOCC1)Nc1nc2ccc(Sc3nnc4ccc(-c5ccc(F)cc5)nn34)cc2s1,25182860.0,,25182860.0,SAR-125844,Sar-125844
Cc1cnc(Nc2ccc(OCCN3CCCC3)cc2)nc1Nc1cccc(S(=O)(=O)NC(C)(C)C)c1,16722836.0,,16722836.0,SAR-302503,Fedratinib
CCn1c(N)c(C(=O)NC)c(=O)c2ccc(C#C[C@@](C)(O)COC)nc21,71295845.0,,71295845.0,SAR131675,"(R)-2-amino-1-ethyl-7-(3-hydroxy-4-methoxy-3-methylbut-1-yn-1-yl)-N-methyl-4-oxo-1,4-dihydro-1,8-naphthyridine-3-carboxamide"
COc1cc(Nc2nc3ccccc3nc2NS(=O)(=O)c2ccc(NC(=O)c3ccc(C)c(OC)c3)cc2)cc(OC)c1,49867926.0,,49867926.0,SAR245409 (XL765),"N-(4-(N-(3-((3,5-dimethoxyphenyl)amino)quinoxalin-2-yl)sulfamoyl)phenyl)-3-methoxy-4-methylbenzamide"
CC(C)(C)C[C@@H]1N[C@@H](C(=O)NC2CCC(O)CC2)[C@H](c2cccc(Cl)c2F)[C@]12C(=O)Nc1cc(Cl)ccc12,53476877.0,,53476877.0,SAR405838,"(2'S,3R,4'S,5'R)-6-Chloro-4'-(3-chloro-2-fluorophenyl)-2'-(2,2-dimethylpropyl)-N-(trans-4-hydroxycyclohexyl)-2-oxo-1,2-dihydrospiro(indole-3,3'-pyrrolidine)-5'-carboxamide"
CN1CCN(CCOc2cc(OC3CCOCC3)c3c(Nc4c(Cl)ccc5c4OCO5)ncnc3c2)CC1,10302451.0,,10302451.0,SARACATINIB,Saracatinib
C[C@@H](c1ccc2nccn2c1)n1nnc2ncc(-c3cnn(C)c3)nc21,68289010.0,,68289010.0,SAVOLITINIB,Savolitinib
Oc1ccc(-c2nc(-c3ccc(F)cc3)c(-c3ccncc3)[nH]2)cc1,5169.0,,5169.0,SB 202190,Sb-202190
CS(=O)c1ccc(-c2nc(-c3ccc(F)cc3)c(-c3ccncc3)[nH]2)cc1,176155.0,,176155.0,SB 203580,Sb-203580
Cn1cc(C2=C(c3ccc(Cl)cc3Cl)C(=O)NC2=O)c2ccccc21,176158.0,,176158.0,SB 216763,SB 216763
O=C1NC(=O)c2c1c1c3ccccc3n3c1c1c2c2ccccc2n1C1CCC3O1,3387354.0,,3387354.0,SB 218078,SB 218078
O=C(Nc1ccc([N+](=O)[O-])cc1O)Nc1ccccc1Br,3854666.0,,3854666.0,SB 225002,Sb 225002
NC(=O)c1ccc(-c2nc(-c3ccc4c(c3)OCO4)c(-c3ccccn3)[nH]2)cc1,4521392.0,,4521392.0,SB 431542,"4-(4-(1,3-Benzodioxol-5-yl)-5-(2-pyridinyl)-1H-imidazol-2-yl)benzamide"
Cc1cccc(-c2[nH]c(C(C)(C)C)nc2-c2ccc3c(c2)OCO3)n1,9858940.0,,9858940.0,SB 505124,SB-505124
O=S(=O)(c1ccccc1)c1cnc2c(N3CCNCC3)cccc2c1,11256720.0,,11256720.0,SB 742457,Intepirdine
Cc1ccc(C(=O)N(CCCN)[C@@H](c2oc3cc(Cl)ccc3c(=O)c2Cc2ccccc2)C(C)C)cc1,9936388.0,,9936388.0,SB 743921,Sb-743921
CN1C/C=C/CCOc2cccc(c2)-c2ccnc(n2)Nc2cccc(c2)C1,16739650.0,,16739650.0,SB-1317,Zotiraciclib
C1=C/COCc2cc(ccc2OCCN2CCCC2)Nc2nccc(n2)-c2ccc(o2)COC/1,16750271.0,,16750271.0,SB-1578,Sb-1578
Oc1ccc(-c2nc(-c3ccc(F)cc3)c(-c3ccncc3)[nH]2)cc1,5169.0,,5169.0,SB-202190,Sb-202190
CS(=O)c1ccc(-c2nc(-c3ccc(F)cc3)c(-c3ccncc3)[nH]2)cc1,176155.0,,176155.0,SB-203580,Sb-203580
Cn1cc(C2=C(c3ccc(Cl)cc3Cl)C(=O)NC2=O)c2ccccc21,176158.0,,176158.0,SB-216763,SB 216763
O=C(Nc1ccc([N+](=O)[O-])cc1O)Nc1ccccc1Br,3854666.0,,3854666.0,SB-225002,Sb 225002
COc1nccc(-c2c(-c3ccc(F)cc3)ncn2C2CCC(O)CC2)n1,5166.0,,5166.0,SB-239063,SB 239063
NC(=O)c1ccc(-c2nc(-c3ccc4c(c3)OCO4)c(-c3ccccn3)[nH]2)cc1,4521392.0,,4521392.0,SB-431542,"4-(4-(1,3-Benzodioxol-5-yl)-5-(2-pyridinyl)-1H-imidazol-2-yl)benzamide"
NC(=O)c1ccc(-c2nc(-c3ccc4c(c3)OCO4)c(-c3ccccn3)[nH]2)cc1,4521392.0,,4521392.0,SB-431542 ,"4-(4-(1,3-Benzodioxol-5-yl)-5-(2-pyridinyl)-1H-imidazol-2-yl)benzamide"
Cc1cccc(-c2[nH]c(C(C)(C)C)nc2-c2ccc3c(c2)OCO3)n1,9858940.0,,9858940.0,SB-505124,SB-505124
Cc1cccc(-c2[nH]c(C(C)(C)C)nc2-c2ccc3nccnc3c2)n1,9967941.0,,9967941.0,SB-525334,SB-525334
CN(C)CCOc1ccc(-c2nc(-c3ccc4c(c3)CCC4=NO)c(-c3ccncc3)[nH]2)cc1,135564599.0,,135564599.0,SB-590885,SB 590885
Cc1ccc(C(=O)N(CCCN)[C@@H](c2oc3cc(Cl)ccc3c(=O)c2Cc2ccccc2)C(C)C)cc1,9936388.0,,9936388.0,SB-743921,Sb-743921
CCCCc1nc2cc(/C=C/C(=O)NO)ccc2n1CCN(CC)CC,49855250.0,,49855250.0,SB-939,Pracinostat
CN1CC=CCCOc2cccc(c2)-c2ccnc(n2)Nc2cccc(c2)C1,67354554.0,,67354554.0,SB1317,CID 67354554
Oc1ccc(-c2nc(-c3ccc(F)cc3)c(-c3ccncc3)[nH]2)cc1,5169.0,,5169.0,SB202190,Sb-202190
Oc1ccc(-c2nc(-c3ccc(F)cc3)c(-c3ccncc3)[nH]2)cc1,5169.0,,5169.0,SB202190 (FHPI),Sb-202190
CS(=O)c1ccc(-c2nc(-c3ccc(F)cc3)c(-c3ccncc3)[nH]2)cc1,176155.0,,176155.0,SB203580,Sb-203580
Cn1cc(C2=C(c3ccc(Cl)cc3Cl)C(=O)NC2=O)c2ccccc21,176158.0,,176158.0,SB216763,SB 216763
O=C1NC(=O)c2c1c1c3ccccc3n3c1c1c2c2ccccc2n1[C@H]1CC[C@H]3O1,23647651.0,,23647651.0,SB218078,"(15R,18R)-28-oxa-4,14,19-triazaoctacyclo[12.11.2.115,18.02,6.07,27.08,13.019,26.020,25]octacosa-1,6,8,10,12,20,22,24,26-nonaene-3,5-dione"
COc1nccc(-c2c(-c3ccc(F)cc3)ncn2C2CCC(O)CC2)n1,5166.0,,5166.0,SB239063,SB 239063
O=C1NC(=O)C(c2ccccc2[N+](=O)[O-])=C1Nc1ccc(O)c(Cl)c1,4210951.0,,4210951.0,SB415286,SB 415286
NC(=O)c1ccc(-c2nc(-c3ccc4c(c3)OCO4)c(-c3ccccn3)[nH]2)cc1,4521392.0,,4521392.0,SB431542,"4-(4-(1,3-Benzodioxol-5-yl)-5-(2-pyridinyl)-1H-imidazol-2-yl)benzamide"
Cc1cccc(-c2[nH]c(C(C)(C)C)nc2-c2ccc3c(c2)OCO3)n1,9858940.0,,9858940.0,SB505124,SB-505124
O=C(O)c1cccnc1-c1ccccc1,97489.0,,97489.0,SB52334,2-Phenylnicotinic acid
Cc1cccc(-c2[nH]c(C(C)(C)C)nc2-c2ccc3nccnc3c2)n1,9967941.0,,9967941.0,SB525334,SB-525334
CN(C)CCOc1ccc(-c2nc(-c3ccc4c(c3)CCC4=NO)c(-c3ccncc3)[nH]2)cc1,135564599.0,,135564599.0,SB590885,SB 590885
Cc1ccc(C(=O)N(CCCN)[C@@H](c2nc3cc(Cl)ccc3c(=O)n2Cc2ccccc2)C(C)C)cc1,6851740.0,,6851740.0,SB715992(Ispinesib),Ispinesib
Cc1ccc(C(=O)N(CCCN)[C@@H](c2oc3cc(Cl)ccc3c(=O)c2Cc2ccccc2)C(C)C)cc1,9936388.0,,9936388.0,SB743921,Sb-743921
N#Cc1ccc(Oc2ccc(NC(=O)Nc3ccc(Cl)c(C(F)(F)F)c3)cc2)cc1,53327725.0,,53327725.0,SC-1,1-(4-Chloro-3-(trifluoromethyl)phenyl)-3-(4-(4-cyanophenoxy)phenyl)urea
NC(=O)c1sc(-c2ccsc2)cc1N,2807869.0,,2807869.0,SC-514,3-Amino-5-(3-thienyl)thiophene-2-carboxamide
CC(=O)NC(CC(C)C)C(=O)NCC(=O)NC(CCCCNC(=O)C(F)(F)F)C(=O)Nc1ccc2c(C)cc(=O)oc2c1,85105067.0,,85105067.0,SC1,Ac-DL-Leu-Gly-DL-Lys(Tfa)-AMC
CN(C)CCCNc1nc(CN2CCN(C(c3ccc(Cl)cc3)c3ccc(Cl)cc3)CC2)nc2ccccc12,12001922.0,,12001922.0,SCH 529074,"N'-(2-{4-[bis-(4-chlorophenyl)methyl]piperazin-1-ylmethyl}quinazolin-4-yl)-N,N-dimethylpropane-1,3-diamine"
CCOC(=O)N[C@@H]1CC[C@@H]2[C@@H](C1)C[C@H]1C(=O)O[C@H](C)[C@H]1[C@H]2/C=C/c1ccc(-c2cccc(F)c2)cn1.O=S(=O)(O)O,10077129.0,,10077130.0,SCH 530348,Vorapaxar Sulfate
CC(C)c1ccc(Cn2ccc3c4c(N)nc(NC5CC5)nc4ccc32)cc1.Cl.Cl,45073452.0,,4259181.0,SCH 79797 DIHYDROCHLORIDE,SCH 79797 dihydrochloride
CCN(Cc1cc(Nc2nc(C)cn3c(-c4cn[nH]c4)cnc23)sn1)C(C)(C)CO,25144732.0,,25144732.0,SCH-1473759,"2-(Ethyl((5-((6-methyl-3-(1H-pyrazol-4-yl)imidazo[1,2-a]pyrazin-8-yl)amino)isothiazol-3-yl)methyl)amino)-2-methylpropan-1-ol"
CN(C)CCCNc1nc(CN2CCN(C(c3ccc(Cl)cc3)c3ccc(Cl)cc3)CC2)nc2ccccc12,12001922.0,,12001922.0,SCH-529074,"N'-(2-{4-[bis-(4-chlorophenyl)methyl]piperazin-1-ylmethyl}quinazolin-4-yl)-N,N-dimethylpropane-1,3-diamine"
CC(C)c1ccc(Cn2ccc3c4c(N)nc(NC5CC5)nc4ccc32)cc1,4259181.0,,4259181.0,SCH-79797,Sch-79797
Cn1cc(-c2cnn3c(N)c(Br)c([C@@H]4CCCNC4)nc23)cn1,46239015.0,,46239015.0,SCH-900776 ,Sch-900776
O=C(Nc1ccc2[nH]nc(-c3ccncc3)c2c1)[C@@H]1CCN(CC(=O)N2CCN(c3ccc(-c4ncccn4)cc3)CC2)C1,24866313.0,,24866313.0,SCH772984,Sch772984
,24866313.0,,,"SCH772984, CS-1421",Sch772984
Cn1cc(-c2cnn3c(N)c(Br)c([C@@H]4CCCNC4)nc23)cn1,46239015.0,,46239015.0,SCH900776,Sch-900776
N[C@H](CCC(=O)N[C@@H](Cc1c[nH]c2ccccc12)C(=O)O)C(=O)O,6992140.0,,6992140.0,SCV-07,Golotimod
NC(=O)c1ccc2[nH]ccc2c1,14973220.0,,14973220.0,SD 169,Indole-5-carboxamide
Fc1ccc(Cl)cc1-c1nc(Nc2ccncc2)c2nccnc2n1,10316032.0,,10316032.0,SD 208,SD-208
Fc1ccc(Cl)cc1-c1nc(Nc2ccncc2)c2nccnc2n1,10316032.0,,10316032.0,SD-208,SD-208
,122360814.0,,9931601.0,SDM25N HCl,SDM25N (hydrochloride)
Cn1cnc2c(F)c(Nc3ccc(Br)cc3Cl)c(C(=O)NOCCO)cc21,10127622.0,,10127622.0,SELUMETINIB,Selumetinib
Cn1cnc2c(F)c(Nc3ccc(Br)cc3Cl)c(C(=O)NOCCO)cc21,10127622.0,,10127622.0,SELUMETINIB (AZD6244),Selumetinib
CC(C)[C@H](O)C(=O)N[C@@H](C)C(=O)N[C@@H]1C(=O)N(C)CCc2ccccc21,9843750.0,,9843750.0,SEMAGACESTAT,Semagacestat
,,,,SEN-450,
c1ccc2c(CCNc3ccc(Nc4ccncc4)cc3)c[nH]c2c1,11609586.0,,11609586.0,SERDEMETAN,Serdemetan
O=c1cc(N2CCOCC2)oc2c(-c3ccc4c(c3)OCCO4)csc12,44180156.0,,44180156.0,SF2523,"3-(2,3-dihydrobenzo[b][1,4]dioxin-6-yl)-5-morpholino-7H-thieno[3,2-b]pyran-7-one"
CC(C)N(CCCNC(=O)Nc1ccc(C(C)(C)C)cc1)C[C@H]1O[C@@H](n2cc(Br)c3c(N)ncnc32)[C@H](O)[C@@H]1O,56962337.0,,56962337.0,SGC 0946,Sgc0946
COc1ccc(CCc2nc3cc(-c4c(C)noc4C)ccc3n2C[C@H](C)N2CCOCC2)cc1Cl,72201027.0,,72201027.0,SGC-CBP30,Sgc-cbp30
CC(C)N(CCCNC(=O)Nc1ccc(C(C)(C)C)cc1)C[C@H]1O[C@@H](n2cc(Br)c3c(N)ncnc32)[C@H](O)[C@@H]1O,56962337.0,,56962337.0,SGC0946,Sgc0946
CN1CCC(CNc2ccc3ncc(-c4cccc(OC(F)(F)F)c4)n3n2)CC1,24795070.0,,24795070.0,SGI-1776,"N-[(1-methylpiperidin-4-yl)methyl]-3-[3-(trifluoromethoxy)phenyl]imidazo[1,2-b]pyridazin-6-amine"
CN1CCC(CNc2ccc3ncc(-c4cccc(OC(F)(F)F)c4)n3n2)CC1,24795070.0,,24795070.0,SGI-1776 free base,"N-[(1-methylpiperidin-4-yl)methyl]-3-[3-(trifluoromethoxy)phenyl]imidazo[1,2-b]pyridazin-6-amine"
Cc1c[nH]c2nc(Nc3ccc(N4CCN(C)CC4)c(F)c3)nc(-c3cccc(CC#N)c3)c12,46870258.0,,46870258.0,SGI-7079,"2-(3-(2-((3-Fluoro-4-(4-methylpiperazin-1-yl)phenyl)amino)-5-methyl-7H-pyrrolo[2,3-d]pyrimidin-4-yl)phenyl)acetonitrile"
Cn1cc(-c2ccc3nnc(Sc4ccc5ncccc5c4)n3n2)cn1,24779724.0,,24779724.0,SGX-523,Sgx-523
CN(CC(=O)N(Cc1ccc(C2CCCCC2)cc1)c1ccc(C(=O)O)cc1)S(=O)(=O)c1c(F)c(F)c(F)c(F)c1F,72188643.0,,72188643.0,SH-4-54,"Benzoic acid, 4-[[(4-cyclohexylphenyl)methyl][2-[methyl[(2,3,4,5,6-pentafluorophenyl)sulfonyl]amino]acetyl]amino]-"
CC(C)=CC[C@@H](O)C1=CC(=O)c2c(O)ccc(O)c2C1=O,479503.0,,479503.0,SHIKONIN,Shikonin
,,,,SID 2668150,
CCc1ccccc1NC(=O)CSC(=O)NNC(=O)[C@H](Cc1c[nH]c2ccccc12)NC(=O)OC(C)(C)C,16725315.0,,16725315.0,SID 26681509,tert-butyl N-[(2S)-1-[2-[2-(2-ethylanilino)-2-oxoethyl]sulfanylcarbonylhydrazinyl]-3-(1H-indol-3-yl)-1-oxopropan-2-yl]carbamate
CCCc1nn(C)c2c(=O)[nH]c(-c3cc(S(=O)(=O)N4CCN(C)CC4)ccc3OCC)nc12,135398744.0,,135398744.0,SILDENAFIL,Sildenafil
O=C(O)c1ccc2c(c1)nc(Nc1cccc(Cl)c1)c1ccncc12,24748573.0,,24748573.0,SILMITASERTIB,Silmitasertib
CCC(C)(C)C(=O)O[C@H]1C[C@@H](C)C=C2C=C[C@H](C)[C@H](CC[C@@H]3C[C@@H](O)CC(=O)O3)[C@H]21,54454.0,,54454.0,SIMVASTATIN,Simvastatin
C=C1C(=O)OC2CC1CCC1(C)OC1CC/C(C)=C/CCC2(C)O,5477029.0,,5477029.0,SINULARIN,Sinularin
CO[C@H]1C[C@@H]2CC[C@@H](C)[C@@](O)(O2)C(=O)C(=O)N2CCCC[C@H]2C(=O)O[C@H]([C@H](C)C[C@@H]2CC[C@@H](O)[C@H](OC)C2)CC(=O)[C@H](C)/C=C(\C)[C@@H](O)[C@@H](OC)C(=O)[C@H](C)C[C@H](C)/C=C/C=C/C=C/1C,5284616.0,,5284616.0,SIROLIMUS,Sirolimus
N[C@@H](CC(=O)N1CCn2c(nnc2C(F)(F)F)C1)Cc1cc(F)c(F)cc1F,4369359.0,,4369359.0,SITAGLIPTIN,Sitagliptin
CCOc1cc(/C=C2/C(=O)N(c3ccccc3)N=C2C)cc(Cl)c1OCC(=O)OC,1317464.0,,1317464.0,SJ 172550,SJ-17255
CCOc1cc(C=C2C(=O)N(c3ccccc3)N=C2C)cc(Cl)c1OCC(=O)OC,2913564.0,,2913564.0,SJ-172550,2-[2-Chloro-6-ethoxy-4-[(3-methyl-5-oxo-1-phenyl-4-pyrazolylidene)methyl]phenoxy]acetic acid methyl ester
COc1ccc(CCCOC(Cn2ccnc2)c2ccc(OC)cc2)cc1.Cl,104955.0,,104956.0,SKF-96365,Skf 96365
Oc1ccc(Nc2nc(-c3ccc(Cl)cc3)cs2)cc1,753704.0,,753704.0,SKI II,4-((4-(4-Chlorophenyl)-2-thiazolyl)amino)phenol
Oc1ccc(Nc2nc(-c3ccc(Cl)cc3)cs2)cc1,753704.0,,753704.0,SKI-II,4-((4-(4-Chlorophenyl)-2-thiazolyl)amino)phenol
CC(=O)O[C@@H]1[C@@H](OC(C)=O)[C@@H](O)[C@H](Oc2c(-c3ccc(O)cc3)oc3cc(O)cc(O)c3c2=O)O[C@H]1C,10459196.0,,10459196.0,SL 0101-1,"Kaempferol 3-(3'',4''-diacetylrhamnoside)"
CC(=O)O[C@@H]1[C@@H](OC(C)=O)[C@@H](O)[C@H](Oc2c(-c3ccc(O)cc3)oc3cc(O)cc(O)c3c2=O)O[C@H]1C,10459196.0,,10459196.0,SL-0101,"Kaempferol 3-(3'',4''-diacetylrhamnoside)"
N#CC(=C(N)Sc1ccc(N)cc1)c1ccccc1C(F)(F)F,24906275.0,,24906275.0,SL-327,alpha-(Amino((4-aminophenyl)thio)methylene)-2-(trifluoromethyl)benzeneacetonitrile
CC(C)NC(=O)COc1cccc(-c2nc(Nc3ccc4[nH]ncc4c3)c3ccccc3n2)c1,11950170.0,,11950170.0,SLx-2119,2-(3-(4-(1H-Indazol-5-ylamino)-2-quinazolinyl)phenoxy)-N-(1-methylethyl)acetamide
O=C1c2ccccc2-c2nc3nonc3nc21,568763.0,,568763.0,SMER 3,Smer3
O=C1c2ccccc2-c2nc3nonc3nc21,568763.0,,568763.0,SMER-3,Smer3
O=C1NC(=O)/C(=C/c2cccc(C(F)(F)F)c2)S1,1361334.0,,1361334.0,SMI-4a,SMI-4a
CCc1c2c(nc3ccc(O)cc13)-c1cc3c(c(=O)n1C2)COC(=O)[C@]3(O)CC,104842.0,,104842.0,SN 38,7-Ethyl-10-Hydroxycamptothecin
CCc1c2c(nc3ccc(O)cc13)-c1cc3c(c(=O)n1C2)COC(=O)[C@]3(O)CC,104842.0,,104842.0,SN-38,7-Ethyl-10-Hydroxycamptothecin
CC(C)(C)c1cnc(CSc2cnc(NC(=O)C3CCNCC3)s2)o1,3025986.0,,3025986.0,SNS-032,"N-(5-(((5-(1,1-Dimethylethyl)-2-oxazolyl)methyl)thio)-2-thiazolyl)-4-piperidinecarboxamide"
CC(C)(C)c1cnc(CSc2cnc(NC(=O)C3CCNCC3)s2)o1,3025986.0,,3025986.0,SNS-032 ,"N-(5-(((5-(1,1-Dimethylethyl)-2-oxazolyl)methyl)thio)-2-thiazolyl)-4-piperidinecarboxamide"
CC(C)(C)c1cnc(CSc2cnc(NC(=O)C3CCNCC3)s2)o1,3025986.0,,3025986.0,SNS-032 (BMS-387032),"N-(5-(((5-(1,1-Dimethylethyl)-2-oxazolyl)methyl)thio)-2-thiazolyl)-4-piperidinecarboxamide"
O=C(Nc1cccc(Cl)c1)Nc1ncc(CCNc2ncnc3ccsc23)s1,24995524.0,,24995524.0,SNS-314,Sns-314
CS(=O)(=O)O.O=C(Nc1cccc(Cl)c1)Nc1ncc(CCNc2ncnc3ccsc23)s1,24995523.0,,24995524.0,SNS-314 Mesylate,SNS-314 Mesylate
,9952884.0,,,SNS-595; SPC-595,Vosaroxin
CC1(C)CC(=O)c2c(C(F)(F)F)nn(-c3ccc(C(N)=O)c(NC4CCC(O)CC4)c3)c2C1,24772860.0,,24772860.0,SNX-2112,"4-(6,6-dimethyl-4-oxo-3-(trifluoromethyl)-4,5,6,7-tetrahydro-1H-indazol-1-yl)-2-((1r,4r)-4-hydroxycyclohexylamino)benzamide"
,,,,SNX-2112:bortezomib (250:1 mol/mol),
CNC(=O)c1cc(Oc2ccc(NC(=O)Nc3ccc(Cl)c(C(F)(F)F)c3)cc2)ccn1,216239.0,,216239.0,SORAFENIB,Sorafenib
CN1CCN(c2nc(C3=C(c4c[nH]c5ccccc45)C(=O)NC3=O)c3ccccc3n2)CC1,10296883.0,,10296883.0,SOTRASTAURIN,Sotrastaurin
O=C1c2ccccc2-c2n[nH]c3cccc1c23,8515.0,,8515.0,SP-600125,"anthra(1,9-cd)pyrazol-6(2H)-one"
O=C1c2ccccc2-c2n[nH]c3cccc1c23,8515.0,,8515.0,SP600125,"anthra(1,9-cd)pyrazol-6(2H)-one"
O=C1c2ccccc2-c2n[nH]c3cccc1c23,8515.0,,8515.0,SP600125 (PYRAZOLANTHRONE),"anthra(1,9-cd)pyrazol-6(2H)-one"
Fc1ccc(CNc2ncnc3ccc(F)cc23)cc1,51037431.0,,51037431.0,SPAUTIN 1,Spautin-1
,66577038.0,,,"SPHINGOSINE KINASE 1 INHIBITOR II, PF-543",PF-543
CC(=O)Nc1nc(C)c(S(=O)(=O)Nc2ccc(C(O)(C(F)(F)F)C(F)(F)F)cc2)s1,44241473.0,,44241473.0,SR 1001,SR1001
CCOC(=O)C1Cc2ccccc2CN1C(=O)c1ccc(SC)s1,53393127.0,,53393127.0,SR 8278,SR8278
,,,,SR-13654,
,,,,SR-II-138A,
CC(=O)Nc1nc(C)c(S(=O)(=O)Nc2ccc(C(O)(C(F)(F)F)C(F)(F)F)cc2)s1,44241473.0,,44241473.0,SR1001,SR1001
CCOC(=O)C1Cc2ccccc2CN1C(=O)c1ccc(SC)s1,53393127.0,,53393127.0,SR8278,SR8278
CCCCCNC(=O)N1CCC(CN(Cc2ccc(Cl)cc2)Cc2ccc([N+](=O)[O-])s2)C1,57394021.0,,57394021.0,SR9011,3-((((4-Chlorophenyl)methyl)((5-nitro-2-thienyl)methyl)amino)methyl)-N-pentyl-1-pyrrolidinecarboxamide
O=C(Nc1ccccc1-c1cn2c(CN3CCNCC3)csc2n1)c1cnc2ccccc2n1,24180125.0,,24180125.0,SRT-1720,"N-(2-(3-(piperazin-1-ylmethyl)imidazo(2,1-b)thiazol-6-yl)phenyl)quinoxaline-2-carboxamide"
Cl.O=C(Nc1ccccc1-c1cn2c(CN3CCNCC3)csc2n1)c1cnc2ccccc2n1,25232708.0,,24180125.0,SRT1720,Srt1720
COc1c(C)c(C(=O)c2ccc(N)c(C(=O)[O-])c2)n2ccccc12.[Na+],68853159.0,,11347895.0,SSR128129E,Ssr128129E
COc1ccc(-c2ccc(/C=C/C(=O)NO)cc2)cc1,15986509.0,,15986509.0,ST-3595,N-Hydroxy-E-3-(4''-methoxybiphenyl-4-yl)-acrylamide
CC1CC(=O)c2c(ccc3c2C(=O)c2cccc(O)c2C3=O)C1,363709.0,,363709.0,STA-21,Sta-21
CC(C)c1cc(-c2n[nH]c(=O)n2-c2ccc3c(ccn3C)c2)c(O)cc1O,135564985.0,,135564985.0,STA-9090,Ganetespib
CN[C@@H]1C[C@H]2O[C@@](C)([C@@H]1OC)n1c3ccccc3c3c4c(c5c6ccccc6n2c5c31)C(=O)NC4,44259.0,,44259.0,STAUROSPORINE,Staurosporine
CC(C)(C)c1ccc(S(=O)(=O)NCc2ccc(C(=O)Nc3cccnc3)cc2)cc1,984333.0,,984333.0,STF 31,Stf-31
CC(C)(C)c1ccc(S(=O)(=O)NCc2ccc(C(=O)Nc3cccnc3)cc2)cc1,984333.0,,984333.0,STF-31,Stf-31
Cc1cccc(Nc2nc(-c3ccncc3)cs2)c1,704473.0,,704473.0,STF-62247,Stf-62247
O=C(O)c1ccc2c3c1cccc3c(=O)n1c3ccccc3nc21,3467590.0,,3467590.0,STO609,Sto-609
CN(N=O)C(=O)N[C@@H]1[C@@H](O)[C@H](O)[C@@H](CO)O[C@@H]1O,29327.0,,29327.0,STREPTOZOCIN,Streptozocin
Cc1[nH]c(/C=C2\C(=O)Nc3ccc(S(=O)(=O)N(C)c4cccc(Cl)c4)cc32)c(C)c1C(=O)N1CCN(C)CC1,9549297.0,,9549297.0,SU 11274,SU11274
CN(C)S(=O)(=O)c1ccc2c(c1)/C(=C/c1cc3c([nH]1)CCCC3)C(=O)N2,5312137.0,,5312137.0,SU 6656,SU6656
Cc1[nH]c(C=C2C(=O)Nc3ccc(S(=O)(=O)N(C)c4cccc(Cl)c4)cc32)c(C)c1C(=O)N1CCN(C)CC1,53396327.0,,53396327.0,SU-11274,"(3Z)-N-(3-chlorophenyl)-3-[[3,5-dimethyl-4-(4-methylpiperazine-1-carbonyl)-1H-pyrrol-2-yl]methylidene]-N-methyl-2-oxo-1H-indole-5-sulfonamide"
Cc1[nH]c(/C=C2\C(=O)Nc3ccccc32)c(C)c1CCC(=O)O,5329099.0,,5329099.0,SU-6668,Orantinib
Cc1[nH]c(/C=C2\C(=O)Nc3ccc(S(=O)(=O)N(C)c4cccc(Cl)c4)cc32)c(C)c1C(=O)N1CCN(C)CC1,9549297.0,,9549297.0,SU11274,SU11274
CCN(CC)CCNC(=O)c1c(C)[nH]c(/C=C2\C(=O)Nc3ccc(Cl)cc32)c1C,5329103.0,,5329103.0,SU11652,SU-11652
Cc1[nH]c(C=C2C(=O)Nc3ccc(F)cc32)c(C)c1C(=O)NC[C@H](O)CN1CCOCC1,66965363.0,,66965363.0,SU14813,"(S,Z)-5-((5-fluoro-2-oxoindolin-3-ylidene)methyl)-N-(2-hydroxy-3-morpholinopropyl)-2,4-dimethyl-1H-pyrrole-3-carboxamide"
CN(C)S(=O)(=O)c1ccc2c(c1)/C(=C/c1cc3c([nH]1)CCCC3)C(=O)N2,5312137.0,,5312137.0,SU6656,SU6656
COc1ccc2c(c1)/C(=C/c1cnc[nH]1)C(=O)N2,5289419.0,,5289419.0,SU9516,SU 9516
Cc1cc(NS(=O)(=O)c2ccc(N)cc2)nc(C)n1,5343.0,,5343.0,SULFISOMIDINE,Sulfisomidine
CC1(C)S[C@@H]2[C@H](NC(=O)[C@H](N)c3ccccc3)C(=O)N2[C@H]1C(=O)OCOC(=O)[C@@H]1N2C(=O)C[C@H]2S(=O)(=O)C1(C)C.Cc1ccc(S(=O)(=O)O)cc1,444021.0,,444022.0,SULTAMICILLIN TOSYLATE,Sultamicillin tosylate
CCN(CC)CCNC(=O)c1c(C)[nH]c(/C=C2\C(=O)Nc3ccc(F)cc32)c1C,5329102.0,,5329102.0,SUNITINIB,Sunitinib
Cn1cc(/C=C2\C(=O)Nc3ccc(S(N)(=O)=O)cc32)c2ccccc21,6419747.0,,6419747.0,SYK Inhibitor,Oxsi-2
CC1(C)CCN(c2ccc(C(=O)NS(=O)(=O)c3ccc(NCCSc4ccccc4)c([N+](=O)[O-])c3)cc2)CC1,11657048.0,,11657048.0,SZ4TA2,"4-(4,4-dimethylpiperidin-1-yl)-N-[3-nitro-4-(2-phenylsulfanylethylamino)phenyl]sulfonylbenzamide"
Cc1cc2c(C(=O)NC[C@H](C)c3ccccc3)c(O)c(O)cc2c(O)c1-c1c(C)cc2c(C(=O)NC[C@H](C)c3ccccc3)c(O)c(O)cc2c1O,46236925.0,,46236925.0,Sabutoclax,Sabutoclax
C[C@H]1O[C@@H](O[C@H]2CC[C@@]3(C)[C@@H](CC[C@]4(C)[C@@H]3C=C[C@]35OC[C@@]6(CCC(C)(C)C[C@H]63)[C@@H](O)C[C@]54C)[C@]2(C)CO)[C@H](O)[C@@H](O[C@@H]2O[C@H](CO)[C@@H](O)[C@H](O)[C@H]2O)[C@H]1O,167928.0,,167928.0,Saikosaponin A,Saikosaponin A
CC(C)(C)NCC(O)c1ccc(O)c(CO)c1,2083.0,,2083.0,Salbutamol,Salbutamol
NC(=O)c1ccccc1O,5147.0,,5147.0,Salicylamide,Salicylamide
O=C(Nc1ccccc1)c1ccccc1O,6872.0,,6872.0,Salicylanilide,Salicylanilide
O=C(O)c1ccccc1O,338.0,,338.0,Salicylic acid,Salicylic Acid
CC[C@@H](C(=O)[C@@H](C)[C@@H](O)[C@H](C)[C@@H]1O[C@@H]([C@@H](CC)C(=O)O)CC[C@@H]1C)[C@H]1O[C@]2(C=C[C@@H](O)[C@]3(CC[C@@](C)([C@H]4CC[C@](O)(CC)[C@H](C)O4)O3)O2)[C@H](C)C[C@@H]1C,3085092.0,,3085092.0,Salinomycin,Salinomycin
OCc1cc(C(O)CNCCCCCCOCCCCc2ccccc2)ccc1O,5152.0,,5152.0,Salmeterol,Salmeterol
O=C(/C=C/c1ccccc1)NC(NC(=S)Nc1cccc2cccnc12)C(Cl)(Cl)Cl,5717801.0,,5717801.0,Salubrinal,"(2E)-3-Phenyl-N-(2,2,2-trichloro-1-(((8-quinolinylamino)thioxomethyl)amino)ethyl)-2-propenamide"
O=C(/C=C/c1ccc(O)c2c1[C@H](C(=O)O[C@H](Cc1ccc(O)c(O)c1)C(=O)O)[C@@H](c1ccc(O)c(O)c1)O2)O[C@H](Cc1ccc(O)c(O)c1)C(=O)O,6451084.0,,6451084.0,Salvianolic acid B,Salvianolic Acid B
C[n+]1cc2c3c(ccc2c2ccc4cc5c(cc4c21)OCO5)OCO3.[Cl-],68635.0,,5154.0,Sanguinarine chloride,Sanguinarine chloride
CC(C)n1nc(-c2ccc3oc(N)nc3c2)c2c(N)ncnc21,45375953.0,,45375953.0,Sapanisertib,Sapanisertib
CNC(=O)CN1CCC(Oc2cc3c(Nc4cccc(Cl)c4F)ncnc3cc2OC)CC1,11488320.0,,11488320.0,Sapitinib,Sapitinib
CN1CCN(CCOc2cc(OC3CCOCC3)c3c(Nc4c(Cl)ccc5c4OCO5)ncnc3c2)CC1,10302451.0,,10302451.0,Saracatinib,Saracatinib
CN1CCN(CCOc2cc(OC3CCOCC3)c3c(Nc4c(Cl)ccc5c4OCO5)ncnc3c2)CC1,10302451.0,,10302451.0,Saracatinib (AZD0530),Saracatinib
Cl.O=C(O)c1cn(-c2ccc(F)cc2)c2cc(N3CCNCC3)c(F)cc2c1=O,56207.0,,56208.0,Sarafloxacin hydrochloride,Sarafloxacin Hydrochloride
CC1=C2C[C@H]3[C@@H](CC[C@@H]4C[C@H](NS(C)(=O)=O)CC[C@@]43C)[C@@H]2CC[C@@]2(C1)O[C@@H]1C[C@H](C)CN[C@H]1[C@H]2C,25027363.0,,25027363.0,Saridegib,Patidegib
O=C(Oc1ccccc1C(=O)O)c1ccccc1O,5161.0,,5161.0,Sasapyrine,Salsalate
N#C[C@@H]1C[C@@H]2C[C@@H]2N1C(=O)[C@@H](N)C12CC3CC(CC(O)(C3)C1)C2.O,53297473.0,,11243969.0,Saxagliptin hydrate,Saxagliptin Hydrate
COc1cc2c(c(OC)c1OC)-c1c(cc(OC)c(OC)c1OC)C[C@](C)(O)[C@@H](C)C2,3001664.0,,3001664.0,Schisandrin,Schisandrin
COc1cc2c(c(OC)c1OC)-c1c(cc3c(c1OC)OCO3)CC(C)C(C)C2,108130.0,,108130.0,Schisandrin B,Schisandrin B
COc1cc2c(c(OC)c1OC)-c1c(cc3c(c1OC)OCO3)C[C@H](C)[C@@H](C)C2,14515706.0,,14515706.0,Schisandrin B (Sch B),Schisandrin B (Sch B)
COc1cc2ccc(=O)oc2cc1OC,8417.0,,8417.0,Scoparone,Scoparone
Br.CN1[C@@H]2CC(OC(=O)[C@H](CO)c3ccccc3)C[C@H]1[C@@H]1O[C@@H]12.O.O.O,20055509.0,,3000322.0,Scopolamine HBr,Scopolamine hydrobromide trihydrate
Br.CN1[C@@H]2CC(OC(=O)C(CO)c3ccccc3)C[C@H]1[C@@H]1O[C@@H]12,51051761.0,,6451257.0,Scopolamine HBr trihydrate,Atroscine Hydrobromide
Br.C[N+]1([O-])[C@@H]2CC(OC(=O)[C@H](CO)c3ccccc3)C[C@H]1[C@@H]1O[C@@H]12,6419978.0,,3000667.0,Scopolamine N-oxide HBr,Aminoxyscopolamine hydrobromide
CCCC[N+]1(C)[C@@H]2CC(OC(=O)[C@H](CO)c3ccccc3)C[C@H]1C1OC12.[Br-],656587.0,,656588.0,Scopolamine butylbromide,Scopolamine butylbromide
COc1cc2ccc(=O)oc2cc1O,5280460.0,,5280460.0,Scopoletin,Scopoletin
Cc1ncc([N+](=O)[O-])n1CC(C)O,71815.0,,71815.0,Secnidazole,Secnidazole
CO[C@H]1C[C@H](O[C@@H]2/C(C)=C/C[C@@H]3C[C@@H](C[C@]4(CC[C@H](C)[C@@H](C5CCCCC5)O4)O3)OC(=O)[C@@H]3C=C(C)/C(=N/O)[C@H]4OC/C(=C\C=C\[C@@H]2C)[C@]43O)O[C@@H](C)[C@@H]1O,9578507.0,,9578507.0,Selamectin,Selamectin
C[Se]CCC(N)C(=O)O,15103.0,,15103.0,Selenomethionine,DL-selenomethionine
CC(C)N(CCCCOCC(=O)NS(C)(=O)=O)c1cnc(-c2ccccc2)c(-c2ccccc2)n1,9913767.0,,9913767.0,Selexipag(NS-304),Selexipag
CC[C@H](CO)Nc1nc(NCc2ccccc2)c2ncn(C(C)C)c2n1,160355.0,,160355.0,Seliciclib,Roscovitine
O=C(/C=C\n1cnc(-c2cc(C(F)(F)F)cc(C(F)(F)F)c2)n1)NNc1cnccn1,71481097.0,,71481097.0,Selinexor,Selinexor
NC(=O)C1CCCc2c1[nH]c1ccc(Cl)cc21,5113032.0,,5113032.0,Selisistat,EX 527
Cc1cc(F)c(C(=O)Nc2cccc(-c3nncn3C(C)C)n2)cc1-n1cnc(C2CC2)c1,71245288.0,,71245288.0,Selonsertib,Selonsertib
COc1ccc(CN2C3CC2CN(c2ccc(-c4cc(OCC(C)(C)O)cn5ncc(C#N)c45)cn2)C3)cn1,134436906.0,,134436906.0,Selpercatinib,Selpercatinib
Cn1cnc2c(F)c(Nc3ccc(Br)cc3Cl)c(C(=O)NOCCO)cc21,10127622.0,,10127622.0,Selumetinib,Selumetinib
Cn1cnc2c(F)c(Nc3ccc(Br)cc3Cl)c(C(=O)NOCCO)cc21,10127622.0,,10127622.0,Selumetinib (AZD6244),Selumetinib
CC(C)[C@H](O)C(=O)N[C@@H](C)C(=O)N[C@@H]1C(=O)N(C)CCc2ccccc21,9843750.0,,9843750.0,Semagacestat,Semagacestat
CC(C)[C@H](O)C(=O)N[C@@H](C)C(=O)N[C@@H]1C(=O)N(C)CCc2ccccc21,9843750.0,,9843750.0,Semagacestat (LY450139),Semagacestat
Cc1cc(C)c(/C=C2\C(=O)Nc3ccccc32)[nH]1,5329098.0,,5329098.0,Semaxanib,Semaxanib
Cc1cc(C)c(/C=C2\C(=O)Nc3ccccc32)[nH]1,5329098.0,,5329098.0,Semaxanib (SU5416),Semaxanib
Cc1cc(C)c(C=C2C(=O)Nc3ccccc32)[nH]1,123015.0,,123015.0,Semaxinib(SU 5416),Semaxinib
Cl.NNC(N)=O,11236.0,,5196.0,Semicarbazide hydrochloride,Semicarbazide hydrochloride
CN1CCN(C(=O)c2ccc3cc(CCNc4ncnc5ccc(C#N)cc45)ccc3c2)CC1,71661259.0,,71661259.0,Senexin B,Senexin B
O=C(O)c1cc(O)c2c(c1)[C@H]([C@H]1c3cc(C(=O)O)cc(O)c3C(=O)c3c(O[C@@H]4O[C@H](CO)[C@@H](O)[C@H](O)[C@H]4O)cccc31)c1cccc(O[C@@H]3O[C@H](CO)[C@@H](O)[C@H](O)[C@H]3O)c1C2=O,73111.0,,73111.0,Sennoside A,Senna
COCCn1c2c([n+](Cc3cnccn3)c1C)C(=O)c1ccccc1C2=O.[Br-],11178236.0,,10126189.0,Sepantronium bromide,Sepantronium Bromide
Nc1nc2cc(-c3ccc4ncc(C(=O)N5CCOCC5)n4c3)ccc2o1,70798655.0,,70798655.0,Serabelisib,Serabelisib
CC1=C(C)C(=O)C(C(CCCCCC(=O)O)c2ccccc2)=C(C)C1=O,2449.0,,2449.0,Seratrodast,Seratrodast
c1ccc2c(CCNc3ccc(Nc4ccncc4)cc3)c[nH]c2c1,11609586.0,,11609586.0,Serdemetan,Serdemetan
Cl.NCCc1c[nH]c2ccc(O)cc12,160436.0,,5202.0,Serotonin hydrochloride,Serotonin Hydrochloride
O=C1NCCN1CCN1CCC(c2cn(-c3ccc(F)cc3)c3ccc(Cl)cc23)CC1,60149.0,,60149.0,Sertindole,Sertindole
CN[C@H]1CC[C@@H](c2ccc(Cl)c(Cl)c2)c2ccccc21,68617.0,,68617.0,Sertraline,Sertraline
CN[C@H]1CC[C@@H](c2ccc(Cl)c(Cl)c2)c2ccccc21.Cl,63009.0,,68617.0,Sertraline hydrochloride,Sertraline Hydrochloride
CC(C)=CC[C@@H](O)C1=CC(=O)c2c(O)ccc(O)c2C1=O,479503.0,,479503.0,Shikonin,Shikonin
CCCc1nn(C)c2c(=O)[nH]c(-c3cc(S(=O)(=O)N4CCN(C)CC4)ccc3OCC)nc12,135398744.0,,135398744.0,Sildenafil,Sildenafil
CCCc1nn(C)c2c(=O)[nH]c(-c3cc(S(=O)(=O)N4CCN(C)CC4)ccc3OCC)nc12.O=C(O)CC(O)(CC(=O)O)C(=O)O,135413523.0,,135398744.0,Sildenafil citrate,Sildenafil Citrate
COc1cc([C@H]2Oc3cc([C@H]4Oc5cc(O)cc(O)c5C(=O)[C@@H]4O)ccc3O[C@@H]2CO)ccc1O,31553.0,,31553.0,Silibinin,Silibinin
O=C(O)c1ccc2c(c1)nc(Nc1cccc(Cl)c1)c1ccncc12,24748573.0,,24748573.0,Silmitasertib,Silmitasertib
C[C@H](Cc1cc2c(c(C(N)=O)c1)N(CCCO)CC2)NCCOc1ccccc1OCC(F)(F)F,5312125.0,,5312125.0,Silodosin,Silodosin
Nc1ccc(S(=O)(=O)[N-]c2ncccn2)cc1.[Ag+],441244.0,,5215.0,Silver sulfadiazine,Silver Sulfadiazine
COc1cc(C2Oc3cc(C4Oc5cc(O)cc(O)c5C(=O)C4O)ccc3OC2CO)ccc1O,5213.0,,5213.0,Silymarin,Silymarin
CCC(C)(C)C(=O)O[C@H]1C[C@@H](C)C=C2C=C[C@H](C)[C@H](CC[C@@H]3C[C@@H](O)CC(=O)O3)[C@H]21,54454.0,,54454.0,Simvastatin,Simvastatin
,,,,Simvastin,
COC1=C[C@@H]2[C@@H]3Cc4ccc(OC)c(O)c4[C@]2(CCN3C)CC1=O.Cl,5464452.0,,5459308.0,Sinomenine hydrochloride,Sinomenine Hydrochloride
CO[C@H]1C[C@@H]2CC[C@@H](C)[C@@](O)(O2)C(=O)C(=O)N2CCCC[C@H]2C(=O)O[C@H]([C@H](C)C[C@@H]2CC[C@@H](O)[C@H](OC)C2)CC(=O)[C@H](C)/C=C(\C)[C@@H](O)[C@@H](OC)C(=O)[C@H](C)C[C@H](C)/C=C/C=C/C=C/1C,5284616.0,,5284616.0,Sirolimus,Sirolimus
CN[C@@H]1[C@@H](O)[C@@H](O[C@@H]2[C@@H](O)[C@H](O[C@H]3OC(CN)=CC[C@H]3N)[C@@H](N)C[C@H]2N)OC[C@]1(C)O.CN[C@@H]1[C@@H](O)[C@@H](O[C@@H]2[C@@H](O)[C@H](O[C@H]3OC(CN)=CC[C@H]3N)[C@@H](N)C[C@H]2N)OC[C@]1(C)O.O=S(=O)(O)O.O=S(=O)(O)O.O=S(=O)(O)O.O=S(=O)(O)O.O=S(=O)(O)O,439243.0,,36119.0,Sisomicin Sulfate,Sisomicin Sulfate
N[C@@H](CC(=O)N1CCn2c(nnc2C(F)(F)F)C1)Cc1cc(F)c(F)cc1F,4369359.0,,4369359.0,Sitagliptin,Sitagliptin
COCCNCc1ccc(-c2cc3nccc(Oc4ccc(NC(=O)C5(C(=O)Nc6ccc(F)cc6)CC5)cc4F)c3s2)nc1,25212148.0,,25212148.0,Sitravatinib,Sitravatinib
O=C1c2ccc(Nc3ccc(F)cc3F)cc2CCc2ccc(OC[C@H](O)CO)cc21,45279963.0,,45279963.0,Skepinone-L,Skepinone-L
Nc1ccc(C(=O)[O-])c(O)c1.O.O.[Na+],16211148.0,,4649.0,Sodium 4-aminosalicylate dihydrate,Aminosalicylate Sodium
CC(=O)OC(C)C(C)C(=O)OC[C@@]12[C@H]3C[C@]4(C)C(=CC[C@@H]5[C@@]6(C)CC[C@H](O[C@@H]7O[C@H](C(=O)O)[C@@H](O[C@@H]8O[C@H](CO)[C@@H](O)[C@H](O)[C@H]8O)[C@H](O)[C@H]7O[C@@H]7OC[C@@H](O)[C@H](O)[C@H]7O)[C@@](C)(CO)[C@@H]6CC[C@]54C)[C@@H]1CC(C)(C)[C@H](O3)[C@@H]2O.[Na+],102004407.0,,102004408.0,Sodium Aescinate,Sodium aescinate
N#[O+].[C-]#N.[C-]#N.[C-]#N.[C-]#N.[C-]#N.[Fe+2].[Na+].[Na+],6604165.0,,,Sodium Nitroprusside,Sodium Nitroprusside
O=C([O-])CCCc1ccccc1.[Na+],5258.0,,4775.0,Sodium Phenylbutyrate,Sodium Phenylbutyrate
,9863303.0,,3111.0,"Sodium [(2,3-dihydro-1,5-dimethyl-3-oxo-2-phenyl-1H-pyrazol-4-yl)methylamino]methanesulfonate","Methanesulfonic acid,[(2,3-dihydro-1,5-dimethyl-3-oxo-2-phenyl-1H-pyrazol-4-yl)methylamino]-, sodium salt, monohydrate"
CCCC(=O)[O-].[Na+],5222465.0,,264.0,Sodium butanoate,Sodium Butyrate
CO/N=C(\C(=O)N[C@@H]1C(=O)N2C(C(=O)[O-])=C(CSC(=O)c3ccco3)CS[C@H]12)c1csc(N)n1.[Na+],23671563.0,,6328657.0,Sodium ceftiofur,Ceftiofur Sodium
O=C([O-])c1cc(=O)c2c(OCC(O)COc3cccc4oc(C(=O)[O-])cc(=O)c34)cccc2o1.[Na+].[Na+],27503.0,,2882.0,Sodium cromoglycate,Disodium Cromoglycate
C[C@H](CCC(=O)[O-])[C@H]1CC[C@H]2[C@@H]3C(=O)C[C@@H]4CC(=O)CC[C@]4(C)[C@H]3CC(=O)[C@]12C.[Na+],23675007.0,,6674.0,Sodium dehydrocholate,Dehydrocholate Sodium
CC(O)(P(=O)([O-])O)P(=O)([O-])O.[Na+].[Na+],23894.0,,3305.0,Sodium etidronate,Etidronate Disodium
CC(=O)O[C@H]1C[C@@]2(C)[C@@H](C[C@@H](O)[C@H]3[C@@]4(C)CC[C@@H](O)[C@@H](C)[C@@H]4CC[C@@]32C)/C1=C(\CCC=C(C)C)C(=O)[O-].[Na+],23672955.0,,3000226.0,Sodium fusidate,Sodium Fusidate
O=C([O-])[C@H](O)[C@@H](O)[C@H](O)[C@H](O)CO.[Na+],23672301.0,,10690.0,Sodium gluconate,Sodium Gluconate
,72941499.0,,,Sodium montmorillonite,Hectorite ((Mg2.67Li0.33)Si4Na0.33(F0.5-1(OH)0-0.5)2O10)
O=N[O-].[Na+],23668193.0,,,Sodium nitrite,Sodium Nitrite
O.O=S(=O)([O-])Oc1ccc(C(c2ccc(OS(=O)(=O)[O-])cc2)c2ccccn2)cc1.[Na+].[Na+],5282431.0,,5243.0,Sodium picosulfate monohydrate,Sodium picosulfate monohydrate
O=C([O-])c1ccccc1O.[Na+],16760658.0,,338.0,Sodium salicylate,Sodium Salicylate
C[C@H](CCC(=O)NCC(=O)NCCS(=O)(=O)[O-])[C@H]1CC[C@H]2[C@@H]3[C@H](O)C[C@@H]4C[C@H](O)CC[C@]4(C)[C@H]3C[C@H](O)[C@]12C.[Na+],23688469.0,,119420.0,Sodium tauroglycocholate,Sodium tauroglycocholate
O=C(O)CCC(=O)O.O=C(O[C@H]1CN2CCC1CC2)N1CCc2ccccc2[C@@H]1c1ccccc1,216457.0,,154059.0,Solifenacin succinate,Solifenacin Succinate
CC[C@H]1OC(=O)[C@@](C)(F)C(=O)[C@H](C)[C@@H](O[C@@H]2O[C@H](C)C[C@H](N(C)C)[C@H]2O)[C@](C)(OC)C[C@@H](C)C(=O)[C@H](C)[C@H]2N(CCCCn3cc(-c4cccc(N)c4)nn3)C(=O)O[C@]12C,25242512.0,,25242512.0,Solithromycin ,Solithromycin
Cc1c(C(=O)Nc2ccc(N3C[C@@H](C)O[C@@H](C)C3)nc2)cccc1-c1ccc(OC(F)(F)F)cc1,24775005.0,,24775005.0,Sonidegib,Sonidegib
C=CCN(/C=C1/C(=O)O[C@H](COC)[C@@]2(C)C1=C(O)C(=O)C1=C2[C@H](OC(C)=O)C[C@]2(C)C(=O)CC[C@@H]12)CC=C,9849735.0,,9849735.0,Sonolisib,Sonolisib
O=c1c(-c2ccc(O[C@@H]3O[C@H](CO)[C@@H](O)[C@H](O)[C@H]3O)cc2)coc2cc(O)cc(O)c12,5321398.0,,5321398.0,Sophoricoside,Sophoricoside
CNC(=O)c1cc(Oc2ccc(NC(=O)Nc3ccc(Cl)c(C(F)(F)F)c3)cc2)ccn1,216239.0,,216239.0,Sorafenib,Sorafenib
CNC(=O)c1cc(Oc2ccc(NC(=O)Nc3ccc(Cl)c(C(F)(F)F)c3)cc2)ccn1,216239.0,,216239.0,Sorafenib ,Sorafenib
CNC(=O)c1cc(Oc2ccc(NC(=O)Nc3ccc(Cl)c(C(F)(F)F)c3)cc2)ccn1.Cc1ccc(S(=O)(=O)O)cc1,406563.0,,216239.0,Sorafenib Tosylate,Sorafenib Tosylate
CNC(=O)c1cc(Oc2ccc(NC(=O)Nc3ccc(Cl)c(C(F)(F)F)c3)cc2)ccn1.Cc1ccc(S(=O)(=O)O)cc1,406563.0,,216239.0,Sorafenib tosylate,Sorafenib Tosylate
CC(C)NCC(O)c1ccc(NS(C)(=O)=O)cc1.Cl,66245.0,,5253.0,Sotalol hydrochloride,Sotalol Hydrochloride
CN1CCN(c2nc(C3=C(c4c[nH]c5ccccc45)C(=O)NC3=O)c3ccccc3n2)CC1,10296883.0,,10296883.0,Sotrastaurin,Sotrastaurin
C[C@@H]1CN(c2c(F)c(N)c3c(=O)c(C(=O)O)cn(C4CC4)c3c2F)C[C@H](C)N1,60464.0,,60464.0,Sparfloxacin,Sparfloxacin
C=CC(=O)Nc1cccc(Nc2nc(Nc3ccc(OCCOC)cc3)ncc2F)c1,59174488.0,,59174488.0,Spebrutinib,Spebrutinib
CN[C@@H]1[C@H](O)[C@H](NC)[C@H]2O[C@@]3(O)C(=O)C[C@@H](C)O[C@H]3O[C@@H]2[C@H]1O.Cl.Cl,64740.0,,15541.0,Spectinomycin dihydrochloride,Spectinomycin Dihydrochloride
CN[C@@H]1[C@H](O)[C@H](NC)[C@H]2O[C@@]3(O)C(=O)C[C@@H](C)O[C@H]3O[C@@H]2[C@H]1O.Cl.Cl.O.O.O.O.O,30971.0,,15541.0,Spectinomycin dihydrochloride pentahydrate,Spectinomycin Hydrochloride
NCCCNCCCCNCCCN,1103.0,,1103.0,Spermine,Spermine
CCCCCCCCCC[C@H](C(=O)O)[C@]1(C(=O)O)CCC(=O)O1,73448.0,,73448.0,Spiculisporic Acid,Supiculisporic Acid
O=C(CCCN1CCC2(CC1)C(=O)NCN2c1ccccc1)c1ccc(F)cc1,5265.0,,5265.0,Spiperone,Spiperone
COC1C(O)CC(=O)OC(C)CC=CC=CC(OC2CCC(N(C)C)C(C)O2)C(C)CC(CC=O)C1OC1OC(C)C(OC2CC(C)(O)C(O)C(C)O2)C(N(C)C)C1O,5266.0,,5266.0,Spiramycin,Spiramycin
C[C@]12Cc3cn[nH]c3C[C@@H]1CC[C@@H]1[C@@H]2CC[C@@]2(C)[C@H]1CC[C@]2(C)O,25249.0,,25249.0,Stanozolol,Stanozolol
O=[N+]([O-])c1ccc2c(c1)S(=O)(=O)C=C2,2779853.0,,2779853.0,Stattic,Stattic
CN[C@@H]1C[C@H]2O[C@@](C)([C@@H]1OC)n1c3ccccc3c3c4c(c5c6ccccc6n2c5c31)C(=O)NC4,44259.0,,44259.0,Staurosporine,Staurosporine
Cc1cn([C@H]2C=C[C@@H](CO)O2)c(=O)[nH]c1=O,18283.0,,18283.0,Stavudine,Stavudine
CC(C)n1cnc2c(NCCc3ccc(O)cc3)nc(-c3csc4ccccc34)nc21,46199207.0,,46199207.0,StemRegenin 1,Lhd-221
C=C1C[C@@]23CC[C@H]4[C@@](C)(CCC[C@@]4(C)C(=O)O[C@@H]4O[C@H](CO)[C@@H](O)[C@H](O)[C@H]4O)[C@@H]2CC[C@]1(O[C@@H]1O[C@H](CO)[C@@H](O)[C@H](O)[C@H]1O[C@@H]1O[C@H](CO)[C@@H](O)[C@H](O)[C@H]1O)C3,442089.0,,442089.0,Stevioside,Stevioside
CN[C@@H]1[C@H](O[C@H]2[C@H](O[C@H]3[C@H](O)[C@@H](O)[C@H](N=C(N)N)[C@@H](O)[C@@H]3N=C(N)N)O[C@@H](C)[C@]2(O)C=O)O[C@@H](CO)[C@H](O)[C@H]1O.CN[C@@H]1[C@H](O[C@H]2[C@H](O[C@H]3[C@H](O)[C@@H](O)[C@H](N=C(N)N)[C@@H](O)[C@@H]3N=C(N)N)O[C@@H](C)[C@]2(O)C=O)O[C@@H](CO)[C@H](O)[C@H]1O.O=S(=O)(O)O.O=S(=O)(O)O.O=S(=O)(O)O,19648.0,,19649.0,Streptomycin sulfate,Streptomycin Sulfate
CN(N=O)C(=O)N[C@@H]1[C@@H](O)[C@H](O)[C@@H](CO)O[C@@H]1O,29327.0,,29327.0,Streptozocin,Streptozocin
N#Cc1c(N(CC(=O)[O-])CC(=O)[O-])sc(C(=O)[O-])c1CC(=O)[O-].[Sr+2].[Sr+2],6918182.0,,3052774.0,Strontium ranelate,Strontium Ranelate
O=C1C[C@@H]2OCC=C3CN4CC[C@]56c7ccccc7N1[C@H]5[C@H]2[C@H]3C[C@H]46,441071.0,,441071.0,Strychnine,Strychnine
C(=C/c1ccccc1)\CN1CCN(C(c2ccccc2)c2ccccc2)CC1,1547484.0,,1547484.0,Stugeron,Cinnarizine
Cc1sc(C(=O)c2cncnc2N[C@@H]2C[C@H](COS(N)(=O)=O)[C@@H](O)C2)cc1[C@@H]1NCCc2ccc(Cl)cc21,118628567.0,,118628567.0,Subasumstat,Subasumstat
O=C(O)[C@@H](S)[C@@H](S)C(=O)O,2724354.0,,2724354.0,Succimer,Succimer
O=C(O)CCC(=O)O,1110.0,,1110.0,Succinic acid,Succinic Acid
O=C(O)CCC(=O)Nc1ccc(S(=O)(=O)Nc2nccs2)cc1,5315.0,,5315.0,Succinylsulfathiazole ,Succinylsulfathiazole
,,483927899.0,,Sucralfate,
CC1(C)[C@H](C(=O)O)N2C(=O)C[C@H]2S1(=O)=O,130313.0,,130313.0,Sulbactam,Sulbactam
S=C1SCN(Cc2ccccc2)CN1Cc1ccccc1,67686.0,,67686.0,Sulbentine,Dibenzthione
Nc1ccc(S(=O)(=O)NC(=O)c2ccccc2)cc1,5319.0,,5319.0,Sulfabenzamide,Sulfabenzamide
CC(=O)[N-]S(=O)(=O)c1ccc(N)cc1.O.[Na+],6419954.0,,5320.0,Sulfacetamide sodium,Sulfacetamide Sodium
Nc1ccc(S(=O)(=O)Nc2ncccn2)cc1,5215.0,,5215.0,Sulfadiazine,Sulfadiazine
COc1cc(NS(=O)(=O)c2ccc(N)cc2)nc(OC)n1,5323.0,,5323.0,Sulfadimethoxine,Sulfadimethoxine
COc1ncnc(NS(=O)(=O)c2ccc(N)cc2)c1OC,17134.0,,17134.0,Sulfadoxine,Sulfadoxine
NC(N)=NS(=O)(=O)c1ccc(N)cc1,5324.0,,5324.0,Sulfaguanidine,Sulfaguanidine
COc1nccnc1NS(=O)(=O)c1ccc(N)cc1,9047.0,,9047.0,Sulfalen,Sulfalene
Cc1ccnc(NS(=O)(=O)c2ccc(N)cc2)n1,5325.0,,5325.0,Sulfamerazine,Sulfamerazine
COc1cnc(NS(=O)(=O)c2ccc(N)cc2)nc1,5326.0,,5326.0,Sulfameter,Sulfameter
Cc1cc(C)nc(NS(=O)(=O)c2ccc(N)cc2)n1,5327.0,,5327.0,Sulfamethazine,Sulfamethazine
Cc1cc(C)nc([N-]S(=O)(=O)c2ccc(N)cc2)n1.[Na+],13456556.0,,5327.0,Sulfamethazine sodium salt,Sulfamethazine Sodium
Cc1nnc(NS(=O)(=O)c2ccc(N)cc2)s1,5328.0,,5328.0,Sulfamethizole,Sulfamethizole
Cc1cc(NS(=O)(=O)c2ccc(N)cc2)no1,5329.0,,5329.0,Sulfamethoxazole,Sulfamethoxazole
COc1ccc(NS(=O)(=O)c2ccc(N)cc2)nn1,5330.0,,5330.0,Sulfamethoxypyridazine,Sulfamethoxypyridazine
COc1cc(NS(=O)(=O)c2ccc(N)cc2)ncn1,5332.0,,5332.0,Sulfamonomethoxine,Sulfamonomethoxine
Nc1ccc(S(N)(=O)=O)cc1,5333.0,,5333.0,Sulfanilamide,Sulfanilamide
NC(=O)NS(=O)(=O)c1ccc(N)cc1,11033.0,,11033.0,Sulfanilylurea,Sulfacarbamide
Nc1ccc(S(=O)(=O)Nc2ccccn2)cc1,5336.0,,5336.0,Sulfapyridine,Sulfapyridine
Nc1ccc(S(=O)(=O)Nc2cnc3ccccc3n2)cc1,5338.0,,5338.0,Sulfaquinoxaline,Sulfaquinoxaline
Nc1ccc(S(=O)(=O)[N-]c2cnc3ccccc3n2)cc1.[Na+],3693427.0,,5338.0,Sulfaquinoxaline sodium,Sulfaquinoxaline Sodium
O=C(O)c1cc(N=Nc2ccc(S(=O)(=O)Nc3ccccn3)cc2)ccc1O,5339.0,,5339.0,Sulfasalazine,Sulfasalazine
Nc1ccc(S(=O)(=O)Nc2nccs2)cc1,5340.0,,5340.0,Sulfathiazole,Sulfathiazole
O=C1C(CCS(=O)c2ccccc2)C(=O)N(c2ccccc2)N1c1ccccc1,5342.0,,5342.0,Sulfinpyrazone,Sulfinpyrazone
Cc1noc(NS(=O)(=O)c2ccc(N)cc2)c1C,5344.0,,5344.0,Sulfisoxazole,Sulfisoxazole
COc1cc(S(=O)(=O)O)ccc1O,4874.0,,4874.0,Sulfogaiacol,Sulfogaiacol
CC1=C(CC(=O)O)c2cc(F)ccc2/C1=C\c1ccc(S(C)=O)cc1,1548887.0,,1548887.0,Sulindac,Sulindac
COc1cc(O)c(C(=O)c2ccccc2)cc1S(=O)(=O)O,19988.0,,19988.0,Sulisobenzone,Sulisobenzone
COc1cc(S(C)=O)ccc1-c1nc2ncccc2[nH]1,5353.0,,5353.0,Sulmazole,Sulmazole
CCCCCCCCN[C@@H](C)[C@H](O)c1ccc(SC(C)C)cc1,6604413.0,,6604413.0,Suloctidil,Suloctidil
Nc1ccc(S(=O)(=O)c2ccc(N)cc2)cc1,2955.0,,2955.0,Sulphadione,Dapsone
CCN1CCCC1CNC(=O)c1cc(S(N)(=O)=O)ccc1OC,5355.0,,5355.0,Sulpiride,Sulpiride
CNS(=O)(=O)Cc1ccc2[nH]cc(CCN(C)C)c2c1.O=C(O)CCC(=O)O,59772.0,,5358.0,Sumatriptan succinate,Sumatriptan Succinate
CCN(CC)CCNC(=O)c1c(C)[nH]c(/C=C2\C(=O)Nc3ccc(F)cc32)c1C,5329102.0,,5329102.0,Sunitinib,Sunitinib
CCN(CC)CCNC(=O)c1c(C)[nH]c(/C=C2\C(=O)Nc3ccc(F)cc32)c1C,5329102.0,,5329102.0,Sunitinib ,Sunitinib
CCN(CC)CCNC(=O)c1c(C)[nH]c(/C=C2\C(=O)Nc3ccc(F)cc32)c1C.O=C(O)C[C@H](O)C(=O)O,6456015.0,,5329102.0,Sunitinib Malate,Sunitinib Malate
CCN(CC)CCNC(=O)c1c(C)[nH]c(/C=C2\C(=O)Nc3ccc(F)cc32)c1C.O=C(O)C[C@H](O)C(=O)O,6456015.0,,5329102.0,Sunitinib Malate  ,Sunitinib Malate
CCN(CC)CCNC(=O)c1c(C)[nH]c(/C=C2\C(=O)Nc3ccc(F)cc32)c1C.O=C(O)C[C@H](O)C(=O)O,6456015.0,,5329102.0,Sunitinib malate,Sunitinib Malate
CCOCC(O)COc1ccc(NC(=O)CC[S+](C)C)cc1.Cc1ccc(S(=O)(=O)[O-])cc1,71773.0,,71774.0,Suplatast tosilate,Suplatast Tosilate
Cc1ccc(C(=O)Nc2ccc(S(=O)(=O)[O-])c3cc(S(=O)(=O)[O-])cc(S(=O)(=O)[O-])c23)cc1NC(=O)c1cccc(NC(=O)Nc2cccc(C(=O)Nc3cc(C(=O)Nc4ccc(S(=O)(=O)[O-])c5cc(S(=O)(=O)[O-])cc(S(=O)(=O)[O-])c45)ccc3C)c2)c1.[Na+].[Na+].[Na+].[Na+].[Na+].[Na+],8514.0,,5361.0,Suramin Sodium Salt,Suramin Sodium
C=C[C@H]1[C@H](O[C@@H]2O[C@H](CO)[C@@H](O)[C@H](O)[C@H]2O)OC=C2C(=O)OCC[C@]21O,442435.0,,442435.0,Swertiamarin,Swertiamarin
CNCC(O)c1ccc(O)cc1,7172.0,,7172.0,Synephrine,Synephrine
,,,,Synergin,
,,,,T-5345967,
,,,,T-oligo,
O=S(=O)(c1ccccc1)N(CC(F)(F)F)c1ccc(C(O)(C(F)(F)F)C(F)(F)F)cc1,447912.0,,447912.0,T0901317,"N-(2,2,2-Trifluoroethyl)-N-(4-(2,2,2-trifluoro-1-hydroxy-1-(trifluoromethyl)ethyl)phenyl)-benzenesulfonamide"
C=CC[C@@H]1/C=C(\C)C[C@H](C)C[C@H](OC)[C@H]2O[C@@](O)(C(=O)C(=O)N3CCCC[C@H]3C(=O)O[C@H](/C(C)=C/[C@@H]3CC[C@@H](O)[C@H](OC)C3)[C@H](C)[C@@H](O)CC1=O)[C@H](C)C[C@@H]2OC,445643.0,,445643.0,TACROLIMUS,Tacrolimus
COc1cc(N2CCC(N3CCN(C)CC3)CC2)ccc1Nc1ncc(Cl)c(Nc2ccccc2S(=O)(=O)C(C)C)n1,16038120.0,,16038120.0,TAE-684,"5-Chloro-N2-(2-methoxy-4-(4-(4-methyl-1-piperazinyl)-1-piperidinyl)phenyl)-N4-(2-((1-methylethyl)sulfonyl)phenyl)-2,4-pyrimidinediamine"
CNC(=O)c1ccccc1Nc1nc(Nc2ccc(N3CCOCC3)cc2OC)ncc1Cl,9934347.0,,9934347.0,TAE226,2-((5-chloro-2-((2-methoxy-4-morpholin-4-ylphenyl)amino)pyrimidin-4-yl)amino)-N-methylbenzamide
CNC(=O)c1ccccc1Nc1nc(Nc2ccc(N3CCOCC3)cc2OC)ncc1Cl,9934347.0,,9934347.0,TAE226 (NVP-TAE226),2-((5-chloro-2-((2-methoxy-4-morpholin-4-ylphenyl)amino)pyrimidin-4-yl)amino)-N-methylbenzamide
COc1cc(N2CCC(N3CCN(C)CC3)CC2)ccc1Nc1ncc(Cl)c(Nc2ccccc2S(=O)(=O)C(C)C)n1,16038120.0,,16038120.0,TAE684,"5-Chloro-N2-(2-methoxy-4-(4-(4-methyl-1-piperazinyl)-1-piperidinyl)phenyl)-N4-(2-((1-methylethyl)sulfonyl)phenyl)-2,4-pyrimidinediamine"
,,,,TAK Plk inhibitor,
COc1cn(-c2ccc(-n3cccn3)cc2F)nc(-c2ccnn2-c2ccccc2)c1=O,46848915.0,,46848915.0,TAK-063,Balipodect
CC(C)(O)CC(=O)NCCn1ccc2ncnc(Nc3ccc(Oc4cccc(C(F)(F)F)c4)c(Cl)c3)c21,11620908.0,,11620908.0,TAK-285,Tak-285
CNCc1cc(-c2ccccc2F)n(S(=O)(=O)c2cccnc2)c1.O=C(O)/C=C/C(=O)O,45375887.0,,15981397.0,TAK-438(Vonoprazan fumarate),Vonoprazan Fumarate
CCc1cc2c(c(OCC(F)(F)F)c(C(=O)NC3CCN(C(=O)CO)CC3)n2C)c(=O)n1CC(=O)c1ccccc1,44187367.0,,44187367.0,TAK-441,Tak-441
,,,,TAK-530,
N#Cc1c(Oc2ccc(F)c(NC(=O)Cc3cccc(C(F)(F)F)c3)c2)ccc2nc(NC(=O)C3CC3)sc12,46209401.0,,46209401.0,TAK-632,Tak-632
CNC(=O)c1ccc2cc([C@@]3(O)CCn4cncc43)ccc2c1,9796590.0,,9796590.0,TAK-700,Orteronel
CCc1nc(-c2cccc(C)c2)c(-c2ccnc(NC(=O)c3ccccc3)c2)s1,9952773.0,,9952773.0,TAK-715,Tak-715
Cn1c(=O)c(F)c(Nc2ccc(I)cc2F)c2c(=O)n(C[C@@H](O)CO)cnc21,24963252.0,,24963252.0,TAK-733,Tak-733
CCS(=O)(=O)c1cccc(-c2cc(C(=O)NC3CCN(C)CC3)c(C)c3[nH]c4ncc(C)cc4c23)c1,16124208.0,,16124208.0,TAK-901,Tak-901
COc1cc(C(=O)NC2CCN(C)CC2)c(F)cc1Nc1ncc2c(n1)N(C1CCCC1)CC(F)(F)C(=O)N2C,53357478.0,,53357478.0,TAK-960,Tak-960
,,,,TAK-960 analog,
,45375953.0,,,TAK228,Sapanisertib
N#Cc1c(Oc2ccc(F)c(NC(=O)Cc3cccc(C(F)(F)F)c3)c2)ccc2nc(NC(=O)C3CC3)sc12,46209401.0,,46209401.0,TAK632,Tak-632
Cc1cc(OCCCS(C)(=O)=O)cc(C)c1-c1cccc(COc2ccc3c(c2)OC[C@H]3CC(=O)O)c1,24857286.0,,24857286.0,TAK875,Fasiglifam
CCS(=O)(=O)c1cccc(-c2cc(C(=O)NC3CCN(C)CC3)c(C)c3[nH]c4ncc(C)cc4c23)c1,16124208.0,,16124208.0,TAK901,Tak-901
Cn1ncnc1[C@H]1c2n[nH]c(=O)c3cc(F)cc(c23)N[C@@H]1c1ccc(F)cc1,135565082.0,,135565082.0,TALAZOPARIB,Talazoparib
COc1cc(Nc2ncc(F)c(Nc3ccc4c(n3)NC(=O)C(C)(C)O4)n2)cc(OC)c1OC,11213558.0,,11213558.0,TAMATINIB (R406),Tamatinib
CC/C(=C(\c1ccccc1)c1ccc(OCCN(C)C)cc1)c1ccccc1,2733526.0,,2733526.0,TAMOXIFEN,Tamoxifen
CC/C(=C(\c1ccccc1)c1ccc(OCCN(C)C)cc1)c1ccccc1.O=C(O)CC(O)(CC(=O)O)C(=O)O,2733525.0,,,TAMOXIFEN CITRATE,Tamoxifen Citrate
COc1cc2c(N3CCN(C(=O)Nc4ccc(OC(C)C)cc4)CC3)ncnc2cc1OCCCN1CCCCC1,3038522.0,,3038522.0,TANDUTINIB,Tandutinib
C=CCNC1=C2C[C@@H](C)C[C@H](OC)[C@H](O)[C@@H](C)/C=C(\C)[C@H](OC(N)=O)[C@@H](OC)/C=C\C=C(/C)C(=O)NC(=CC1=O)C2=O,6505803.0,,6505803.0,TANESPIMYCIN,Tanespimycin
COc1ccc(C(=C2C(=O)Nc3ccccc32)c2ccc(OC)cc2)cc1,9885087.0,,9885087.0,TAS-301,Tas-301
Cc1nc(-c2cn3c(n2)-c2ccc(-c4cnn(C(C)(C)C(N)=O)c4)cc2OCC3)n(C(C)C)n1,51001932.0,,51001932.0,TASELISIB,Taselisib
COc1ccc(C(=O)Nc2sc3c(c2C(N)=O)CCCC3)cc1OC,1048845.0,,1048845.0,TCS 359,Flt-3 inhibitor
Cn1sc(=O)n(Cc2ccccc2)c1=O,4124851.0,,4124851.0,TDZD-8,Tdzd-8
O=C(CCl)c1ccccc1Nc1cccc(C(F)(F)F)c1,137796964.0,,137796964.0,TED-347,2-Chloro-1-(2-((3-(trifluoromethyl)phenyl)amino)phenyl)ethanone
,10385095.0,,,"TELOMERASE INHIBITOR IX, MST-312, MST 312, MST312",Telomerase Inhibitor IX
Cn1nnc2c(C(N)=O)ncn2c1=O,5394.0,,5394.0,TEMOZOLOMIDE,Temozolomide
CO[C@H]1C[C@@H]2CC[C@@H](C)[C@@](O)(O2)C(=O)C(=O)N2CCCC[C@H]2C(=O)O[C@H]([C@H](C)C[C@@H]2CC[C@@H](OC(=O)C(C)(CO)CO)[C@H](OC)C2)CC(=O)[C@H](C)/C=C(\C)[C@@H](O)[C@@H](OC)C(=O)[C@H](C)C[C@H](C)/C=C/C=C/C=C/1C,6918289.0,,6918289.0,TEMSIROLIMUS,Temsirolimus
COc1cc([C@@H]2c3cc4c(cc3[C@@H](O[C@@H]3O[C@@H]5CO[C@@H](c6cccs6)O[C@H]5[C@H](O)[C@H]3O)[C@H]3COC(=O)[C@H]23)OCO4)cc(OC)c1O,452548.0,,452548.0,TENIPOSIDE,Teniposide
CN(C)CCCCC(=O)Nc1ccc(NC(=S)NC(=O)c2ccc(C(C)(C)C)cc2)cc1,24772043.0,,24772043.0,TENOVIN-6,Tenovin-6
Cc1cccc(-c2[nH]c(CNc3ccccc3F)nc2-c2ccc3ncnn3c2)n1,54766013.0,,54766013.0,TEW-7197,Vactosertib
Nc1nc(N)c2nc(-c3cccc(O)c3)c(-c3cccc(O)c3)nc2n1,10427712.0,,10427712.0,TG-100-115,TG-100115
Cc1cnc(Nc2ccc(OCCN3CCCC3)cc2)nc1Nc1cccc(S(=O)(=O)NC(C)(C)C)c1,16722836.0,,16722836.0,TG-101348,Fedratinib
CCN1/C(=C/C(C)=O)Sc2ccc(OC)cc21,1893668.0,,1893668.0,TG003,TG-003
Nc1nc(N)c2nc(-c3cccc(O)c3)c(-c3cccc(O)c3)nc2n1,10427712.0,,10427712.0,TG100-115,TG-100115
Cc1cnc(Nc2ccc(N3CCN(C)CC3)cc2)nc1Nc1cccc(S(=O)(=O)NC(C)(C)C)c1,16722832.0,,16722832.0,TG101209,TG101209
Cc1cnc(Nc2ccc(OCCN3CCCC3)cc2)nc1Nc1cccc(S(=O)(=O)NC(C)(C)C)c1,16722836.0,,16722836.0,TG101348,Fedratinib
Cc1cnc(Nc2ccc(OCCN3CCCC3)cc2)nc1Nc1cccc(S(=O)(=O)NC(C)(C)C)c1,16722836.0,,16722836.0,TG101348 (SAR302503),Fedratinib
CC(C)Oc1ccc(-c2nn([C@@H](C)c3oc4ccc(F)cc4c(=O)c3-c3cccc(F)c3)c3ncnc(N)c23)cc1F,72950888.0,,72950888.0,TGR-1202,Umbralisib
Cc1cc(C(C)Nc2ccccc2)c2nc(N3CCOCC3)cc(=O)n2c1,9907093.0,,9907093.0,TGX 221,Tgx-221
Cc1ccccc1Oc1cccc2c(=O)cc(N3CCOCC3)[nH]c12,9902311.0,,9902311.0,TGX-115,"4(1H)-Quinolinone, 8-(2-methylphenoxy)-2-(4-morpholinyl)-"
Cc1cc(C(C)Nc2ccccc2)c2nc(N3CCOCC3)cc(=O)n2c1,9907093.0,,9907093.0,TGX-221,Tgx-221
Cc1cc(C(C)Nc2ccccc2)c2nc(N3CCOCC3)cc(=O)n2c1,9907093.0,,9907093.0,TGX221,Tgx-221
Nc1nc(NC2CC2)cc(-c2cccc(Cl)c2Cl)n1,73389731.0,,73389731.0,TH588,"N~4~-Cyclopropyl-6-(2,3-Dichlorophenyl)pyrimidine-2,4-Diamine"
O=C1CCC(N2C(=O)c3ccccc3C2=O)C(=O)N1,5426.0,,5426.0,THALIDOMIDE,Thalidomide
C/C=C(/C)C(=O)O[C@H]1C(C)=C2[C@H]([C@@H]1OC(=O)CCCCCCC)[C@@](C)(OC(C)=O)C[C@H](OC(=O)CCC)[C@@]1(O)[C@H]2OC(=O)[C@@]1(C)O,446378.0,,446378.0,THAPSIGARGIN,Thapsigargin
Nc1nc(=S)c2[nH]cnc2[nH]1,2723601.0,,2723601.0,THIOGUANINE,Thioguanine
S=P(N1CC1)(N1CC1)N1CC1,5453.0,,5453.0,THIOTEPA,Thiotepa
,,,,THZ-1-87,
,,,,THZ-2-102-1,
,,,,THZ-2-49,
CN(C)C/C=C/C(=O)Nc1ccc(C(=O)Nc2cccc(Nc3ncc(Cl)c(-c4c[nH]c5ccccc45)n3)c2)cc1,73602827.0,,73602827.0,THZ1,Thz1
CN(C)C/C=C/C(=O)Nc1cccc(C(=O)Nc2cccc(Nc3ncc(Cl)c(-c4c[nH]c5ccccc45)n3)c2)c1,78357763.0,,78357763.0,THZ2,N-[3-[[5-chloro-4-(1H-indol-3-yl)pyrimidin-2-yl]amino]phenyl]-3-[[(E)-4-(dimethylamino)but-2-enoyl]amino]benzamide
Cc1ccccc1CN1C2=NCCN2C(=O)C2=C1CCN(Cc1ccccc1)C2,336423.0,,336423.0,TIC 10,"7-Benzyl-10-(2-methylbenzyl)-2,3,6,7,8,9-hexahydroimidazo[1,2-a]pyrido[4,3-d]pyrimidin-5(10H)-one"
Cc1ccccc1CN1C(=O)C2=C(CCN(Cc3ccccc3)C2)N2CCN=C12,73777259.0,,73777259.0,TIC10,Dordaviprone
,336423.0,,,TIC10 Analogue,"7-Benzyl-10-(2-methylbenzyl)-2,3,6,7,8,9-hexahydroimidazo[1,2-a]pyrido[4,3-d]pyrimidin-5(10H)-one"
CN(C)c1cc(NC(=O)CNC(C)(C)C)c(O)c2c1C[C@H]1C[C@H]3[C@H](N(C)C)C(=O)C(C(N)=O)=C(O)[C@@]3(O)C(=O)C1=C2O,54686904.0,,54686904.0,TIGECYCLINE,Tigecycline
Cn1cncc1[C@@](N)(c1ccc(Cl)cc1)c1ccc2c(c1)c(-c1cccc(Cl)c1)cc(=O)n2C,159324.0,,159324.0,TIPIFARNIB,Tipifarnib
Cn1cncc1[C@](N)(c1ccc(Cl)cc1)c1ccc2c(c1)c(-c1cccc(Cl)c1)cc(=O)n2C,9935249.0,,9935249.0,TIPIFARNIB (S ENANTIOMER),Tipifarnib S enantiomer
O=C1NC(=O)[C@@H](c2cn3c4c(cccc24)CCC3)[C@@H]1c1c[nH]c2ccccc12,11494412.0,,11494412.0,TIVANTINIB,Tivantinib
COc1cc2nccc(Oc3ccc(NC(=O)Nc4cc(C)on4)c(Cl)c3)c2cc1OC,9911830.0,,9911830.0,TIVOZANIB,Tivozanib
O=C(CC1(O)C(=O)Nc2c(Cl)ccc(Cl)c21)c1ccc(C2CC2)cc1,121268274.0,,121268274.0,TK216,"4,7-Dichloro-3-(2-(4-cyclopropylphenyl)-2-oxoethyl)-3-hydroxyindolin-2-one"
CC(O)C(=O)O.CN1CCN(c2ccc3nc(-c4c(N)c5c(F)cccc5[nH]c4=O)[nH]c3c2)CC1.O,135611162.0,,135398510.0,TKI258,Tki258
,,,,TL-1-85,
,,,,TL-2-105,
CC[C@H](NC(=O)[C@H](C)NC)C(=O)N1C[C@@H](O)C[C@H]1Cc1c(-c2[nH]c3cc(F)ccc3c2C[C@@H]2C[C@H](O)CN2C(=O)[C@H](CC)NC(=O)[C@H](C)NC)[nH]c2cc(F)ccc12,49836020.0,,49836020.0,TL-32711,Birinapant
CCOC(=O)[C@@H](N)CCC(=O)N[C@@H](CSCc1ccccc1)C(=O)N[C@@H](C(=O)OCC)c1ccccc1,5310939.0,,5310939.0,TLK-199,Ezatiostat
O=C(NCC1(c2nc(-c3ccccc3)cs2)CCOCC1)c1cccc(-c2noc(C(F)(F)F)n2)c1,53344908.0,,53344908.0,TMP269,Tmp269
Cn1nnc2c(C(N)=O)ncn2c1=O,5394.0,,5394.0,TMZ,Temozolomide
Cc1c(Cl)cccc1Nc1ccccc1C(=O)O,610479.0,,610479.0,TOLFENAMIC ACID,Tolfenamic Acid
CC[C@@]1(O)C(=O)OCc2c1cc1n(c2=O)Cc2cc3c(CN(C)C)c(O)ccc3nc2-1,60700.0,,60700.0,TOPOTECAN,Topotecan
CC[C@@]1(O)C(=O)OCc2c1cc1n(c2=O)Cc2cc3c(CN(C)C)c(O)ccc3nc2-1.Cl,60699.0,,60700.0,TOPOTECAN HYDROCHLORIDE,Topotecan Hydrochloride
Nc1ccc(-c2ccc3ncc4ccc(=O)n(-c5cccc(C(F)(F)F)c5)c4c3c2)cn1,51358113.0,,51358113.0,TORIN-2,"9-(6-Aminopyridin-3-yl)-1-(3-(trifluoromethyl)phenyl)benzo(h)(1,6)naphthyridin-2(1H)-one"
CC(C)C[C@@H](C(=O)N[C@H](C(=O)OC1CCCC1)c1ccccc1)[C@H](O)C(=O)NO,15547703.0,,15547703.0,TOSEDOSTAT,Tosedostat
Cc1cc(Nc2cc(N3CCN(C)CC3)nc(Sc3ccc(NC(=O)C4CC4)cc3)n2)n[nH]1,5494449.0,,5494449.0,TOZASERTIB,Tozasertib
NC(=O)Nc1sc(-c2ccc(F)cc2)cc1C(N)=O,9903786.0,,9903786.0,TPCA-1,Tpca-1
Clc1ccccc1C(c1ccccc1)(c1ccccc1)n1cccn1,656734.0,,656734.0,TRAM-34,Tram-34
CC(=O)Nc1cccc(-n2c(=O)n(C3CC3)c(=O)c3c(Nc4ccc(I)cc4F)n(C)c(=O)c(C)c32)c1,11707110.0,,11707110.0,TRAMETINIB,Trametinib
CC1=C(/C=C/C(C)=C/C=C/C(C)=C/C(=O)O)C(C)(C)CCC1,444795.0,,444795.0,TRETINOIN,Retinoic Acid
CC(/C=C/C(=O)NO)=C\[C@@H](C)C(=O)c1ccc(N(C)C)cc1,444732.0,,444732.0,TRICHOSTATIN A,Trichostatin A
CC(/C=C/C(=O)NO)=C\[C@H](C)C(=O)c1ccc(N(C)C)cc1,13507024.0,,13507024.0,TRICHOSTATIN-A,(-)-Trichostatin A
CN1N=C(N)c2cn([C@@H]3O[C@H](CO)[C@@H](O)[C@H]3O)c3ncnc1c23,65399.0,,65399.0,TRICIRIBINE,Triciribine
C1CN1c1nc(N2CC2)nc(N2CC2)n1,5799.0,,5799.0,TRIETHYLENEMELAMINE,Triethylenemelamine
CN1CCN(CCCN2c3ccccc3Sc3ccc(C(F)(F)F)cc32)CC1,5566.0,,5566.0,TRIFLUOPERAZINE,Trifluoperazine
CC(C)[C@]12O[C@H]1[C@@H]1O[C@]13[C@]1(O[C@H]1C[C@H]1C4=C(CC[C@@]13C)C(=O)OC4)[C@@H]2O,107985.0,,107985.0,TRIPTOLIDE,Triptolide
Cc1[nH]c(/C=C2\C(=O)Nc3ccccc32)c(C)c1CCC(=O)O,5329099.0,,5329099.0,"TSU-68 (SU6668, Orantinib)",Orantinib
,,,,TTNBP,
CN1CCc2c(c3ccccc3n2Cc2ccc(C(=O)NO)cc2)C1,49850262.0,,49850262.0,TUBASTATIN A,Tubastatin A
CC(C)c1ccccc1Cc1cc(C(=O)Nc2ccc(S(=O)(=O)c3ccccc3C(C)(C)C)cc2)c(O)c(O)c1O,11455910.0,,11455910.0,TW 37,TW-37
CC(C)c1ccccc1Cc1cc(C(=O)Nc2ccc(S(=O)(=O)c3ccccc3C(C)(C)C)cc2)c(O)c(O)c1O,11455910.0,,11455910.0,TW-37,TW-37
Nc1cccc(-c2cc3c(Oc4cccc(O)c4)ncnc3[nH]2)c1,9549289.0,,9549289.0,TWS-119,Tws119
Nc1cccc(-c2cc3c(Oc4cccc(O)c4)ncnc3[nH]2)c1,9549289.0,,9549289.0,TWS119,Tws119
CC(=O)Nc1ccc(C(=O)Nc2ccccc2N)cc1,2746.0,,2746.0,Tacedinaline,Tacedinaline
Cl.Nc1c2c(nc3ccccc13)CCCC2.O,6420002.0,,1935.0,Tacrine hydrochloride hydrate,"1,2,3,4-Tetrahydro-9-acridinamine hydrochloride hydrate (1:?:?)"
C=CC[C@@H]1/C=C(\C)C[C@H](C)C[C@H](OC)[C@H]2O[C@@](O)(C(=O)C(=O)N3CCCC[C@H]3C(=O)O[C@H](/C(C)=C/[C@@H]3CC[C@@H](O)[C@H](OC)C3)[C@H](C)[C@@H](O)CC1=O)[C@H](C)C[C@@H]2OC,445643.0,,445643.0,Tacrolimus,Tacrolimus
C=CC[C@@H]1/C=C(\C)C[C@H](C)C[C@H](OC)[C@H]2O[C@@](O)(C(=O)C(=O)N3CCCC[C@H]3C(=O)O[C@H](/C(C)=C/[C@@H]3CC[C@@H](O)[C@H](OC)C3)[C@H](C)[C@@H](O)CC1=O)[C@H](C)C[C@@H]2OC,445643.0,,445643.0,Tacrolimus (FK506),Tacrolimus
CN(C(=O)c1ccc(F)cc1C(F)(F)F)C1CCN(c2nnc(-c3ccnn3C)c3ccccc23)CC1,49848070.0,,49848070.0,Taladegib,Taladegib
CN(C(=O)c1ccc(F)cc1C(F)(F)F)C1CCN(c2nnc(-c3ccnn3C)c3ccccc23)CC1,49848070.0,,49848070.0,Taladegib (LY2940680),Taladegib
Cn1ncnc1[C@H]1c2n[nH]c(=O)c3cc(F)cc(c23)N[C@@H]1c1ccc(F)cc1,135565082.0,,135565082.0,Talazoparib,Talazoparib
[Mg+2].[Mg+2].[Mg+2].[O-][Si]12O[Si]3([O-])O[Si]([O-])(O1)O[Si]([O-])(O2)O3.[OH-].[OH-],165411828.0,,,Talc,Talc
C[C@@H]1CN(Cc2ccc(F)cc2)[C@@H](C)CN1C(=O)c1cc2c(C(=O)C(=O)N(C)C)cn(C)c2cc1Cl,9871074.0,,9871074.0,Talmapimod,Talmapimod
COc1cc(Nc2ncc(F)c(Nc3ccc4c(n3)NC(=O)C(C)(C)O4)n2)cc(OC)c1OC,11213558.0,,11213558.0,Tamatinib,Tamatinib
CC1(C)CCC(C)(C)c2cc(NC(=O)c3ccc(C(=O)O)cc3)ccc21,108143.0,,108143.0,Tamibarotene,Tamibarotene
CC/C(=C(\c1ccccc1)c1ccc(OCCN(C)C)cc1)c1ccccc1,2733526.0,,2733526.0,Tamoxifen,Tamoxifen
CC/C(=C(\c1ccccc1)c1ccc(OCCN(C)C)cc1)c1ccccc1,2733526.0,,2733526.0,Tamoxifen ,Tamoxifen
CC/C(=C(\c1ccccc1)c1ccc(OCCN(C)C)cc1)c1ccccc1.O=C(O)CC(O)(CC(=O)O)C(=O)O,2733525.0,,,Tamoxifen citrate,Tamoxifen Citrate
,129721014.0,,,"Tamoxifen, citrate",Tamoxifene citrate
CCOc1ccccc1OCCN[C@H](C)Cc1ccc(OC)c(S(N)(=O)=O)c1.Cl,5362376.0,,129211.0,Tamsulosin hydrochloride,Tamsulosin Hydrochloride
COc1cc2c(N3CCN(C(=O)Nc4ccc(OC(C)C)cc4)CC3)ncnc2cc1OCCCN1CCCCC1,3038522.0,,3038522.0,Tandutinib,Tandutinib
COc1cc2c(N3CCN(C(=O)Nc4ccc(OC(C)C)cc4)CC3)ncnc2cc1OCCCN1CCCCC1,3038522.0,,3038522.0,Tandutinib (MLN518),Tandutinib
C=CCNC1=C2C[C@@H](C)C[C@H](OC)[C@H](O)[C@@H](C)/C=C(\C)[C@H](OC(N)=O)[C@@H](OC)/C=C\C=C(/C)C(=O)NC(=CC1=O)C2=O,6505803.0,,6505803.0,Tanespimycin,Tanespimycin
C=CCNC1=C2C[C@@H](C)C[C@H](OC)[C@H](O)[C@@H](C)/C=C(\C)[C@H](OC(N)=O)[C@@H](OC)/C=C\C=C(/C)C(=O)NC(=CC1=O)C2=O,6505803.0,,6505803.0,Tanespimycin ,Tanespimycin
Cc1coc2c1C(=O)C(=O)c1c-2ccc2c(C)cccc12,114917.0,,114917.0,Tanshinone I,Tanshinone I
Cc1coc2c1C(=O)C(=O)c1c-2ccc2c1CCCC2(C)C,164676.0,,164676.0,Tanshinone IIA,Tanshinone Iia
Cc1c(S(=O)(=O)[O-])oc2c1C(=O)C(=O)c1c-2ccc2c1CCCC2(C)C.[Na+],23669322.0,,125782.0,Tanshinone IIA-sulfonic sodium,Tanshinone Iia Sulfonate
OC1CCC(Nc2ncc3nc(Nc4c(F)cc(F)cc4F)n([C@H]4CCOC4)c3n2)CC1,11597537.0,,11597537.0,Tanzisertib,CC-930
CC[C@@H](c1cccc(O)c1)[C@@H](C)CN(C)C.Cl,9838021.0,,9838022.0,Tapentadol hydrochloride,Tapentadol Hydrochloride
O=C(O)COc1cccc(CN(Cc2ccc(-n3cccn3)cc2)S(=O)(=O)c2cccnc2)c1,18376177.0,,18376177.0,Taprenepag,Taprenepag
C[C@@H](C(=O)O)c1ccc(-c2ccccc2)c(F)c1,92337.0,,92337.0,Tarenflurbil,Tarenflurbil
,,,,Targegen B-Raf/PDGFR inhibitor Cpd 6,
Cc1nc(-c2cn3c(n2)-c2ccc(-c4cnn(C(C)(C)C(N)=O)c4)cc2OCC3)n(C(C)C)n1,51001932.0,,51001932.0,Taselisib,Taselisib
C[C@@H]1CCN(C(=O)CC#N)C[C@@H]1N(C)c1ncnc2[nH]ccc12,9926791.0,,9926791.0,Tasocitinib,Tofacitinib
COc1cccc2c1c(O)c(C(=O)N(C)c1ccc(C(F)(F)F)cc1)c(=O)n2C,54682876.0,,54682876.0,Tasquinimod,Tasquinimod
NCCS(=O)(=O)O,1123.0,,1123.0,Taurine,Taurine
C[C@H](CCC(=O)NCCS(=O)(=O)O)[C@H]1CC[C@H]2[C@@H]3[C@H](O)C[C@@H]4C[C@H](O)CC[C@]4(C)[C@H]3C[C@H](O)[C@]12C.[Na],45055433.0,,6675.0,Taurocholic acid sodium salt hydrate,"Sodium taurocholate, BRP, European Pharmacopoeia (EP) Reference Standard"
C[C@H](CCC(=O)NCCS(=O)(=O)O)[C@H]1CC[C@H]2[C@@H]3[C@@H](O)C[C@@H]4C[C@H](O)CC[C@]4(C)[C@H]3CC[C@]12C,9848818.0,,9848818.0,Tauroursodeoxycholic Acid,Tauroursodeoxycholic acid
CCOC(=O)c1ccc(C#Cc2ccc3c(c2)C(C)(C)CCS3)nc1,5381.0,,5381.0,Tazarotene,Tazarotene
CCN(c1cc(-c2ccc(CN3CCOCC3)cc2)cc(C(=O)NCc2c(C)cc(C)[nH]c2=O)c1C)C1CCOCC1,66558664.0,,66558664.0,Tazemetostat,Tazemetostat
C[C@]1(Cn2ccnn2)[C@H](C(=O)O)N2C(=O)C[C@H]2S1(=O)=O,123630.0,,123630.0,Tazobactam,Tazobactam
C[C@]1(Cn2ccnn2)[C@H](C(=O)O)N2C(=O)C[C@H]2S1(=O)=O,123630.0,,123630.0,Tazobactam acid,Tazobactam
O=c1[nH]c(=O)n(C2CCCO2)cc1F,5386.0,,5386.0,Tegafur,Tegafur
O=c1[nH]c(=O)n([C@H]2CCCO2)cc1F,288216.0,,288216.0,"Tegafur (FT-207, NSC 148958)",(R)-Ftorafur
CCCCCCCCCC(=O)N[C@H]1[C@H](Oc2c3cc4cc2Oc2ccc(cc2Cl)[C@@H](O[C@@H]2O[C@H](CO)[C@@H](O)[C@H](O)[C@H]2NC(C)=O)[C@@H]2NC(=O)[C@H](NC(=O)[C@@H]4NC(=O)[C@H]4NC(=O)[C@@H](Cc5ccc(c(Cl)c5)O3)NC(=O)[C@H](N)c3ccc(O)c(c3)Oc3cc(O)cc4c3)c3ccc(O)c(c3)-c3c(OC4O[C@H](CO)[C@@H](O)[C@H](O)[C@@H]4O)cc(O)cc3[C@@H](C(=O)O)NC2=O)O[C@H](CO)[C@@H](O)[C@@H]1O,133065662.0,,133065662.0,Teicoplanin,Teicoplanin
CCC[C@H](NC(=O)[C@@H]1[C@H]2CCC[C@H]2CN1C(=O)[C@@H](NC(=O)[C@@H](NC(=O)c1cnccn1)C1CCCCC1)C(C)(C)C)C(=O)C(=O)NC1CC1,3010818.0,,3010818.0,Telaprevir (VX-950),Telaprevir
CNC(=O)c1cc(COc2nnc(Nc3ccc(Cl)cc3)c3ccoc23)ccn1,9808844.0,,9808844.0,Telatinib,Telatinib
Cc1cn([C@@H]2C[C@@H](O)[C@H](CO)O2)c(=O)[nH]c1=O,159269.0,,159269.0,Telbivudine,Telbivudine
CCCc1nc2c(C)cc(-c3nc4ccccc4n3C)cc2n1Cc1ccc(-c2ccccc2C(=O)O)cc1,65999.0,,65999.0,Telmisartan,Telmisartan
Cn1nnc2c(C(N)=O)ncn2c1=O,5394.0,,5394.0,Temozolomide,Temozolomide
Cn1nnc2c(C(N)=O)ncn2c1=O,5394.0,,5394.0,Temozolomide  ,Temozolomide
CO[C@H]1C[C@@H]2CC[C@@H](C)[C@@](O)(O2)C(=O)C(=O)N2CCCC[C@H]2C(=O)O[C@H]([C@H](C)C[C@@H]2CC[C@@H](OC(=O)C(C)(CO)CO)[C@H](OC)C2)CC(=O)[C@H](C)/C=C(\C)[C@@H](O)[C@@H](OC)C(=O)[C@H](C)C[C@H](C)/C=C/C=C/C=C/1C,6918289.0,,6918289.0,Temsirolimus,Temsirolimus
CO[C@H]1C[C@@H]2CC[C@@H](C)[C@@](O)(O2)C(=O)C(=O)N2CCCC[C@H]2C(=O)O[C@H]([C@H](C)C[C@@H]2CC[C@@H](OC(=O)C(C)(CO)CO)[C@H](OC)C2)CC(=O)[C@H](C)/C=C(\C)[C@@H](O)[C@@H](OC)C(=O)[C@H](C)C[C@H](C)/C=C/C=C/C=C/1C,6918289.0,,6918289.0,Temsirolimus ,Temsirolimus
CO[C@H]1C[C@@H]2CC[C@@H](C)[C@@](O)(O2)C(=O)C(=O)N2CCCC[C@H]2C(=O)O[C@H]([C@H](C)C[C@@H]2CC[C@@H](OC(=O)C(C)(CO)CO)[C@H](OC)C2)CC(=O)[C@H](C)/C=C(\C)[C@@H](O)[C@@H](OC)C(=O)[C@H](C)C[C@H](C)/C=C\C=C\C=C\1C,18293306.0,,18293306.0,"Temsirolimus (CCI-779, NSC 683864)","Temsirolimus (CCI-779, NSC 683864)"
COc1cc([C@@H]2c3cc4c(cc3[C@@H](O[C@@H]3O[C@@H]5CO[C@@H](c6cccs6)O[C@H]5[C@H](O)[C@H]3O)[C@H]3COC(=O)[C@H]23)OCO4)cc(OC)c1O,452548.0,,452548.0,Teniposide,Teniposide
C[C@H](Cn1cnc2c(N)ncnc21)OCP(=O)(O)O,464205.0,,464205.0,Tenofovir,Tenofovir
,,,,Tenovin-6 derivat A,
,,,,Tenovin-6 derivat B,
CN1C(C(=O)Nc2ccccn2)=C(O)c2sccc2S1(=O)=O,54677971.0,,54677971.0,Tenoxicam,Tenoxicam
CN1CCC(COc2cnc(-c3cccc(Cn4nc(-c5cccc(C#N)c5)ccc4=O)c3)nc2)CC1,25171648.0,,25171648.0,Tepotinib,Tepotinib
CN1CCC(COc2cnc(-c3cccc(Cn4nc(-c5cccc(C#N)c5)ccc4=O)c3)nc2)CC1,25171648.0,,25171648.0,Tepotinib (EMD 1214063),Tepotinib
,,483926388.0,,Teprotumumab,
COc1cc2nc(N3CCN(C(=O)C4CCCO4)CC3)nc(N)c2cc1OC.Cl.O.O,63016.0,,5401.0,Terazosin hydrochloride,Terazosin Hydrochloride
CN(C/C=C/C#CC(C)(C)C)Cc1cccc2ccccc12.Cl,5282481.0,,1549008.0,Terbinafine hydrochloride,Terbinafine Hydrochloride
CC(C)(C)NCC(O)c1cc(O)cc(O)c1.CC(C)(C)NCC(O)c1cc(O)cc(O)c1.O=S(=O)(O)O,441334.0,,5403.0,Terbutaline Sulfate,Terbutaline Sulfate
CC(C)N1CCN(c2ccc(OC[C@H]3CO[C@](Cn4cncn4)(c4ccc(Cl)cc4Cl)O3)cc2)CC1,441383.0,,441383.0,Terconazole,Terconazole
CC(C)(C)c1ccc(C(O)CCCN2CCC(C(O)(c3ccccc3)c3ccccc3)CC2)cc1,5405.0,,5405.0,Terfenadine,Terfenadine
C/C(O)=C(\C#N)C(=O)Nc1ccc(C(F)(F)F)cc1,54684141.0,,54684141.0,Teriflunomide,Teriflunomide
CC1(O)CCC(C(C)(C)O)CC1.O,17141.0,,6651.0,Terpin Monohydrate,4-(2-Hydroxypropan-2-yl)-1-methylcyclohexan-1-ol--water (1/1)
CC1=C(O)C(=O)[C@@H]2O[C@@H]2C1=O,91437.0,,91437.0,Terreic acid,"(1R,6S)-3-Hydroxy-4-methyl-7-oxabicyclo(4.1.0)hept-3-ene-2,5-dione"
COc1cc2c(Nc3ccc(Cl)c(Cl)c3F)ncnc2cc1OCC1C[C@@H]2CN(C)C[C@@H]2C1,10458325.0,,10458325.0,Tesevatinib,"N-(3,4-dichloro-2-fluorophenyl)-6-methoxy-7-(((3aR,6aS)-2-methyloctahydrocyclopenta(c)pyrrol-5-yl)methoxy)-4-quinazolinamine"
C[C@]12CC[C@H]3[C@@H](CCC4=CC(=O)CC[C@@]43C)[C@@H]1CC[C@@H]2O,6013.0,,6013.0,Testosterone,Testosterone
CCCCCCC(=O)O[C@H]1CC[C@H]2[C@@H]3CCC4=CC(=O)CC[C@]4(C)[C@H]3CC[C@]12C,9416.0,,9416.0,Testosterone Enanthate,Testosterone Enanthate
C[C@]12CC[C@H]3[C@@H](CCC4=CC(=O)CC[C@@]43C)[C@@H]1CC[C@@H]2OC(=O)CCc1ccccc1,14743.0,,14743.0,Testosterone Phenylpropionate,Testosterone phenylpropionate
CCC(=O)O[C@H]1CC[C@H]2[C@@H]3CCC4=CC(=O)CC[C@]4(C)[C@H]3CC[C@]12C,5995.0,,5995.0,Testosterone propionate,Testosterone Propionate
COc1cc2c(cc1OC)C1CC(=O)C(CC(C)C)CN1CC2,6018.0,,6018.0,Tetrabenazine,Tetrabenazine
CCCCNc1ccc(C(=O)OCCN(C)C)cc1.Cl,8695.0,,5411.0,Tetracaine hydrochloride,Tetracaine Hydrochloride
CN(C)[C@@H]1C(=O)C(C(N)=O)=C(O)[C@@]2(O)C(=O)C3=C(O)c4c(O)cccc4[C@@](C)(O)[C@H]3C[C@@H]12,54675776.0,,54675776.0,Tetracycline,Tetracycline
CN(C)[C@@H]1C(=O)C(C(N)=O)=C(O)[C@@]2(O)C(=O)C3=C(O)c4c(O)cccc4[C@@](C)(O)[C@H]3C[C@@H]12.Cl,54704426.0,,54675776.0,Tetracycline hydrochloride,"2-Naphthacenecarboxamide, 4-(dimethylamino)-1,4,4a,5,5a,6,11,12a-octahydro-3,6,10,12,12a-pentahydroxy-6-methyl-1,11-dioxo-, hydrochloride (1:1), (4S,4aS,5aS,6S,12aS)-"
Cl.Cl.Cl.Cl.Cl.NCCNCCNCCNCCN,10309252.0,,8197.0,Tetraethylenepentamine Pentahydrochloride,Tetraethylenepentamine pentahydrochloride
COc1cc2c(cc1OC)[C@@H]1Cc3ccc(OC)c(OC)c3CN1CC2.Cl,24747678.0,,72301.0,Tetrahydropalmatine hydrochloride,Tetrahydropalmatine hydrochloride
Cl.c1ccc2c(c1)CCCC2C1=NCCN1,10648.0,,5419.0,Tetrahydrozoline hydrochloride,Tetrahydrozoline Hydrochloride
Cl.c1ccc(C2CN3CCSC3=N2)cc1,68628.0,,3913.0,Tetramisole hydrochloride,Tetramisole Hydrochloride
COc1ccc2cc1Oc1ccc(cc1)C[C@H]1c3cc(c(OC)cc3CCN1C)Oc1c(OC)c(OC)cc3c1[C@H](C2)N(C)CC3,73078.0,,73078.0,Tetrandrine,Tetrandrine
c1ccc2c(c1)CCCC2C1=NCCN1,5419.0,,5419.0,Tetryzoline,(+-)-Tetrahydrozoline
O=C1CCC(N2C(=O)c3ccccc3C2=O)C(=O)N1,5426.0,,5426.0,Thalidomide,Thalidomide
O=C1CCC(N2C(=O)c3ccccc3C2=O)C(=O)N1,5426.0,,5426.0,Thalidomide  ,Thalidomide
C/C=C(/C)C(=O)O[C@H]1C(C)=C2[C@H]([C@@H]1OC(=O)CCCCCCC)[C@@](C)(OC(C)=O)C[C@H](OC(=O)CCC)[C@@]1(O)[C@H]2OC(=O)[C@@]1(C)O,446378.0,,446378.0,Thapsigargin,Thapsigargin
Cn1cnc2c1c(=O)[nH]c(=O)n2C,5429.0,,5429.0,Theobromine,Theobromine
Cn1c(=O)c2[nH]cnc2n(C)c1=O,2153.0,,2153.0,Theophylline,Theophylline
Cn1c(=O)c2[nH]cnc2n(C)c1=O.O,91268.0,,2153.0,Theophylline monohydrate,"1H-Purine-2,6-dione, 3,9-dihydro-1,3-dimethyl-, hydrate (1:1)"
Cn1c(=O)c2c(ncn2CC(=O)O)n(C)c1=O,69550.0,,69550.0,Theophylline-7-acetic acid,Acefylline
c1ccc2[nH]c(-c3cscn3)nc2c1,5430.0,,5430.0,Thiabendazole,Thiabendazole
Cc1ncc(C[n+]2csc(CCO)c2C)c(N)n1.Cl.[Cl-],6202.0,,1130.0,Thiamine hydrochloride,Thiamine Hydrochloride
CS(=O)(=O)c1ccc([C@@H](O)[C@@H](CO)NC(=O)C(Cl)Cl)cc1,27200.0,,27200.0,Thiamphenicol,Thiamphenicol
O=C(NCc1ccccc1)c1csc(Nc2ccncn2)n1,46209426.0,,46209426.0,Thiazovivin,Thiazovivin
C[CH2][Hg][S]c1ccccc1C(=O)[O-].[Na+],16684434.0,,67361.0,Thimerosal,Thimerosal
S=P(N1CC1)(N1CC1)N1CC1,5453.0,,5453.0,Thio-TEPA,Thiotepa
S=P(N1CC1)(N1CC1)N1CC1,5453.0,,5453.0,ThioTEPA,Thiotepa
NC(=O)CCCCC1CCSS1,863.0,,863.0,Thioctamide,Lipoamide
O=C(O)CCCCC1CCSS1,864.0,,864.0,Thioctic acid,alpha Lipoic acid
Nc1nc(=S)c2[nH]cnc2[nH]1,2723601.0,,2723601.0,Thioguanin,Thioguanine
Nc1nc(=S)c2[nH]cnc2[nH]1,2723601.0,,2723601.0,Thioguanine,Thioguanine
Nc1nc(=S)c2ncn([C@@H]3O[C@H](CO)[C@@H](O)[C@H]3O)c2[nH]1,2724387.0,,2724387.0,Thioguanosine,Thioguanosine
O=C(O)C1CSCN1,9934.0,,9934.0,Thioproline,Timonacic
CN1CCN(CCCN2c3ccccc3Sc3ccc(S(=O)(=O)N(C)C)cc32)CC1.CS(=O)(=O)O,12444299.0,,9429.0,Thioproperazine dimesylate,Majeptil
CSc1ccc2c(c1)N(CCC1CCCCN1C)c1ccccc1S2.Cl,66062.0,,5452.0,Thioridazine hydrochloride,Thioridazine Hydrochloride
C=C(NC(=O)C(=C)NC(=O)c1csc(C2=NC3c4csc(n4)C4NC(=O)c5csc(n5)C(C(C)(O)C(C)O)NC(=O)C5CSC(=N5)/C(=C\C)NC(=O)C(C(C)O)NC(=O)c5csc(n5)C3(CC2)NC(=O)C(C)NC(=O)C(=C)NC(=O)C(C)NC(=O)C(C(C)CC)NC2C=Cc3c(C(C)O)cc(nc3C2O)C(=O)OC4C)n1)C(N)=O,16129666.0,,16129666.0,Thiostrepton,Thiostrepton
S=P(N1CC1)(N1CC1)N1CC1,5453.0,,5453.0,Thiotepa,Thiotepa
CC(C)[C@H](NC(=O)[C@H](CC(=O)O)NC(=O)[C@H](CCCCN)NC(=O)[C@@H](N)CCCN=C(N)N)C(=O)N[C@@H](Cc1ccc(O)cc1)C(=O)O,451417.0,,451417.0,Thymopentin,Thymopentin
Cc1ccsc1C(=CCCN1CCC[C@@H](C(=O)O)C1)c1sccc1C,60648.0,,60648.0,Tiagabine,Tiagabine
CN1c2ccccc2C(NCCCCCCC(=O)[O-])c2ccc(Cl)cc2S1(=O)=O.[Na+],23663953.0,,68870.0,Tianeptine sodium,Tianeptine sodium
CCN(CC)CCNC(=O)c1cc(S(C)(=O)=O)ccc1OC.Cl,5702214.0,,5467.0,Tiapride hydrochloride,Tiapride Hydrochloride
CCCSc1nc(N[C@@H]2C[C@H]2c2ccc(F)c(F)c2)c2nnn([C@@H]3C[C@H](OCCO)[C@@H](O)[C@H]3O)c2n1,9871419.0,,9871419.0,Ticagrelor,Ticagrelor
CC1(C)S[C@@H]2[C@H](NC(=O)[C@H](C(=O)[O-])c3ccsc3)C(=O)N2[C@H]1C(=O)[O-].[Na+].[Na+],470375.0,,36921.0,Ticarcillin disodium,Ticarcillin Disodium
Cl.Clc1ccccc1CN1CCc2sccc2C1,65335.0,,5472.0,Ticlopidine hydrochloride,Ticlopidine Hydrochloride
O=c1sn(-c2cccc3ccccc23)c(=O)n1Cc1ccccc1,11313622.0,,11313622.0,Tideglusib,Tideglusib
COc1ccc2cc(-c3nc(-c4ccc(S(C)=O)cc4)[nH]c3-c3ccncc3)ccc2c1,23625762.0,,23625762.0,Tie2 kinase inhibitor,4-(6-methoxy-2-naphthyl)-2-(4-methylsulfinylphenyl)-5-(4-pyridyl)-1H-imidazole
CN(C)c1cc(NC(=O)CNC(C)(C)C)c(O)c2c1C[C@H]1C[C@H]3[C@H](N(C)C)C(=O)C(C(N)=O)=C(O)[C@@]3(O)C(=O)C1=C2O,54686904.0,,54686904.0,Tigecycline,Tigecycline
CCNC1(c2cccs2)CCCCC1=O.Cl,26534.0,,26533.0,Tiletamine hydrochloride,Tiletamine Hydrochloride
CC[C@H]1OC(=O)C[C@@H](O)[C@H](C)[C@@H](O[C@@H]2O[C@H](C)[C@@H](O)[C@H](N(C)C)[C@H]2O)[C@@H](CCN2C[C@H](C)C[C@H](C)C2)C[C@@H](C)C(=O)/C=C/C(C)=C/[C@@H]1CO[C@@H]1O[C@H](C)[C@@H](O)[C@@H](OC)[C@H]1OC,5282521.0,,5282521.0,Tilmicosin,Tilmicosin
CCN(CC)CCOc1ccc2c(c1)C(=O)c1cc(OCCN(CC)CC)ccc1-2.Cl.Cl,33958.0,,5475.0,Tilorone dihydrochloride,Tilorone Hydrochloride
CC(C)(C)NC[C@H](O)COc1nsnc1N1CCOCC1.O=C(O)/C=C\C(=O)O,5281056.0,,33624.0,Timolol Maleate,Timolol Maleate
CCS(=O)(=O)CCn1c([N+](=O)[O-])cnc1C,5479.0,,5479.0,Tinidazole,Tinidazole
CC(S)C(=O)NCC(=O)O,5483.0,,5483.0,Tiopronin,Tiopronin
C[N+]1(C)[C@@H]2CC(OC(=O)C(O)(c3cccs3)c3cccs3)C[C@H]1[C@@H]1O[C@@H]12.[Br-],5487426.0,,5487427.0,Tiotropium bromide,Olodaterol/tiotropium bromide
O=c1oc2cc(O)ccc2s1,72139.0,,72139.0,Tioxolone,"6-Hydroxy-1,3-benzoxathiol-2-one"
Cn1cncc1[C@@](N)(c1ccc(Cl)cc1)c1ccc2c(c1)c(-c1cccc(Cl)c1)cc(=O)n2C,159324.0,,159324.0,Tipifarnib,Tipifarnib
Cn1cncc1[C@@](N)(c1ccc(Cl)cc1)c1ccc2c(c1)c(-c1cccc(Cl)c1)cc(=O)n2C,159324.0,,159324.0,Tipifarnib ,Tipifarnib
Cl.N=C1CCCN1Cc1[nH]c(=O)[nH]c(=O)c1Cl,9903778.0,,6323266.0,Tipiracil hydrochloride,5-Chloro-6-(1-(2-iminopyrrolidinyl) methyl)uracil hydrochloride
O=C(O)C(=O)c1cn(Cc2ccccc2)c2ccc(-c3ccc(OC(F)(F)F)cc3)cc12,6450819.0,,6450819.0,Tiplaxtinin(PAI-039),Tiplasinin
CC#CC(=O)N1CC[C@@H](n2c(=O)n(-c3ccc(Oc4ccccc4)cc3)c3c(N)ncnc32)C1,54755438.0,,54755438.0,Tirabrutinib,Tirabrutinib
O=C(O)Cc1cc(I)c(Oc2ccc(O)c(I)c2)c(I)c1,5803.0,,5803.0,Tiratricol,Tiratricol
CCCCS(=O)(=O)N[C@@H](Cc1ccc(OCCCCC2CCNCC2)cc1)C(=O)O.Cl.O,60946.0,,60947.0,Tirofiban hydrochloride monohydrate,Tirofiban hydrochloride monohydrate
O=C1NC(=O)[C@@H](c2cn3c4c(cccc24)CCC3)[C@@H]1c1c[nH]c2ccccc12,11494412.0,,11494412.0,Tivantinib,Tivantinib
O=C1NC(=O)[C@@H](c2cn3c4c(cccc24)CCC3)[C@@H]1c1c[nH]c2ccccc12,11494412.0,,11494412.0,Tivantinib (ARQ 197),Tivantinib
COc1cc2nccc(Oc3ccc(NC(=O)Nc4cc(C)on4)c(Cl)c3)c2cc1OC,9911830.0,,9911830.0,Tivozanib,Tivozanib
COc1cc2nccc(Oc3ccc(NC(=O)Nc4cc(C)on4)c(Cl)c3)c2cc1OC,9911830.0,,9911830.0,Tivozanib ,Tivozanib
COc1cc2nccc(Oc3ccc(NC(=O)Nc4cc(C)on4)c(Cl)c3)c2cc1OC,9911830.0,,9911830.0,Tivozanib (AV-951),Tivozanib
Cl.Clc1ccc2nsnc2c1NC1=NCCN1,114869.0,,5487.0,Tizanidine hydrochloride,Tizanidine Hydrochloride
O=C(Nc1ncc([N+](=O)[O-])s1)c1ccccc1O,394397.0,,394397.0,Tizoxanide,Tizoxanide
COc1ccccc1/C(S)=C\C(=O)C(=O)O,16122573.0,,16122573.0,ToM,(E)-4-(2-methoxyphenyl)-2-oxo-4-sulfanylbut-3-enoic acid
NC[C@H]1O[C@H](O[C@H]2[C@H](O)[C@@H](O[C@H]3O[C@H](CO)[C@@H](O)[C@H](N)[C@H]3O)[C@H](N)C[C@@H]2N)[C@H](N)C[C@@H]1O,36294.0,,36294.0,Tobramycin,Tobramycin
C[C@@H]1CCN(C(=O)CC#N)C[C@@H]1N(C)c1ncnc2[nH]ccc12,9926791.0,,9926791.0,Tofacitinib,Tofacitinib
C[C@@H]1CCN(C(=O)CC#N)C[C@@H]1N(C)c1ncnc2[nH]ccc12,9926791.0,,9926791.0,Tofacitinib (CP-690550),Tofacitinib
C[C@@H]1CCN(C(=O)CC#N)C[C@@H]1N(C)c1ncnc2[nH]ccc12.O=C(O)CC(O)(CC(=O)O)C(=O)O,10174505.0,,,Tofacitinib (CP-690550) Citrate,Tofacitinib Citrate
C[C@@H]1CCN(C(=O)CC#N)C[C@@H]1N(C)c1ncnc2[nH]ccc12,9926791.0,,9926791.0,"Tofacitinib (CP-690550,Tasocitinib)",Tofacitinib
C[C@@H]1CCN(C(=O)CC#N)C[C@@H]1N(C)c1ncnc2[nH]ccc12.O=C(O)CC(O)(CC(=O)O)C(=O)O,10174505.0,,,Tofacitinib citrate,Tofacitinib Citrate
Cc1ccc(S(=O)(=O)NC(=O)NN2CCCCCC2)cc1,5503.0,,5503.0,Tolazamide,Tolazamide
Cl.c1ccc(CC2=NCCN2)cc1,6048.0,,5504.0,Tolazoline hydrochloride,Tolazoline Hydrochloride
CCCCNC(=O)NS(=O)(=O)c1ccc(C)cc1,5505.0,,5505.0,Tolbutamide,Tolbutamide
Cc1ccc(C(=O)c2ccc(CC(=O)O)n2C)cc1,5509.0,,5509.0,Tolmetin,Tolmetin
Cc1cccc(N(C)C(=S)Oc2ccc3ccccc3c2)c1,5510.0,,5510.0,Tolnaftate,Tolnaftate
Cc1ccc(C(=O)C(C)CN2CCCCC2)cc1.Cl,92965.0,,5511.0,Tolperisone hydrochloride,Tolperisone Hydrochloride
Cc1ccc(O)c([C@H](CCN(C(C)C)C(C)C)c2ccccc2)c1.O=C(O)[C@H](O)[C@@H](O)C(=O)O,443878.0,,443879.0,Tolterodine tartrate,Tolterodine Tartrate
Cc1cc(-n2c(=O)[nH]c(=O)n(C)c2=O)ccc1Oc1ccc(SC(F)(F)F)cc1,68591.0,,68591.0,Toltrazuril,Toltrazuril
Cc1ccccc1C(=O)Nc1ccc(C(=O)N2CCCC(O)c3cc(Cl)ccc32)c(C)c1,216237.0,,216237.0,Tolvaptan,Tolvaptan
CC1(C)O[C@@H]2[C@@H](CO[C@@]3(COS(N)(=O)=O)OC(C)(C)O[C@@H]23)O1,5284627.0,,5284627.0,Topiramate,Topiramate
N#Cc1cc(-c2n[nH]c(-c3ccncc3)n2)ccn1,5288320.0,,5288320.0,Topiroxostat,Topiroxostat
CC[C@@]1(O)C(=O)OCc2c1cc1n(c2=O)Cc2cc3c(CN(C)C)c(O)ccc3nc2-1,60700.0,,60700.0,Topotecan,Topotecan
CC[C@@]1(O)C(=O)OCc2c1cc1n(c2=O)Cc2cc3c(CN(C)C)c(O)ccc3nc2-1,60700.0,,60700.0,Topotecan ,Topotecan
CC[C@@]1(O)C(=O)OCc2c1cc1n(c2=O)Cc2cc3c(CN(C)C)c(O)ccc3nc2-1.Cl,60699.0,,60700.0,Topotecan HCl,Topotecan Hydrochloride
CC[C@@]1(O)C(=O)OCc2c1cc1n(c2=O)Cc2cc3c(CN(C)C)c(O)ccc3nc2-1.Cl,60699.0,,60700.0,Topotecan hydrochloride,Topotecan Hydrochloride
NC(CO)(CO)CO.O=C(c1ccccc1)c1ccc2n1CCC2C(=O)O,84003.0,,3826.0,Toradol,Ketorolac Tromethamine
Cc1cccc(Nc2ccncc2S(=O)(=O)NC(=O)NC(C)C)c1,41781.0,,41781.0,Torasemide,Torasemide
CCOC(=O)N1c2ccc(C(F)(F)F)cc2[C@@H](N(Cc2cc(C(F)(F)F)cc(C(F)(F)F)c2)C(=O)OC)C[C@H]1CC,159325.0,,159325.0,Torcetrapib,Torcetrapib
CN(C)CCOc1ccc(/C(=C(/CCCl)c2ccccc2)c2ccccc2)cc1,3005573.0,,3005573.0,Toremifene,Toremifene
CN(C)CCOc1ccc(/C(=C(/CCCl)c2ccccc2)c2ccccc2)cc1.O=C(O)CC(O)(CC(=O)O)C(=O)O,3005572.0,,,Toremifene citrate,Toremifene Citrate
Cn1nnc(-c2ccc(-c3ccc(N4C[C@H](CO)OC4=O)cc3F)cn2)n1,11234049.0,,11234049.0,Torezolid,Tedizolid
Nc1ccc(-c2ccc3ncc4ccc(=O)n(-c5cccc(C(F)(F)F)c5)c4c3c2)cn1,51358113.0,,51358113.0,Torin 2,"9-(6-Aminopyridin-3-yl)-1-(3-(trifluoromethyl)phenyl)benzo(h)(1,6)naphthyridin-2(1H)-one"
CC(C)n1nc(-c2cc3cc(O)ccc3[nH]2)c2c(N)ncnc21,135565635.0,,135565635.0,Torkinib,Torkinib
CC(C)C[C@@H](C(=O)N[C@H](C(=O)OC1CCCC1)c1ccccc1)[C@H](O)C(=O)NO,15547703.0,,15547703.0,Tosedostat,Tosedostat
C[C@@H](NC(=O)c1ncnc(N)c1Cl)c1ncc(C(=O)Nc2cc(C(F)(F)F)c(Cl)cn2)s1,25161177.0,,25161177.0,Tovorafenib,Tovorafenib
Cc1cc(Nc2cc(N3CCN(C)CC3)nc(Sc3ccc(NC(=O)C4CC4)cc3)n2)n[nH]1,5494449.0,,5494449.0,Tozasertib,Tozasertib
Cc1cc(Nc2cc(N3CCN(C)CC3)nc(Sc3ccc(NC(=O)C4CC4)cc3)n2)n[nH]1,5494449.0,,5494449.0,Tozasertib (VX-680),Tozasertib
COc1cc2c(cc1O)CCN[C@]21CS[C@@H]2c3c(OC(C)=O)c(C)c4c(c3[C@H](COC1=O)N1[C@@H]2[C@H]2c3c(cc(C)c(OC)c3O)C[C@@H]([C@@H]1O)N2C)OCO4,108150.0,,108150.0,Trabectedin,Trabectedin
CC(=O)Nc1cccc(-n2c(=O)n(C3CC3)c(=O)c3c(Nc4ccc(I)cc4F)n(C)c(=O)c(C)c32)c1,11707110.0,,11707110.0,Trametinib,Trametinib
CC(=O)Nc1cccc(-n2c(=O)n(C3CC3)c(=O)c3c(Nc4ccc(I)cc4F)n(C)c(=O)c(C)c32)c1,11707110.0,,11707110.0,Trametinib ,Trametinib
CC(=O)Nc1cccc(-n2c(=O)n(C3CC3)c(=O)c3c(Nc4ccc(I)cc4F)n(C)c(=O)c(C)c32)c1,11707110.0,,11707110.0,Trametinib (GSK1120212),Trametinib
COc1ccc(/C=C/C(=O)Nc2ccccc2C(=O)O)cc1OC,5282230.0,,5282230.0,Tranilast,Tranilast
C/C=C/c1ccc(OC)cc1,637563.0,,637563.0,Trans-Anethole,Anethole
COc1ccc(/C=C/C(=O)Nc2ccccc2C(=O)O)cc1OC,5282230.0,,5282230.0,Trans-Tranilast,Tranilast
Cl.N[C@@H]1C[C@H]1c1ccccc1,2723716.0,,19493.0,Tranylcypromine (2-PCPA) hydrochloride,Tranylcypromine hydrochloride
CCN(CC)c1cc(C)nc2ncnn12,5531.0,,5531.0,Trapidil,Trapidil
Cl.O=c1n(CCCN2CCN(c3cccc(Cl)c3)CC2)nc2ccccn12,62935.0,,5533.0,Trazodone hydrochloride,Trazodone Hydrochloride
Cn1c(=O)cc(N2CCC[C@@H](N)C2)n(Cc2cc(F)ccc2C#N)c1=O,15983988.0,,15983988.0,Trelagliptin,Trelagliptin
Cn1c(=O)cc(N2CCC[C@@H](N)C2)n(Cc2cc(F)ccc2C#N)c1=O.O=C(O)CCC(=O)O,44183569.0,,15983988.0,Trelagliptin succinate,Trelagliptin Succinate
CC1=C(/C=C/C(C)=C/C=C/C(C)=C/C(=O)O)C(C)(C)CCC1,444795.0,,444795.0,Tretinoin,Retinoic Acid
CC(=O)OCC(COC(C)=O)OC(C)=O,5541.0,,5541.0,Triacetin,Triacetin
C[C@]12C=CC(=O)C=C1CC[C@H]1[C@@H]3C[C@@H](O)[C@](O)(C(=O)CO)[C@@]3(C)C[C@H](O)[C@@]12F,31307.0,,31307.0,Triamcinolone,Triamcinolone
CC1(C)O[C@@H]2C[C@H]3[C@@H]4CCC5=CC(=O)C=C[C@]5(C)[C@@]4(F)[C@@H](O)C[C@]3(C)[C@]2(C(=O)CO)O1,6436.0,,6436.0,Triamcinolone acetonide,Triamcinolone Acetonide
NC(=S)N/N=C/c1ncccc1N,9571836.0,,9571836.0,Triapine,Triapine
NS(=O)(=O)c1cc2c(cc1Cl)NC(C(Cl)Cl)NS2(=O)=O,5560.0,,5560.0,Trichlormethiazide,Trichlormethiazide
CC(/C=C/C(=O)NO)=C\[C@@H](C)C(=O)c1ccc(N(C)C)cc1,444732.0,,444732.0,Trichostatin A,Trichostatin A
CN1N=C(N)c2cn([C@@H]3O[C@H](CO)[C@@H](O)[C@H]3O)c3ncnc1c23,65399.0,,65399.0,Triciribine,Triciribine
CSc1nc2cc(Oc3cccc(Cl)c3Cl)c(Cl)cc2[nH]1,50248.0,,50248.0,Triclabendazole,Triclabendazole
Oc1cc(Cl)ccc1Oc1ccc(Cl)cc1Cl,5564.0,,5564.0,Triclosan,Triclosan
C1CN1c1nc(N2CC2)nc(N2CC2)n1,5799.0,,5799.0,Triethylenemelamine,Triethylenemelamine
S=P(N1CC1)(N1CC1)N1CC1,5453.0,,5453.0,Triethylenethiophosphoramide,Thiotepa
CN1CCN(CCCN2c3ccccc3Sc3ccc(C(F)(F)F)cc32)CC1.Cl.Cl,66064.0,,5566.0,Trifluoperazine dihydrochloride,Trifluoperazine Hydrochloride
CN(C)CCCN1c2ccccc2Sc2ccc(C(F)(F)F)cc21.Cl,66069.0,,5568.0,Triflupromazine hydrochloride,"10H-Phenothiazine-10-propanamine, N,N-dimethyl-2-(trifluoromethyl)-, monohydrochloride"
O=c1[nH]c(=O)n([C@H]2C[C@H](O)[C@@H](CO)O2)cc1C(F)(F)F,6256.0,,6256.0,Trifluridine,Trifluridine
CC(=O)Oc1cc(C(F)(F)F)ccc1C(=O)O,9458.0,,9458.0,Triflusal,Triflusal
C[C@]12CC[C@H]3[C@@H](CC[C@@]45O[C@@H]4C(O)=C(C#N)C[C@]35C)[C@@H]1CC[C@@H]2O,656583.0,,656583.0,Trilostane,Trilostane
CCC(COC(=O)c1cc(OC)c(OC)c(OC)c1)(c1ccccc1)N(C)C,5573.0,,5573.0,Trimebutine,Trimebutine
CCC(COC(=O)c1cc(OC)c(OC)c(OC)c1)(c1ccccc1)N(C)C.O=C(O)/C=C\C(=O)O,5388977.0,,5573.0,Trimebutine maleate,Trimebutine Maleate
CC(CN(C)C)CN1c2ccccc2Sc2ccccc21.CC(CN(C)C)CN1c2ccccc2Sc2ccccc21.O=C(O)[C@H](O)[C@@H](O)C(=O)O,441236.0,,,Trimeprazine tartrate,Trimeprazine Tartrate
COc1ccc(CN2CCNCC2)c(OC)c1OC.Cl.Cl,83201.0,,21109.0,Trimetazidine dihydrochloride,Trimetazidine Dihydrochloride
CN1C(=O)OC(C)(C)C1=O,5576.0,,5576.0,Trimethadione,Trimethadione
COc1cc(Cc2cnc(N)nc2N)cc(OC)c1OC,5578.0,,5578.0,Trimethoprim,Trimethoprim
COc1cc(C(=O)N2CCOCC2)cc(OC)c1OC,12478.0,,12478.0,Trimetozine,Trimetozine
CC(CN(C)C)CN1c2ccccc2CCc2ccccc21.O=C(O)/C=C\C(=O)O,5282318.0,,5584.0,Trimipramine maleate,Trimipramine Maleate
CN(C)CCN(Cc1ccccc1)c1ccccn1.Cl,9066.0,,5587.0,Tripelennamine hydrochloride,Tripelennamine Hydrochloride
Cc1ccc(/C(=C\CN2CCCC2)c2ccccn2)cc1.Cl,5702129.0,,5282443.0,Triprolidine hydrochloride,Triprolidine Hydrochloride Anhydrous
CC(C)[C@]12O[C@H]1[C@@H]1O[C@]13[C@]1(O[C@H]1C[C@H]1C4=C(CC[C@@]13C)C(=O)OC4)[C@@H]2O,107985.0,,107985.0,Triptolide,Triptolide
NC(CO)(CO)CO,6503.0,,6503.0,Trometamol,Tris(hydroxymethyl)aminomethane
CCN(Cc1ccncc1)C(=O)C(CO)c1ccccc1,5593.0,,5593.0,Tropicamide,Tropicamide
CN1[C@@H]2CC[C@H]1CC(OC(=O)c1c[nH]c3ccccc13)C2.Cl,656664.0,,656665.0,Tropisetron hydrochloride,Tropisetron hydrochloride
O=C(OC1C[C@H]2CC[C@@H](C1)[N+]21CCCC1)C(O)(c1ccccc1)c1ccccc1.[Cl-],5284631.0,,5284632.0,Trospium chloride,Trospium chloride
C[C@@H]1O[C@@H](OC[C@H]2O[C@@H](Oc3c(-c4ccc(OCCO)c(OCCO)c4)oc4cc(OCCO)cc(O)c4c3=O)[C@H](O)[C@@H](O)[C@@H]2O)[C@H](O)[C@H](O)[C@H]1O,5486699.0,,5486699.0,Troxerutin,Troxerutin
COc1cc(C(=O)NC2CCCNC2)cc(OC)c1OC,5597.0,,5597.0,Troxipide,Troxipide
O=C(CCCCCCC(=O)Nc1ccc([C@H]2O[C@@H](CSc3nc(-c4ccccc4)c(-c4ccccc4)o3)C[C@@H](c3ccc(CO)cc3)O2)cc1)NO,6675804.0,,6675804.0,Tubacin,Tubacin
CN1CCc2c(c3ccccc3n2Cc2ccc(C(=O)NO)cc2)C1,49850262.0,,49850262.0,Tubastatin A,Tubastatin A
Cc1cc(Nc2ncnc3ccc(NC4=NC(C)(C)CO4)cc23)ccc1Oc1ccn2ncnc2c1,51039094.0,,51039094.0,Tucatinib,Tucatinib
Nc1cc(F)ccc1NC(=O)c1ccc(CNC(=O)/C=C/c2cccnc2)cc1,12136798.0,,12136798.0,Tucidinostat,Tucidinostat
CC(C)(C)NCC(O)c1ccccc1Cl.Cl,5702285.0,,5606.0,Tulobuterol hydrochloride,Tulobuterol Hydrochloride
CC[C@H]1OC(=O)C[C@@H](O)[C@H](C)[C@@H](O[C@@H]2O[C@H](C)[C@@H](O[C@H]3C[C@@](C)(O)[C@@H](O)[C@H](C)O3)[C@H](N(C)C)[C@H]2O)[C@@H](CC=O)C[C@@H](C)C(=O)/C=C/C(C)=C/[C@@H]1CO[C@@H]1O[C@H](C)[C@@H](O)[C@@H](OC)[C@H]1OC,5280440.0,,5280440.0,Tylosin,Tylosin
CC[C@H]1OC(=O)C[C@@H](O)[C@H](C)[C@@H](O[C@@H]2O[C@H](C)[C@@H](O[C@H]3C[C@@](C)(O)[C@@H](O)[C@H](C)O3)[C@H](N(C)C)[C@H]2O)[C@@H](CC=O)C[C@@H](C)C(=O)/C=C/C(C)=C/[C@@H]1CO[C@@H]1O[C@H](C)[C@@H](O)[C@@H](OC)[C@H]1OC.O=C(O)[C@H](O)[C@@H](O)C(=O)O,60196281.0,,5280440.0,Tylosin tartrate,Tylosin Tartrate
,,481107937.0,,Tyloxapol,
N[C@@H](Cc1ccc(O)cc1)C(=O)O,6057.0,,6057.0,Tyrosine,L-Tyrosine
CC(C)C[C@@H]1NC(=O)[C@H](CCCN)NC(=O)[C@H](C(C)C)NC(=O)[C@H](Cc2ccc(O)cc2)N[C@@H](CCC(=O)O)C(=O)N[C@@H](CC(N)=O)C(=O)[C@@H](Cc2ccccc2)NC(=O)[C@H](Cc2ccccc2)NC(=O)[C@@H]2CCCN2C(=O)[C@@H](Cc2ccccc2)NC1=O,452550.0,,452550.0,Tyrothricin,Tyrothricin
N#CC(C#N)=Cc1cc(O)c(O)c(O)c1,2061.0,,2061.0,Tyrphostin 25,Tyrphostin 25
N#C/C(=C\c1ccc(O)c(O)c1)C(N)=S,667601.0,,667601.0,Tyrphostin 47,Tyrphostin 47
CC(C)(C)c1cc(C=C(C#N)C#N)cc(C(C)(C)C)c1O,5614.0,,5614.0,Tyrphostin 9,Tyrphostin 9
Cc1cc2ncc(-c3ccccc3)nc2cc1C,2048.0,,2048.0,Tyrphostin AG 1295,AG1295
COc1cc2ncc(-c3ccccc3)nc2cc1OC,2049.0,,2049.0,Tyrphostin AG 1296,"6,7-Dimethoxy-3-phenylquinoxaline"
CC(C)(C)c1cc(/C=C(\C#N)C(N)=S)cc(C(C)(C)C)c1O,135419190.0,,135419190.0,Tyrphostin AG 879,"2-Propenethioamide, 3-(3,5-bis(1,1-dimethylethyl)-4-hydroxyphenyl)-2-cyano-, (E)-"
COc1ccc2c(c1)CC[C@@H]1[C@@H]2CC[C@]2(C)[C@@H](NCCCCCCN3C(=O)C=CC3=O)CC[C@@H]12,104794.0,,104794.0,U 73122,"1-(6-(((17beta)-3-Methoxyestra-1,3,5(10)-trien-17-yl)amino)hexyl)-1H-pyrrole-2,5-dione"
N#CC(=C(/N)Sc1ccccc1N)/C(C#N)=C(\N)Sc1ccccc1N,3006531.0,,3006531.0,U-0126,U0126
N#CC(=C(/N)Sc1ccccc1N)/C(C#N)=C(\N)Sc1ccccc1N,3006531.0,,3006531.0,U0126,U0126
CCO.N#CC(=C(/N)Sc1ccccc1N)/C(C#N)=C(\N)Sc1ccccc1N,16220066.0,,3006531.0,U0126-EtOH,U0126-EtOH
COc1ccc2c(c1)CC[C@@H]1[C@@H]2CC[C@]2(C)[C@@H](NCCCCCCN3C(=O)C=CC3=O)CC[C@@H]12,104794.0,,104794.0,U73122,"1-(6-(((17beta)-3-Methoxyestra-1,3,5(10)-trien-17-yl)amino)hexyl)-1H-pyrrole-2,5-dione"
CN[C@@H]1C[C@H]2O[C@@](C)([C@@H]1OC)n1c3ccccc3c3c4c(c5c6ccccc6n2c5c31)C(=O)N[C@H]4O,3078519.0,,3078519.0,UCN-01,Ucn-01
COC(=O)c1ccc2c(c1)[nH]c1ncnc(NCCCN3CCCCC3)c12,71714933.0,,71714933.0,UM729,"methyl 4-{[3-(piperidin-1-yl)propyl]amino}-9H-pyrimido[4,5-b]indole-7-carboxylate"
O=C(O)CSc1cc(NS(=O)(=O)c2ccc(Br)cc2)c2ccccc2c1O,992586.0,,992586.0,UMI-77,Umi-77
,992586.0,,,"UMI-77, UMI 77",Umi-77
CN(C)CCN1C(=O)c2cccc3cc(NC(N)=O)cc(c23)C1=O,16048966.0,,16048966.0,UNBS-5162,Unbs-5162
COc1cc2c(NC3CCN(C(C)C)CC3)nc(C3CCCCC3)nc2cc1OCCCN1CCCC1,46224516.0,,46224516.0,UNC 0638,2-Cyclohexyl-6-methoxy-N-(1-(1-methylethyl)-4-piperidinyl)-7-(3-(1-pyrrolidinyl)propoxy)-4-quinazolinamine
COc1cc2c(NC3CCN(C(C)C)CC3)nc(C3CCCCC3)nc2cc1OCCCN1CCCC1,46224516.0,,46224516.0,UNC-0638,2-Cyclohexyl-6-methoxy-N-(1-(1-methylethyl)-4-piperidinyl)-7-(3-(1-pyrrolidinyl)propoxy)-4-quinazolinamine
COc1cc2c(NC3CCN(C)CC3)nc(N3CCCN(C)CC3)nc2cc1OCCOCCN(C)C,46901937.0,,46901937.0,UNC0321,Unc0321
COc1cc2c(NC3CCN(C(C)C)CC3)nc(C3CCCCC3)nc2cc1OCCCN1CCCC1,46224516.0,,46224516.0,UNC0638,2-Cyclohexyl-6-methoxy-N-(1-(1-methylethyl)-4-piperidinyl)-7-(3-(1-pyrrolidinyl)propoxy)-4-quinazolinamine
,,,,UNC0638:navitoclax (1:1 mol/mol),
COc1cc2c(NC3CCN(C(C)C)CC3)nc(N3CCC(F)(F)CC3)nc2cc1OCCCN1CCCC1,53315878.0,,53315878.0,UNC0642,Unc-0642
O=C(c1ccc(C(=O)N2CCC(N3CCCC3)CC2)c(Nc2ccccc2)c1)N1CCC(N2CCCC2)CC1,57339144.0,,57339144.0,UNC1215,Unc1215
CCCCNc1ncc(C(=O)NCc2ccc(-n3ccnc3)cc2)c(NC2CCC(O)CC2)n1,71721525.0,,71721525.0,UNC2881,2-(Butylamino)-4-[(trans-4-hydroxycyclohexyl)amino]-N-[[4-(1H-imidazol-1-yl)phenyl]methyl]-5-pyrimidinecarboxamide
Cn1ncc(Cl)c1-c1cc(C(=O)N[C@H](CN)Cc2ccc(F)c(F)c2)oc1Cl,51042438.0,,51042438.0,UPROSERTIB,Uprosertib
O=c1[nH]cc(N(CCCl)CCCl)c(=O)[nH]1,6194.0,,6194.0,URACIL MUSTARD,Uracil Mustard
NC(=O)c1cccc(-c2cccc(OC(=O)NC3CCCCC3)c2)c1,1383884.0,,1383884.0,URB597,Cyclohexyl carbamic acid 3'-carbamoylbiphenyl-3-yl ester
CN1CCN(Cc2ccc(-c3cnc4[nH]cc(-c5ccc6[nH]ccc6c5)c4c3)cc2)CC1,54764565.0,,54764565.0,URMC-099,Urmc-099
CC(C)C[C@H](NC(=O)[C@@H](O)[C@H](N)Cc1ccccc1)C(=O)O,72172.0,,72172.0,Ubenimex,Ubenimex
CC(=O)O[C@]1(C(C)=O)CC[C@H]2[C@@H]3CCC4=CC(=O)CCC4=C3[C@@H](c3ccc(N(C)C)cc3)C[C@@]21C,130904.0,,130904.0,Ulipristal acetate,Ulipristal Acetate
CC(C)Nc1cc(-c2c[nH]c(C(=O)N[C@H](CO)c3cccc(Cl)c3)c2)c(Cl)cn1,11719003.0,,11719003.0,Ulixertinib,Ulixertinib
CC(C)Nc1cc(-c2c[nH]c(C(=O)N[C@H](CO)c3cccc(Cl)c3)c2)c(Cl)cn1,11719003.0,,11719003.0,"Ulixertinib (BVD-523, VRT752271)",Ulixertinib
CC(C)Oc1ccc(-c2nn([C@@H](C)c3oc4ccc(F)cc4c(=O)c3-c3cccc(F)c3)c3ncnc(N)c23)cc1F,72950888.0,,72950888.0,Umbralisib,Umbralisib
CC[C@@H]1CN(C(=O)NCC(F)(F)F)C[C@@H]1c1cnc2cnc3[nH]ccc3n12,58557659.0,,58557659.0,Upadacitinib,Upadacitinib
Cn1ncc(Cl)c1-c1cc(C(=O)N[C@H](CN)Cc2ccc(F)c(F)c2)oc1Cl,51042438.0,,51042438.0,Uprosertib,Uprosertib
Cn1ncc(Cl)c1-c1cc(C(=O)N[C@H](CN)Cc2ccc(F)c(F)c2)oc1Cl,51042438.0,,51042438.0,Uprosertib (GSK2141795),Uprosertib
O=c1cc[nH]c(=O)[nH]1,1174.0,,1174.0,Uracil,Uracil
O=c1[nH]cc(N(CCCl)CCCl)c(=O)[nH]1,6194.0,,6194.0,Uracil mustard,Uracil Mustard
O=c1[nH]cc(N(CCCl)CCCl)c(=O)[nH]1,6194.0,,6194.0,Uramustine,Uracil Mustard
COc1ccccc1N1CCN(CCCNc2cc(=O)n(C)c(=O)n2C)CC1,5639.0,,5639.0,Urapidil,Urapidil
NC(N)=O,1176.0,,1176.0,Urea,Urea
CCOC(N)=O,5641.0,,5641.0,Urethane,"Carbamic acid, ethyl ester"
O=c1ccn([C@@H]2O[C@H](CO)[C@@H](O)[C@H]2O)c(=O)[nH]1,6029.0,,6029.0,Uridine,Uridine
O=c1ccn([C@@H]2O[C@H](CO)[C@@H](O)[C@H]2O)c(=O)[nH]1,6029.0,,6029.0,Uridine ,Uridine
C[C@H](CCC(=O)O)[C@H]1CC[C@H]2[C@@H]3[C@@H](O)C[C@@H]4C[C@H](O)CC[C@]4(C)[C@H]3CC[C@]12C,31401.0,,31401.0,Ursodeoxycholic acid,Ursodeoxycholic Acid
C[C@H]1[C@H](C)CC[C@]2(C(=O)O)CC[C@]3(C)C(=CC[C@@H]4[C@@]5(C)CC[C@H](O)C(C)(C)[C@@H]5CC[C@]43C)[C@H]12,64945.0,,64945.0,Ursolic acid,(+)-Ursolic Acid
FC(F)(F)c1ccc(Nc2nccc(-c3cccc(Cl)c3)n2)cc1,10172275.0,,10172275.0,VAF-347,Vaf347
Cc1onc(-c2ccccc2)c1-c1ccc(S(N)(=O)=O)cc1,119607.0,,119607.0,VALDECOXIB,Valdecoxib
CCCCC(=O)OCC(=O)[C@]1(O)Cc2c(O)c3c(c(O)c2[C@@H](O[C@H]2C[C@H](NC(=O)C(F)(F)F)[C@H](O)[C@H](C)O2)C1)C(=O)c1c(OC)cccc1C3=O,454216.0,,454216.0,VALRUBICIN,Valrubicin
COc1cc2c(Nc3ccc(Br)cc3F)ncnc2cc1OCC1CCN(C)CC1,3081361.0,,3081361.0,VANDETANIB,Vandetanib
Clc1ccc(Nc2nnc(Cc3ccncc3)c3ccccc23)cc1,151194.0,,151194.0,VATALANIB,Vatalanib
CS(=O)(=O)c1ccc(-c2cnc(N)c(C(=O)Nc3ccccc3)n2)cc1,51000408.0,,51000408.0,VE-821,VE-821
CNCc1ccc(-c2cc(-c3nc(-c4ccc(S(=O)(=O)C(C)C)cc4)cnc3N)on2)cc1,59472121.0,,59472121.0,VE-822,Berzosertib
C[C@]1(c2nc3c(C(N)=O)cccc3[nH]2)CCCN1,11960529.0,,11960529.0,VELIPARIB,Veliparib
CCCS(=O)(=O)Nc1ccc(F)c(C(=O)c2c[nH]c3ncc(-c4ccc(Cl)cc4)cc23)c1F,42611257.0,,42611257.0,VEMURAFENIB,Vemurafenib
CC1(C)CCC(CN2CCN(c3ccc(C(=O)NS(=O)(=O)c4ccc(NCC5CCOCC5)c([N+](=O)[O-])c4)c(Oc4cnc5[nH]ccc5c4)c3)CC2)=C(c2ccc(Cl)cc2)C1,49846579.0,,49846579.0,VENETOCLAX,Venetoclax
,,,,"VENOTOCLAX, ABT-199, VENECLEXTA, GDC-0199",
N#Cc1ccc(COC[C@H]2O[C@@H](n3c(NCc4ccc(Cl)c(Cl)c4)nc4c(N)ncnc43)[C@H](O)[C@@H]2O)cc1,25195348.0,,25195348.0,VER 155008,Ver-155008
N#Cc1ccc(COC[C@H]2O[C@@H](n3c(NCc4ccc(Cl)c(Cl)c4)nc4c(N)ncnc43)[C@H](O)[C@@H]2O)cc1,25195348.0,,25195348.0,VER-155008,Ver-155008
CCNC(=O)c1[nH]nc(-c2cc(Cl)c(O)cc2O)c1-c1ccc(OC)cc1,4369536.0,,4369536.0,VER-49009,"5-(5-chloro-2,4-dihydroxyphenyl)-N-ethyl-4-(4-methoxyphenyl)-1H-pyrazole-3-carboxamide"
O=C(O)CC1CC(c2ccccc2)=NO1,10798271.0,,10798271.0,VGX-1027,Zenuzolac
CC[C@]1(O)C[C@@H]2CN(CCc3c([nH]c4ccccc34)[C@@](C(=O)OC)(c3cc4c(cc3OC)N(C)[C@H]3[C@@](O)(C(=O)OC)[C@H](OC(C)=O)[C@]5(CC)C=CCN6CC[C@]43[C@@H]65)C2)C1,13342.0,,13342.0,VINBLASTINE,Vinblastine
CC[C@]1(O)C[C@@H]2CN(CCc3c([nH]c4ccccc34)[C@@](C(=O)OC)(c3cc4c(cc3OC)N(C)[C@H]3[C@@](O)(C(=O)OC)[C@H](OC(C)=O)[C@]5(CC)C=CCN6CC[C@]43[C@@H]65)C2)C1.O=S(=O)(O)O,5388983.0,,13342.0,VINBLASTINE SULFATE,Vinblastine Sulfate
CC[C@]1(O)C[C@H]2CN(CCc3c([nH]c4ccccc34)[C@@](C(=O)OC)(c3cc4c(cc3OC)N(C=O)[C@H]3[C@@](O)(C(=O)OC)[C@H](OC(C)=O)[C@]5(CC)C=CCN6CC[C@]43[C@@H]65)C2)C1,5978.0,,5978.0,VINCRISTINE,Vincristine
CC[C@]1(O)C[C@H]2CN(CCc3c([nH]c4ccccc34)[C@@](C(=O)OC)(c3cc4c(cc3OC)N(C=O)[C@H]3[C@@](O)(C(=O)OC)[C@H](OC(C)=O)[C@]5(CC)C=CCN6CC[C@]43[C@@H]65)C2)C1.O=S(=O)(O)O,249332.0,,5978.0,VINCRISTINE SULFATE,Vincristine Sulfate
CCC1=C[C@@H]2CN(C1)Cc1c([nH]c3ccccc13)[C@@](C(=O)OC)(c1cc3c(cc1OC)N(C)[C@H]1[C@@](O)(C(=O)OC)[C@H](OC(C)=O)[C@]4(CC)C=CCN5CC[C@]31[C@@H]54)C2,5311497.0,,5311497.0,VINORELBINE,Vinorelbine
CCC1=C[C@@H]2CN(C1)Cc1c([nH]c3ccccc13)[C@@](C(=O)OC)(c1cc3c(cc1OC)N(C)[C@H]1[C@@](O)(C(=O)OC)[C@H](OC(C)=O)[C@]4(CC)C=CCN5CC[C@]31[C@@H]54)C2.O=C(O)[C@H](O)[C@@H](O)C(=O)O.O=C(O)[C@H](O)[C@@H](O)C(=O)O,11607738.0,,5311497.0,VINORELBINE TARTRATE,Vinorelbine Tartrate
CS(=O)(=O)c1ccc(C(=O)Nc2ccc(Cl)c(-c3ccccn3)c2)c(Cl)c1,24776445.0,,24776445.0,VISMODEGIB,Vismodegib
C=CC(=O)N1CC/C(=C\c2ccc(F)c([N+](=O)[O-])c2)C(=O)/C(=C/c2ccc(F)c([N+](=O)[O-])c2)C1,71523377.0,,71523377.0,VLX1570,Vlx-1570
CCCC(=O)OCc1ccc(OC(=O)C=C(C)C=CC=C(C)C=CC2=C(C)CCCC2(C)C)cc1,57370134.0,,57370134.0,VNLG/124,"[4-(Butanoyloxymethyl)phenyl] 3,7-dimethyl-9-(2,6,6-trimethylcyclohexen-1-yl)nona-2,4,6,8-tetraenoate"
CCOC(=O)N[C@@H]1CC[C@@H]2[C@@H](C1)C[C@H]1C(=O)O[C@H](C)[C@H]1[C@H]2/C=C/c1ccc(-c2cccc(F)c2)cn1,10077130.0,,10077130.0,VORAPAXAR,Vorapaxar
O=C(CCCCCCC(=O)Nc1ccccc1)NO,5311.0,,5311.0,VORINOSTAT,Vorinostat
CCn1c(=O)c(-c2ccn[nH]2)cc2c(C)nc(N)nc21,16123056.0,,16123056.0,VOXTALISIB,Voxtalisib
CC(C)(O)CNc1ncc(-c2ccnc(Nc3ccnc(Cl)c3)n2)c(CC2CC2)n1,57404276.0,,57404276.0,VPS34-IN1,Vps34-IN-1
CNC(=O)c1ccccc1Nc1cc(Nc2ccc(N3CCOCC3)cc2OC)ncc1C(F)(F)F,25073775.0,,25073775.0,VS-4718,Vs-4718
,,,,VS-507,
Cc1nc2c(-c3cnc(N)nc3)nc(N3CCOCC3)nc2n1C(C)C,46912230.0,,46912230.0,VS-5584,Vs-5584
Cc1nc2c(-c3cnc(N)nc3)nc(N3CCOCC3)nc2n1C(C)C,46912230.0,,46912230.0,VS-5584 (SB2343),Vs-5584
Cl.O=C(NCCN1CCC(n2c(=O)[nH]c3ccccc32)CC1)c1ccc2ccccc2c1,53481919.0,,25105704.0,VU0155056,CID 53481919
O=c1ncn2nc(Sc3ccc(F)cc3F)ccc2c1-c1c(Cl)cccc1Cl,3038525.0,,3038525.0,VX 745,"5-(2,6-Dichlorophenyl)-2-((2,4-difluorophenyl)thio)-6H-pyrimido(1,6-b)pyridazin-6-one"
Cc1cnc(Nc2ccc(F)cc2Cl)nc1-c1c[nH]c(C(=O)N[C@H](CO)c2cccc(Cl)c2)c1,11634725.0,,11634725.0,VX-11E,4-(2-((2-Chloro-4-fluorophenyl)amino)-5-methyl-4-pyrimidinyl)-N-((1S)-1-(3-chlorophenyl)-2-hydroxyethyl)-1H-pyrrole-2-carboxamide
Cc1cnc(Nc2ccc(F)cc2Cl)nc1-c1c[nH]c(C(=O)N[C@H](CO)c2cccc(Cl)c2)c1,11634725.0,,11634725.0,VX-11e,4-(2-((2-Chloro-4-fluorophenyl)amino)-5-methyl-4-pyrimidinyl)-N-((1S)-1-(3-chlorophenyl)-2-hydroxyethyl)-1H-pyrrole-2-carboxamide
Cc1cnc(Nc2ccc(F)cc2Cl)nc1-c1c[nH]c(C(=O)N[C@H](CO)c2cccc(Cl)c2)c1,11634725.0,,11634725.0,VX-11e ,4-(2-((2-Chloro-4-fluorophenyl)amino)-5-methyl-4-pyrimidinyl)-N-((1S)-1-(3-chlorophenyl)-2-hydroxyethyl)-1H-pyrrole-2-carboxamide
Nc1nc(Nc2ccc(C3CCC(N4CCOCC4)CC3)cc2)nn1-c1ccccn1,11604142.0,,11604142.0,VX-322,"N3-(4-(4-morpholinocyclohexyl)phenyl)-1-(pyridin-2-yl)-1H-1,2,4-triazole-3,5-diamine"
Cc1cc(Nc2cc(N3CCN(C)CC3)nc(Sc3ccc(NC(=O)C4CC4)cc3)n2)n[nH]1,5494449.0,,5494449.0,VX-680,Tozasertib
Cc1cc(Nc2cc(N3CCN(C)CC3)nc(Sc3ccc(NC(=O)C4CC4)cc3)n2)n[nH]1,5494449.0,,5494449.0,"VX-680 (Tozasertib, MK-0457)",Tozasertib
NC(=O)c1ccc(N(C(N)=O)c2c(F)cccc2F)nc1-c1ccc(F)cc1F,10341154.0,,10341154.0,VX-702,Vx-702
O=c1ncn2nc(Sc3ccc(F)cc3F)ccc2c1-c1c(Cl)cccc1Cl,3038525.0,,3038525.0,VX-745,"5-(2,6-Dichlorophenyl)-2-((2,4-difluorophenyl)thio)-6H-pyrimido(1,6-b)pyridazin-6-one"
CC(C)(CO)c1cc2cc(NC(=O)C3(c4ccc5c(c4)OC(F)(F)O5)CC3)c(F)cc2n1C[C@@H](O)CO,46199646.0,,46199646.0,VX661,"1-(2,2-Difluoro-1,3-benzodioxol-5-yl)-N-(1-((2R)-2,3-dihydroxypropyl)-6-fluoro-2-(2-hydroxy-1,1-dimethylethyl)-1H-indol-5-yl)cyclopropanecarboxamide"
OC(c1cc(-c2ccc(Cl)cc2)nc2ccccc12)C1CCCCN1,224644.0,,224644.0,Vacquinol-1,Vacquinol-1
Clc1ccc(C(Cn2ccnc2)OCc2ccsc2Cl)c(Cl)c1,5482.0,,5482.0,Vagistat,Tioconazole
,,,,Vakuinol-1,
CC(C)[C@H](N)C(=O)OCCOCn1cnc2c(=O)[nH]c(N)nc21.Cl,135398741.0,,135398742.0,Valacyclovir hydrochloride,Valacyclovir Hydrochloride
Cc1onc(-c2ccccc2)c1-c1ccc(S(N)(=O)=O)cc1,119607.0,,119607.0,Valdecoxib,Valdecoxib
CCCC(CCC)C(=O)[O-].[Na+],16760703.0,,3121.0,Valerin,Sodium Valproate
CCC(C)C(C(=O)OCC[N+](C)(CC)CC)c1ccccc1.[Br-],7010.0,,5648.0,Valethamate bromide,Valethamate Bromide
CC(C)[C@H](N)C(=O)OCC(CO)OCn1cnc2c(=O)[nH]c(N)nc21.Cl,135413534.0,,135413535.0,Valganciclovir hydrochloride,Valganciclovir Hydrochloride
CC(C)[C@@H]1NC(=O)[C@H](C)OC(=O)[C@@H](C(C)C)NC(=O)[C@@H](C(C)C)OC(=O)[C@H](C(C)C)NC(=O)[C@H](C)OC(=O)[C@@H](C(C)C)NC(=O)[C@@H](C(C)C)OC(=O)[C@H](C(C)C)NC(=O)[C@H](C)OC(=O)[C@@H](C(C)C)NC(=O)[C@@H](C(C)C)OC1=O,3000706.0,,3000706.0,Valinomycin,Valinomycin
CCCC(CCC)C(N)=O,71113.0,,71113.0,Valpramide,Valpromide
CCCC(CCC)C(=O)O,3121.0,,3121.0,Valproic acid,Valproic Acid
,,,,Valproic acid aq,
CCCCC(=O)OCC(=O)[C@]1(O)Cc2c(O)c3c(c(O)c2[C@@H](O[C@H]2C[C@H](NC(=O)C(F)(F)F)[C@H](O)[C@H](C)O2)C1)C(=O)c1c(OC)cccc1C3=O,454216.0,,454216.0,Valrubicin,Valrubicin
CCCCC(=O)N(Cc1ccc(-c2ccccc2-c2nn[nH]n2)cc1)[C@H](C(=O)O)C(C)C,60846.0,,60846.0,Valsartan,Valsartan
,,152195328.0,,Vanatone,1-(4-ETHOXYPHENYL)ETHAN-1-ONE
CN[C@H](CC(C)C)C(=O)N[C@H]1C(=O)N[C@@H](CC(N)=O)C(=O)N[C@H]2C(=O)N[C@H]3C(=O)N[C@H](C(=O)N[C@H](C(=O)O)c4cc(O)cc(O)c4-c4cc3ccc4O)[C@H](O)c3ccc(c(Cl)c3)Oc3cc2cc(c3O[C@@H]2O[C@H](CO)[C@@H](O)[C@H](O)[C@H]2O[C@H]2C[C@](C)(N)[C@H](O)[C@H](C)O2)Oc2ccc(cc2Cl)[C@H]1O.Cl,6420023.0,,14969.0,Vancomycin hydrochloride,Vancomycin Hydrochloride
COc1cc2c(Nc3ccc(Br)cc3F)ncnc2cc1OCC1CCN(C)CC1,3081361.0,,3081361.0,Vandetanib,Vandetanib
COc1cc2c(Nc3ccc(Br)cc3F)ncnc2cc1OCC1CCN(C)CC1,3081361.0,,3081361.0,Vandetanib ,Vandetanib
COc1cc2c(Nc3ccc(Br)cc3F)ncnc2cc1OCC1CCN(C)CC1,3081361.0,,3081361.0,Vandetanib (ZD6474),Vandetanib
COc1cc(C=O)ccc1O,1183.0,,1183.0,Vanillin,Vanillin
CCCc1nc(C)c2c(=O)[nH]c(-c3cc(S(=O)(=O)N4CCN(CC)CC4)ccc3OCC)nn12,135400189.0,,135400189.0,Vardenafil,Vardenafil
CCCc1nc(C)c2c(=O)[nH]c(-c3cc(S(=O)(=O)N4CCN(CC)CC4)ccc3OCC)nn12.Cl.O.O.O,135413545.0,,135400189.0,Vardenafil hydrochloride Trihydrate,Vardenafil Hydrochloride Trihydrate
O=C(O)[C@H](O)[C@@H](O)C(=O)O.c1cnc2cc3c(cc2n1)[C@@H]1CNC[C@H]3C1,6918678.0,,,Varenicline Tartrate,Varenicline Tartrate
CCc1c(C(=O)C(N)=O)c2c(OCC(=O)O)cccc2n1Cc1ccccc1,155815.0,,155815.0,Varespladib,Varespladib
CCc1c(C(=O)C(N)=O)c2c(OCC(=O)O)cccc2n1Cc1ccccc1,155815.0,,155815.0,Varespladib (LY315920),Varespladib
COC(=O)c1ccc2c(C(=Nc3ccc(N(C)C(=O)CN4CCN(C)CC4)cc3)c3ccccc3)c(O)[nH]c2c1,135423438.0,,135423438.0,Vargatef,Nintedanib
C[C@@H]1COC(Nc2ccc3ncnc(Nc4ccc(OCc5nccs5)c(Cl)c4)c3c2)=N1,42642648.0,,42642648.0,Varlitinib,Varlitinib
Clc1ccc(Nc2nnc(Cc3ccncc3)c3ccccc23)cc1,151194.0,,151194.0,Vatalanib,Vatalanib
Clc1ccc(Nc2nnc(Cc3ccncc3)c3ccccc23)cc1,151194.0,,151194.0,Vatalanib (PTK787),Vatalanib
Cl.Cl.Clc1ccc(Nc2nnc(Cc3ccncc3)c3ccccc23)cc1,22386467.0,,151194.0,Vatalanib (PTK787) 2HCl,Vatalanib dihydrochloride
CC(=O)O[C@H]1C[C@@H]2CC[C@@H]3[C@H](CC[C@@]4(C)[C@H]3C[C@H]([N+]3(C)CCCCC3)[C@@H]4OC(C)=O)[C@@]2(C)C[C@@H]1N1CCCCC1.[Br-],39764.0,,39765.0,Vecuronium bromide,Vecuronium Bromide
C[C@]1(c2nc3c(C(N)=O)cccc3[nH]2)CCCN1,11960529.0,,11960529.0,Veliparib,Veliparib
C[C@]1(c2nc3c(C(N)=O)cccc3[nH]2)CCCN1.Cl.Cl,45480520.0,,11960529.0,Veliparib (ABT-888),(R)-2-(2-methylpyrrolidin-2-yl)-1H-benzo(d)imidazole-4-carboxamide dihydrochloride
COC[C@H]1C[C@@H](c2ncc(-c3ccc4c(c3)COc3cc5c(ccc6[nH]c([C@@H]7CC[C@H](C)N7C(=O)[C@@H](NC(=O)OC)C(C)C)nc65)cc3-4)[nH]2)N(C(=O)[C@H](NC(=O)OC)c2ccccc2)C1,67683363.0,,67683363.0,Velpatasvir,Velpatasvir
CCCS(=O)(=O)Nc1ccc(F)c(C(=O)c2c[nH]c3ncc(-c4ccc(Cl)cc4)cc23)c1F,42611257.0,,42611257.0,Vemurafenib,Vemurafenib
CCCS(=O)(=O)Nc1ccc(F)c(C(=O)c2c[nH]c3ncc(-c4ccc(Cl)cc4)cc23)c1F,42611257.0,,42611257.0,Vemurafenib ,Vemurafenib
CCCS(=O)(=O)Nc1ccc(F)c(C(=O)c2c[nH]c3ncc(-c4ccc(Cl)cc4)cc23)c1F,42611257.0,,42611257.0,Vemurafenib  ,Vemurafenib
CCCS(=O)(=O)Nc1ccc(F)c(C(=O)c2c[nH]c3ncc(-c4ccc(Cl)cc4)cc23)c1F,42611257.0,,42611257.0,Vemurafenib (PLX-4032),Vemurafenib
CCCS(=O)(=O)Nc1ccc(F)c(C(=O)c2c[nH]c3ncc(-c4ccc(Cl)cc4)cc23)c1F,42611257.0,,42611257.0,"Vemurafenib (PLX4032, RG7204)",Vemurafenib
,,,,Vemurafenib + Cobimetinib,
CC1(C)CCC(CN2CCN(c3ccc(C(=O)NS(=O)(=O)c4ccc(NCC5CCOCC5)c([N+](=O)[O-])c4)c(Oc4cnc5[nH]ccc5c4)c3)CC2)=C(c2ccc(Cl)cc2)C1,49846579.0,,49846579.0,Venetoclax,Venetoclax
COc1ccc(C(CN(C)C)C2(O)CCCCC2)cc1.Cl,62923.0,,5656.0,Venlafaxine hydrochloride,Venlafaxine Hydrochloride
COc1ccc(CCN(C)CCCC(C#N)(c2ccc(OC)c(OC)c2)C(C)C)cc1OC.Cl,62969.0,,2520.0,Verapamil hydrochloride,Verapamil Hydrochloride
O=C(/C=C\n1cnc(-c2cc(C(F)(F)F)cc(C(F)(F)F)c2)n1)NNc1ccccn1,71492799.0,,71492799.0,Verdinexor,Verdinexor
O=C(C=Cn1cnc(-c2cc(C(F)(F)F)cc(C(F)(F)F)c2)n1)NNc1ccccn1,77992669.0,,77992669.0,Verdinexor (KPT-335),Verdinexor (KPT-335)
,,483927867.0,,Verteporfin ,
,,,,Vertex ATR inhibitor Cpd 45,
CCCCOc1nc(N)c2c(n1)N(Cc1cccc(CN3CCCC3)c1)CC(=O)N2,46241268.0,,46241268.0,Vesatolimod,Vesatolimod
Nc1ncnc2c1ncn2[C@@H]1O[C@H](CO)[C@@H](O)[C@@H]1O,21704.0,,21704.0,Vidarabine,Vidarabine
COc1cccc(-c2ccc(NC(=O)C3=C(C(=O)O)CCC3)c(F)c2)c1,9820008.0,,9820008.0,Vidofludimus,Vidofludimus
COc1cccc(-c2ccc(NC(=O)C3=C(C(=O)O)CCC3)c(F)c2)c1,9820008.0,,9820008.0,Vidofludimus(4SC-101; SC12267),Vidofludimus
C=CC(N)CCC(=O)O,5665.0,,5665.0,Vigabatrin,Vigabatrin
C=CC(N)CCC(=O)O.Cl,71666447.0,,5665.0,Vigabatrin Hydrochloride,Vigabatrin Hydrochloride
N#Cc1ccc2[nH]cc(CCCCN3CCN(c4ccc5oc(C(N)=O)cc5c4)CC3)c2c1,6918314.0,,6918314.0,Vilazodone,Vilazodone
N#C[C@@H]1CCCN1C(=O)CNC12CC3CC(CC(O)(C3)C1)C2,6918537.0,,6918537.0,Vildagliptin (LAF-237),Vildagliptin
CC[C@]1(O)C[C@@H]2CN(CCc3c([nH]c4ccccc34)[C@@](C(=O)OC)(c3cc4c(cc3OC)N(C)[C@H]3[C@@](O)(C(=O)OC)[C@H](OC(C)=O)[C@]5(CC)C=CCN6CC[C@]43[C@@H]65)C2)C1,13342.0,,13342.0,Vinblastin,Vinblastine
CC[C@]1(O)C[C@@H]2CN(CCc3c([nH]c4ccccc34)[C@@](C(=O)OC)(c3cc4c(cc3OC)N(C)[C@H]3[C@@](O)(C(=O)OC)[C@H](OC(C)=O)[C@]5(CC)C=CCN6CC[C@]43[C@@H]65)C2)C1,13342.0,,13342.0,Vinblastine,Vinblastine
CC[C@]1(O)C[C@@H]2CN(CCc3c([nH]c4ccccc34)[C@@](C(=O)OC)(c3cc4c(cc3OC)N(C)[C@H]3[C@@](O)(C(=O)OC)[C@H](OC(C)=O)[C@]5(CC)C=CCN6CC[C@]43[C@@H]65)C2)C1,13342.0,,13342.0,Vinblastine   ,Vinblastine
CC[C@]1(O)C[C@@H]2CN(CCc3c([nH]c4ccccc34)[C@@](C(=O)OC)(c3cc4c(cc3OC)N(C)[C@H]3[C@@](O)(C(=O)OC)[C@H](OC(C)=O)[C@]5(CC)C=CCN6CC[C@]43[C@@H]65)C2)C1.O=S(=O)(O)O,5388983.0,,13342.0,Vinblastine Sulfate,Vinblastine Sulfate
CC[C@]1(O)C[C@@H]2CN(CCc3c([nH]c4ccccc34)[C@@](C(=O)OC)(c3cc4c(cc3OC)N(C)[C@H]3[C@@](O)(C(=O)OC)[C@H](OC(C)=O)[C@]5(CC)C=CCN6CC[C@]43[C@@H]65)C2)C1.O=S(=O)(O)O,5388983.0,,13342.0,Vinblastine Sulfate  ,Vinblastine Sulfate
CC[C@]1(O)C[C@@H]2CN(CCc3c([nH]c4ccccc34)[C@@](C(=O)OC)(c3cc4c(cc3OC)N(C)[C@H]3[C@@](O)(C(=O)OC)[C@H](OC(C)=O)[C@]5(CC)C=CCN6CC[C@]43[C@@H]65)C2)C1.O=S(=O)(O)O,5388983.0,,13342.0,Vinblastine sulfate,Vinblastine Sulfate
CC[C@]12CCCN3CCc4c(n(c5ccccc45)[C@@](O)(C(=O)OC)C1)[C@@H]32,15376.0,,15376.0,Vincamine,Vincamine
CC[C@]1(O)C[C@H]2CN(CCc3c([nH]c4ccccc34)[C@@](C(=O)OC)(c3cc4c(cc3OC)N(C=O)[C@H]3[C@@](O)(C(=O)OC)[C@H](OC(C)=O)[C@]5(CC)C=CCN6CC[C@]43[C@@H]65)C2)C1,5978.0,,5978.0,Vincristine,Vincristine
CC[C@]1(O)C[C@H]2CN(CCc3c([nH]c4ccccc34)[C@@](C(=O)OC)(c3cc4c(cc3OC)N(C=O)[C@H]3[C@@](O)(C(=O)OC)[C@H](OC(C)=O)[C@]5(CC)C=CCN6CC[C@]43[C@@H]65)C2)C1,5978.0,,5978.0,Vincristine   ,Vincristine
CC[C@]1(O)C[C@H]2CN(CCc3c([nH]c4ccccc34)[C@@](C(=O)OC)(c3cc4c(cc3OC)N(C=O)[C@H]3[C@@](O)(C(=O)OC)[C@H](OC(C)=O)[C@]5(CC)C=CCN6CC[C@]43[C@@H]65)C2)C1.O=S(=O)(O)O,249332.0,,5978.0,Vincristine Sulfate,Vincristine Sulfate
CC[C@]1(O)C[C@H]2CN(CCc3c([nH]c4ccccc34)[C@@](C(=O)OC)(c3cc4c(cc3OC)N(C=O)[C@H]3[C@@](O)(C(=O)OC)[C@H](OC(C)=O)[C@]5(CC)C=CCN6CC[C@]43[C@@H]65)C2)C1.O=S(=O)(O)O,249332.0,,5978.0,Vincristine sulfate,Vincristine Sulfate
CC[C@]1(O)C[C@H]2CN(CCc3c([nH]c4ccccc34)[C@@](C(=O)OC)(c3cc4c(cc3OC)N(C)[C@H]3[C@@](O)(C(N)=O)[C@H](O)[C@]5(CC)C=CCN6CC[C@]43[C@@H]65)C2)C1,40839.0,,40839.0,Vindesine,Vindesine
CC[C@]12C=CCN3CC[C@@]4(c5cc([C@@]6(C(=O)OC)C[C@@H]7C[C@@H](C(C)(F)F)CN(Cc8c6[nH]c6ccccc86)C7)c(OC)cc5N(C)[C@H]4[C@@](O)(C(=O)OC)[C@@H]1OC(C)=O)[C@@H]32,10629256.0,,10629256.0,Vinflunine,"Aspidospermidine-3-carboxylic acid, 4-(acetyloxy)-6,7-didehydro-15-((2R,4R,6S,8S)-4-(1,1-difluoroethyl)-1,3,4,5,6,7,8,9-octahydro-8-(methoxycarbonyl)-2,6-methano-2H-azecino(4,3-b)indol-8-yl)-3-hydroxy-16-methoxy-1-methyl-, methyl ester, (2beta,3beta,4beta,5alpha,12R,19alpha)-"
CCC1=C[C@@H]2CN(C1)Cc1c([nH]c3ccccc13)[C@@](C(=O)OC)(c1cc3c(cc1OC)N(C)[C@H]1[C@@](O)(C(=O)OC)[C@H](OC(C)=O)[C@]4(CC)C=CCN5CC[C@]31[C@@H]54)C2,5311497.0,,5311497.0,Vinorelbine,Vinorelbine
CCC1=C[C@@H]2CN(C1)Cc1c([nH]c3ccccc13)[C@@](C(=O)OC)(c1cc3c(cc1OC)N(C)[C@H]1[C@@](O)(C(=O)OC)[C@H](OC(C)=O)[C@]4(CC)C=CCN5CC[C@]31[C@@H]54)C2,5311497.0,,5311497.0,Vinorelbine ,Vinorelbine
CCC1=C[C@@H]2CN(C1)Cc1c([nH]c3ccccc13)[C@@](C(=O)OC)(c1cc3c(cc1OC)N(C)[C@H]1[C@@](O)(C(=O)OC)[C@H](OC(C)=O)[C@]4(CC)C=CCN5CC[C@]31[C@@H]54)C2.O=C(O)[C@H](O)[C@@H](O)C(=O)O.O=C(O)[C@H](O)[C@@H](O)C(=O)O,11607738.0,,5311497.0,Vinorelbine ditartrate,Vinorelbine Tartrate
CCC1=C[C@@H]2CN(C1)Cc1c([nH]c3ccccc13)[C@@](C(=O)OC)(c1cc3c(cc1OC)N(C)[C@H]1[C@@](O)(C(=O)OC)[C@H](OC(C)=O)[C@]4(CC)C=CCN5CC[C@]31[C@@H]54)C2.O=C(O)[C@H](O)[C@@H](O)C(=O)O.O=C(O)[C@H](O)[C@@H](O)C(=O)O,11607738.0,,5311497.0,Vinorelbine tartrate,Vinorelbine Tartrate
CCC1=C[C@H]2CN(C1)Cc1c([nH]c3ccccc13)[C@@](C(=O)OC)(c1cc3c(cc1OC)N(C)[C@H]1[C@@](O)(C(=O)OC)[C@H](OC(C)=O)[C@]4(CC)C=CCN5CC[C@]31[C@@H]54)C2.O=C(O)[C@H](O)[C@@H](O)C(=O)O.O=C(O)[C@H](O)[C@@H](O)C(=O)O,45055483.0,,13200033.0,Vinorelbinetartrate,Vinorelbine ditartrate salt hydrate
CCOC(=O)C1=C[C@]2(CC)CCCN3CCc4c(n1c1ccccc41)[C@@H]32,443955.0,,443955.0,Vinpocetine,Vinpocetine
Cc1cc(Cn2nnc3c(-c4ccco4)nc(N)nc32)ccc1N,21874557.0,,21874557.0,Vipadenant,Vipadenant
CS(=O)(=O)c1ccc(C(=O)Nc2ccc(Cl)c(-c3ccccn3)c2)c(Cl)c1,24776445.0,,24776445.0,Vismodegib,Vismodegib
CS(=O)(=O)c1ccc(C(=O)Nc2ccc(Cl)c(-c3ccccn3)c2)c(Cl)c1,24776445.0,,24776445.0,Vismodegib ,Vismodegib
CS(=O)(=O)c1ccc(C(=O)Nc2ccc(Cl)c(-c3ccccn3)c2)c(Cl)c1,24776445.0,,24776445.0,Vismodegib (GDC-0449),Vismodegib
CNC(=O)c1cccc(-c2ccc3c(N4CCOC[C@@H]4C)nc(N4CCOC[C@@H]4C)nc3n2)c1,25262792.0,,25262792.0,Vistusertib,Vistusertib
C=C1CC[C@H](O)C/C1=C/C=C1\CCC[C@]2(C)[C@@H]([C@H](C)/C=C/[C@H](C)C(C)C)CC[C@@H]12,5280793.0,,5280793.0,Vitamin D2,Ergocalciferol
Cc1c(C)c2c(c(C)c1O)CC[C@@](C)(CCC[C@H](C)CCC[C@H](C)CCCC(C)C)O2,14985.0,,14985.0,Vitamin E,Vitamin E
CC1=C(C/C=C(\C)CCC[C@H](C)CCC[C@H](C)CCCC(C)C)C(=O)c2ccccc2C1=O,5284607.0,,5284607.0,Vitamin K1,Phylloquinone
,11305985.0,,,Vitamin E Acetate,Vitamin E acetate
CC[C@@H]1C(=O)N(C)c2cnc(Nc3ccc(C(=O)NC4CCC(N5CCN(CC6CC6)CC5)CC4)cc3OC)nc2N1C(C)C,10461508.0,,10461508.0,Volasertib,Volasertib
CC[C@@H]1C(=O)N(C)c2cnc(Nc3ccc(C(=O)NC4CCC(N5CCN(CC6CC6)CC5)CC4)cc3OC)nc2N1C(C)C,10461508.0,,10461508.0,Volasertib (BI 6727),Volasertib
CC[C@@H]1C(=O)N(C)c2cnc(Nc3ccc(C(=O)NC4CCC(N5CCN(CC6CC6)CC5)CC4)cc3OC)nc2N1C(C)C,10461508.0,,10461508.0,Volasertib (BI-6727),Volasertib
CCOC(=O)N[C@@H]1CC[C@@H]2[C@@H](C1)C[C@H]1C(=O)O[C@H](C)[C@H]1[C@H]2/C=C/c1ccc(-c2cccc(F)c2)cn1.O=S(=O)(O)O,10077129.0,,10077130.0,Vorapaxar sulfate,Vorapaxar Sulfate
C[C@@H](c1ncncc1F)[C@](O)(Cn1cncn1)c1ccc(F)cc1F,71616.0,,71616.0,Voriconazole,Voriconazole
O=C(CCCCCCC(=O)Nc1ccccc1)NO,5311.0,,5311.0,Vorinostat,Vorinostat
O=C(CCCCCCC(=O)Nc1ccccc1)NO,5311.0,,5311.0,Vorinostat ,Vorinostat
O=C(CCCCCCC(=O)Nc1ccccc1)NO,5311.0,,5311.0,Vorinostat  ,Vorinostat
O=C(CCCCCCC(=O)Nc1ccccc1)NO,5311.0,,5311.0,"Vorinostat (SAHA, MK0683)",Vorinostat
Cc1ccc(Sc2ccccc2N2CCNCC2)c(C)c1,9966051.0,,9966051.0,Vortioxetine,Vortioxetine
Br.Cc1ccc(Sc2ccccc2N2CCNCC2)c(C)c1,56843850.0,,9966051.0,Vortioxetine (Lu AA21004) HBr,Vortioxetine Hydrobromide
CCn1c(=O)c(-c2ccn[nH]2)cc2c(C)nc(N)nc21,16123056.0,,16123056.0,Voxtalisib,Voxtalisib
COc1ccccc1N1CCN(CCN(C(=O)C2CCCCC2)c2ccccn2)CC1.O=C(O)/C=C/C(=O)O,44193985.0,,5684.0,WAY-100635 Maleate,N-(2-(4-(2-methoxyphenyl)piperazin-1-yl)ethyl)-N-(pyridin-2-yl)cyclohexanecarboxamide fumarate
NCCc1cn(S(=O)(=O)c2c(Cl)nc3sccn23)c2ccccc12,10150497.0,,10150497.0,WAY-181187(SAX-187),"1-((6-Chloroimidazo(2,1-b)thiazol-5-yl)sulfonyl)-1H-indole-3-ethanamine"
CC(C)OC(=O)C1=CN(C(=O)c2ccc(F)c(F)c2)CC(C)(C)c2c1[nH]c1ccccc21,10026128.0,,10026128.0,WAY-362450,Turofexorate Isopropyl
c1cncc(CN2CCC(n3ncc4c(N5CCOCC5)nc(-c5ccc6[nH]ccc6c5)nc43)CC2)c1,25229526.0,,25229526.0,WAY-600,"4-[6-(1H-indol-5-yl)-1-[1-(pyridin-3-ylmethyl)piperidin-4-yl]pyrazolo[3,4-d]pyrimidin-4-yl]morpholine"
NCc1ccc(OCCCc2sc(-c3ccc4c(c3)/C(=N/Nc3nc5ccccc5s3)CCC4)nc2C(=O)O)cc1,71297207.0,,71297207.0,WEHI-539,Wehi-539
,78052549.0,375570485.0,,"WEHI-539, WEHI539","5-[3-[4-(Aminomethyl)phenoxy]propyl]-2-[8-[2-(2-benzothiazolyl)hydrazinylidene]-5,6,7,8-tetrahydro-2-naphthalenyl]-4-thiazolecarboxylic acid"
COc1ccc(N(C(=O)Oc2c(C)cccc2C)c2ccnc(Nc3ccc(N4CCN(C)CC4)cc3)n2)c(OC)c1,11844351.0,,11844351.0,WH-4-023,"2,6-Dimethylphenyl N-(2,4-dimethoxyphenyl)-N-[2-[[4-(4-methyl-1-piperazinyl)phenyl]amino]-4-pyrimidinyl]carbamate"
COc1cc2ncnc(Nc3ccc(O)cc3)c2cc1OC,3794.0,,3794.0,WHI-P131,Whi-p131
COc1cc2ncnc(Nc3ccc(O)c(Br)c3)c2cc1OC,3795.0,,3795.0,WHI-P154,Whi-P154
,,,,"WHI-P97, KIN001-055",
COc1ccc(-n2c(SCCCN3C(=O)c4cccc5cccc(c45)C3=O)nnc2-c2ccncc2)cc1,2984337.0,,2984337.0,WIKI4,"2-[3-[[4-(4-Methoxyphenyl)-5-pyridin-4-yl-1,2,4-triazol-3-yl]sulfanyl]propyl]benzo[de]isoquinoline-1,3-dione"
Cc1cc(-c2ccc(CC(=O)Nc3ccc(-c4cccnc4)cc3)cc2)ccn1,57519544.0,,57519544.0,WNT-C59,2-(4-(2-Methylpyridin-4-yl)phenyl)-N-(4-(pyridin-3-yl)phenyl)acetamide
C[C@@H](NC(=O)/C(C#N)=C/c1ccc([N+](=O)[O-])cc1)c1ccccc1,1525283.0,,1525283.0,WP-1034,(E)-2-cyano-3-(4-nitrophenyl)-N-[(1R)-1-phenylethyl]prop-2-enamide
C[C@H](NC(=O)/C(C#N)=C/c1cccc(Br)n1)c1ccccc1,11210478.0,,11210478.0,WP1066,WP-1066
CCC[C@H](NC(=O)/C(C#N)=C/c1cccc(Br)n1)c1ccccc1,11222830.0,,11222830.0,WP1130,Degrasyn
CCC1(C2=CC3CCC(C2)C3)C(=O)NC(=O)NC1=O,19254.0,,19254.0,WT-161,Reposal
Cc1cccc(Nc2cc(Cl)nc(SCC(=O)O)n2)c1C,5694.0,,5694.0,WY-14643 (Pirinixic Acid),Pirinixic Acid
CNC(=O)Nc1ccc(-c2nc(N3CC4CCC(C3)O4)c3cnn(C4CCC5(CC4)OCCO5)c3n2)cc1,25260757.0,,25260757.0,WYE-125132,"1-(4-(1-(1,4-Dioxaspiro(4.5)decan-8-yl)-4-(8-oxa-3-azabicyclo(3.2.1)octan-3-yl)pyrazolo(3,4-d)pyrimidin-6-yl)phenyl)-3-methylurea"
CNC(=O)Nc1ccc(-c2nc(N3CC4CCC(C3)O4)c3cnn(C4CCC5(CC4)OCCO5)c3n2)cc1,25260757.0,,25260757.0,WYE-125132 (WYE-132),"1-(4-(1-(1,4-Dioxaspiro(4.5)decan-8-yl)-4-(8-oxa-3-azabicyclo(3.2.1)octan-3-yl)pyrazolo(3,4-d)pyrimidin-6-yl)phenyl)-3-methylurea"
COC(=O)Nc1ccc(-c2nc(N3CCOCC3)c3cnn(C4CCN(C(=O)OC)CC4)c3n2)cc1,44219749.0,,44219749.0,WYE-354,Wye-354
,,,,"WZ-1-84, KIN001-123",
C=CC(=O)Nc1cccc(Oc2nc(Nc3ccc(N4CCN(C)CC4)cc3OC)ncc2Cl)c1,44607530.0,,44607530.0,WZ-4002,WZ-4002
C=CC(=O)Nc1cccc(Nc2nc(NC3CCC(N(C)C)CC3)nc3c2ncn3C(C)C)c1,42628507.0,,42628507.0,WZ3105,N-[3-[[2-[[4-(dimethylamino)cyclohexyl]amino]-9-propan-2-yl-6-purinyl]amino]phenyl]-2-propenamide
C=CC(=O)Nc1cccc(Oc2nc(Nc3ccc(N4CCN(C)CC4)cc3)ncc2Cl)c1,44607360.0,,44607360.0,WZ3146,WZ-3146
C=CC(=O)Nc1cccc(Oc2nc(Nc3ccc(N4CCN(C)CC4)cc3OC)ncc2Cl)c1,44607530.0,,44607530.0,WZ4002,WZ-4002
CCC(=O)Nc1cccc(Oc2nc(Nc3ccc(N4CCN(C)CC4)cc3OC)ncc2Cl)c1,72200024.0,,72200024.0,WZ4003,N-(3-((5-Chloro-2-((2-methoxy-4-(4-methyl-1-piperazinyl)phenyl)amino)-4-pyrimidinyl)oxy)phenyl)propanamide
C=CC(=O)Nc1cccc(Sc2nc(Nc3ccc(N4CCN(C)CC4)cc3)ncc2Cl)c1,44607531.0,,44607531.0,WZ8040,N-(3-((5-chloro-2-((4-(4-methylpiperazin-1-yl)phenyl)amino)pyrimidin-4-yl)thio)phenyl)acrylamide
CC(=O)CC(c1ccccc1)c1c(O)c2ccccc2oc1=O,54678486.0,,54678486.0,Warfarin,Warfarin
CC(=O)CC(c1ccccc1)c1c([O-])c2ccccc2oc1=O.[Na+],16204922.0,,54678486.0,Warfarin sodium,Warfarin Sodium
O=C1NC(=O)c2c1c(-c1ccccc1Cl)cc1[nH]c3ccc(O)cc3c21,10384072.0,,10384072.0,Wee1 Inhibitor,Wee1 Inhibitor
COc1cccc(-c2cc(NCc3ccc4c(c3)OCO4)nc(N)n2)c1.Cl,122705993.0,,11210285.0,Wnt agonist 1,AMBMP hydrochloride
Cc1cc(-c2ccc(CC(=O)Nc3ccc(-c4cccnc4)cc3)cc2)ccn1,57519544.0,,57519544.0,Wnt-C59,2-(4-(2-Methylpyridin-4-yl)phenyl)-N-(4-(pyridin-3-yl)phenyl)acetamide
Cc1cc(-c2ccc(CC(=O)Nc3ccc(-c4cccnc4)cc3)cc2)ccn1,57519544.0,,57519544.0,Wnt-C59 (C59),2-(4-(2-Methylpyridin-4-yl)phenyl)-N-(4-(pyridin-3-yl)phenyl)acetamide
COC[C@H]1OC(=O)c2coc3c2[C@@]1(C)C1=C(C3=O)[C@@H]2CCC(=O)[C@@]2(C)C[C@H]1OC(C)=O,312145.0,,312145.0,Wortmannin,Wortmannin
O=c1[nH]c(-c2ccc(C(F)(F)F)cc2)nc2c1CSCC2,135418940.0,,135418940.0,XAV 939,Xav-939
O=c1[nH]c(-c2ccc(C(F)(F)F)cc2)nc2c1CSCC2,135418940.0,,135418940.0,XAV-939,Xav-939
O=c1[nH]c(-c2ccc(C(F)(F)F)cc2)nc2c1CSCC2,135418940.0,,135418940.0,XAV-939 ,Xav-939
O=c1[nH]c(-c2ccc(C(F)(F)F)cc2)nc2c1CSCC2,135418940.0,,135418940.0,XAV939,Xav-939
CC(Oc1ccc(Oc2cnc3ccc(Cl)cc3n2)cc1)C(=O)[O-].[Na+],23675947.0,,148183.0,XK-469,XK-469
O=C(Nc1ccc(-c2ccnc(Nc3ccc(N4CCOCC4)cc3)n2)cc1)[C@@H]1CCCN1,57990869.0,,57990869.0,XL-019,XL019
COc1ccc(Cl)c(Nc2nc3ccccc3nc2NS(=O)(=O)c2cccc(NC(=O)C(C)(C)N)c2)c1,56599306.0,,56599306.0,XL-147,Pilaralisib
O=C(c1ccc(F)c(F)c1Nc1ccc(I)cc1F)N1CC(O)([C@@H]2CCCCN2)C1,16222096.0,,16222096.0,XL-518 (isomer 1),Cobimetinib
O=C(c1ccc(F)c(F)c1Nc1ccc(I)cc1F)N1CC(O)([C@@H]2CCCCN2)C1,16222096.0,,16222096.0,XL-518 (isomer 2),Cobimetinib
O=C(Nc1ccc(Oc2ccc(F)cc2)cc1)[C@@H]1C[C@@H](Cc2ccc(F)cc2)CN1C(=O)Cn1ccnn1,45377018.0,,45377018.0,XL-541,"(2S,4R)-1-(2-(1H-1,2,3-triazol-1-yl)acetyl)-4-(4-fluorobenzyl)-N-(4-(4-fluorophenoxy)phenyl)pyrrolidine-2-carboxamide"
COc1cc2c(Nc3ccc(Cl)c(Cl)c3F)ncnc2cc1OCC1C[C@@H]2CN(C)C[C@@H]2C1,10458325.0,,10458325.0,XL-647,"N-(3,4-dichloro-2-fluorophenyl)-6-methoxy-7-(((3aR,6aS)-2-methyloctahydrocyclopenta(c)pyrrol-5-yl)methoxy)-4-quinazolinamine"
CCn1c(=O)c(-c2ccn[nH]2)cc2c(C)nc(N)nc21,16123056.0,,16123056.0,XL-765,Voxtalisib
COc1cc2c(Oc3ccc(NC(=O)C4(C(=O)Nc5ccc(F)cc5)CC4)cc3F)ccnc2cc1OCCCN1CCOCC1,42642645.0,,42642645.0,XL-880,Foretinib
CC[C@@H](C)Nc1cc(C(=O)NC2C[C@H]3CC[C@@H](C2)N3c2ccc(C(=O)C3CC3)cn2)c(C)cc1C(N)=O,60147023.0,,60147023.0,XL-888,"5-((R)-sec-Butylamino)-N1-((1R,3S,5S)-8-(5-(cyclopropanecarbonyl)pyridin-2-yl)-8-azabicyclo(3.2.1)octan-3-yl)-2-methylterephthalamide"
O=C(Nc1ccc(-c2ccnc(Nc3ccc(N4CCOCC4)cc3)n2)cc1)[C@@H]1CCCN1,57990869.0,,57990869.0,XL019,XL019
Cc1ccc(S(=O)(=O)Nc2nc3ccccc3nc2Nc2ccc3nsnc3c2)cc1,1893730.0,,1893730.0,XL147,XL147
,1893730.0,405513848.0,,XL147 analogue,XL147
COc1cc2nccc(Oc3ccc(NC(=O)C4(C(=O)Nc5ccc(F)cc5)CC4)cc3)c2cc1OC.O=C(O)C[C@H](O)C(=O)O,25102846.0,,25102847.0,XL184(Cabozantinib malate),Cabozantinib S-malate
Cc1c(C(=O)N2CCOc3ccc(-c4ccc(N)nc4)cc3C2)ccc(S(C)(=O)=O)c1F,59604787.0,,59604787.0,XL388,XL-388
CCn1c(=O)c(-c2ccn[nH]2)cc2c(C)nc(N)nc21,16123056.0,,16123056.0,XL765,Voxtalisib
COc1cc(N2CCN(C)CC2)ccc1Nc1ncc2c(n1)N(C)c1ccccc1C(=O)N2,53322923.0,,53322923.0,XMD 8-87,"6H-Pyrimido[4,5-b][1,4]benzodiazepin-6-one, 5,11-dihydro-2-[[2-methoxy-4-(4-methyl-1-piperazinyl)phenyl]amino]-11-methyl-"
COc1cc(C(=O)NC2CCN(C)CC2)ccc1Nc1ncc2c(n1)N(C1CCCC1)CCC(=O)N2C(C)C,42628535.0,,42628535.0,XMD11-85H,"4-[(9-cyclopentyl-6-oxo-5-propan-2-yl-7,8-dihydropyrimido[4,5-b][1,4]diazepin-2-yl)amino]-3-methoxy-N-(1-methyl-4-piperidinyl)benzamide"
O=C(NC1CC1)c1cccc(-c2ccc3c(NC(=O)C4CC4)n[nH]c3c2)c1,68234129.0,,68234129.0,XMD13-2,N-cyclopropyl-3-[3-[[cyclopropyl(oxo)methyl]amino]-1H-indazol-6-yl]benzamide
COc1cc(N2CCN(C)CC2)ccc1Nc1nc(N)c(C(=O)c2c(Cl)cccc2Cl)s1,73265211.0,,73265211.0,XMD14-99,"[4-Amino-2-[2-methoxy-4-(4-methyl-1-piperazinyl)anilino]-5-thiazolyl]-(2,6-dichlorophenyl)methanone"
,,,,XMD15-27,
COc1cc(N2CCN(C)CC2)ccc1Nc1ncc2c(n1)N(C)c1ccccc1C(=O)N2C,46844147.0,,46844147.0,XMD8-85,"2-[2-Methoxy-4-(4-methyl-1-piperazinyl)anilino]-5,11-dimethyl-6-pyrimido[4,5-b][1,4]benzodiazepinone"
CCOc1cc(N2CCC(O)CC2)ccc1Nc1ncc2c(n1)N(C)c1ccccc1C(=O)N2C,46843772.0,,46843772.0,XMD8-92,Xmd8-92
CN(C)CCNC(=O)c1cccc2cc3ccccc3nc12,107805.0,,107805.0,XR-5000,N-(2-(Dimethylamino)ethyl)acridine-4-carboxamide
Cc1cccc2nc3cccc(C(=O)NCCNCCNCCNC(=O)c4cccc5nc6cccc(C)c6nc45)c3nc12,439035.0,,439035.0,XR-5944,XR 5944
COc1cc(O)c(CC=C(C)C)c(O)c1C(=O)/C=C/c1ccc(O)cc1,639665.0,,639665.0,Xanthohumol,Xanthohumol
,,505898280.0,,Xentuzumab,
Cc1cccc(C)c1NC1=NCCCS1.Cl,68554.0,,5707.0,Xylazine hydrochloride,Xylazine Hydrochloride
OC[C@@H](O)C(O)[C@@H](O)CO,6912.0,,6912.0,Xylitol,"(2S,4R)-Pentane-1,2,3,4,5-Pentol"
CCN(CC)CC(=O)Nc1c(C)cccc1C,3676.0,,3676.0,Xylocaine,Lidocaine
Cc1cc(C(C)(C)C)cc(C)c1CC1=NCCN1.Cl,5282386.0,,5709.0,Xylometazoline hydrochloride,Xylometazoline Hydrochloride
C[C@@H](N)C1CCC(C(=O)Nc2ccncc2)CC1,448042.0,,448042.0,Y-27632,Ximelegatran
C[C@@H](N)C1CCC(C(=O)Nc2ccncc2)CC1.Cl.Cl,9901617.0,,448042.0,Y-27632 2HCl,Y-27632 dihydrochloride
C[C@@H](N)c1ccc(C(=O)Nc2ccnc3[nH]ccc23)cc1.Cl,11507964.0,,9810884.0,Y-39983,Y-39983
,21948607.0,,18754163.0,Y39983,Y 33075 hydrochloride;Y33075 hydrochloride;Y 39983 hydrochloride;Y-39983 hydrochloride;Y39983 hydrochloride
OCc1ccc(-c2nn(Cc3ccccc3)c3ccccc23)o1,5712.0,,5712.0,YC-1,3-(5'-Hydroxymethyl-2'-furyl)-1-benzylindazole
COc1ccc(C(=O)CC2(O)C(=O)Nc3c(Cl)ccc(Cl)c32)cc1,44632017.0,,44632017.0,YK 4-279,"4,7-Dichloro-3-hydroxy-3-(2-(4-methoxyphenyl)-2-oxoethyl)-1,3-dihydro-2H-indol-2-one"
COc1ccc(C(=O)CC2(O)C(=O)Nc3c(Cl)ccc(Cl)c32)cc1,44632017.0,,44632017.0,YK-4-279,"4,7-Dichloro-3-hydroxy-3-(2-(4-methoxyphenyl)-2-oxoethyl)-1,3-dihydro-2H-indol-2-one"
,,,,YL54,
Nc1ccc(C(=O)Nc2cccc(-c3nc(N4CCOCC4)c4oc5ncccc5c4n3)c2)cn1,9956222.0,,9956222.0,YM 201636,YM-201636
COCCn1c2c([n+](Cc3cnccn3)c1C)C(=O)c1ccccc1C2=O.[Br-],11178236.0,,10126189.0,YM-155,Sepantronium Bromide
Nc1ccc(C(=O)Nc2cccc(-c3nc(N4CCOCC4)c4oc5ncccc5c4n3)c2)cn1,9956222.0,,9956222.0,YM-201636,YM-201636
COCCn1c2c([n+](Cc3cnccn3)c1C)C(=O)c1ccccc1C2=O.[Br-],11178236.0,,10126189.0,YM155,Sepantronium Bromide
COCCn1c2c([n+](Cc3cnccn3)c1C)C(=O)c1ccccc1C2=O.[Br-],11178236.0,,10126189.0,YM155 (SEPANTRONIUM BROMIDE),Sepantronium Bromide
Nc1ccc(C(=O)Nc2cccc(-c3nc(N4CCOCC4)c4oc5ncccc5c4n3)c2)cn1,9956222.0,,9956222.0,YM201636,YM-201636
CS(=O)(=O)O.N#CC1(c2ccc(NC(=O)c3cccnc3NCc3ccncc3)cc2)CCCC1,45139106.0,,11315474.0,YN-968D1,Rivoceranib Mesylate
C[C@H](NC(=O)Cc1cc(F)cc(F)c1)C(=O)N[C@@H]1C(=O)N(C)c2ccccc2-c2ccccc21,11454028.0,,11454028.0,YO-01027,"(S)-2-(2-(3,5-Difluorophenyl)acetamido)-N-((S)-5-methyl-6-oxo-6,7-dihydro-5H-dibenzo[b,d]azepin-7-yl)propanamide"
COC(=O)[C@@H]1[C@H]2C[C@H]3c4[nH]c5ccccc5c4CCN3C[C@@H]2CC[C@@H]1O.Cl,6169.0,,8969.0,Yohimbine hydrochloride,Yohimbine Hydrochloride
,,,,"Z-LLNLE-CHO, Z-L-NORLEUCINE-CHO",
,5329032.0,,,ZD,Zd-4190
Cc1nc2ccc(CN(C)c3ccc(C(=O)N[C@@H](CCC(=O)O)C(=O)O)s3)cc2c(=O)[nH]1,135400182.0,,135400182.0,ZD-1694,Raltitrexed
COc1cc2c(Nc3ccc(Br)cc3F)ncnc2cc1OCC1CCN(C)CC1,3081361.0,,3081361.0,ZD-6474,Vandetanib
O=c1ncccn1[C@@H]1O[C@H](CO)[C@@H](O)[C@H]1O,100016.0,,100016.0,ZEBULARINE,Zebularine
CN(C)C/C=C/C(=O)Nc1ccc(C(=O)Nc2cccc(Nc3nccc(-c4cccnc4)n3)c2)cc1,57340680.0,,57340680.0,ZG-10,Jnk-IN-2
COc1nc(C)cnc1NS(=O)(=O)c1cccnc1-c1ccc(-c2nnco2)cc1,9910224.0,,9910224.0,ZIBOTENTAN,Zibotentan
,5311124.0,,512282.0,"ZK-811752, BX-471",Bx 471
COc1cc2ncnc(Nc3ccc(Cl)cc3F)c2cc1OC,5329006.0,,5329006.0,ZM 306416,CB-676475
Cc1cc(F)c(Nc2ncnc3cc(OCc4ccccc4)ccc23)cc1O,16759369.0,,16759369.0,ZM 323881,5-((7-(Benzyloxy)quinazolin-4-yl)amino)-4-fluoro-2-methylphenol
Cc1cc(F)c(Nc2ncnc3cc(OCc4ccccc4)ccc23)cc1O.Cl,22624897.0,,16759369.0,ZM 323881 HCl,ZM 323881 hydrochloride
Cc1ccc(NC(=O)c2cccc(N(C)C)c2)cc1NC(=O)c1ccc(O)cc1,5730.0,,5730.0,ZM 336372,ZM 336372
CC(C)N(CCC(=O)c1ccc2ccccc2c1)Cc1ccccc1.Cl,176406.0,,3797.0,ZM 39923,ZM 39923-hydrochloride
CC(C)N(CCC(=O)c1ccc2ccccc2c1)Cc1ccccc1.Cl,176406.0,,3797.0,ZM 39923 HCl,ZM 39923-hydrochloride
COc1cc2c(Nc3ccc(NC(=O)c4ccccc4)cc3)ncnc2cc1OCCCN1CCOCC1,9914412.0,,9914412.0,ZM 447439,4-(4-(N-benzoylamino)anilino)-6-methoxy-7-(3-(1-morpholino)propoxy)quinazoline
Cc1ccc(NC(=O)c2cccc(N(C)C)c2)cc1NC(=O)c1ccc(O)cc1,5730.0,,5730.0,ZM-336372,ZM 336372
COc1cc2c(Nc3ccc(NC(=O)c4ccccc4)cc3)ncnc2cc1OCCCN1CCOCC1,9914412.0,,9914412.0,ZM-447439,4-(4-(N-benzoylamino)anilino)-6-methoxy-7-(3-(1-morpholino)propoxy)quinazoline
Cc1ccc(NC(=O)c2cccc(N(C)C)c2)cc1NC(=O)c1ccc(O)cc1,5730.0,,5730.0,ZM336372,ZM 336372
COc1cc2c(Nc3ccc(NC(=O)c4ccccc4)cc3)ncnc2cc1OCCCN1CCOCC1,9914412.0,,9914412.0,ZM447439,4-(4-(N-benzoylamino)anilino)-6-methoxy-7-(3-(1-morpholino)propoxy)quinazoline
,68740.0,,,"ZOLEDRONATE, ZOLEDRONIC ACID, ZOMETA, RECLAST",Zoledronic Acid
O=P(O)(O)C(O)(Cn1ccnc1)P(=O)(O)O,68740.0,,68740.0,ZOLEDRONIC ACID,Zoledronic Acid
FC(F)c1nc2ccccc2n1-c1nc(N2CCOCC2)nc(N2CCOCC2)n1,11647372.0,,11647372.0,ZSTK-474,"2-(Difluoromethyl)-1-(4,6-di-4-morpholinyl-1,3,5-triazin-2-yl)-1H-benzimidazole"
FC(F)c1nc2ccccc2n1-c1nc(N2CCOCC2)nc(N2CCOCC2)n1,11647372.0,,11647372.0,ZSTK474,"2-(Difluoromethyl)-1-(4,6-di-4-morpholinyl-1,3,5-triazin-2-yl)-1H-benzimidazole"
COc1cc(C(=O)NS(=O)(=O)c2ccccc2C)ccc1Cc1cn(C)c2ccc(NC(=O)OC3CCCC3)cc12,5717.0,,5717.0,Zafirlukast,Zafirlukast
Nc1ccn([C@H]2CC[C@@H](CO)O2)c(=O)n1,24066.0,,24066.0,Zalcitabine,Dideoxycytidine
CC(C(=O)O)c1ccc2c(c1)CC(=O)c1ccccc1S2,5720.0,,5720.0,Zaltoprofen,Zaltoprofen
CC(=O)N[C@H]1[C@H]([C@H](O)[C@H](O)CO)OC(C(=O)O)=C[C@@H]1N=C(N)N,60855.0,,60855.0,Zanamivir,Zanamivir
O=c1ncccn1[C@@H]1O[C@H](CO)[C@@H](O)[C@H]1O,100016.0,,100016.0,Zebularine,Zebularine
COc1nc(C)cnc1NS(=O)(=O)c1cccnc1-c1ccc(-c2nnco2)cc1,9910224.0,,9910224.0,Zibotentan,Zibotentan
Cc1cn([C@H]2C[C@H](N=[N+]=[N-])[C@@H](CO)O2)c(=O)[nH]c1=O,35370.0,,35370.0,Zidovudine,Zidovudine
CC(c1cc2ccccc2s1)N(O)C(N)=O,60490.0,,60490.0,Zileuton,Zileuton
COc1cc(CCC(C)=O)ccc1O,31211.0,201501678.0,,Zinc bacitracin,Zingerone
[O-][n+]1ccccc1[S-].[O-][n+]1ccccc1[S-].[Zn+2],26041.0,,1570.0,Zinc pyrithione,Pyrithione Zinc
C=CCCCCCCCCC(=O)[O-].C=CCCCCCCCCC(=O)[O-].[Zn+2],11179.0,,5634.0,Zinc undecylenate,Zinc Undecylenate
O=C1Cc2cc(CCN3CCN(c4nsc5ccccc45)CC3)c(Cl)cc2N1,60854.0,,60854.0,Ziprasidone,Ziprasidone
,219099.0,,60854.0,Ziprasidone  Hydrochloride,Ziprasidone Hydrochloride
Cl.O=C1Cc2cc(CCN3CCN(c4nsc5ccccc45)CC3)c(Cl)cc2N1,219099.0,,60854.0,Ziprasidone hydrochloride,Ziprasidone Hydrochloride
Cl.O.O=C1Cc2cc(CCN3CCN(c4nsc5ccccc45)CC3)c(Cl)cc2N1,60853.0,,60854.0,Ziprasidone hydrochloride monohydrate,Ziprasidone hydrochloride monohydrate
O=P(O)(O)C(O)(Cn1ccnc1)P(=O)(O)O,68740.0,,68740.0,Zoledronic Acid,Zoledronic Acid
O=P(O)(O)C(O)(Cn1ccnc1)P(=O)(O)O,68740.0,,68740.0,Zoledronic acid,Zoledronic Acid
O.O=P(O)(O)C(O)(Cn1ccnc1)P(=O)(O)O,121586.0,,68740.0,Zoledronic acid monohydrate,Zoledronic acid monohydrate
,,,,Zolendronic acid,
CN(C)CCc1c[nH]c2ccc(C[C@H]3COC(=O)N3)cc12,60857.0,,60857.0,Zolmitriptan,Zolmitriptan
Cc1ccc(-c2nc3ccc(C)cn3c2CC(=O)N(C)C)cc1,5732.0,,5732.0,Zolpidem,Zolpidem
Cc1cc(CC(=O)[O-])n(C)c1C(=O)c1ccc(Cl)cc1.O.O.[Na+],23663418.0,,5733.0,Zomepirac Sodium,Zomepirac Sodium
NS(=O)(=O)Cc1noc2ccccc12,5734.0,,5734.0,Zonisamide,Zonisamide
CN1CCN(C(=O)OC2c3nccnc3C(=O)N2c2ccc(Cl)cn2)CC1,5735.0,,5735.0,Zopiclone,Zopiclone
O[C@@H](COc1cccc2ncccc12)CN1CCN(C2c3ccccc3[C@@H]3[C@H](c4ccccc42)C3(F)F)CC1,3036703.0,,3036703.0,Zosuquidar,GlyTouCan:G06891UD
Cl.Cl.Cl.O[C@@H](COc1cccc2ncccc12)CN1CCN(C2c3ccccc3[C@@H]3[C@H](c4ccccc42)C3(F)F)CC1,153997.0,,3036703.0,Zosuquidar trihydrochloride,Zosuquidar Trihydrochloride
CO[C@H]1C[C@@H]2CC[C@@H](C)[C@@](O)(O2)C(=O)C(=O)N2CCCC[C@H]2C(=O)O[C@H]([C@H](C)C[C@@H]2CC[C@H](n3cnnn3)[C@H](OC)C2)CC(=O)[C@H](C)/C=C(\C)[C@@H](O)[C@@H](OC)C(=O)[C@H](C)C[C@H](C)/C=C/C=C/C=C/1C,9876378.0,,9876378.0,Zotarolimus,Zotarolimus
CO[C@H]1C[C@@H]2CC[C@@H](C)[C@@](O)(O2)C(=O)C(=O)N2CCCC[C@H]2C(=O)O[C@H]([C@H](C)C[C@@H]2CC[C@H](n3cnnn3)[C@H](OC)C2)CC(=O)[C@H](C)/C=C(\C)[C@@H](O)[C@@H](OC)C(=O)[C@H](C)C[C@H](C)/C=C\C=C\C=C\1C,23375907.0,,23375907.0,Zotarolimus(ABT-578),Zotarolimus(ABT-578)
COc1cc2c(c(OC)n1)[C@]1(O)[C@H](O)[C@H](CN(C)C)[C@@H](c3ccccc3)[C@]1(c1ccc(C#N)cc1)O2,129138801.0,,129138801.0,Zotatifin,Zotatifin
CN(C)CCOC1=Cc2ccccc2Sc2ccc(Cl)cc21,5736.0,,5736.0,Zotepine,Zotepine
Nc1nc2cc(Cl)ccc2o1,6103.0,,6103.0,Zoxazolamine,Zoxazolamine
N#Cc1c(O)c2c(-c3ccc(-c4ccccc4O)cc3)csc2[nH]c1=O,54708532.0,,54708532.0,a769662,A-769662
CCN1CCN(Cc2ccc(Nc3ncc(F)c(-c4cc(F)c5nc(C)n(C(C)C)c5c4)n3)nc2)CC1,46220502.0,,46220502.0,abemaciclib,Abemaciclib
C[C@]12CC[C@H](O)CC1=CC[C@@H]1[C@@H]2CC[C@]2(C)C(c3cccnc3)=CC[C@@H]12,132971.0,,132971.0,abiraterone,Abiraterone
C[C@]1(c2nc3c(C(N)=O)cccc3[nH]2)CCCN1.Cl.Cl,45480520.0,,11960529.0,abt-888,(R)-2-(2-methylpyrrolidin-2-yl)-1H-benzo(d)imidazole-4-carboxamide dihydrochloride
CC1(C)CCC(c2ccc(Cl)cc2)=C(CN2CCN(c3ccc(C(=O)NS(=O)(=O)c4ccc(N[C@H](CCN5CCOCC5)CSc5ccccc5)c(S(=O)(=O)C(F)(F)F)c4)cc3)CC2)C1,24978538.0,,24978538.0,abt263,Abt 263
CN(C)C/C=C/C(=O)Nc1cc2c(Nc3ccc(F)c(Cl)c3)ncnc2cc1O[C@H]1CCOC1,10184653.0,,10184653.0,afatinib,Afatinib
COc1cc(Nc2ncc3c(n2)-c2ccc(Cl)cc2C(c2c(F)cccc2OC)=NC3)ccc1C(=O)O,24771867.0,,24771867.0,alisertib,Alisertib
,,,,alisertib:navitoclax (2:1 mol/mol),
CN1CC[C@H](c2c(O)cc(O)c3c(=O)cc(-c4ccccc4Cl)oc23)[C@H](O)C1,5287969.0,,5287969.0,alvocidib,Alvocidib
CCC(=O)CCCCC[C@@H]1NC(=O)[C@H]2CCCCN2C(=O)[C@H]([C@@H](C)CC)NC(=O)[C@H](Cc2cn(OC)c3ccccc23)NC1=O,6918328.0,,6918328.0,apicidin,Apicidin
O=C1NC(=O)/C(=C/c2ccc(-c3ccc(F)cc3O)o2)S1,11630874.0,,11630874.0,as252424,AS-252424
CC(C)(O)CCc1ccc(O)c2c(=O)c3c(O)c4c(cc3oc12)O[C@H]1OC=C[C@@]41O,5470400.0,,5470400.0,austocystin D,"(3aR,12aR)-3a,12a-Dihydro-3a,4,6-trihydroxy-9-(3-hydroxy-3-methylbutyl)-5H-furo(3',2':4,5)furo(3,2-b)xanthen-5-one"
NC(=O)[C@@H](CCC(F)(F)F)N(Cc1ccc(-c2ncon2)cc1F)S(=O)(=O)c1ccc(Cl)cc1,46883536.0,,46883536.0,avagacestat,Avagacestat
C=C[C@](C)(O)CC/C=C(\CO)C(=O)O[C@H]1[C@H](O)[C@@H](O)[C@H](O[C@@](C)(C=C)CC/C=C(\CO)C(=O)O[C@H]2C[C@]3(C(=O)O[C@@H]4O[C@H](CO)[C@@H](O)[C@H](O)[C@H]4O[C@@H]4O[C@@H](C)[C@H](O[C@@H]5O[C@@H](CO)[C@H](O)[C@H]5O)[C@@H](O[C@@H]5O[C@H](CO)[C@@H](O)[C@H](O)[C@H]5O)[C@H]4O)[C@H](O)C[C@]4(C)C(=CC[C@@H]5[C@@]6(C)CC[C@H](O[C@@H]7O[C@H](CO[C@@H]8O[C@H](C)[C@H](O)[C@H](O)[C@H]8O[C@@H]8OC[C@@H](O)[C@H](O)[C@H]8O)[C@@H](O)[C@H](O)[C@H]7NC(C)=O)C(C)(C)[C@@H]6CC[C@]54C)[C@@H]3CC2(C)C)O[C@@H]1C,44566777.0,,44566777.0,avicin D,Avicin D
CC1(C)C=Cc2c(ccc3c2[N+]([O-])=C2C3=C[C@@]34NC(=O)[C@]5(CCCN5C3=O)C[C@H]4C2(C)C)O1,11719255.0,,11719255.0,avrainvillamide,Avrainvillamide
CNC(=O)c1ccccc1Sc1ccc2c(/C=C/c3ccccn3)n[nH]c2c1,6450551.0,,6450551.0,axitinib,Axitinib
Nc1ncn([C@@H]2O[C@H](CO)[C@@H](O)[C@H]2O)c(=O)n1,9444.0,,9444.0,azacitidine,Azacytidine
C=CCn1c(=O)c2cnc(Nc3ccc(N4CCN(C)CC4)cc3)nc2n1-c1cccc(C(C)(C)O)n1,24856436.0,,24856436.0,azd1775,MK 1775
NC(=O)Nc1cc(-c2cccc(F)c2)sc1C(=O)N[C@H]1CCCNC1,11152667.0,,11152667.0,azd7762,Azd7762
CO/C1=C\C(C)=C\[C@@H](C)[C@@H](O)[C@@H](C)C/C(C)=C/C=C/[C@H](OC)[C@@H]([C@@H](C)[C@@H](O)[C@H](C)[C@@]2(O)C[C@@H](O)[C@H](C)[C@@H](C(C)C)O2)OC1=O,6436223.0,,6436223.0,bafilomycin A1,Bafilomycin A1
CCN(CCCOc1ccc2c(Nc3cc(CC(=O)Nc4cccc(F)c4)[nH]n3)ncnc2c1)CCOP(=O)(O)O,11497983.0,,11497983.0,barasertib,Barasertib
COC(=O)[C@]12CCC(C)(C)C[C@H]1[C@H]1C(=O)C=C3[C@@]4(C)C=C(C#N)C(=O)C(C)(C)[C@@H]4CC[C@@]3(C)[C@]1(C)CC2,400769.0,,400769.0,bardoxolone methyl,Bardoxolone Methyl
CNC(=O)[C@H](Cc1ccccc1)NC(=O)[C@H](CC(C)C)[C@H](CSc1cccs1)C(=O)NO,5362422.0,,5362422.0,batimastat,Batimastat
O=C(/C=C/c1cccc(S(=O)(=O)Nc2ccccc2)c1)NO,6918638.0,,6918638.0,belinostat,Belinostat
Cn1c(CCCC(=O)O)nc2cc(N(CCCl)CCCl)ccc21,65628.0,,65628.0,bendamustine,Bendamustine
C=C(C)[C@@H]1CC[C@]2(C(=O)O)CC[C@]3(C)[C@H](CC[C@@H]4[C@@]5(C)CC[C@H](O)C(C)(C)[C@@H]5CC[C@]43C)[C@@H]12,64971.0,,64971.0,betulinic acid,Betulinic Acid
C=C(c1ccc(C(=O)O)cc1)c1cc2c(cc1C)C(C)(C)CCC2(C)C,82146.0,,82146.0,bexarotene,Bexarotene
Cn1c(=O)n(-c2ccc(C(C)(C)C#N)cc2)c2c3cc(-c4cnc5ccccc5c4)ccc3ncc21,11977753.0,,11977753.0,bez-235,Dactolisib
,,404720624.0,,bi78d3,"4-(2,3-dihydro-1,4-benzodioxin-6-yl)-2,4-dihydro-5-((5-nitro-2-thiazolyl)thio)-3H-1,2,4-triazol-3-one"
,,375581485.0,,bid1870,501437-28-1
CC[C@H](NC(=O)[C@H](C)NC)C(=O)N1C[C@@H](O)C[C@H]1Cc1c(-c2[nH]c3cc(F)ccc3c2C[C@@H]2C[C@H](O)CN2C(=O)[C@H](CC)NC(=O)[C@H](C)NC)[nH]c2cc(F)ccc12,49836020.0,,49836020.0,birinapant,Birinapant
C/C=C/C(=O)C[C@H]1CC[C@H](C)[C@H](CC(=O)NC[C@H](O)[C@H](C)C(=O)NCCC[C@H]2O[C@@]3(CCC[C@H](CC[C@H](C)/C=C(\C)[C@H](C)O)O3)CC[C@@H]2C)O1,49864366.0,,49864366.0,bistramide A,Bistramide A
Cc1ccc2c(c1)C(=O)C1(O)CCN(c3ccccc3)C1=N2,3476986.0,,3476986.0,blebbistatin,"1,2,3,3a-Tetrahydro-3a-hydroxy-6-methyl-1-phenyl-4H-pyrrolo(2,3-b)quinolin-4-one"
Cc1c(N)nc([C@H](CC(N)=O)NC[C@H](N)C(N)=O)nc1C(=O)N[C@H](C(=O)N[C@H](C)[C@@H](O)[C@H](C)C(=O)N[C@H](C(=O)NCCc1nc(-c2nc(C(=O)NCCC[S+](C)C)cs2)cs1)[C@@H](C)O)[C@@H](O[C@@H]1O[C@@H](CO)[C@@H](O)[C@H](O)[C@@H]1O[C@H]1O[C@H](CO)[C@@H](O)[C@H](OC(N)=O)[C@@H]1O)c1cnc[nH]1,5460769.0,,5460769.0,bleomycin A2,Bleomycin A2
Cc1cc(N2CCOCC2)cc2[nH]c(-c3c(NC[C@@H](O)c4cccc(Cl)c4)cc[nH]c3=O)nc12,135440466.0,,135440466.0,bms536924,Bms-536924
CC(C)C[C@H](NC(=O)[C@H](Cc1ccccc1)NC(=O)c1cnccn1)B(O)O,387447.0,,387447.0,bortezomib,Bortezomib
COc1cc(Nc2c(C#N)cnc3cc(OCCCN4CCN(C)CC4)c(OC)cc23)c(Cl)cc1Cl,5328940.0,,5328940.0,bosutinib,Bosutinib
C[C@H]1CCC/C=C/[C@@H]2C[C@H](O)C[C@H]2[C@H](O)/C=C/C(=O)O1,5287620.0,,5287620.0,brefeldin A,Brefeldin A
Cc1cc2c(F)c(Oc3ncnn4cc(OC[C@@H](C)O)c(C)c34)ccc2[nH]1,11234052.0,,11234052.0,brivanib,Brivanib
C=C1C(=O)OC(CCCCCCCC)C1C(=O)O,4248455.0,,4248455.0,c75,Tetrahydro-4-methylene-2-octyl-5-oxo-3-furancarboxylic acid
COc1cc2nccc(Oc3ccc(NC(=O)C4(C(=O)Nc5ccc(F)cc5)CC4)cc3)c2cc1OC,25102847.0,,25102847.0,cabozantinib,Cabozantinib
C=CC(=O)Nc1cc2c(Nc3ccc(F)c(Cl)c3)ncnc2cc1OCCCN1CCOCC1,156414.0,,156414.0,canertinib,Canertinib
COc1cc(CNC(=O)CCCC/C=C/C(C)C)ccc1O,1548943.0,,1548943.0,capsaicin,Capsaicin
N.N.O=C([O-])C1(C(=O)[O-])CCC1.[Pt+2],10339178.0,,2568.0,carboplatin,Carboplatin
,,,,carboplatin:UNC0638 (2:1 mol/mol),
,,,,carboplatin:etoposide (40:17 mol/mol),
CC(C)C[C@H](NC(=O)[C@H](CCc1ccccc1)NC(=O)CN1CCOCC1)C(=O)N[C@@H](Cc1ccccc1)C(=O)N[C@@H](CC(C)C)C(=O)[C@@]1(C)CO1,11556711.0,,11556711.0,carfilzomib,Carfilzomib
COc1cc2c(Oc3ccc4[nH]c(C)cc4c3F)ncnc2cc1OCCCN1CCCC1,9933475.0,,9933475.0,cediranib,Cediranib
,9933475.0,,,cediranib/azd2171,Cediranib
COc1ccc(/C=C/C(=O)c2c(-c3ccccc3)c3ccccc3[nH]c2=O)cc1,72193861.0,,72193861.0,ceranib-2,3-[3-(4-Methoxyphenyl)-1-oxo-2-propen-1-yl]-4-phenyl-2(1H)-quinolinone
Cc1cc(Nc2ncc(Cl)c(Nc3ccccc3S(=O)(=O)C(C)C)n2)c(OC(C)C)cc1C1CCNCC1,57379345.0,,57379345.0,ceritinib,Ceritinib
COCc1c(C(C)C)nc(C(C)C)c(/C=C/[C@@H](O)C[C@@H](O)CC(=O)O)c1-c1ccc(F)cc1,446156.0,,446156.0,cerivastatin,Cerivastatin
C/C=C/C/C=C/CCC(=O)[C@H]1O[C@H]1C(N)=O,5282054.0,,5282054.0,cerulenin,Cerulenin
CN1C(=O)[C@@]23C[C@]4([C@]56C[C@@]78SS[C@@](CO)(C(=O)N7[C@H]5Nc5ccccc56)N(C)C8=O)c5ccccc5N[C@@H]4N2C(=O)[C@]1(CO)SS3,11657687.0,,11657687.0,chaetocin,Chaetocin
Cn1c(Nc2ccc(C(F)(F)F)cc2)nc2cc(Oc3ccnc(-c4ncc(C(F)(F)F)[nH]4)c3)ccc21,11656518.0,,11656518.0,chir265,Raf265
O=C1c2ccccc2C(=O)C1c1ccc(Cl)cc1,70846.0,,70846.0,chlophenadione,Clorindione
O=C(O)CCCc1ccc(N(CCCl)CCCl)cc1,2708.0,,2708.0,chlorambucil,Chlorambucil
Cc1cc(C2CCCCC2)n(O)c(=O)c1,2749.0,,2749.0,ciclopirox,Ciclopirox
C/C=C/C[C@@H](C)[C@@H](O)[C@H]1C(=O)N[C@@H](CC)C(=O)N(C)CC(=O)N(C)[C@@H](CC(C)C)C(=O)N[C@@H](C(C)C)C(=O)N(C)[C@@H](CC(C)C)C(=O)N[C@@H](C)C(=O)N[C@H](C)C(=O)N(C)[C@@H](CC(C)C)C(=O)N(C)[C@@H](CC(C)C)C(=O)N(C)[C@@H](C(C)C)C(=O)N1C,5284373.0,,5284373.0,ciclosporin,Cyclosporin A
CC(C)[C@H]1C(=O)N[C@@H](CCCN=C(N)N)C(=O)NCC(=O)N[C@@H](CC(=O)O)C(=O)N[C@H](Cc2ccccc2)C(=O)N1C,176873.0,,176873.0,cilengitide,Cilengitide
CN=C(NC#N)NCCSCc1nc[nH]c1C,2756.0,,2756.0,cimetidine,Cimetidine
CC=Cc1ccc(OC)cc1,7703.0,,7703.0,cis-Anethol,1-Methoxy-4-Prop-1-Enylbenzene
N.N.[Cl][Pt][Cl],5460033.0,,,cisplatin,Cisplatin
Nc1nc(Cl)nc2c1ncn2[C@@H]1O[C@H](CO)[C@@H](O)[C@@H]1F,119182.0,,119182.0,clofarabine,Clofarabine
O=C(c1ccc(F)c(F)c1Nc1ccc(I)cc1F)N1CC(O)([C@@H]2CCCCN2)C1,16222096.0,,16222096.0,cobimetinib,Cobimetinib
,23757182.0,,,compound 1B,"NCGC00169094-03_C30H38O15_beta-D-Glucopyranoside, (1aS,1bS,2S,5aR,6S,6aS)-6-[[6-deoxy-3-O-[(2E)-1-oxo-3-phenyl-2-propen-1-yl]-alpha-L-mannopyranosyl]oxy]-1a,1b,2,5a,6,6a-hexahydro-1a-(hydroxymethyl)oxireno[4,5]cyclopenta[1,2-c]pyran-2-yl"
C[C@@H]1CCN(C(=O)CC#N)C[C@@H]1N(C)c1ncnc2[nH]ccc12,9926791.0,,9926791.0,cp690550,Tofacitinib
C[C@@H](Oc1cc(-c2cnn(C3CCNCC3)c2)cnc1N)c1c(Cl)ccc(F)c1Cl,11626560.0,,11626560.0,crizotinib,Crizotinib
,11626560.0,,,crizotinib/pf2341066,Crizotinib
,,,,crizotinib:PLX-4032 (2:1 mol/mol),
CC(C)(O)/C=C/C(=O)[C@](C)(O)[C@H]1[C@H](O)C[C@@]2(C)[C@@H]3CC=C4[C@@H](C=C(O)C(=O)C4(C)C)[C@]3(C)C(=O)C[C@]12C,5281321.0,,5281321.0,cucurbitacin I,Cucurbitacin I
COc1cc(/C=C/C(=O)CC(=O)/C=C/c2ccc(O)c(OC)c2)ccc1O,969516.0,,969516.0,curcumin,Curcumin
O=C(O)c1ccc2c(c1)nc(Nc1cccc(Cl)c1)c1ccncc12,24748573.0,,24748573.0,cx4945,Silmitasertib
N#Cc1cnc2c(Cl)cc(NCc3cnc[nH]3)cc2c1Nc1ccc(F)c(Cl)c1,17759555.0,,17759555.0,cyanoquinoline 11,8-chloro-4-(3-chloro-4-fluoroanilino)-6-(1H-imidazol-5-ylmethylamino)-3-quinolinecarbonitrile
O=P1(N(CCCl)CCCl)NCCCO1,2907.0,,2907.0,cyclophosphamide,Cyclophosphamide
Cl.Nc1ccn([C@@H]2O[C@H](CO)[C@@H](O)[C@@H]2O)c(=O)n1,6252.0,,6253.0,cytarabine hydrochloride,Cytarabine Hydrochloride
C=C1[C@@H](C)[C@H]2[C@H](Cc3ccccc3)NC(=O)[C@]23OC(=O)/C=C/[C@H](O)CCC[C@@H](C)C/C=C/[C@H]3[C@@H]1O,5311281.0,,5311281.0,cytochalasin B,Cytochalasin B
Cc1sc2c(c1C)C(c1ccc(Cl)cc1)=N[C@@H](CC(=O)NCCCCNC(=O)COc1cccc3c1C(=O)N(C1CCC(=O)NC1=O)C3=O)c1nnc(C)n1-2,91799313.0,,91799313.0,dBET1,dBET1
CC(C)(C)c1nc(-c2cccc(NS(=O)(=O)c3c(F)cccc3F)c2F)c(-c2ccnc(N)n2)s1,44462760.0,,44462760.0,dabrafenib,Dabrafenib
CN(C)/N=N/c1nc[nH]c1C(N)=O,135398738.0,,135398738.0,dacarbazine,Dacarbazine
COc1cc2ncnc(Nc3ccc(F)c(Cl)c3)c2cc1NC(=O)/C=C/CN1CCCCC1,11511120.0,,11511120.0,dacomitinib,Dacomitinib
O=C(/C=C/c1cccnc1)NCCCCC1CCN(C(=O)c2ccccc2)CC1,6914657.0,,6914657.0,daporinad,Daporinad
C[As](C)SC[C@H](NC(=O)CC[C@H](N)C(=O)O)C(=O)NCC(=O)O,11683005.0,,11683005.0,darinaparsin,Darinaparsin
Cc1nc(Nc2ncc(C(=O)Nc3c(C)cccc3Cl)s2)cc(N2CCN(CCO)CC2)n1,3062316.0,,3062316.0,dasatinib,Dasatinib
Nc1ncn([C@H]2C[C@H](O)[C@@H](CO)O2)c(=O)n1,451668.0,,451668.0,decitabine,5-Aza-2'-deoxycytidine
,,,,decitabine:carboplatin (1:1 mol/mol),
,,,,decitabine:navitoclax (2:1 mol/mol),
CNC(=O)c1ccc(Nc2ncc(C(F)(F)F)c(NCc3nccnc3N(C)S(C)(=O)=O)n2)cc1,25117126.0,,25117126.0,defactinib,Defactinib
c1ccc(Cn2c(-c3ccc(OC[C@H](C4CCNCC4)n4c(-c5ccccc5)nc5ccccc54)cc3)nc3ccccc32)cc1,73292904.0,,73292904.0,deltarasin,Deltarasin
C[C@@H]1C[C@H]2[C@@H]3CCC4=CC(=O)C=C[C@]4(C)[C@@]3(F)[C@@H](O)C[C@]2(C)[C@@]1(O)C(=O)CO,5743.0,,5743.0,dexamethasone,Dexamethasone
CCc1cnn2c(NCc3ccc[n+]([O-])c3)cc(N3CCCC[C@H]3CCO)nc12,46926350.0,,46926350.0,dinaciclib,Dinaciclib
CC(=O)O[C@@]12CO[C@@H]1C[C@H](O)[C@@]1(C)C(=O)[C@H](O)C3=C(C)[C@@H](OC(=O)[C@H](O)[C@@H](NC(=O)OC(C)(C)C)c4ccccc4)C[C@@](O)([C@@H](OC(=O)c4ccccc4)[C@H]21)C3(C)C,148124.0,,148124.0,docetaxel,Docetaxel
,,,,docetaxel:tanespimycin (2:1 mol/mol),
c1cc(-c2cnn3cc(-c4ccc(OCCN5CCCCC5)cc4)cnc23)ccn1,11524144.0,,11524144.0,dorsomorphin,Dorsomorphin
CN1CCN(c2ccc3nc(-c4c(N)c5c(F)cccc5[nH]c4=O)[nH]c3c2)CC1,135398510.0,,135398510.0,dovitinib,Dovitinib
,136258312.0,,135743690.0,dovitinib/chir-258,"CHIR-258 (TKI-258,Dovitinib)"
COc1cccc2c1C(=O)c1c(O)c3c(c(O)c1C2=O)C[C@@](O)(C(=O)CO)C[C@@H]3O[C@H]1C[C@H](N)[C@H](O)[C@H](C)O1,31703.0,,31703.0,doxorubicin,Doxorubicin
,,,,doxorubicin:navitoclax (2:1 mol/mol),
C=C1/C(=C\C=C2/CCC[C@]3(C)C([C@@H](C)C/C=C/C(O)(CC)CC)=CC[C@@H]23)C[C@@H](O)C[C@@H]1F,11396600.0,,11396600.0,elocalcitol,Elocalcitol
CCCCCCCCCCCC1=C(O)C(=O)C=C(O)C1=O,3218.0,,3218.0,embelin,Embelin
CCc1c[nH]c2ncnc(N3CC[C@@](N)(CNC(=O)c4ccc(F)cc4F)C3)c12,23725157.0,,23725157.0,enantiomer of PF-4176340,Enantiomer of PF-4176340
Cc1cc(Nc2cc(N3CCN(C)CC3)nc(/C=C/c3ccccc3)n2)n[nH]1,16041424.0,,16041424.0,enmd2076,Enmd-2076
Nc1ccccc1NC(=O)c1ccc(CNC(=O)OCc2cccnc2)cc1,4261.0,,4261.0,entinostat,Entinostat
Cn1cc(C2=C(c3cn(C4CCN(Cc5ccccn5)CC4)c4ccccc34)C(=O)NC2=O)c2ccccc21,176167.0,,176167.0,enzastaurin,Enzastaurin
O=C(O[C@@H]1Cc2c(O)cc(O)cc2O[C@@H]1c1cc(O)c(O)c(O)c1)c1cc(O)c(O)c(O)c1,65064.0,,65064.0,epigallocatechin-3-monogallate,Epigallocatechin Gallate
CCOc1ccccc1-n1c(C(C)N2CCN(C(=O)COc3ccc(Cl)cc3)CC2)nc2ccccc2c1=O,11214940.0,,11214940.0,erastin,Erastin
Cc1c(C(=O)Nc2ccc(N3C[C@@H](C)O[C@@H](C)C3)nc2)cccc1-c1ccc(OC(F)(F)F)cc1,24775005.0,,24775005.0,erismodegib,Sonidegib
C#Cc1cccc(Nc2ncnc3cc(OCCOC)c(OCCOC)cc23)c1,176870.0,,176870.0,erlotinib,Erlotinib
,,,,erlotinib:PLX-4032 (2:1 mol/mol),
CCOC(=O)[C@@]1(CCCCCCOc2ccc(Cl)cc2)CO1,9840324.0,,9840324.0,etomoxir,Etomoxir
COc1cc([C@@H]2c3cc4c(cc3[C@@H](O[C@@H]3O[C@@H]5CO[C@@H](C)O[C@H]5[C@H](O)[C@H]3O)[C@H]3COC(=O)[C@H]23)OCO4)cc(OC)c1O,36462.0,,36462.0,etoposide,Etoposide
CO[C@H]1C[C@@H]2CC[C@@H](C)[C@@](O)(O2)C(=O)C(=O)N2CCCC[C@H]2C(=O)O[C@H]([C@H](C)C[C@@H]2CC[C@@H](OCCO)[C@H](OC)C2)CC(=O)[C@H](C)/C=C(\C)[C@@H](O)[C@@H](OC)C(=O)[C@H](C)C[C@H](C)/C=C/C=C/C=C/1C,6442177.0,,6442177.0,everolimus,Everolimus
NC(=O)[C@H]1CCCc2c1[nH]c1ccc(Cl)cc21,707029.0,,707029.0,ex527,"(1S)-6-chloro-2,3,4,9-tetrahydro-1H-carbazole-1-carboxamide"
CCCc1cc(-c2nc(-c3ccc(C)cc3)cs2)ccn1,1889993.0,,1889993.0,fatostatin,Fatostatin
Cc1cc([N+](=O)[O-])ccc1NS(=O)(=O)c1cc(Cl)ccc1Cl,3463933.0,,3463933.0,fh535,FH535
CCCCCCCCc1ccc(CCC(N)(CO)CO)cc1,107970.0,,107970.0,fingolimod,Fingolimod
O=C(/C=C/c1cccnc1)NCCCCC1CCN(C(=O)c2ccccc2)CC1,6914657.0,,6914657.0,fk866,Daporinad
,657237.0,,,fludarabin,Fludarabine
Nc1nc(F)nc2c1ncn2[C@@H]1O[C@H](CO)[C@@H](O)[C@@H]1O,657237.0,,657237.0,fludarabine,Fludarabine
O=c1[nH]cc(F)c(=O)[nH]1,3385.0,,3385.0,fluorouracil,5-Fluorouracil
CC(C)n1c(/C=C/[C@H](O)C[C@H](O)CC(=O)O)c(-c2ccc(F)cc2)c2ccccc21,1548972.0,,1548972.0,fluvastatin,Fluvastatin
COc1cc2c(Oc3ccc(NC(=O)C4(C(=O)Nc5ccc(F)cc5)CC4)cc3F)ccnc2cc1OCCCN1CCOCC1,42642645.0,,42642645.0,foretinib,Foretinib
C[C@]12CC[C@@H]3c4ccc(O)cc4C[C@@H](CCCCCCCCCS(=O)CCCC(F)(F)C(F)(F)F)[C@H]3[C@@H]1CC[C@@H]2O,104741.0,,104741.0,fulvestrant,Fulvestrant
CO[C@@H]1[C@H](O)CC[C@]2(CO2)[C@H]1[C@@]1(C)O[C@@H]1CC=C(C)C,222778.0,,222778.0,fumagillol,Fumagillol
CCCC[C@@H](C)[C@@H](OC(=O)C[C@@H](CC(=O)O)C(=O)O)[C@H](C[C@@H](C)C[C@H](O)CCCC[C@@H](O)C[C@H](O)[C@H](C)N)OC(=O)C[C@@H](CC(=O)O)C(=O)O,2733487.0,,2733487.0,fumonisin B1,Fumonisin B1
Cc1cccc(-c2nn3c(c2-c2ccnc4ccc(C(N)=O)cc24)CCC3)n1,10090485.0,,10090485.0,galunisertib,Galunisertib
,,,,gefetinib,
COc1cc2ncnc(Nc3ccc(F)c(Cl)c3)c2cc1OCCCN1CCOCC1,123631.0,,123631.0,gefitinib,Gefitinib
COC1=C2C[C@@H](C)C[C@H](OC)[C@H](O)[C@@H](C)/C=C(\C)[C@H](OC(N)=O)[C@@H](OC)/C=C\C=C(/C)C(=O)NC(=CC1=O)C2=O,5288382.0,,5288382.0,geldanamycin,Geldanamycin
Nc1ccn([C@@H]2O[C@H](CO)[C@@H](O)C2(F)F)c(=O)n1,60750.0,,60750.0,gemcitabine,Gemcitabine
CN1CC[C@@H](NC(=O)Nc2ccc(C#N)cc2)C[C@@H]1c1nc2ccccc2[nH]1,25166913.0,,25166913.0,glasdegib,Glasdegib
Cc1cc2c(C(C)C)c(O)c(O)c(C=O)c2c(O)c1-c1c(C)cc2c(C(C)C)c(O)c(O)c(C=O)c2c1O,3503.0,,3503.0,gossypol,Gossypol
COC(=O)c1sccc1S(=O)(=O)Nc1ccc(Nc2ccccc2)cc1OC,46233311.0,,46233311.0,gsk0660,Gsk0660
O=C(O)c1ccc(-c2c[nH]c3ncc(-c4ccccc4)cc23)cc1C1CCCC1,25022668.0,,25022668.0,gsk650394,Gsk-650394
Cc1cc(SCc2sc(-c3ccc(C(F)(F)F)c(F)c3)nc2C)ccc1OCC(=O)O,9934458.0,,9934458.0,gw0742,GW-0742
COc1ccc(COc2ccc(Cc3cnc(N)nc3N)cc2OC)cc1,11617559.0,,11617559.0,gw2580,GW-2580
Cl.Cn1cc(/C=C2\C(=O)Nc3cccnc32)c2ccccc21,73755109.0,,9943465.0,gw441756,GW 441756
O=C(Nc1ccccc1)c1cc([N+](=O)[O-])ccc1Cl,644213.0,,644213.0,gw9662,2-Chloro-5-nitrobenzanilide
,,,,hif-1i,
CC(C)=CCC[C@]1(C)[C@@H](CC=C(C)C)C[C@@]2(CC=C(C)C)C(=O)[C@]1(C(=O)C(C)C)C(=O)C(CC=C(C)C)=C2O,441298.0,,441298.0,hyperforin,Hyperforin
C=CC(=O)N1CCC[C@@H](n2nc(-c3ccc(Oc4ccccc4)cc3)c3c(N)ncnc32)C1,24821094.0,,24821094.0,ibrutinib,Ibrutinib
CC(=O)[C@]1(O)Cc2c(O)c3c(c(O)c2[C@@H](O[C@H]2C[C@H](N)[C@H](O)[C@H](C)O2)C1)C(=O)c1ccccc1C3=O,42890.0,,42890.0,idarubicin,Idarubicin
CC[C@H](Nc1ncnc2nc[nH]c12)c1nc2cccc(F)c2c(=O)n1-c1ccccc1,11625818.0,,11625818.0,idelalisib,Idelalisib
O=P1(NCCCl)OCCCN1CCCl,3690.0,,3690.0,ifosfamide,Ifosfamide
Cc1ccc(NC(=O)c2ccc(CN3CCN(C)CC3)cc2)cc1Nc1nccc(-c2cccnc2)n1,5291.0,,5291.0,imatinib,Imatinib
O=C(Nc1cc(C(F)(F)F)cc(C(F)(F)F)c1)c1cc(Cl)ccc1O,5081913.0,,5081913.0,imd0354,Imd-0354
CC(Nc1nc(N2CCCC2)nc2ccccc12)c1ccccc1,2949965.0,,2949965.0,importazole,Importazole
NS(=O)(=O)c1ccc(S(=O)(=O)Nc2cccc3c(Cl)c[nH]c23)cc1,216468.0,,216468.0,indisulam,Indisulam
OCc1c[nH]c2ccccc12,3712.0,,3712.0,indole-3-carbinol,Indole-3-Carbinol
Oc1ccc2ccccc2c1SSc1c(O)ccc2ccccc12,521106.0,,521106.0,ipa3,Ipa-3
CCc1c2c(nc3ccc(OC(=O)N4CCC(N5CCCCC5)CC4)cc13)-c1cc3c(c(=O)n1C2)COC(=O)[C@]3(O)CC,60838.0,,60838.0,irinotecan,Irinotecan
CN1c2ccccc2C(=O)N2CCc3c([nH]c4ccccc34)C21,151289.0,,151289.0,isoevodiamine,Isoevodiamine
CC[C@H](C)[C@H](N)C(=O)O,6306.0,,6306.0,isoleucine,L-Isoleucine
O=C(/C=C/c1ccc(O)cc1)c1ccc(O)cc1O,638278.0,,638278.0,isoliquiritigenin,Isoliquiritigenin
O=C(NO)c1ccncc1,72967.0,,72967.0,isonicotinohydroxamic acid,Isonicotinohydroxamic acid
CCn1c(=O)c2c(nc(/C=C/c3ccc(OC)c(OC)c3)n2C)n(CC)c1=O,5311037.0,,5311037.0,istradefylline,Istradefylline
CCC(C)n1ncn(-c2ccc(N3CCN(c4ccc(OC[C@H]5CO[C@](Cn6cncn6)(c6ccc(Cl)cc6Cl)O5)cc4)CC3)cc2)c1=O,55283.0,,55283.0,itraconazole,Itraconazole
,,,,jnk5a,
O=C(Oc1ccc([N+](=O)[O-])cc1)N1CCC(C(O)(c2ccc3c(c2)OCO3)c2ccc3c(c2)OCO3)CC1,25021165.0,,25021165.0,jzl184,Jzl184
C/C=C1\NC(=O)[C@H](Cc2ccccc2)NC(=O)[C@@H](C(C)C)NC(=O)[C@@H]([C@@H](C)CC)NC(=O)[C@H](NC(=O)[C@H](NC(=O)[C@H](CCCN)NC(=O)[C@H]2CCCN2C(=O)[C@H](NC(=O)[C@@H](NC(=O)[C@@H](NC(=O)[C@H](NC(=O)CCCC(C)C)C(C)C)[C@@H](C)O)C(C)C)C(C)C)[C@@H](C)CC)[C@@H](C)OC(=O)[C@H](C(C)C)NC1=O,9898671.0,,9898671.0,kahalalide F,Kahalalide F
O=C1NCCSc2c1sc1ccc(O)cc21,45258277.0,,45258277.0,kb NB 142-70,kb-NB142-70
OC[C@H]1O[C@@H](n2cnc3c(NCc4ccco4)ncnc32)[C@H](O)[C@@H]1O,20345.0,,20345.0,kinetin riboside,Kinetin riboside
COc1ccc(-c2ccc3c(N4CCOCC4)nc(N4C[C@@H](C)O[C@@H](C)C4)nc3n2)cc1CO,16736978.0,,16736978.0,ku0063794,Ku-0063794
O=c1cc(-c2cccc3c2Sc2ccccc2S3)oc(N2CCOCC2)c1,5278396.0,,5278396.0,ku55933,KU-55933
N#Cc1ccc(Cn2cncc2CN2CCN(c3cccc(Cl)c3)C(=O)C2)cc1,216454.0,,216454.0,l778123,L-778123
Oc1cc(-c2nc(-c3ccccc3)[nH]c2-c2ccncc2)ccc1Cl,9950176.0,,9950176.0,l779450,"L-779,450"
CS(=O)(=O)CCNCc1ccc(-c2ccc3ncnc(Nc4ccc(OCc5cccc(F)c5)c(Cl)c4)c3c2)o1,208908.0,,208908.0,lapatinib,Lapatinib
Nc1cccc2c1CN(C1CCC(=O)NC1=O)C2=O,216326.0,,216326.0,lenalidomide,Lenalidomide
COc1cc2nccc(Oc3ccc(NC(=O)NC4CC4)c(Cl)c3)c2cc1C(N)=O,9823820.0,,9823820.0,lenvatinib,Lenvatinib
CCC(=C/[C@H](C)C/C=C/C(C)=C/[C@@H](C)C(=O)[C@@H](C)[C@H](O)[C@@H](C)C/C(C)=C/C(=O)O)/C=C/[C@@H]1OC(=O)C=C[C@@H]1C,6917907.0,,6917907.0,leptomycin B,Leptomycin B
C[C@]12O[C@H](C[C@]1(O)CO)n1c3ccccc3c3c4c(c5c6ccccc6n2c5c31)CNC4=O,126565.0,,126565.0,lestaurtinib,Lestaurtinib
COC(=O)NC/C=C\c1nc(CC/C=C\C(=O)O[C@@H]2C[C@H]3C[C@@H](OC)C[C@H]4O[C@@H](CC[C@@H]4C)C[C@H](/C=C/CC(C)C)OC(=O)C[C@@H](C2)O3)co1,10818492.0,,10818492.0,leucascandrolide A,Leucascandrolide A
C/C(O)=C(\C#N)C(=O)Nc1cc(Br)ccc1Br,54676905.0,,54676905.0,lfm-a13,Lfm-A13
Cc1ccc(F)c(NC(=O)Nc2ccc(-c3cccc4[nH]nc(N)c34)cc2)c1,11485656.0,,11485656.0,linifanib,Linifanib
CC1(O)CC(c2nc(-c3ccc4ccc(-c5ccccc5)nc4c3)c3c(N)nccn23)C1,11640390.0,,11640390.0,linsitinib,Osi-906
Nc1nc(OCc2cc(Br)cs2)c2[nH]cnc2n1,3025944.0,,3025944.0,lomeguatrib,Lomeguatrib
CC[C@H](C)C(=O)O[C@H]1C[C@@H](C)C=C2C=C[C@H](C)[C@H](CC[C@@H]3C[C@@H](O)CC(=O)O3)[C@H]21,53232.0,,53232.0,lovastatin,Lovastatin
CC[C@H](C)C(=O)O[C@H]1C[C@@H](C)C=C2C=C[C@H](C)[C@H](CC[C@@H](O)C[C@@H](O)CC(=O)O)[C@H]21,64727.0,,64727.0,lovastatin acid,Lovastatin Acid
,,,,lsn415169,
CCCC[C@@H](C)/C=C(C)/C=C(\C)C(=O)NC1=C[C@@](O)(/C=C/C=C/C=C/C(=O)NC2=C(O)CCC2=O)[C@@H]2O[C@@H]2C1=O,6438330.0,,6438330.0,manumycin A,Manumycin
O=C(c1ccccc1O)c1[nH]c(Cl)c(Cl)c1-n1c(C(=O)c2ccccc2O)cc(Cl)c1Cl,24797083.0,,24797083.0,marinopyrrole A,Marinopyrrole A
Cc1ccc(NC(=O)c2ccc(CN3CCN(C)CC3)cc2)cc1Nc1nc(-c2cccnc2)cs1,10074640.0,,10074640.0,masitinib,Masitinib
CN(C)C(=N)N=C(N)N,4091.0,,4091.0,metformin,Metformin
CN(Cc1cnc2nc(N)nc(N)c2n1)c1ccc(C(=O)N[C@@H](CCC(=O)O)C(=O)O)cc1,126941.0,,126941.0,methotrexate,Methotrexate
COC(=O)/C=C/C(=O)N(O)CCCCNCc1ccc(COC(=O)Nc2cccc3ccccc23)cc1,53392493.0,,53392493.0,methylstat,Methylstat
,9829523.0,,,midostaurin/pkc412,Midostaurin
NC1=NC(=O)/C(=C/c2ccc(O)cc2)S1,1206243.0,,1206243.0,mirin,Mirin
,,,,mitomicyn,
CO[C@@]12[C@H](COC(N)=O)C3=C(C(=O)C(C)=C(N)C3=O)N1C[C@@H]1N[C@@H]12,5746.0,,5746.0,mitomycin,Mitomycin C
CO[C@@]12[C@H](COC(N)=O)C3=C(C(=O)C(C)=C(N)C3=O)N1C[C@@H]1N[C@@H]12,5746.0,,5746.0,mitomycine,Mitomycin C
NC1(c2ccc(-c3nc4ccn5c(=O)[nH]nc5c4cc3-c3ccccc3)cc2)CCC1,24964624.0,,24964624.0,mk-2206,Mk-2206
CN1C(=O)C=C[C@]2(C)[C@H]3CC[C@]4(C)[C@@H](NC(=O)OCC(F)(F)F)CC[C@H]4[C@@H]3CC[C@@H]12,59691338.0,,59691338.0,mk-4541,MK-4541
NC(=O)c1cccc2cn(-c3ccc([C@@H]4CCCNC4)cc3)nc12,24958200.0,,24958200.0,mk-4827,Niraparib
O=C(O)C1(Cc2cccc(Nc3nccs3)n2)CCC(Oc2cccc(Cl)c2F)CC1,24748204.0,,24748204.0,mk-5108,MK-5108
CO[C@H]1C[C@@H]2CC[C@@H](C)[C@@](O)(O2)C(=O)C(=O)N2CCCC[C@H]2C(=O)O[C@H]([C@H](C)C[C@@H]2CC[C@@H](OP(C)(C)=O)[C@H](OC)C2)CC(=O)[C@H](C)/C=C(\C)[C@@H](O)[C@@H](OC)C(=O)[C@H](C)C[C@H](C)/C=C/C=C/C=C/1C,11520894.0,,11520894.0,mk-8669,Ridaforolimus
Cn1cc(-c2cnn3c(N)c(Br)c([C@@H]4CCCNC4)nc23)cn1,46239015.0,,46239015.0,mk-8776,Sch-900776
C=CCn1c(=O)c2cnc(Nc3ccc(N4CCN(C)CC4)cc3)nc2n1-c1cccc(C(C)(C)O)n1,24856436.0,,24856436.0,mk1775,MK 1775
NC1(c2ccc(-c3nc4ccn5c(=O)[nH]nc5c4cc3-c3ccccc3)cc2)CCC1,24964624.0,,24964624.0,mk2206,Mk-2206
N#CCNC(=O)c1ccc(-c2ccnc(Nc3ccc(N4CCOCC4)cc3)n2)cc1,25062766.0,,25062766.0,momelotinib,Momelotinib
O=S1(=O)N[C@@]2(CN1CC(F)(F)F)[C@@H]1CC[C@H]2Cc2ccc(/C=C/CN3CCC(C(F)(F)F)CC3)cc2C1,15953832.0,,15953832.0,mrk-003,Mrk-003
C#Cc1c(F)ccc2cc(O)cc(-c3ncc4c(N5CC6CCC(C5)N6)nc(OC[C@@]56CCCN5C[C@H](F)C6)nc4c3F)c12,156124857.0,,156124857.0,mrtx1133,Mrtx-1133
,,483927840.0,,musc,Aloe; amanita muscaria fruiting body; antimony trisulfide; candida albicans; candida parapsilosis; carpinus betulus flowering top; ferula assa-foetida resin; garlic; lachesis muta venom; lobaria pulmonaria; lycopodium clavatum spore; malus domestica flower; olea europaea flower; onion; phosphoric acid; phytolacca americana root; pulsatilla patens whole; schoenocaulon officinale seed; sodium borate; strychnos ignatii seed; sulfur; thuja occidentalis leafy twig; tsuga canadensis bark
,,,,musc_zd,
O=c1c(O)c(-c2cc(O)c(O)c(O)c2)oc2cc(O)cc(O)c12,5281672.0,,5281672.0,myricetin,Myricetin
CCCCCCC(=O)CCCCCC/C=C/C[C@@H](O)[C@H](O)[C@@](N)(CO)C(=O)O,6438394.0,,6438394.0,myriocin,Myriocin
CCOc1ccc2ccccc2c1C(=O)N[C@@H]1C(=O)N2[C@@H]1SC(C)(C)[C@@H]2C(=O)[O-].[Na+],23667630.0,,8982.0,nafcillin sodium,Nafcillin Sodium
Cc1c([C@@H](C(Cl)Cl)[C@H](O)[C@H]2C[C@@H](C)C(=O)O2)ccc2c1C(=O)[C@H]1[C@H]2C[C@H](Br)[C@@]23O[C@@H](CO[C@H]2O)C[C@]13C,11966550.0,,11966550.0,nakiterpiosin,Nakiterpiosin
O=C1N[C@@H]2C(=C[C@H](O)[C@@H](O)[C@H]2O)c2cc3c(c(O)c21)OCO3,72376.0,,72376.0,narciclasine,Narciclasine
CC1(C)CCC(c2ccc(Cl)cc2)=C(CN2CCN(c3ccc(C(=O)NS(=O)(=O)c4ccc(N[C@H](CCN5CCOCC5)CSc5ccccc5)c(S(=O)(=O)C(F)(F)F)c4)cc3)CC2)C1,24978538.0,,24978538.0,navitoclax,Abt 263
,,,,navitoclax:MST-312 (1:1 mol/mol),
,,,,navitoclax:PLX-4032 (1:1 mol/mol),
,,,,navitoclax:birinapant (1:1 mol/mol),
,,,,navitoclax:gemcitabine (1:1 mol/mol),
,,,,navitoclax:piperlongumine (1:1 mol/mol),
,,,,navitoclax:pluripotin (1:1 mol/mol),
,,,,navitoclax:sorafenib (1:1 mol/mol),
CN1C(=O)C(Cc2c[nH]c3ccccc23)NC1=S,2828334.0,,2828334.0,necrostatin-1,Necrostatin-1
N=C1S/C(=C\c2cn[nH]c2-c2ccc(F)cc2)C(=O)N1c1nccs1,1239801.0,,1239801.0,necrostatin-7,Necrostatin-7
COc1nccnc1NS(=O)(=O)c1ccc(NC(=O)/C=C/c2ccc([N+](=O)[O-])s2)cc1,1566236.0,,1566236.0,necrosulfonamide,Necrosulfonamide
COc1nc(N)nc2c1ncn2[C@@H]1O[C@H](CO)[C@@H](O)[C@@H]1O,3011155.0,,3011155.0,nelarabine,Nelarabine
CCC[C@@H]1C[C@H](OC)C[C@H](C)C[C@@H]2C[C@@H](OC(=O)/C=C\CCc3coc(/C=C\CNC(=O)OC)n3)C[C@H](CC(=O)O1)O2,16115403.0,,16115403.0,neopeltolide,Neopeltolide
CCOc1cc2ncc(C#N)c(Nc3ccc(OCc4ccccn4)c(Cl)c3)c2cc1NC(=O)/C=C/CN(C)C,9915743.0,,9915743.0,neratinib,Neratinib
O=C(NC1CC1)c1cc(-c2cccs2)on1,19582717.0,,19582717.0,neuronal differentiation inducer III,"N-cyclopropyl-5-(thiophen-2-yl)-1,2-oxazole-3-carboxamide"
O=C(Nc1ccc([N+](=O)[O-])cc1Cl)c1cc(Cl)ccc1O,4477.0,,4477.0,niclosamide,Niclosamide
Cc1cn(-c2cc(NC(=O)c3ccc(C)c(Nc4nccc(-c5cccnc5)n4)c3)cc(C(F)(F)F)c2)cn1,644241.0,,644241.0,nilotinib,Nilotinib
CC1(C)NC(=O)N(c2ccc([N+](=O)[O-])c(C(F)(F)F)c2)C1=O,4493.0,,4493.0,nilutamide,Nilutamide
COC(=O)c1ccc2c(C(=Nc3ccc(N(C)C(=O)CN4CCN(C)CC4)cc3)c3ccccc3)c(O)[nH]c2c1,135423438.0,,135423438.0,nintedanib,Nintedanib
COc1ccc(C2=N[C@@H](c3ccc(Cl)cc3)[C@@H](c3ccc(Cl)cc3)N2C(=O)N2CCNC(=O)C2)c(OC(C)C)c1,11433190.0,,11433190.0,nutlin-3,Nutlin 3
Cn1c(=O)n(-c2ccc(C(C)(C)C#N)cc2)c2c3cc(-c4cnc5ccccc5c4)ccc3ncc21,11977753.0,,11977753.0,nvp-bez235,Dactolisib
COc1cc(N2CCC(N3CCN(C)CC3)CC2)ccc1Nc1ncc(Cl)c(Nc2ccccc2S(=O)(=O)C(C)C)n1,16038120.0,,16038120.0,nvp-tae684,"5-Chloro-N2-(2-methoxy-4-(4-(4-methyl-1-piperazinyl)-1-piperidinyl)phenyl)-N4-(2-((1-methylethyl)sulfonyl)phenyl)-2,4-pyrimidinediamine"
COc1c/c(=C2\C=c3ccccc3=N2)[nH]/c1=C\c1[nH]c(C)cc1C,11404337.0,,11404337.0,obatoclax,Obatoclax
O=C(c1cc(Cc2n[nH]c(=O)c3ccccc23)ccc1F)N1CCN(C(=O)C2CC2)CC1,23725625.0,,23725625.0,olaparib,Olaparib
CC[C@H]1/C=C/C=C/C[C@@H](C)[C@H](O)[C@@](C)(O)C(=O)[C@@H](C)[C@H](O)[C@@H](C)C(=O)[C@@H](C)[C@H](O)[C@@H](C)/C=C/C(=O)O[C@@H]2[C@H](C)[C@H](CC1)O[C@]1(CC[C@H](C)[C@H](C[C@@H](C)O)O1)[C@H]2C,52947716.0,,52947716.0,oligomycin A,Oligomycin A
COC(=O)C[C@](O)(CCCC(C)(C)O)C(=O)O[C@@H]1C(OC)=C[C@]23CCCN2CCc2cc4c(cc2[C@H]13)OCO4,285033.0,,285033.0,omacetaxine mepesuccinate,Omacetaxine Mepesuccinate
CC1(O)CC(c2nc(-c3ccc4ccc(-c5ccccc5)nc4c3)c3c(N)nccn23)C1,11640390.0,,11640390.0,osi906,Osi-906
NCC(=O)Nc1ccc(-n2nc(C(F)(F)F)cc2-c2ccc3c(ccc4ccccc43)c2)cc1,10027278.0,,10027278.0,osu03012,2-Amino-N-(4-(5-(2-phenanthrenyl)-3-(trifluoromethyl)-1H-pyrazol-1-yl)phenyl)acetamide
C[C@@H]1O[C@@H](O[C@H]2C[C@@H](O)[C@]3(CO)[C@H]4[C@H](O)C[C@]5(C)[C@@H](C6=CC(=O)OC6)CC[C@]5(O)[C@@H]4CC[C@]3(O)C2)[C@H](O)[C@H](O)[C@H]1O,439501.0,,439501.0,ouabain,Ouabain
N[C@@H]1CCCC[C@H]1N.O=C([O-])C(=O)[O-].[Pt+2],9887054.0,,,oxaliplatin,Oxaliplatin
O=C(O)/C=C/c1ccc(O)cc1,637542.0,,637542.0,p-Coumaric acid,P-Coumaric Acid
O=c1c(-c2ccc(F)cc2)c(-c2ccncc2)[nH]n1-c1ccc(Cl)cc1,4665.0,,4665.0,p38 MAP Kinase Inhibitor,"2-(4-Chlorophenyl)-4-(4-fluorophenyl)-1,2-dihydro-5-(4-pyridinyl)-3H-pyrazol-3-one"
CC(=O)O[C@H]1C(=O)[C@@]2(C)[C@H]([C@H](OC(=O)c3ccccc3)[C@]3(O)C[C@H](OC(=O)[C@H](O)[C@@H](NC(=O)c4ccccc4)c4ccccc4)C(C)=C1C3(C)C)[C@]1(OC(C)=O)CO[C@@H]1C[C@@H]2O,36314.0,,36314.0,paclitaxel,Paclitaxel
CC(=O)c1c(C)c2cnc(Nc3ccc(N4CCNCC4)cn3)nc2n(C2CCCC2)c1=O,5330286.0,,5330286.0,palbociclib,Palbociclib
CCCCCCCCCC[C@@H]1C(=O)O[C@H]1CCc1ccc(OC)c(OC)c1,45100481.0,,45100481.0,palmostatin B,Palmostatin B
O=C(/C=C/c1ccc(C(=O)N/N=C/c2ccc(O)c(O)c2O)cc1)NO,135928012.0,,135928012.0,pandacostat,Pandacostat
Cc1[nH]c2ccccc2c1CCNCc1ccc(/C=C/C(=O)NO)cc1,6918837.0,,6918837.0,panobinostat,Panobinostat
CCCCc1ccc2nc(NC(=O)OC)[nH]c2c1,26596.0,,26596.0,parbendazole,Parbendazole
C=C1C(=O)O[C@H]2[C@H]1CC/C(C)=C/CC[C@@]1(C)O[C@@H]21,6473881.0,,6473881.0,parthenolide,Parthenolide
Cc1ccc(Nc2nccc(N(C)c3ccc4c(C)n(C)nc4c3)n2)cc1S(N)(=O)=O,10113978.0,,10113978.0,pazopanib,Pazopanib
CCN(CC)CCCCNc1ncc2cc(-c3cc(OC)cc(OC)c3)c(NC(=O)NC(C)(C)C)nc2n1,1401.0,,1401.0,pd173074,"N-(2-((4-(Diethylamino)butyl)amino)-6-(3,5-dimethoxyphenyl)pyrido(2,3-d)pyrimidin-7-yl)-N'-(1,1-dimethylethyl)urea"
O=C(NOC[C@H](O)CO)c1ccc(F)c(F)c1Nc1ccc(I)cc1F,9826528.0,,9826528.0,pd325901,"N-((2R)-2,3-Dihydroxypropoxy)-3,4-difluoro-2-((2-fluoro-4-iodophenyl)amino)benzamide"
Nc1nc2[nH]cc(CCc3ccc(C(=O)N[C@@H](CCC(=O)O)C(=O)O)cc3)c2c(=O)[nH]1,135410875.0,,135410875.0,pemetrexed,Pemetrexed
OC1(c2ccc(Cl)c(C(F)(F)F)c2)CCN(CCCC(c2ccc(F)cc2)c2ccc(F)cc2)CC1,33630.0,,33630.0,penfluridol,Penfluridol
,,,,peptide R18 (14-3-3 antagonist),
CCCCCCCCCCCCCCCCCCOP(=O)([O-])OC1CC[N+](C)(C)CC1,148177.0,,148178.0,perifosine,Perifosine
NS(=O)(=O)OC[C@@H]1C[C@@H](n2ccc3c(N[C@H]4CCc5ccccc54)ncnc32)C[C@@H]1O,16720766.0,,16720766.0,pevonedistat,Pevonedistat
OCCn1cc(-c2cnc3nnn(Cc4ccc5ncccc5c4)c3n2)cn1,17754438.0,,17754438.0,pf04217903,Pf-04217903
CN(c1ncccc1CNc1nc(Nc2ccc3c(c2)CC(=O)N3)ncc1C(F)(F)F)S(C)(=O)=O,11713159.0,,11713159.0,pf562271,PF-562271
O=C(CCc1ccc(O)cc1)c1c(O)cc(O)cc1O,4788.0,,4788.0,phloretin,Phloretin
Br.Cc1ccc(C(=O)Cn2c3c(sc2=N)CCCC3)cc1,9929138.0,,4817.0,pifithrin-alpha,Pifithrin
NS(=O)(=O)C#Cc1ccccc1,327653.0,,327653.0,pifithrin-mu,2-Phenylethynesulfonamide
,1361334.0,,,pim-1 4a,SMI-4a
CCc1ccc(CCOc2ccc(CC3SC(=O)NC3=O)cc2)nc1,4829.0,,4829.0,pioglitazone,Pioglitazone
COc1cc(/C=C/C(=O)N2CCC=CC2=O)cc(OC)c1OC,637858.0,,637858.0,piperlongumine,Piperlongumine
,,,,piperlongumine:MST-312 (1:1 mol/mol),
O=C1N/C(=N\S(=O)(=O)c2cccc3ccccc23)S/C1=C\c1ccc(Br)cc1,136227331.0,,136227331.0,pitstop2,Pitstop2
Cc1cc(Nc2ncc3c(n2)N(C)C(=O)N(c2cc(NC(=O)c4cccc(C(F)(F)F)c4)ccc2C)C3)n(C)n1,12003241.0,,12003241.0,pluripotin,Pluripotin
CCCS(=O)(=O)Nc1ccc(F)c(C(=O)c2c[nH]c3ncc(Cl)cc23)c1F,24180719.0,,24180719.0,plx4720,Plx-4720
,,,,prm-116,
,,,,prm-122,
CNNCc1ccc(C(=O)NC(C)C)cc1,4915.0,,4915.0,procarbazine,Procarbazine
CN1CCN(CCCN2c3ccccc3Sc3ccc(Cl)cc32)CC1,4917.0,,4917.0,prochlorperazine,Prochlorperazine
c1ccc2c(Oc3nc(Nc4ccc(N5CCOCC5)cc4)c4ncn(C5CCCCC5)c4n3)cccc2c1,5284329.0,,5284329.0,purmorphamine,Purmorphamine
O=C1c2ccccc2-c2n[nH]c3cccc1c23,8515.0,,8515.0,pyrazolanthrone,"anthra(1,9-cd)pyrazol-6(2H)-one"
Cc1cc(/C=C/c2ccc3cc(N(C)C)ccc3[n+]2C)c(C)n1-c1ccccc1.Cc1cc(/C=C/c2ccc3cc(N(C)C)ccc3[n+]2C)c(C)n1-c1ccccc1.O=C(O)c1cc2ccccc2c(Cc2c([O-])c(C(=O)O)cc3ccccc23)c1[O-],54680693.0,,8546.0,pyrvinium pamoate,Pyrvinium Pamoate
OC[C@H](Cc1ccccc1)Nc1nc(Oc2ccc3c(c2)CCC3)nc2c1ncn2Cc1ccc(-c2ccccc2)cc1,42623900.0,,42623900.0,qs11,"(S)-2-((9-([1,1'-biphenyl]-4-ylmethyl)-2-((2,3-dihydro-1H-inden-5-yl)oxy)-9H-purin-6-yl)amino)-3-phenylpropan-1-ol"
NC1=C(Cl)C(=O)c2ccccc2C1=O,17748.0,,17748.0,quinoclamine,Quinoclamine
CC(C)(C)c1cc(NC(=O)Nc2ccc(-c3cn4c(n3)sc3cc(OCCN5CCOCC5)ccc34)cc2)no1,24889392.0,,24889392.0,quizartinib,Quizartinib
Cc1nc2ccc(CN(C)c3ccc(C(=O)N[C@@H](CCC(=O)O)C(=O)O)s3)cc2c(=O)[nH]1,135400182.0,,135400182.0,raltitrexed,Raltitrexed
CO[C@H]1C[C@@H]2CC[C@@H](C)[C@@](O)(O2)C(=O)C(=O)N2CCCC[C@H]2C(=O)O[C@H]([C@H](C)C[C@@H]2CC[C@@H](O)[C@H](OC)C2)CC(=O)[C@H](C)/C=C(\C)[C@@H](O)[C@@H](OC)C(=O)[C@H](C)C[C@H](C)/C=C/C=C/C=C/1C,5284616.0,,5284616.0,rapamycin,Sirolimus
CNC(=O)c1cc(Oc2ccc(NC(=O)Nc3ccc(Cl)c(C(F)(F)F)c3)c(F)c2)ccn1,11167602.0,,11167602.0,regorafenib,Regorafenib
COc1cc(OC)c(/C=C/S(=O)(=O)Cc2ccc(OC)c(NCC(=O)O)c2)c(OC)c1,6918736.0,,6918736.0,rigosertib,Rigosertib
,,,,rki983,
C=C(C)[C@H]1Cc2c(ccc3c2O[C@@H]2COc4cc(OC)c(OC)cc4[C@@H]2C3=O)O1,6758.0,,6758.0,rotenone,Rotenone
N#CC[C@H](C1CCCC1)n1cc(-c2ncnc3[nH]ccc23)cn1,25126798.0,,25126798.0,ruxolitinib,Ruxolitinib
CC(C(=O)Nc1cccc(N=Cc2c(O)ccc3ccccc23)c1)c1ccccc1,135659046.0,,135659046.0,salermide,N-(3-((2-hydroxynaphthalen-1-ylmethylene)amino)phenyl)-2-phenylpropionamide
,,,,salermide:PLX-4032 (12:1 mol/mol),
CN1CCN(CCOc2cc(OC3CCOCC3)c3c(Nc4c(Cl)ccc5c4OCO5)ncnc3c2)CC1,10302451.0,,10302451.0,saracatinib,Saracatinib
Cn1cnc2c(F)c(Nc3ccc(Br)cc3Cl)c(C(=O)NOCCO)cc21,10127622.0,,10127622.0,selumetinib,Selumetinib
,10127622.0,,,selumetinib/azd6244,Selumetinib
,,,,selumetinib:BRD-A02303741 (4:1 mol/mol),
,,,,selumetinib:GDC-0941 (4:1 mol/mol),
,,,,selumetinib:JQ-1 (4:1 mol/mol),
,,,,selumetinib:MK-2206 (8:1 mol/mol),
,,,,selumetinib:PLX-4032 (8:1 mol/mol),
,,,,selumetinib:UNC0638 (4:1 mol/mol),
,,,,selumetinib:decitabine (4:1 mol/mol),
,,,,selumetinib:navitoclax (8:1 mol/mol),
,,,,selumetinib:piperlongumine (8:1 mol/mol),
,,,,selumetinib:tretinoin (2:1 mol/mol),
,,,,selumetinib:vorinostat (8:1 mol/mol),
CC(C)[C@H](O)C(=O)N[C@@H](C)C(=O)N[C@@H]1C(=O)N(C)CCc2ccccc21,9843750.0,,9843750.0,semagacestat,Semagacestat
c1ccc2c(CCNc3ccc(Nc4ccncc4)cc3)c[nH]c2c1,11609586.0,,11609586.0,serdemetan,Serdemetan
,,,,serdemetan:SCH-529074 (1:1 mol/mol),
CCCc1nn(C)c2c(=O)[nH]c(-c3cc(S(=O)(=O)N4CCN(C)CC4)ccc3OCC)nc12,135398744.0,,135398744.0,sildenafil,Sildenafil
O=C(O)c1ccc2c(c1)nc(Nc1cccc(Cl)c1)c1ccncc12,24748573.0,,24748573.0,silmitasertib,Silmitasertib
CCC(C)(C)C(=O)O[C@H]1C[C@@H](C)C=C2C=C[C@H](C)[C@H](CC[C@@H]3C[C@@H](O)CC(=O)O3)[C@H]21,54454.0,,54454.0,simvastatin,Simvastatin
CO[C@H]1C[C@@H]2CC[C@@H](C)[C@@](O)(O2)C(=O)C(=O)N2CCCC[C@H]2C(=O)O[C@H]([C@H](C)C[C@@H]2CC[C@@H](O)[C@H](OC)C2)CC(=O)[C@H](C)/C=C(\C)[C@@H](O)[C@@H](OC)C(=O)[C@H](C)C[C@H](C)/C=C/C=C/C=C/1C,5284616.0,,5284616.0,sirolimus,Sirolimus
,,,,sirolimus:bortezomib (250:1 mol/mol),
N[C@@H](CC(=O)N1CCn2c(nnc2C(F)(F)F)C1)Cc1cc(F)c(F)cc1F,4369359.0,,4369359.0,sitagliptin,Sitagliptin
O=C1c2ccc(Nc3ccc(F)cc3F)cc2CCc2ccc(OC[C@H](O)CO)cc21,45279963.0,,45279963.0,skepinone-L,Skepinone-L
CCc1c2c(nc3ccc(O)cc13)-c1cc3c(c(=O)n1C2)COC(=O)[C@]3(O)CC,104842.0,,104842.0,sn-38,7-Ethyl-10-Hydroxycamptothecin
CC(C)(C)c1cnc(CSc2cnc(NC(=O)C3CCNCC3)s2)o1,3025986.0,,3025986.0,sns-032,"N-(5-(((5-(1,1-Dimethylethyl)-2-oxazolyl)methyl)thio)-2-thiazolyl)-4-piperidinecarboxamide"
O=C(Nc1cccc(Cl)c1)Nc1ncc(CCNc2ncnc3ccsc23)s1,24995524.0,,24995524.0,sns314,Sns-314
Cc1c(C(=O)Nc2ccc(N3C[C@@H](C)O[C@@H](C)C3)nc2)cccc1-c1ccc(OC(F)(F)F)cc1,24775005.0,,24775005.0,sonidegib,Sonidegib
CNC(=O)c1cc(Oc2ccc(NC(=O)Nc3ccc(Cl)c(C(F)(F)F)c3)cc2)ccn1,216239.0,,216239.0,sorafenib,Sorafenib
C=CC(=O)N1CCN(c2nc(=O)n(-c3c(C)ccnc3C(C)C)c3nc(-c4c(O)cccc4F)c(F)cc23)[C@@H](C)C1,137278711.0,,137278711.0,sotorasib,Sotorasib
CN1CCN(c2nc(C3=C(c4c[nH]c5ccccc45)C(=O)NC3=O)c3ccccc3n2)CC1,10296883.0,,10296883.0,sotrastaurin,Sotrastaurin
O=C(O)C[C@H](NC(=O)CP(=O)(O)O)C(=O)O,39981.0,,39981.0,sparfosic acid,N-phosphonacetyl-L-aspartic acid
Fc1ccc(CNc2ncnc3ccc(F)cc23)cc1,51037431.0,,51037431.0,spautin-1,Spautin-1
,,,,srci1,
CN(NC(=O)CC(=O)NN(C)C(=S)c1ccccc1)C(=S)c1ccccc1,300471.0,,300471.0,sta4783,Elesclomol
CN[C@@H]1C[C@H]2O[C@@](C)([C@@H]1OC)n1c3ccccc3c3c4c(c5c6ccccc6n2c5c31)C(=O)NC4,44259.0,,44259.0,staurosporine,Staurosporine
O=C(O)[C@@H]1[O][Sb](=[O])([O][Sb]2(=[O])[O][C@H]([C@H](O)CO)[C@H](O)[C@H](C(=O)O)[O]2)[O][C@H]([C@H](O)CO)[C@@H]1O,16683013.0,,16683013.0,stibogluconate,Stibogluconate
CN(C)S(=O)(=O)c1ccc2c(c1)/C(=C/c1cc3c([nH]1)CCCC3)C(=O)N2,5312137.0,,5312137.0,su6656,SU6656
CCN(CC)CCNC(=O)c1c(C)[nH]c(/C=C2\C(=O)Nc3ccc(F)cc32)c1C,5329102.0,,5329102.0,sunitinib,Sunitinib
O=S(=O)(c1ccccc1)N(CC(F)(F)F)c1ccc(C(O)(C(F)(F)F)C(F)(F)F)cc1,447912.0,,447912.0,t0901317,"N-(2,2,2-Trifluoroethyl)-N-(4-(2,2,2-trifluoro-1-hydroxy-1-(trifluoromethyl)ethyl)phenyl)-benzenesulfonamide"
CC(=O)Nc1ccc(C(=O)Nc2ccccc2N)cc1,2746.0,,2746.0,tacedinaline,Tacedinaline
C=CC[C@@H]1/C=C(\C)C[C@H](C)C[C@H](OC)[C@H]2O[C@@](O)(C(=O)C(=O)N3CCCC[C@H]3C(=O)O[C@H](/C(C)=C/[C@@H]3CC[C@@H](O)[C@H](OC)C3)[C@H](C)[C@@H](O)CC1=O)[C@H](C)C[C@@H]2OC,445643.0,,445643.0,tacrolimus,Tacrolimus
COc1cc(Nc2ncc(F)c(Nc3ccc4c(n3)NC(=O)C(C)(C)O4)n2)cc(OC)c1OC,11213558.0,,11213558.0,tamatinib,Tamatinib
,11213558.0,,,tamatinib/r406,Tamatinib
CC/C(=C(\c1ccccc1)c1ccc(OCCN(C)C)cc1)c1ccccc1,2733526.0,,2733526.0,tamoxifen,Tamoxifen
COc1cc2c(N3CCN(C(=O)Nc4ccc(OC(C)C)cc4)CC3)ncnc2cc1OCCCN1CCCCC1,3038522.0,,3038522.0,tandutinib,Tandutinib
C=CCNC1=C2C[C@@H](C)C[C@H](OC)[C@H](O)[C@@H](C)/C=C(\C)[C@H](OC(N)=O)[C@@H](OC)/C=C\C=C(/C)C(=O)NC(=CC1=O)C2=O,6505803.0,,6505803.0,tanespimycin,Tanespimycin
,66576986.0,,6505803.0,tanespimycin/17-aag,17-AAG (Hydrochloride)
,,,,tanespimycin:bortezomib (250:1 mol/mol),
,,,,tanespimycin:gemcitabine (1:1 mol/mol),
Cl.O=C(O)C(=O)Nc1sc2c(c1C(=O)O)CCNC2,56972185.0,,444766.0,tcs401,"2-[(Carboxycarbonyl)amino]-4,5,6,7-tetrahydrothieno[2,3-C]pyridine-3-carboxylic acid hydrochloride"
Cn1nnc2c(C(N)=O)ncn2c1=O,5394.0,,5394.0,temozolomide,Temozolomide
CO[C@H]1C[C@@H]2CC[C@@H](C)[C@@](O)(O2)C(=O)C(=O)N2CCCC[C@H]2C(=O)O[C@H]([C@H](C)C[C@@H]2CC[C@@H](OC(=O)C(C)(CO)CO)[C@H](OC)C2)CC(=O)[C@H](C)/C=C(\C)[C@@H](O)[C@@H](OC)C(=O)[C@H](C)C[C@H](C)/C=C/C=C/C=C/1C,6918289.0,,6918289.0,temsirolimus,Temsirolimus
COc1cc([C@@H]2c3cc4c(cc3[C@@H](O[C@@H]3O[C@@H]5CO[C@@H](c6cccs6)O[C@H]5[C@H](O)[C@H]3O)[C@H]3COC(=O)[C@H]23)OCO4)cc(OC)c1O,452548.0,,452548.0,teniposide,Teniposide
CN(C)CCCCC(=O)Nc1ccc(NC(=S)NC(=O)c2ccc(C(C)(C)C)cc2)cc1,24772043.0,,24772043.0,tenovin-6,Tenovin-6
O=C1CCC(N2C(=O)c3ccccc3C2=O)C(=O)N1,5426.0,,5426.0,thalidomide,Thalidomide
O=c1sn(-c2cccc3ccccc23)c(=O)n1Cc1ccccc1,11313622.0,,11313622.0,tideglusib,Tideglusib
,,,,tie2i,
CN(C)c1cc(NC(=O)CNC(C)(C)C)c(O)c2c1C[C@H]1C[C@H]3[C@H](N(C)C)C(=O)C(C(N)=O)=C(O)[C@@]3(O)C(=O)C1=C2O,54686904.0,,54686904.0,tigecycline,Tigecycline
Cn1cncc1[C@@](N)(c1ccc(Cl)cc1)c1ccc2c(c1)c(-c1cccc(Cl)c1)cc(=O)n2C,159324.0,,159324.0,tipifarnib,Tipifarnib
,,,,tipifarnib-P1,
,,,,tipifarnib-P2,
O=C1NC(=O)[C@@H](c2cn3c4c(cccc24)CCC3)[C@@H]1c1c[nH]c2ccccc12,11494412.0,,11494412.0,tivantinib,Tivantinib
COc1cc2nccc(Oc3ccc(NC(=O)Nc4cc(C)on4)c(Cl)c3)c2cc1OC,9911830.0,,9911830.0,tivozanib,Tivozanib
CC[C@@]1(O)C(=O)OCc2c1cc1n(c2=O)Cc2cc3c(CN(C)C)c(O)ccc3nc2-1,60700.0,,60700.0,topotecan,Topotecan
CC(C)C[C@@H](C(=O)N[C@H](C(=O)OC1CCCC1)c1ccccc1)[C@H](O)C(=O)NO,15547703.0,,15547703.0,tosedostat,Tosedostat
Cc1cc(Nc2cc(N3CCN(C)CC3)nc(Sc3ccc(NC(=O)C4CC4)cc3)n2)n[nH]1,5494449.0,,5494449.0,tozasertib,Tozasertib
,5494449.0,,,tozasertib/vx680,Tozasertib
CC(=O)Nc1cccc(-n2c(=O)n(C3CC3)c(=O)c3c(Nc4ccc(I)cc4F)n(C)c(=O)c(C)c32)c1,11707110.0,,11707110.0,trametinib,Trametinib
CC1=C(/C=C/C(C)=C/C=C/C(C)=C/C(=O)O)C(C)(C)CCC1,444795.0,,444795.0,tretinoin,Retinoic Acid
,,,,tretinoin:carboplatin (2:1 mol/mol),
,,,,tretinoin:navitoclax (4:1 mol/mol),
CCC/C=C/C/C=C/C=C/C=N/NN=O,9576787.0,,9576787.0,triacsin C,Triacsin C
c1nnsc2nnnc1-2,67156097.0,,67156097.0,triazolothiadiazine,Triazolothiadiazine
CN1CCN(CCCN2c3ccccc3Sc3ccc(C(F)(F)F)cc32)CC1,5566.0,,5566.0,trifluoperazine,Trifluoperazine
,9829639.0,,,trifluridine-tipiracil,Tipiracil hydrochloride; trifluridine
CC(C)[C@]12O[C@H]1[C@@H]1O[C@]13[C@]1(O[C@H]1C[C@H]1C4=C(CC[C@@]13C)C(=O)OC4)[C@@H]2O,107985.0,,107985.0,triptolide,Triptolide
CN1CCc2c(c3ccccc3n2Cc2ccc(C(=O)NO)cc2)C1,49850262.0,,49850262.0,tubastatin A,Tubastatin A
COc1cc2ncnc(Nc3cccc(Cl)c3)c2cc1OC,2051.0,,2051.0,tyrphostin AG-1478,"N-(3-Chlorophenyl)-6,7-dimethoxy-4-quinazolinamine"
COc1ccc2c(c1)CC[C@@H]1[C@@H]2CC[C@]2(C)[C@@H](NCCCCCCN3C(=O)C=CC3=O)CC[C@@H]12,104794.0,,104794.0,u73122,"1-(6-(((17beta)-3-Methoxyestra-1,3,5(10)-trien-17-yl)amino)hexyl)-1H-pyrrole-2,5-dione"
O=S(=O)(O)c1ccc2c(ccc3nn(-c4ccc(/C=C/c5ccc(-n6nc7ccc8cc(S(=O)(=O)O)ccc8c7n6)cc5S(=O)(=O)O)c(S(=O)(=O)O)c4)nc32)c1,44145497.0,,44145497.0,ubistatin B,Ubistatin B
C[C@H]1[C@H](C)CC[C@]2(C(=O)O)CC[C@]3(C)C(=CC[C@@H]4[C@@]5(C)CC[C@H](O)C(C)(C)[C@@H]5CC[C@]43C)[C@H]12,64945.0,,64945.0,ursolic acid,(+)-Ursolic Acid
Cc1onc(-c2ccccc2)c1-c1ccc(S(N)(=O)=O)cc1,119607.0,,119607.0,valdecoxib,Valdecoxib
COc1cc2c(Nc3ccc(Br)cc3F)ncnc2cc1OCC1CCN(C)CC1,3081361.0,,3081361.0,vandetanib,Vandetanib
,,,,vasastrol,
,151194.0,,,vatalanib/ptk787,Vatalanib
C[C@]1(c2nc3c(C(N)=O)cccc3[nH]2)CCCN1,11960529.0,,11960529.0,veliparib,Veliparib
,11960529.0,,,veliparib/abt888,Veliparib
CCCS(=O)(=O)Nc1ccc(F)c(C(=O)c2c[nH]c3ncc(-c4ccc(Cl)cc4)cc23)c1F,42611257.0,,42611257.0,vemurafenib,Vemurafenib
CC[C@]1(O)C[C@@H]2CN(CCc3c([nH]c4ccccc34)[C@@](C(=O)OC)(c3cc4c(cc3OC)N(C)[C@H]3[C@@](O)(C(=O)OC)[C@H](OC(C)=O)[C@]5(CC)C=CCN6CC[C@]43[C@@H]65)C2)C1,13342.0,,13342.0,vinblastine,Vinblastine
CC[C@]1(O)C[C@H]2CN(CCc3c([nH]c4ccccc34)[C@@](C(=O)OC)(c3cc4c(cc3OC)N(C=O)[C@H]3[C@@](O)(C(=O)OC)[C@H](OC(C)=O)[C@]5(CC)C=CCN6CC[C@]43[C@@H]65)C2)C1,5978.0,,5978.0,vincristine,Vincristine
CCC1=C[C@@H]2CN(C1)Cc1c([nH]c3ccccc13)[C@@](C(=O)OC)(c1cc3c(cc1OC)N(C)[C@H]1[C@@](O)(C(=O)OC)[C@H](OC(C)=O)[C@]4(CC)C=CCN5CC[C@]31[C@@H]54)C2,5311497.0,,5311497.0,vinorelbine,Vinorelbine
CS(=O)(=O)c1ccc(C(=O)Nc2ccc(Cl)c(-c3ccccn3)c2)c(Cl)c1,24776445.0,,24776445.0,vismodegib,Vismodegib
,24776445.0,,,vismodegib/gdc0449,Vismodegib
CCOC(=O)N[C@@H]1CC[C@@H]2[C@@H](C1)C[C@H]1C(=O)O[C@H](C)[C@H]1[C@H]2/C=C/c1ccc(-c2cccc(F)c2)cn1,10077130.0,,10077130.0,vorapaxar,Vorapaxar
O=C(CCCCCCC(=O)Nc1ccccc1)NO,5311.0,,5311.0,vorinostat,Vorinostat
,5311.0,,,vorinostat/saha,Vorinostat
,,,,vorinostat:carboplatin (1:1 mol/mol),
,,,,vorinostat:navitoclax (4:1 mol/mol),
NC(=O)c1ccc(N(C(N)=O)c2c(F)cccc2F)nc1-c1ccc(F)cc1F,10341154.0,,10341154.0,vx702,Vx-702
,265237.0,,,withaferin,Withaferin A
,,,,wnti,
O=c1[nH]c(-c2ccc(C(F)(F)F)cc2)nc2c1CSCC2,135418940.0,,135418940.0,xav939,Xav-939
Cc1ccc(S(=O)(=O)Nc2nc3ccccc3nc2Nc2ccc3nsnc3c2)cc1,1893730.0,,1893730.0,xl147,XL147
COCCn1c2c([n+](Cc3cnccn3)c1C)C(=O)c1ccccc1C2=O.[Br-],11178236.0,,10126189.0,ym155,Sepantronium Bromide
O=c1ncccn1[C@@H]1O[C@H](CO)[C@@H](O)[C@H]1O,100016.0,,100016.0,zebularine,Zebularine
Cc1ccc(NC(=O)c2cccc(N(C)C)c2)cc1NC(=O)c1ccc(O)cc1,5730.0,,5730.0,zm336372,ZM 336372
O=C(CCCCCCC(=O)Nc1ccccc1)NO,5311.0,,5311.0,zolinza,Vorinostat
O=C1NC(=O)c2c1c(-c1ccccc1)cc1[nH]c3ccc(O)cc3c21,4369491.0,,4369491.0,PD 407824,"9-Hydroxy-4-phenylpyrrolo[3,4-C]carbazole-1,3(2H,6H)-dione"
Nc1ncn([C@@H]2O[C@H](CO)[C@@H](O)[C@H]2O)c(=O)n1,9444.0,,9444.0,5-azacytidine,Azacytidine
CN(C)CC[C@H](CSc1ccccc1)Nc1ccc(S(=O)(=O)NC(=O)c2ccc(N3CCN(Cc4ccccc4-c4ccc(Cl)cc4)CC3)cc2)cc1[N+](=O)[O-],11228183.0,,11228183.0,ABT737,"4-(4-((4'-Chloro(1,1'-biphenyl)-2-yl)methyl)-1-piperazinyl)-N-((4-(((1R)-3-(dimethylamino)-1-((phenylthio)methyl)propyl)amino)-3-nitrophenyl)sulfonyl)benzamide"
CC(C)(C(=O)NCC(F)(F)C(F)(F)F)C(=O)N[C@@H]1C(=O)Nc2ccccc2-c2ccccc21,49867930.0,,49867930.0,RO4929097 ,Ro 4929097
CC(C)Oc1ccc(-c2c[nH]cc2CN(C)CCN)cc1.Cl.Cl.Cl,129626591.0,,92136227.0,MS023 hydrochloride,"N1-methyl-N1-[[4-[4-(1-methylethoxy)phenyl]-1H-pyrrol-3-yl]methyl]-1,2-ethanediamine,trihydrochloride"
Cl.N[C@@H](Cc1ccc(N(CCCl)CCCl)cc1)C(=O)O,9927978.0,,460612.0,Melphalan hydrochloride,Melphalan Hydrochloride
CC(C)n1nc(-c2ccc3oc(N)nc3c2)c2c(N)ncnc21,45375953.0,,45375953.0,TAK-228,Sapanisertib
CC[C@]1(O)C[C@@H]2CN(CCc3c([nH]c4ccccc34)[C@@](C(=O)OC)(c3cc4c(cc3OC)N(C=O)[C@H]3[C@@](O)(C(=O)OC)[C@H](OC(C)=O)[C@]5(CC)C=CCN6CC[C@]43[C@@H]65)C2)C1.O=S(=O)(O)O,5388992.0,,5388993.0,Vincristine sulfate salt,Oncovin
COc1ccc2c(c1)nc(Nc1ccc3cccnc3c1)n2Cc1ccco1.O=S(=O)(O)c1ccccc1,,,,Crenolamib Besylate,
Cc1cc(Nc2ncnc3ccc(NC4=NC(C)(C)CO4)cc23)ccc1Oc1ccn2ncnc2c1,51039094.0,,51039094.0,Tucatinib  ,Tucatinib
O=C(NC[C@H](O)CN1CCc2ccccc2C1)c1ccnc(NC2CCC2)c1,117072552.0,,117072552.0,GSK591,Gsk591
Nc1ncn(C2CC(O)C(CO)O2)c(=O)n1,451668.0,,,Decitabine 5-Aza-2'-deoxycytidine,5-Aza-2'-deoxycytidine
C=CCn1c(=O)c2cnc(Nc3ccc(N4CCN(C)CC4)cc3)nc2n1-c1cccc(C(C)(C)O)n1,24856436.0,,24856436.0,AZD-1775,MK 1775
CCN1C(C)(C)CC(Oc2ccc(C(=O)Nc3ccc(NC(=O)Nc4cc(C(C)(C)C)on4)cc3)nc2)CC1(C)C,54760053.0,,54760053.0,AC 710,AC710
C[C@@H]1CN(C(=O)c2ccc(NC(=O)c3cc(O[C@H](C)c4c(Cl)ccc(F)c4Cl)c(N)nn3)cc2)C[C@H](C)N1.Cl.Cl,138320013.0,,56960363.0,Ensartinib dihydrochloride,Ensartinib Hydrochloride
COc1cccc(OCCCN)c1-c1cc(Nc2cnc(C#N)cn2)n[nH]1.Cl.Cl,46700755.0,,46700756.0,Prexasertib dihydrochloride,Prexasertib dihydrochloride
C[C@H](NC(=O)CCC(F)(F)F)C(=O)N[C@@H]1C(=O)N(CCO)c2ncccc2-c2ccccc21,71236992.0,,71236992.0,Crenigacestat,Crenigacestat
,72941916.0,,,H-Tamoxifen,4-(4-(2-(Dimethylamino)ethoxy)diphenylmethyl) tamoxifen
Cn1c(-c2ccccc2C(F)(F)F)nnc1C12CCC(c3noc(C4CC(F)(F)C4)n3)(CC1)CC2,16222379.0,,16222379.0,MK-4101,"5-(3,3-Difluorocyclobutyl)-3-[4-[4-methyl-5-[2-(trifluoromethyl)phenyl]-4H-1,2,4-triazol-3-yl]bicyclo[2.2.2]oct-1-yl]-1,2,4-oxadiazole"
CC[C@H](Nc1nc(NCc2cnc(C)cc2C)c2ncn(C(C)C)c2n1)[C@@H](C)O,24983461.0,,24983461.0,CYC065,Fadraciclib
,177992.0,,,777,Dmp 777
CC(C)n1nc(-c2ccc3oc(N)nc3c2)c2c(N)ncnc21,45375953.0,,45375953.0,INK 128 ,Sapanisertib
CC(=O)N1c2ccc(-c3ccc(C(=O)O)cc3)cc2[C@H](Nc2ccc(Cl)cc2)C[C@@H]1C,52912222.0,,52912222.0,GSK1324726A,"4-[(2s,4r)-1-Acetyl-4-[(4-Chlorophenyl)amino]-2-Methyl-1,2,3,4-Tetrahydroquinolin-6-Yl]benzoic Acid"
O=C1CCC(N2C(=O)c3ccccc3C2=O)C(=O)N1,75792.0,50010455.0,,(±)-Thalidomide,(R)-Thalidomide
Cc1cc(Nc2ccc(NC(=O)c3ccc(Nc4ccnc5ccccc45)cc3)cc2)nc(N)n1,24858111.0,,24858111.0,SGI-1027,Sgi-1027
Cc1ncc(-c2ccnc(Nc3ccc(S(C)(=O)=O)cc3)n2)n1C(C)C,16747683.0,,16747683.0,AZD 5438,4-(2-Methyl-1-(1-methylethyl)-1H-imidazol-5-yl)-N-(4-(methylsulfonyl)phenyl)-2-pyrimidinamine
Cc1cc(N=Nc2ccc(S(=O)(=O)Nc3ccccn3)cc2)c(N)cc1O,135566899.0,,135566899.0,MS436,4-[(E)-(2-Amino-4-Hydroxy-5-Methylphenyl)diazenyl]-N-(Pyridin-2-Yl)benzenesulfonamide
CC(C)N=c1nc(-c2ccccc2)[nH]c(=Nc2ccccc2)[nH]1,,488168210.0,,IDH2-C100,IDH2-C100
C[C@@H](Nc1nc(N[C@H](C)C(F)(F)F)nc(-c2cccc(Cl)n2)n1)C(F)(F)F,117817422.0,,117817422.0,Vorasidenib,Vorasidenib
O=c1c(O)c(-c2ccc(O)c(O)c2)oc2cc(O)ccc12,5281614.0,,5281614.0,Fisetin,Fisetin
CS(=O)(=O)c1ccc(-c2cnc(N)c(C(=O)Nc3ccccc3)n2)cc1,51000408.0,,51000408.0,VE821,VE-821
Cc1cc(Nc2ccc(F)c(C[C@@]3(C(=O)O)CCN(Cc4cccc(Cl)c4F)[C@H](C)C3)n2)n[nH]1,121333423.0,,121333423.0,LY3295668,"(2R,4R)-1-((3-chloro-2-fluorophenyl)methyl)-4-((3-fluoro-6-((5-methyl-1H-pyrazol-3-yl)amino)pyridin-2-yl)methyl)-2-methylpiperidine-4-carboxylic acid"
C[C@H]1CNC(=O)c2cnn3ccc(nc23)N[C@H](C)c2cc(F)ccc2O1,135565923.0,,135565923.0,TPX-0005,Repotrectinib
Cl.NC(=O)Nc1cc(-c2cccc(F)c2)sc1C(=O)N[C@H]1CCCNC1,56972142.0,,11152667.0,AZD 7762 hydrochloride,(S)-5-(3-Fluorophenyl)-N-(piperidin-3-yl)-3-ureidothiophene-2-carboxamide hydrochloride
Oc1ccc(-c2ccc(-c3cc(Nc4ccc(CNC5CC5)cc4)n[nH]3)cc2)c(O)c1,135451019.0,,135451019.0,TCS 2312,"4'-[5-[[3-[(Cyclopropylamino)methyl]phenyl]amino]-1h-Pyrazol-3-Yl]-[1,1'-Biphenyl]-2,4-Diol"
O=c1[nH]c([C@@H]2CCCN2)nc2c1oc1ccc(Cl)cc12,135564632.0,,135564632.0,XL413,Bms-863233
Cc1sc2c(c1C)C(c1ccc(Cl)cc1)=N[C@@H](CC(N)=O)c1nnc(C)n1-2,71291068.0,,71291068.0,CPI203,Cpi-203
C[C@@H]1COCCN1c1cc(C2(S(C)(=O)=O)CC2)nc(-c2cccc3[nH]ccc23)n1,46244454.0,,46244454.0,AZ 20,(3R)-4-(2-(1H-indol-4-yl)-6-(1-methylsulfonylcyclopropyl)pyrimidin-4-yl)-3-methylmorpholine
CC1CCC(n2c3cnccc3c3cnc(Nc4ccc5c(n4)CCN(C(=O)CO)C5)nc32)CC1,60202647.0,,60202647.0,AMG 925,"Ethanone, 1-(7,8-dihydro-2-((9-(trans-4-methylcyclohexyl)-9H-pyrido(4',3':4,5)pyrrolo(2,3-d)pyrimidin-2-yl)amino)-1,6-naphthyridin-6(5H)-yl)-2-hydroxy-"
Cc1c2ccncc2c(C)c2c1[nH]c1ccccc12,3213.0,,3213.0,Ellipticine,Ellipticine
CCC[C@H](N[C@H]1CCc2cc(F)cc(F)c2C1)C(=O)Nc1cn(C(C)(C)CNCC(C)(C)C)cn1,46224413.0,,46224413.0,Nirogacestat,Nirogacestat
C=CC(=O)N1CC/C(=C\c2ccc(F)c([N+](=O)[O-])c2)C(=O)/C(=C/c2ccc(F)c([N+](=O)[O-])c2)C1,71523377.0,,71523377.0,VLX-1570,Vlx-1570
CC(=O)N1CCC(Nc2cc(C(=O)NC[C@H](O)CN3CCc4ccccc4C3)ncn2)CC1,90241742.0,,90241742.0,GSK3326595,Pemrametostat
NC(=O)[C@@H](CC1CC1)[C@@H](CCC(F)(F)F)C(=O)N[C@H]1N=C(c2ccccc2)c2cccc(F)c2NC1=O,73388374.0,,73388374.0,BMS-983970,"(2S,3R)-2-(cyclopropylmethyl)-N'-[(3S)-9-fluoro-2-oxo-5-phenyl-1,3-dihydro-1,4-benzodiazepin-3-yl]-3-(3,3,3-trifluoropropyl)butanediamide"
C=C1C[C@@H]2CC[C@@]34C[C@H]5O[C@H]6[C@@H](O3)[C@H]3O[C@H](CC[C@@H]3O[C@H]6[C@H]5O4)CC(=O)C[C@@H]3[C@@H](OC)[C@@H](C[C@H](O)CN)O[C@H]3C[C@H]3O[C@@H](CC[C@@H]1O2)C[C@@H](C)C3=C.CS(=O)(=O)O,17755248.0,,11354606.0,Eribulin Mesylate,Eribulin Mesylate
CCN(c1cc(C#CCN2CCOCC2)cc(C(=O)NCc2c(C)cc(C)[nH]c2=O)c1C)C1CCC(N(C)CCOC)CC1,73670548.0,,73670548.0,EPZ011989,Epz011989
CC(C)(C)c1cnc(CSc2cnc(NC(=O)C3CCNCC3)s2)o1,3025986.0,,3025986.0,SNS 032,"N-(5-(((5-(1,1-Dimethylethyl)-2-oxazolyl)methyl)thio)-2-thiazolyl)-4-piperidinecarboxamide"
CS(=O)(=O)O.O=c1[nH]c2c(c3ccccc13)Cc1cc(S(=O)(=O)NCCCN3CCOCC3)ccc1-2,11272610.0,,9889396.0,INO-1001,Ino-1001
CN(Cc1cnc2nc(N)nc(N)c2n1)c1ccc(C(=O)N[C@@H](CCC(=O)[O-])C(=O)[O-])cc1.[Na+].[Na+],11329481.0,,126941.0,Abitrexate,Sodium Methotrexate
CO[C@@]12[C@H](COC(N)=O)C3=C(C(=O)C(C)=C(N)C3=O)N1C[C@@H]1N[C@@H]12,5746.0,,5746.0,Mitomycin,Mitomycin C
CCOc1ccn(-c2ccc(F)cc2)c(=O)c1C(=O)Nc1ccc(Oc2ccnc(N)c2Cl)c(F)c1,24794418.0,,24794418.0,ASLAN002,Bms-777607
