original_id,consensus_id
,0
cls_token1,1
cls_token2,2
 1st Precursur Intermediate to TDP 665759,3
 AS-703569 ,4
SNS-032 (BMS-387032),5
sns-032,5
SNS-032 ,5
SNS-032,5
 BMS-387032,5
Bafetinib,6
 CNS-9,6
Dabrafenib,7
DABRAFENIB MESYLATE,7
 Dabrafenib,7
Dabrafenib mesylate,7
Dabrafenib (GSK2118436),7
dabrafenib,7
DABRAFENIB,7
GSK2118436,7
 Pazopanib,8
Pazopanib (GW786034),8
Pazopanib HCl,8
pazopanib,8
NSC-737754,8
PAZOPANIB HYDROCHLORIDE,8
PAZOPANIB,8
Pazopanib ,8
Pazopanib,8
Pazopanib hydrochloride,8
 ZIP-301,9
(+)-Bicuculline,10
(+)-Camptothecin,11
Camptothecin,11
Camptothecine (S.+),11
CAMPTOTHECIN,11
(+)-Catechin Hydrate,12
Cianidanol,12
(+)-Emetine dihydrochloride hydrate,13
JQ-1,14
JQ1,14
(-)JQ1,14
(+)-JQ-1,14
(+)-JQ1,14
(+)JQ1,14
(+)-Matrine,15
(+)-Nutlin-3,16
Pilocarpine nitrate,17
Pilocarpine,17
(+)-Pilocarpine hydrochloride,17
blebbistatin,18
(+/-)-BLEBBISTATIN,18
(+/-)-nutlin-3,19
(-)-Huperzine A (HupA),20
(-)-gallocatechin-3-monogallate,21
(-)-nutlin-3,22
Nutlin 3a,22
nutlin-3,22
NUTLIN-3,22
Nutlin-3,22
NUTLIN-3A (-),22
Nutlin-3a (-),22
Nutlin-3a,22
(5Z)-7-Oxozeaenol,23
(5Z)-7-OXOZEAENOL,23
(R)-(+)-Limonene,24
(R)-Duloxetine hydrochloride,25
(R)-Naproxen,26
(S)-(+)-Ketoprofen,27
(S)-Clopidogrel hydrogen sulfate,28
(S)-propranolol hydrochloride,29
(±)-Bisoprolol hemifumarate,30
1-Azakenpaullone,31
1-Methyl-[D]-tryptophan,32
1-methyl-D-tryptophan,33
1-methyl-D-tryptophan aq,34
"10,11-Dihydrocarbamazepine",35
10-Hydroxycamptothecin,36
10058-F4,37
10074-G5,38
1074,39
1092,40
1240,41
15D-PGJ2,42
16-BETA-BROMOANDROSTERONE,43
16-beta-bromoandrosterone,44
17 alpha-propionate,45
17AAG,46
17-AAG,46
tanespimycin,46
Tanespimycin ,46
TANESPIMYCIN,46
17-AAG (Tanespimycin),46
Tanespimycin,46
"17-Beta-Estradiol-3,17-Dipropionate",47
17-DMAG,48
Alvespimycin,48
17-Methyltestosterone,49
"1S,3R-RSL-3",50
2'-Deoxyuridine,51
"2,4-dideoxy-DC-45-A2",52
2-Aminobenzenesulfonamide,53
2-Aminoethanethiol,54
2-Fluoroadenosine,55
"2-Hydroxy-5-(2,5-dihydroxybenzylamino)benzoic acid",56
2-Pyridinealdoxime methochloride,57
2-methoxyestradiol,58
2-methoxyestradiol ,58
2104,59
2150,60
2DG,61
2nd Precursur Intermediate to TDP 665759,62
Triapine,63
3-AP,63
Bromopyruvate,64
3-Bromopyruvic acid,64
3-Cl-AHPC,65
3-Methyladenine,66
3-MA,66
3-chloro-L-alanine,67
4-Aminoantipyrine,68
4-Aminopyridine,69
4-Biphenylacetic acid,70
4-Hydroxyantipyrine,71
4-Methylpyrazole,72
4-Methylumbelliferone (4-MU),73
4-hydroxytamoxifen,74
4-methylfasudil,75
4EGI-1,76
4SC-202 ,77
"5,6-dichloro-1-?-D-ribofuranosylbenzimidazole",78
5-Acetylsalicylic acid,79
Aminolevulinic ,80
NSC-18509,80
AMINOLEVULINIC ACID HYDROCHLORIDE,80
5-Aminolevulinic acid hydrochloride,80
Aminolevulinic acid,80
Mylosar,81
Azacytidine (Vidaza),81
5-Azacytidine,81
AZACITIDINE,81
5-Azacitidine,81
Azacytidine,81
NSC-102816,81
azacitidine,81
Azacitidine  ,81
Azacitidine,81
fluorouracil,82
5FU,82
5-Fluorouracil,82
5fu,82
"Fluorouracil (5-Fluoracil, 5-FU)",82
NSC-19893,82
5-fu,82
5-FU,82
Fluorouracil,82
5-FLUOROURACIL,82
FLUOROURACIL,82
5-Nonyloxytryptamine oxalate,83
5-hydroxytryptophan (5-HTP),84
Aminocaproic acid,85
6-Aminocaproic acid,85
Mercaptopurine,86
6-Mercaptopurine monohydrate,86
MERCAPTOPURINE,86
Mercaptopurine (6-MP),86
NSC-755,86
6-Mercaptopurine,86
Thioguanine,87
6-Thioguanine,87
NSC-752,87
THIOGUANINE,87
Thioguanin,87
6-azauridine,88
681640,89
"7,8-Dihydroxyflavone",90
SN-38,91
7-Ethyl-10-hydroxycamptothecin,91
NSC-673596,91
sn-38,91
SN 38,91
8-Azaguanin,92
Azaguanine-8,92
"8-DODECYLSULFANYL-1,3-DIMETHYL-7H-PURINE-2,6-DIONE",93
Methoxsalen,94
METHOXSALEN,94
NSC-45923,94
8-Methoxypsoralen,94
8-amino-adenosine,95
8-chloro-adenosine,96
968,97
A 804598,98
A-804598,98
A-1155463,99
A-1210477,100
A-1331852,101
A-366,102
A-419259,103
"A-443654, KIN001-139",104
A-484954,105
"EEF2K INHIBITOR, A-484954",105
A-674563,106
a769662,107
A-769662,107
"A-770041, KIN001-111",108
A-83-01,109
Antibiotic A-23187,110
A23187,110
A66,111
A770041,112
A832234,113
AA-COCF3,114
MASITINIB,115
Masitinib (AB1010),115
Masitinib (AB-1010),115
Masitinib,115
masitinib,115
AB-1010,115
ABC294640,116
Abiraterone,117
NSC-749226,117
abiraterone,117
ABIRATERONE,117
ABT-199 (GDC-0199),118
VENETOCLAX,118
ABT-199,118
Venetoclax,118
ABT-263 (NAVITOCLAX),119
navitoclax,119
ABT-263,119
abt263,119
NAVITOCLAX,119
ABT-263 (Navitoclax),119
Navitoclax,119
ABT-348,120
ABT-737,121
ABT-737 ,121
ABT-751,122
ABT-751 (E7010),122
LINIFANIB,123
ABT-869,123
Linifanib,123
Linifanib (ABT-869),123
linifanib,123
Veliparib (ABT-888),124
VELIPARIB,124
veliparib/abt888,124
veliparib,124
ABT-888,124
Veliparib,124
ABT888 hydrochloride,124
abt-888,124
AC55649,125
AC 55649,125
quizartinib,126
Quizartinib (AC220),126
Quizartinib,126
QUIZARTINIB,126
AC-220,126
BMS-599626,127
AC480,127
BMS 599626,127
AC480 (BMS-599626),127
"ACETALAX, OXYPHENISATIN ACETATE",128
ACT 058362; Palosuran,129
ACT1-013,130
ACY-1215,131
Rocilinostat (ACY-1215),131
Ricolinostat,131
Rocilinostat,131
ACY-241,132
ACY-738,133
ADP,134
ADW-742,135
NVP-ADW742,135
ADX 47273,136
AEB-071,137
Sotrastaurin,137
SOTRASTAURIN,137
sotrastaurin,137
AEE788,138
NVP-AEE788,138
AEE788 (NVP-AEE788),138
AEE-788 ,138
AEG 3482,139
AEG-40730 ,140
AEW541,141
AEW-541,141
NVP-AEW541,141
Afatinib,142
AFATINIB,142
afatinib,142
BIBW2992,142
Afatinib (BIBW2992) Dimaleate,142
Afatinib (BIBW2992),142
Afatinib (BIBW-2992),142
AFP-464,143
AG 490,144
AG-490 (Tyrphostin B42),144
AG-490,144
PF-01367338,145
AG014699,145
RUCAPARIB,145
AG-014699,145
Rucaparib,145
Rucaparib ,145
AG-1024 ,146
AG-1024,146
Ivosidenib,147
AG-120,147
AG-126,148
AG14361,149
AG-14361,149
tyrphostin AG-1478,150
AG1478,150
AG-1478,150
AG-1478 (Tyrphostin AG-1478),150
AG-18,151
AG-2037,152
AG-221 (Enasidinib),153
Enasidenib,153
AG-337;Nolatrexed dihydrochloride,154
AG-494,155
IDH-C35,156
AGI-5198,156
AGI-6780,157
AGK-2,158
AGK 2,158
AICAR,159
AICAR (Acadesine),160
Acadesine,160
"AICAR, N1-(B-D-RIBOFURANOSYL)-5-AMINOIMIDAZOLE-4-CARBOXAMIDE",160
"AKT INHIBITOR VIII, KIN001-102",161
AKT Inhibitor IV,162
AKT Inhibitor X,163
AKT inhibitor VIII,164
Akti-1/2,164
ALA hydrochloride,165
ALECTINIB,166
Alectinib,166
CH-5424802,166
Alisertib,167
MLN-8237 ,167
alisertib,167
MLN8237,167
Alisertib (MLN8237),167
ALISERTIB,167
Alisertib ,167
NSC-1390,168
Allopurinol,168
ALLOPURINOL,168
ALPELISIB,169
Alpelisib,169
BYL719,169
BYL-719,169
ALPHA-BOSWELLIC ACID,170
ALTRETAMINE,171
NSC-13875,171
Altretamine,171
Flavopiridol (Alvocidib) hydrochloride,172
alvocidib,172
Alvocidib,172
Alvocidib ,172
ALVOCIDIB,172
FLAVOPIRIDOL (ALVOCIDIB),172
Flavopiridol (Alvocidib),172
Flavopiridol HCl,172
Flavopiridol,172
ALW-II-49-7,173
AM 580,174
AM-580,174
STAUROSPORINE,175
AM-2282,175
Staurosporine,175
staurosporine,175
AM095,176
AM281,177
AMA404,178
AMD-070,179
AMD-473,180
AMG-337,181
AMG 337,181
AMG-208,182
AMG-232,183
"AMG-319, AMG319",184
AMG319,184
AMG-458,185
Motesanib,186
AMG-706,186
Motesanib ,186
Motesanib Diphosphate (AMG-706),186
MOTESANIB,186
Motesanib (AMG-706),186
AMG-900,187
AMG-925,188
NSC-296961,189
Amifostine,189
AMIFOSTINE,189
AMPK Inhibitor,190
dorsomorphin,190
COMPOUND C,190
Dorsomorphin,190
Amuvatinib (MP-470),191
MP-470,191
Amuvatinib,191
AMUVATINIB,191
Amuvatinib(MP470),191
ANA-12,192
ANASTROZOLE,193
Anastrozole  ,193
NSC-719344,193
Anastrozole,193
AP0-866,194
AP24534  Ponatinib,195
AP26113 (Brigatinib),196
AP26113,196
RVX-208,197
APABETALONE,197
APD 668,198
APD597,199
APICIDIN,200
apicidin,200
"APITOLISIB, GDC0980",201
Apitolisib,201
GDC-0980,201
"Apitolisib (GDC-0980, RG7422)",201
GDC-0980 (RG7422),201
"APO866, FK866",202
APR-246,203
PRIMA-1MET,203
Prima-1 Met,203
APTSTAT3-9R,204
OSU-03012 (AR-12),205
OSU-03012,205
AR-12,205
osu03012,205
OSU-03012 ,205
Osu-03012 ,205
AR-42,206
AR-A014418,207
AR-C155858,208
"ARA-G, 9-??-D-ARABINOFURANOSYL GUANINE",209
ARN-509,210
Apalutamide,210
ARN 509,210
ARQ-197,211
tivantinib,211
Tivantinib (ARQ 197),211
TIVANTINIB,211
Tivantinib,211
ARQ-621,212
ARQ-680,213
"MEK162 (ARRY-162, ARRY-438162)",214
MEK-162,214
"Binimetinib (MEK162, ARRY-162, ARRY-438162)",214
ARRY-162,214
Binimetinib,214
MEK162,214
ARRY-380,215
ARRY-520 (isomer A),216
FILANESIB,216
Filanesib,216
ARRY-520 (isomer B),216
ARRY380,217
Arsenic trioxide,218
ARSENIC TRIOXIDE,218
Arsenic Trioxide,218
NSC-92859,218
Arsenic(III) oxide,218
ARV-825,219
AS 252424,220
AS-252424,220
as252424,220
AS-041164,221
AS-604850,222
Pimasertib,223
Pimasertib (AS-703026),223
AS-703026,223
AS601245,224
AS605240,225
"AS605240, KIN001-173",226
ASP 3026,227
ASP3026,227
ASP-3026,227
TIVOZANIB,228
Tivozanib (AV-951),228
ASP-4130,228
Tivozanib ,228
tivozanib,228
Tivozanib,228
ASP-7487,229
OSI-906,229
OSI-906 (LINSITINIB),229
linsitinib,229
LINSITINIB,229
Linsitinib,229
osi906,229
OSI-906 (Linsitinib),229
Allitinib,230
AST-1306,230
AST-487,231
AT-101; BL-193,232
AT 101,232
AT-101,232
Gossypol acetic acid,232
gossypol,232
GOSSYPOL,232
AT 7519  hydrochloride salt,233
AT-13148,234
AT13148,234
AT-13387 ,235
Onalespib,235
AT13387,235
"AT406 (SM- 406, ARRY- 334543)",236
AT-406,236
AT-7519,237
AT7519 trifluoroacetate,237
AT7519,237
AT-9283,238
AT9283,238
AT7867,239
ATB 346,240
ATRA,241
Tretinoin,241
TRETINOIN,241
NSC-122758,241
tretinoin,241
All-Trans retinoic acid,241
"Luminespib (AUY-922, NVP-AUY922)",242
NVP AUY922,242
Luminespib,242
NVP-AUY922,242
AUY-922,242
AUY922,243
AVAGACESTAT,244
BMS-708163,244
avagacestat,244
Avagacestat (BMS-708163),244
Avagacestat,244
Spebrutinib,245
AVL-292,245
AVN-944,246
AVN944,246
AWD 131-138,247
AXITINIB,248
NSC-757441,248
Axitinib (AG-013736),248
Axitinib,248
axitinib,248
AZ3146,249
AZ 3146,249
AZ-3146,249
AZ 628,250
AZ628,250
AZ-628,250
AZ960,251
AZ 960,251
AZ23,252
AZ-23,252
AZ191,253
AZ20,254
AZ505,255
AZ5104,256
AZ6102,257
Saracatinib,258
Saracatinib (AZD0530),258
saracatinib,258
AZD-0530,258
AZD0530,258
AZD 0530,258
SARACATINIB,258
Olaparib(1495) + Temozolomide(1375),259
"Olaparib (AZD2281, Ku-0059436)",259
Olaparib ,259
AZD 2281,259
AZD2281,259
OLAPARIB,259
Olaparib,259
olaparib,259
AZD4547,260
AZD 4547,260
AZD-4547,260
Capivasertib,261
AZD 5363,261
AZD5363,261
AZD-5363,261
AZD-6244,262
SELUMETINIB (AZD6244),262
AZD6244,262
Selumetinib (AZD6244),262
selumetinib,262
selumetinib/azd6244,262
Selumetinib,262
SELUMETINIB,262
AZD 6244,262
AZD-7762 ,263
AZD7762,263
AZD 7762,263
azd7762,263
AZD-1080,264
AZD1080,264
BARASERTIB,265
AZD-1152,265
barasertib,265
Barasertib,265
AZD1480,266
AZD-1480,266
AZD2014,267
AZD-2014,267
Vistusertib,267
CEDIRANIB,268
cediranib/azd2171,268
Cediranib (AZD2171),268
AZD-2171,268
Cediranib,268
cediranib,268
Cediranib ,268
AZD-2461,269
AZD2461,269
AZD2858,270
AZD-2858,270
AZD-3514,271
AZD3965,272
AZD-3965 ,272
AZD-5438,273
AZD5438,273
AZD-6482,274
AZD6482,274
AZD7545,275
AZD-7545,275
AZD-8055,276
AZD8055,276
AZD8186,277
AZD-8186,277
AZD8330,278
AZD-8330,278
AZD-8931,279
AZD8931 (Sapitinib),279
AZD8931,279
Sapitinib,279
AZD0156,280
AZD1152-HQPA (AZD2811),281
Barasertib (AZD1152-HQPA),281
AZD1152-HQPA,281
AZD2811,281
AZD1208,282
MK1775,283
MK 1775,283
mk1775,283
Adavosertib,283
MK-1775,283
azd1775,283
MK-1775 ,283
AZD1775,283
AZD2932,284
AZD3463,285
AZD3759,286
AZD5153,287
AZD5582,288
Azd6738,289
AZD6738,289
AZD8835,290
AZD9291,291
Osimertinib,291
OSIMERTINIB,291
Abamectin,292
Abbolactone,293
LY-2835219,294
Abemaciclib mesylate,294
LY2835219 mesylate,294
Abemaciclib (LY2835219),294
LY2835219,294
abemaciclib,294
Abemaciclib,294
PCI-24781,295
PCI-24781 (Abexinostat),295
Abexinostat,295
Abiraterone Acetate,296
Acacytidine,297
Acalabrutinib,298
Acalabrutinib (ACP-196),298
Acalisib (GS-9820),299
Acarbose,300
Acebutolol hydrochloride,301
Acecainide,302
Aceclofenac,303
Aceglutamide,304
Acemetacin,305
Acetaminophen,306
Acetanilide,307
Acetazolamide,308
Acetohexamide,309
Acetohydroxamic acid,310
Acetovanillone,311
Acetylcholine chloride,312
Acetylcysteine,313
Acetylleucine,314
Acetylsalicylic acid,315
Acetylspiramycin,316
Aciclovir,317
Acipimox,318
Acitretin,319
Aclarubicin,320
Aclidinium bromide,321
Aconitine,322
Acotiamide hydrochloride,323
Quinacrine dihydrochloride dihydrate,324
Quinacrine dihydrochloride,324
Mepacrine,324
NSC-14229,324
Acrichine,324
Acridine,325
Actarit,326
Actidione,327
Dactinomycin,328
NSC-3053,328
DACTINOMYCIN,328
Actinomycin D,328
Adagrasib,329
Adapalene,330
Adefovir dipivoxil,331
Ademine,332
Adenine,333
Adenine hydrochloride,333
Adenosine,334
Adenosine 5'-monophosphate,335
Adenosine 5'-monophosphate monohydrate,335
Adenosine disodium triphosphate ,336
Adiphenine HCl,337
Adiphenine hydrochloride,337
Adrenalone hydrochloride,338
Adrenosterone,339
Afuresertib (GSK2110183),340
Afuresertib,340
GSK2110183,340
Agios Cmp 301,341
Agipnon,342
Agomelatine,343
Alarelin,344
Albamycinsodium,345
Albendazole,346
Alcaftadine,347
Aldoxorubicin,348
Alendronate,349
Alfacalcidol,350
Alfuzosin hydrochloride,351
Alibendol,352
Aliskiren hemifumarate,353
Alizapride hydrochloride,354
Allantoin,355
Allylestrenol,356
Allylthiourea,357
Almorexant,358
Almotriptan Malate,359
Alodan,360
Aloe-emodin,361
Alogliptin Benzoate,362
Aloin,363
Alosetron hydrochloride,364
"Alsterpaullone, 2-cyanoethyl",365
Altiratinib(DCC2701),366
Altiratinib,366
Altrenogest,367
Alvelestat (AZD9668),368
Alverine citrate,369
Alvimopan,370
Amantadine hydrochloride,371
Ambrisentan,372
Ambroxol hydrochloride,373
Ambroxol,373
Amcasertib,374
Amcinonide,375
Amfenac Sodium Monohydrate,376
Amfepramone hydrochloride,377
Amidrine,378
Amikacin Sulfate Salt,379
Amikacin,379
Amiloride hydrochloride dihydrate,380
Amiloride hydrochloride,380
Aminacrine,381
Aminoflavone,382
Aminoglutethimide,383
Aminoguanidine hydrochloride,384
Aminopar,385
Sodium 4-aminosalicylate dihydrate,385
Aminophenazone,386
Theophylline monohydrate,387
Aminophylline,387
Theophylline,387
Aminothiazole,388
Amiodarone hydrochloride,389
Amisulpride,390
Amitraz,391
Amitriptyline hydrochloride,392
Amlexanox,393
Amlodipine Besylate,394
Amlodipine,394
Amodiaquine hydrochloride,395
Amodiaquin dihydrochloride dihydrate,395
Amonafide,396
CGX-571,396
Amorolfine hydrochloride,397
Amoxapine,398
Amoxicillin trihydrate,399
Amoxicillin,399
Ampalex,400
Amphotericin B,401
Ampicillin,402
Ampicillin Trihydrate ,402
Amprolium Hydrochloride,403
Amprolium,403
Amrinone,404
Amsacrine,405
Amstat,406
Anacardic Acid,407
Anacetrapib (MK-0859),408
Anafranil,409
Clomipramine hydrochloride,409
Anagrelide,410
Dipyrone,411
Analgin,411
Andarine,412
Andrographolide,413
Anestan,414
Anethole trithione,415
Aniracetam,416
Anisomycin,417
Anlotinib,418
Anovigam,419
Antazoline hydrochloride,420
Antepan,421
Anthralin,422
Antipyrine,423
Antrapurol,424
YN-968D1,425
Apatinib,425
Apigenin,426
Apilimod,427
Apixaban,428
Apramycin sulfate,429
Apremilast (CC-10004),430
Aprepitant ,431
Aptal,432
Aquacrine,433
Arabinoside,434
Arbidol hydrochloride,435
Arbutin,436
Arctigenin,437
Arecoline HBr,438
Argatroban,439
Ariad Alk/EGFR inhibitor related to AP-26113,440
Aripiprazole,441
Aristolochic Acid,442
Armodafinil,443
Arsenic oxide (3),444
Artamine,445
Arteether,446
Artemether,447
Artemisinin,448
Artesunate,449
Articaine hydrochloride,450
Asciminib,451
Ascomycin (FK520),452
Asenapine Maleate,453
Asiatic Acid,454
Asiatic acid,454
Asiaticoside,455
Asorbic Acid,456
Aspartame,457
Astemizole,458
Astex FGF inhibitor,459
Astragaloside A,460
Ataluren (PTC124),461
Ataractan,462
Atazanavir sulfate,463
Atenolol,464
Atomoxetine hydrochloride,465
Atopaxar Hydrobromide,466
Atopaxar,466
Atorvastatin Calcium ,467
Atorvastatin,467
Atovaquone,468
Atropine sulfate monohydrate,469
Atropine,469
Atropine sulfate,470
Auranofin,471
Aurora A Inhibitor I,472
Aurora kinase inhibitor III,473
JNJ-7706621,474
Aurora kinase/cdk inhibitor,474
Avanafil,475
Avapritinib,476
Avasimibe,477
Avobenzone,478
Azacytidine-5,479
Azasetron hydrochloride,480
Azatadine Maleate,481
Azathioprine,482
Azelaic acid,483
Azelastine HCl,484
Azelastine,484
Azelnidipine,485
Azilsartan,486
Azithromycin A,487
Azithromycin,487
Azithromycin dihydrate,487
Azlocillin sodium,488
Azobenzene,489
Aztreonam,490
B02,491
RAD51 INHIBITOR B02,491
BAF312 (Siponimod),492
Bafilomycin A1,493
BAFILOMYCIN A1,493
bafilomycin A1,493
BAL-101553,494
BAL-27862,495
BRD-K07442505,496
BAM7,496
Bardoxolone methyl,497
bardoxolone methyl,497
BARDOXOLONE METHYL,497
BAX CHANNEL BLOCKER,498
Bax channel blocker,498
BAY 11-7082,499
BAY 11-7085,500
Bay 11-7085,500
BAY 1436032,501
BAY-1436032,501
BAY-61-3606,502
BAY 61-3606,502
BAY61-3606,502
BAY 87-2243,503
BAY-1942,504
Copanlisib,505
BAY-80-6946 ,505
BAY-86-9766,506
"Refametinib (RDEA119, Bay 86-9766)",506
RDEA119,506
Refametinib,506
REFAMETINIB,506
BAY85-3934;Molidustat,507
BCI,508
BCL-LZH-4,509
BDP-00009066,510
BEC,511
BELINOSTAT,512
Belinostat (PXD101),512
belinostat,512
Belinostat,512
PXD101,512
BENDAMUSTINE HYDROCHLORIDE,513
Bendamustine ,513
NSC-138783,513
BENDAMUSTINE HCL,513
Bendamustine,513
Bendamustine hydrochloride,513
bendamustine,513
BENORILATE,514
BETULINIC ACID,515
betulinic acid,515
Bexarotene ,516
Bexarotene,516
BEXAROTENE,516
bexarotene,516
BEZ235,517
bez-235,517
nvp-bez235,517
BEZ-235,517
BEZ 235,517
NVP-BEZ235,517
"BEZ235 (NVP-BEZ235, Dactolisib)",517
Dactolisib,517
BGB-283,518
Bemcentinib,519
BGB324,519
R-428,519
R428,519
BGJ-398,520
Infigratinib,520
NVP-BGJ398,520
BGJ398 (NVP-BGJ398),520
BGJ398,520
BGT226,521
BGT-226,521
NVP-BGT226,521
BGT226 (NVP-BGT226),521
BI2536,522
BI-2536,522
BI 2536,522
Volasertib (BI-6727),523
BI6727,523
Volasertib (BI 6727),523
BI-6727,523
Volasertib,523
JNK INHIBITOR X,524
BI-78D3,524
BI-D1870,525
BIA,526
Nintedanib,527
BIBF-1120,527
Vargatef,527
Nintedanib (BIBF 1120),527
nintedanib,527
NINTEDANIB,527
BIBR-1532,528
BIBS 39,529
Bicalutamide,530
BICALUTAMIDE,530
BIIB021,531
BIIB-021,531
CNF-2024,531
BIM-46187 ,532
GSK-3 inhibitor IX,533
BIO,533
BIRB 0796,534
Doramapimod ,534
BIRB 796 (Doramapimod),534
DORAMAPIMOD,534
Doramapimod,534
BIRB-796,534
Doramapimod (BIRB 796),534
birinapant,535
Birinapant,535
TL-32711,535
BIRINAPANT,535
BIX 02188,536
BIX 02189,537
BIX02189,537
BIX-01294,538
BIX01294(HYDROCHLORIDE HYDRATE),539
BIX01294,539
"BKM120 (NVP-BKM120, Buparlisib)",540
BKM-120,540
BUPARLISIB,540
BKM120,540
Buparlisib,540
Bleomycin ,541
Bleomycin,541
BLEOMYCIN (50 UM),541
NSC-125066,541
BLEOMYCIN,541
BLEOMYCIN A2,542
bleomycin A2,542
Bleomycin sulfate,542
BLEOMYCIN SULFATE,542
BLU9931,543
BLZ945,544
BLZ-945,544
BML-259,545
CHK2 INHIBITOR II,546
BML-277,546
TALAZOPARIB,547
Talazoparib,547
BMN 673,547
BMN-673,547
BMN-673 (racemate),547
BMN-673 (inactive enantiomer),547
BMS-195614,548
BMS 195614,548
BMS 204352,549
BMS-270394,550
BMS 270394,550
BMS 345541,551
BMS-345541,551
BMS-265246,552
BMS-299897,553
"BMS-509744, KIN001-127",554
bms536924,555
BMS-536924,555
BMS-582664 ,556
Brivanib Alaninate (BMS-582664),556
BMS-582949 ,557
BMS-582949,557
BMS-690514,558
BMS-754807,559
BMS-777607,560
BMS-794833,561
BMS-833923,562
BMS-911543,563
BMS863233,564
BMX-IN-1,565
BMY 7378 dihydrochloride,566
BORTEZOMIB,567
bortezomib,567
Bortezomib  ,567
NSC-681239,567
Bortezomib (PS-341),567
Bortezomib ,567
Bortezomib,567
Bortezomib (Velcade),567
bosutinib,568
Bosutinib (SKI-606),568
Bosutinib,568
BOSUTINIB,568
Bosutinib ,568
BP-1-102,569
BPD-00008900,570
BPIQ-II,571
BPR1J-097,572
BRD 9876,573
BRD9876,573
BRD-A02303741,574
BRD-A02303741:carboplatin (1:1 mol/mol),575
BRD-A02303741:navitoclax (2:1 mol/mol),576
BRD-A05715709,577
BRD-A71883111,578
BRD-A86708339,579
BRD-A94377914,580
BRD-K01737880,581
BRD-K02251932,582
BRD-K02492147,583
BRD-K03536150,584
BRD-K03911514,585
BRD-K04800985,586
BRD-K09344309,587
BRD-K09587429,588
BRD-K11533227,589
BRD-K13185470,590
BRD-K13999467,591
BRD-K14844214,592
BRD-K16130065,593
BRD-K16147474,594
BRD-K17060750,595
BRD-K19103580,596
BRD-K20514654,597
BRD-K24690302,598
BRD-K26531177,599
BRD-K27188169,600
BRD-K27188169:navitoclax (2:1 mol/mol),601
BRD-K27224038,602
BRD-K27986637,603
BRD-K28456706,604
BRD-K29086754,605
BRD-K29313308,606
BRD-K30019337,607
BRD-K30748066,608
BRD-K33199242,609
BRD-K33514849,610
BRD-K34099515,611
BRD-K34222889,612
BRD-K34485477,613
BRD-K35604418,614
BRD-K37390332,615
BRD-K41334119,616
BRD-K41597374,617
BRD-K42260513,618
BRD-K44224150,619
BRD-K45681478,620
BRD-K48334597,621
BRD-K48477130,622
BRD-K49290616,623
BRD-K50799972,624
BRD-K51490254,625
BRD-K51831558,626
BRD-K52037352,627
BRD-K55116708,628
BRD-K55473186,629
BRD-K58730230,630
BRD-K61166597,631
BRD-K63431240,632
BRD-K64610608,633
BRD-K66453893,634
BRD-K66532283,635
HMN-214,636
BRD-K70511574 (HMN-214),636
BRD-K70511574,636
BRD-K71781559,637
BRD-K71935468,638
BRD-K75293299,639
BRD-K78574327,640
BRD-K79669418,641
BRD-K80183349,642
BRD-K84807411,643
BRD-K85133207,644
BRD-K86535717,645
BRD-K88742110,646
PCI-34051,646
BRD-K90370028,647
BRD-K92856060,648
BRD-K94991378,649
BRD-K96431673,650
BRD-K96970199,651
BRD-K97651142,652
BRD-K99006945,653
BRD-K99584050,654
BRD-M00053801,655
BRD1429,656
BRD1812,657
BRD1835,658
BRD4132,659
BRD4354,660
BRD4770,661
BRD55319,662
BRD6340,663
BRD63610,664
BRD6368,665
BRD7116,666
BRD7137,667
BRD73954,668
BRD8899,669
BRD8958,670
BRD9647,671
BRD9876:MK-1775 (4:1 mol/mol),672
BREFELDIN A,673
Brefeldin A,673
brefeldin A,673
BRIVANIB,674
Brivanib,674
Brivanib (BMS-540215),674
Brivanib ,674
brivanib,674
Bryostatin 1,675
BRYOSTATIN 1,675
BS-181 HCl,676
BS-181,676
Iniparib,677
BSI-201,677
Iniparib ,677
Iniparib (BSI-201),677
NSC-750,678
BUSULFAN,678
Busulfan ,678
Busulfan,678
"Ulixertinib (BVD-523, VRT752271)",679
BVD-523,679
Ulixertinib,679
BX 795,680
BX795,680
BX-795,680
BX-912,681
BX912,681
BX 912,681
BYL-719(Alpelisib),682
Bacitracin,683
Baclofen,684
Baicalein,685
Baicalin,686
Balicatib,687
Balofloxacin,688
Balsalazide Sodium,689
Bambuterol hydrochloride,690
Baricitinib,691
"Baricitinib (LY3009104, INCB028050)",691
Baricitinib (Phosphate),691
Bazedoxifene acetate,692
Beclamide,693
Beclomethasone dipropionate,694
Bedaquiline(TMC207; R207910),695
Behenic alcohol,696
Belzutifan,697
Benactyzine hydrochloride,698
Benazepril hydrochloride,699
Bendazac L-lysine,700
Bendazol,701
Bendroflumethiazide,702
Benfluorex hydrochloride,703
Benfotiamine,704
Bengenin,705
Benicar,706
Benidipine hydrochloride,707
Benserazide hydrochloride,708
Bentamapimod,709
Benzalkonium chloride,710
Benzbromarone,711
Benzethonium chloride,712
Benzocaine,713
Benzoic acid,714
Benzoyl peroxide,715
Benzthiazide,716
Benztropine mesylate,717
Benzydamine hydrochloride,718
Benzyl alcohol,719
Benzyl benzoate,720
Bephenium Hydroxynaphthoate,721
Bepridil hydrochloride ,722
Berberine hydrochloride,723
Bergapten,724
VE-822,725
Berzosertib,725
Betahistine dihydrochloride,726
Betahistine mesylate,727
Betaine,728
Betaine hydrochloride,728
Betamethasone,729
Betamethasone 17-valerate,730
Betamethasone dipropionate,731
Betamipron,732
Betaxolol hydrochloride,733
Bethanechol chloride,734
Betulin,735
Bexaroten,736
Bezafibrate,737
Bifendatatum,738
Bifonazole,739
Bikinin,740
Bilobalide,741
Bimatoprost,742
Bimiralisib,743
Birabresib,744
OTX-015,744
OTX015,744
Birch-Me,745
Bisacodyl,746
Bismuth subsalicylat,747
Bisoctrizole,748
Bithionol,749
Blonanserin,750
Bohemine,751
Boldenone Undecylenate,752
Borneol,753
Bortezamide,754
Bosutinib isomer,755
Bretylium tosylate,756
Breviscapin,757
Brexpiprazole,758
Briciclib,759
Brigatinib,760
Brimonidine Tartrate,761
Brinzolamide,762
Brivudine,763
Bromfenac sodium,764
Bromhexine hydrochloride,765
Bromisoval,766
Bromocryptine mesylate,767
Bromopride,768
Bromosporine,769
Brompheniramine hydrogen maleate,770
Bronopol,771
Broxiquinoline,772
Brucin,773
Brustaol,774
Bryostatin,775
Bucetin,776
Bucladesine sodium salt,777
Budesonide,778
Bufalin,779
Bufexamac,780
Buflomedil hydrochloride,781
Bulleyaconi cine A,782
Bumetanide,783
Bupivacaine hydrochloride,784
Bupropion hydrochloride,785
Buspirone hydrochloride,786
Butein,787
Butenafine hydrochloride,788
Butoconazole nitrate,789
Butyl 4-aminobenzoate,790
Butylparaben,791
By-Product of CUDC-305,792
c75,793
C-75,793
C6-CERAMIDE,794
C6-ceramide,794
C646,795
CIL56,796
CA3,796
Cabazitaxel,797
Cabazitaxel  ,797
CABAZITAXEL,797
NSC-761432,797
cabozantinib,798
CABOZANTINIB,798
XL184(Cabozantinib malate),798
Cabozantinib ,798
Cabozantinib malate (XL184),798
Cabozantinib,798
"Cabozantinib (XL184, BMS-907351)",798
idelalisib,799
IDELALISIB,799
"CAL-101 (Idelalisib, GS-1101)",799
CAL-101,799
GS-1101,799
Idelalisib,799
CI-1033,800
CANERTINIB,800
Canertinib (CI-1033),800
canertinib,800
Canertinib,800
Canertinib dihydrochloride,800
"CAP-232, TT-232, TLN-232",801
CAP-232,801
Capecitabine ,802
Capecitabine,802
CAPECITABINE,802
Capecitabine  ,802
Carboplatin  ,803
carboplatin,803
CARBOPLATIN,803
NSC-241240,803
Carboplatin,803
carfilzomib,804
CARFILZOMIB,804
Carfilzomib ,804
Carfilzomib,804
CARMUSTINE,805
Carmustine,805
NSC-409962,805
Carmustine  ,805
CAY10505,806
CAY10566,807
CAY10576,808
CAY10594,809
CAY10603,810
CAY10618,811
CB-64D,812
CBB-1007,813
CBL0137,814
CC-115,815
CC-223,816
CC122,817
CCT-128930,818
CCT128930,818
CCT007093,819
CCT018159,820
CCT036477,821
CCT196969,822
CD 1530,823
CD-1530,823
CD-437,824
CD532,825
CEFMINOX SODIUM,826
CELECOXIB,827
NSC-719627,827
Celecoxib,827
Delanzomib,828
CEP-18770,828
CEP-28122,829
CEP-32496,830
RXDX105,830
CEP-33779,831
CEP-37440,832
Lestaurtinib (CEP-701),833
CEP-701,833
Lestaurtinib,833
LESTAURTINIB,833
lestaurtinib,833
CEP-9722,834
CERANIB­2,835
ceranib-2,835
CERANIB-2,835
cerulenin,836
CERULENIN,836
"CETUXIMAB, ERBITUX",837
CFI-400945,838
CFI-402257-18,839
CGI1746,840
CGK 733,841
"CGP-082996, CINK4, KIN001-021",842
CGP-60474,843
VATALANIB,844
CGP-79787D,844
Vatalanib (PTK787) 2HCl,844
vatalanib/ptk787,844
Vatalanib,844
Vatalanib (PTK787),844
CGS 12066B dimaleate,845
Ch-55,846
CH 55,846
CH-5132799 ,847
MEN 1611,847
CH5132799,847
CH-5132799,847
CH-5428402 HCl,848
CH5183284 (Debio-1347),849
neuronal differentiation inducer III,850
ISX 9,850
CHEMBL1222381,850
NEURONAL DIFFERENTIATION INDUCER III,850
CHEMBL399379,851
dovitinib,852
Dovitinib,852
CHIR-258,852
CHIR 258,852
Dovitinib (TKI-258) Dilactic Acid,852
"Dovitinib (TKI-258, CHIR-258)",852
Dovitinib (CHIR-258),852
TKI258,852
CHIR 98014,853
CHIR 99021,854
CHIR-99021 (CT99021),854
CHIR-99021,854
CHIR-99021 (CT99021) HCl,854
CHIR-124,855
CHIR-98014,856
Chloroambucil,857
Chlorambucil  ,857
NSC-3088,857
chlorambucil,857
CHLORAMBUCIL,857
Chlorambucil,857
CHM-1,858
CHM 1,858
CHS 828,859
GMX-1778,859
CI 1040,860
CI-1040 (PD184352),860
PD-184352,860
PD184352,860
PD184352 (CI-1040),860
CI-976,861
CI 976,861
tacedinaline,862
Tacedinaline,862
CI994 (Tacedinaline),862
Ciclopirox,863
CICLOPIROX,863
Ciclopirox ethanolamine,863
ciclopirox,863
ML029,864
CID 2858522,864
CID 5951923,865
CID-5951923,865
CIL41,866
CIL55,867
CIL55A,868
CIL70,869
Cimetidine,870
CIMETIDINE,870
cimetidine,870
CISPLATIN,871
NSC-119875,871
Cisplatin,871
cisplatin,871
Ispinesib,872
"ISPINESIB MESYLATE, SB-715992",872
SB715992(Ispinesib),872
CK-0238273,872
CL-387785 (EKI-785),873
NSC-105014,874
CLADRIBINE,874
Cladribine,874
Clofarabine  ,875
clofarabine,875
Clofarabine,875
CLOFARABINE,875
CM 346(Obenoxazine),876
"CMK, KIN001-128",877
CNV-1014802,878
CNX-2006,879
CNX-774,880
CO-101,881
CO-1686,882
"Rociletinib (CO-1686, AVL-301)",882
CO-1686 (AVL-301),882
Rociletinib,882
COL-3,883
COMPOUND 401,884
CP-673451,885
CP-724714,886
Crenolanib (CP-868596),887
CP-868596,887
Crenolanib,887
Crenolanib ,887
CP-91149,888
CP466722,889
CPI-0610,890
CPI-169,891
CPI-203,892
CPI-360,893
CPI-613,894
CR-1-31B,895
PF-2341066,896
NSC-756645,896
Crizotinib (PF-02341066),896
PF-02341066,896
Crizotinib (PF-2341066),896
CRIZOTINIB,896
Crizotinib ,896
Crizotinib,896
PF2341066,896
Crizotinib  ,896
crizotinib/pf2341066,896
crizotinib,896
CS-7017,897
CT-32228,898
CUCURBITACIN I,899
cucurbitacin I,899
CUDC-101,900
CUDC-305,901
CUDC-907,902
Fimepinostat,902
curcumin,903
Curcumin,903
CURCUMIN,903
CVT-313,904
SILMITASERTIB,905
CX-4945,905
Silmitasertib,905
silmitasertib,905
cx4945,905
CX-4945 (Silmitasertib),905
CX-5461,906
CX5461,906
CX-6258 HCl,907
CX-6258,907
CYC116,908
CYC-116,908
Roscovitine,909
Roscovitine (CYC-202),909
"Roscovitine (CYC202,Seliciclib)",909
CYC-202,909
"Roscovitine (Seliciclib,CYC202)",909
Seliciclib,909
ROSCOVITINE,909
CYCLOPAMINE,910
Cyclopamine,910
Cyclophosphamide monohydrate,911
CYCLOPHOSPHAMIDE,911
NSC-26271,911
Cyclophosphamide,911
cyclophosphamide,911
Cyclophosphamide  ,911
Cyclosporin A,912
CYCLOSPORIN A,912
ciclosporin,912
momelotinib,913
Momelotinib,913
CYT-387,913
Momelotinib (CYT387),913
CYT387,913
MOMELOTINIB,913
CYT-997,914
CYT997 (Lexibulin),914
cytarabine hydrochloride,915
Cytarabine,915
NSC-63878,915
CYTARABINE,915
CYTARABINE HYDROCHLORIDE,915
Cytarabine ,915
Cytarabin,915
CYTOCHALASIN B,916
cytochalasin B,916
CZC24832,917
"Cabotegravir (GSK744, GSK1265744)",918
Caffeic Acid,919
Caffeine,920
Calcipotriol,921
Lithium Carbonate,922
Calcium carbonate,922
Calcium folinate,923
Folinic Acid Calcium Salt Pentahydrate ,923
Leucovorin calcium,923
Sodium gluconate,924
Calcium gluconate,924
Camostat mesilate,925
Camphor,926
Camylofin,927
Candesartan,928
Candesartan Cilexetil,929
Canrenone,930
Cantharidin,931
Capastat sulfate,932
Capitrol,933
NVP-INC280,934
INCB28060,934
INCB28060(Capmatinib),934
Capmatinib,934
Capsaicin,935
capsaicin,935
Captopril,936
Carazolol,937
Carbachol,938
Carbadox,939
Carbaglu,940
Carbamazepine,941
Carbazochrome sodium sulfonate,942
Carbendazim,943
Carbenicillin disodium,944
Carbenoxolone disodium,945
Carbetapentane citrate,946
Carbidopa Hydrate,947
Carbimazole,948
Carbinoxamine Maleate Salt,949
Cariporide,950
Carisoprodol,951
Carmofur,952
Carprofen,953
Carsalame,954
Carteolol hydrochloride,955
Carvedilol,956
Carvedilol phosphate,956
Carvedilol EP IMpurity E,957
Carzenide,958
Casanthranol,959
Catharanthine,960
Cdk1/2 inhibitor III,961
Cdk2/9 inhibitor,962
Cdk4 inhibitor,963
Cefaclor monohydrate,964
Cefadroxil,965
Cefazolin sodium salt,966
Cefdinir,967
Cefditoren pivoxil,968
Cefixime,969
Cefmenoxime hydrochloride,970
Cefmetazole sodium,971
Cefonicid sodium,972
Cefoperazone sodium,973
Cefotaxime sodium,974
Cefotiam hydrochloride,975
Cefoxitin sodium,976
Cefpiramide acid,977
Ceftazidime,978
Ceftiofur hydrochloride,979
Sodium ceftiofur,979
Ceftriaxone sodium,980
Cefuroxime sodium,981
Celiprolol hydrochloride,982
Cepazine,983
Cephalexin,984
Cephalomannine,985
Cephalon Early Alk Inhibitor,986
Cephalothin sodium,987
Cepharanthine,988
Cephradine,989
Ceralasertib,990
PRT062070,991
Cerdulatinib,991
LDK378(Ceritinib),992
LDK378 (Ceritinib),992
Ceritinib,992
ceritinib,992
LDK378,992
Cetilistat,993
Cetirizine dihydrochloride,994
Cetuximab,995
Cetylpyridinium Chloride,996
Cetylpyridinium chloride monohydrate,996
Cevimeline hydrochloride hemihydrate,997
Chenodeoxycholic acid,998
Chetomin,999
Chidamide,1000
Chitosan,1001
Chloquinan(Chlorquinaldol),1002
Chloral hydrate,1003
Chloramine-T,1004
Chloramphenicol,1005
Chlorhexidine Acetate,1006
Chlorhexidine hydrochloride,1006
Chlorhexidine,1006
Chlormadinone acetate,1007
Chlormezanone,1008
Chlorogenic Acid,1009
Chlorophos,1010
Chloropyramine hydrochloride,1011
Chloroquine,1012
Chloroquine Phosphate,1012
Chloroquine diphosphate,1012
Chlorothiazide,1013
Chlorotrianisene,1014
Chloroxylenol,1015
Chlorpheniramine maleate,1016
Chlorpromazine hydrochloride,1017
Chlorpromazine,1017
Chlorpropamide,1018
Chlorprothixene,1019
Chlorprothixene hydrochloride,1019
Chlortalidone,1020
Chlortetracycline hydrochloride,1021
Chlorzoxazone,1022
Cholic Acid,1023
Choline chloride,1024
Chondroitine sulfate,1025
Chromocarbe,1026
Chrysophanic Acid,1027
Chrysophanol,1027
Cialis,1028
Ciclesonide(RPR251526),1029
Cilastatin,1030
EMD-121974,1031
Cilengitide,1031
cilengitide,1031
Cilnidipine,1032
Cilostazol,1033
Cinacalcet hydrochloride,1034
Cinchonidine,1035
Cinchonine,1036
Cinchophen,1037
Cinepazide maleate,1038
Cinoxacin,1039
Ciprofloxacin hydrochloride,1040
Ciprofloxacin,1040
Ciproxifan maleate,1041
Cisapride,1042
Cisatracurium besylate,1043
Citalopram HBr,1044
Citicoline,1045
Citicoline sodium,1045
Citiolone,1046
Cixutumumab,1047
Clarithromycin,1048
Clemastine fumarate,1049
Clemizole hydrochloride,1050
Clemizole,1050
Clevidipine butyrate,1051
Clidinium bromide,1052
Climbazole,1053
Clinafloxacin,1054
Clindamycin phosphate,1055
Clinofibrate,1056
Clioquinol,1057
Clobetasol propionate,1058
Clofazimine,1059
Clofibrate,1060
Clofibric acid,1061
Clofilium tosylate,1062
Clofoctol,1063
Clomifene,1064
Clomifene citrate,1065
Clomiphene citrate (Z.E) ,1065
Clonidine hydrochloride,1066
Cloperastine hydrochloride,1067
Clopidogrel sulfate,1068
Clopidogrel,1068
Clopidol,1069
Clorprenaline hydrochloride,1070
Clorpyrifos,1071
Clorsulon,1072
Closantel,1073
Clotrimazole,1074
Cloxacillin sodium monohydrate,1075
Clozapine,1076
XL-518 (isomer 2),1077
Cobimetinib,1077
cobimetinib,1077
"Cobimetinib (GDC-0973, RG7420)",1077
XL-518 (isomer 1),1077
Coenzyme Q10 (CoQ10),1078
Colchicine,1079
Colistin sulfate,1080
Combretastatin A4,1081
Compound 10b,1082
Compound 110,1083
Compound 1541A,1084
Compound 23 citrate,1085
Compound 44,1086
Compound 7d-cis,1087
Compound 968,1088
Conivaptan hydrochloride,1089
Cordycepin,1090
Cortisol acetate,1091
Hydrocortisone acetate,1091
Cortisone,1092
Cortisone acetate,1093
Cortodoxone,1094
Corvotone,1095
Coumarin,1096
Cpd-401,1097
Cresol,1098
Crocin,1099
Crotamiton,1100
Cryptotanshinone,1101
Crystal Violet,1102
Curcumol,1103
Cyanoacetohydrazide,1104
Cyanocobalamin,1105
Cyclandelate,1106
Cyclizine dihydrochloride,1107
Cyclobenzaprine hydrochloride,1108
Cyclocytidine hydrochloride,1109
Cyclovirobuxin D,1110
Cyproheptadine hydrochloride,1111
Cyproterone acetate,1112
Cyromazine,1113
Cytisine,1114
D 4476,1115
D(+)-Glucose,1116
D-(+)-Maltose monohydrate,1117
D-Biotin,1118
D-Camphor,1119
D-Cycloserine,1120
D-Mannitol,1121
D-Pantethine,1122
D-Phenylalanine,1123
D-Sorbitol,1124
D-Stachyose tetrahydrate,1125
D-erythro-Sphingosine,1126
DAA1106,1127
NSC-45388,1128
Dacarbazine  ,1128
Dacarbazine,1128
DACARBAZINE,1128
dacarbazine,1128
LAQ824 (Dacinostat),1129
DACINOSTAT,1129
Dacomitinib,1130
PF-299804,1130
dacomitinib,1130
"Dacomitinib (PF299804, PF299)",1130
DACOMITINIB,1130
"FK866 (APO866, Daporinad)",1131
daporinad,1131
FK866,1131
Daporinad,1131
DAPORINAD,1131
fk866,1131
DAPT (GSI-IX),1132
DARINAPARSIN,1133
darinaparsin,1133
Darinaparsin,1133
DASA-58,1134
ML203,1134
DASATINIB,1135
Dasatinib monohydrate,1135
dasatinib,1135
NSC-732517,1135
Dasatinib  ,1135
Dasatinib,1135
DAUNORUBICIN HYDROCHLORIDE,1136
Daunorubicin,1136
Daunorubicin HCl,1136
Daunorubicin hydrochloride,1136
NSC-82151,1136
Daunorubicin ,1136
DBeQ,1137
DBEQ,1137
YO-01027,1138
DBZ,1138
DC-45-A2,1139
DCC-2036 (Rebastinib),1140
Rebastinib,1140
DDR1-IN-1,1141
DECITABINE,1142
Dacogen,1142
Decitabine  ,1142
Decitabine (Dacogen),1142
decitabine,1142
NSC-127716,1142
Decitabine,1142
DEGUELIN,1143
DEL-22379,1144
dexamethasone,1145
Dexamethasone,1145
DEXAMETHASONE,1145
Dexrazoxane hydrochloride,1146
Dexrazoxane,1146
NSC-169780,1146
DEXRAZOXANE,1146
DIHYDROROTENONE,1147
MK-7965,1148
DINACICLIB,1148
Dinaciclib (SCH727965),1148
dinaciclib,1148
Dinaciclib,1148
DL-Adrenalin,1149
DL-Adrenaline Hydrochloride,1149
L(-)-Carnitine,1150
DL-Carnitine,1150
DL-Glutamine,1151
DL-Menthol,1152
DL-Penicillamine,1153
DL-Xylose,1154
DL-trihexyphenidyl hydrochloride,1155
DM3189,1156
LDN-193189,1156
LDN193189,1156
"DMOG, DIMETHYLOXALYLGLCINE",1157
Dimethyl sulfoxide,1158
DMSO,1158
DNA-PK INHIBITOR V,1159
DNMDP,1160
NSC-628503,1161
DOCETAXEL,1161
docetaxel,1161
Docetaxel  ,1161
Docetaxel trihydrate,1161
Docetaxel,1161
DOV 21947 hydrochloride(Amitifadine hydrochloride),1162
DOXORUBICIN,1163
Doxorubicin,1163
Doxorubicin ,1163
Doxorubicin hydrochloride,1163
DOXORUBICIN HYDROCHLORIDE,1163
NSC-123127,1163
doxorubicin,1163
Doxorubicin Hcl,1163
DR 2313,1164
DR5,1165
Dabigatran etexilate,1166
Daclatasvir dihydrochloride,1167
Daidzein,1168
Daidzin,1169
Dalasetron Mesylate Hydrate,1170
Dalbavancin Impurity,1171
Dalotuzumab,1172
Danazol,1173
Danofloxacin mesylate,1174
Danoprevir (ITMN-191),1175
Danusertib (PHA-739358),1176
Danusertib,1176
Dapagliflozin,1177
Daphnetin,1178
Dapivirine (TMC120),1179
Dapoxetine hydrochloride,1180
Daprodustat,1181
Daprodustat ,1181
Daptomycin,1182
Darapladib,1183
Darifenacin HBr,1184
Darunavir ,1185
Darunavir Ethanolate,1186
"Daunorubicin, HCl",1187
Daurisoline,1188
Decamethonium bromide,1189
Decernotinib (VX-509),1190
Decernotinib,1190
Decernotinib(VX-509),1191
Decoquinate,1192
Defactinib,1193
"Defactinib (VS-6063, PF-04554878)",1193
defactinib,1193
Deferasirox,1194
Deferidone,1195
Deferoxamine Mesylate,1196
Deferoxamine,1196
Deflazacort,1197
WP1130,1198
Degrasyn,1198
Degrasyn (WP1130),1198
Dehydroacetic acid,1199
Sodium dehydrocholate,1200
Dehydrocholic acid,1200
Dehydroepiandrosterone,1201
Delapril Hydrochloride,1202
Delphene,1203
Delta-Gluconolactone,1204
Demeclocycline hydrochloride,1205
Demethyl,1206
Dendrid,1207
Deoxycholic acid,1208
Deoxycorticosterone acetate,1209
Depofemin,1210
Depsipeptide,1211
Romidepsin  ,1211
NSC-754143,1211
Romidepsin,1211
Dequalinium chloride,1212
Dequalinium dichloride,1212
Deracil,1213
Deracoxib,1214
Dermofongin,1215
Des-fluoro-TAK-960,1216
Desipramine hydrochloride,1217
Desloratadine,1218
Desonide,1219
Desvenlafaxine,1220
Dexamethason acetate,1221
Dexamethasone (DHAP),1222
Dexchlorpheniramine Maleate,1223
Dexibuprofen,1224
Dexmedetomidine,1225
Dexpanthenol,1226
Dexrazoxone,1227
Dextromethorphan HBr monohydrate,1228
Diacerein,1229
Diammonium Glycyrrhizinate,1230
Glycyrrhizin (Glycyrrhizic Acid),1230
Diatrizoate sodium,1231
Diazinon,1232
Diazoxide,1233
Dibucaine hydrochloride,1234
Dibucaine,1234
Dichlorbenzamil,1235
Dichlorophen,1236
Dichlorvos,1237
Diciofenac,1238
Diclazuril,1239
Diclofenac diethylamine,1240
Diclofenac,1240
Diclofenac sodium,1240
Dicumarol,1241
Dicurone,1242
Dicyclomine hydrochloride,1243
Didanosine ,1244
Dienestrol,1245
Dienogest,1246
Diethylcarbamazine citrate,1247
Diethylstilbestrol,1248
Diflorasone,1249
Diflunisal,1250
Digitoxigenin,1251
Digitoxin,1252
Digoxin,1253
Dihydralazine sulphate,1254
Dihydroartemisinin,1255
Dihydroergotamine Mesylate,1256
Dihydrostreptomycin sulfate,1257
Diltiazem hydrochloride,1258
Dimenhydrinate,1259
Dimesna,1260
Dimethyl fumarate,1261
Dimetridazole,1262
Diminazene Aceturate,1263
Dinitolmide,1264
Diosmin,1265
Dioxybenzone,1266
Diperodon hydrochloride,1267
Diphemanil mesylate,1268
Diphenhydramine hydrochloride,1269
Diphenidol hydrochloride,1270
Diphenylcyclopropenone,1271
Diphenylpyraline hydrochloride,1272
Dipivefrin hydrochloride,1273
Diprophylline,1274
Dirithromycin,1275
Disodium clodronate tetrahydrate,1276
Disopyramide,1277
Disulfiram,1278
Disulfiram(+CuCl2),1278
Dithiopropanol,1279
Dixanthogen,1280
Docusate sodium,1281
Domperidone,1282
Dopamine hydrochloride,1283
Doramectin,1284
Doripenem Hydrate,1285
Dorzolamide hydrochloride,1286
Doxapram hydrochloride monohydrate,1287
Doxazosin mesylate,1288
Doxepin hydrochloride,1289
Doxifluridine,1290
Doxofylline,1291
Doxorubicin3,1292
Doxycycline hyclate,1293
Doxycycline hydrochloride,1293
Doxylamine succinate,1294
Drofenine hydrochloride,1295
Dronedarone hydrochloride,1296
Droperidol,1297
Dropropizine,1298
Drospirenone,1299
Drostanolone Propionate,1300
Droxidopa,1301
Duloxetine hydrochloride,1302
Durvalumab,1303
Dusigitumab,1304
Dutasteride,1305
INK-1197,1306
Duvelisib,1306
IPI-145 (INK1197),1306
"Duvelisib (IPI-145, INK1197) ",1306
Dyclonine hydrochloride,1307
Dypyridamole,1308
E-7850,1309
E7820,1310
EB-1627,1311
EHT 1864,1312
EHop-016 ,1313
EHop-016,1313
ELCPK,1314
ELEPHANTIN,1315
Elesclomol,1316
Elesclomol (STA-4783),1316
sta4783,1316
ELESCLOMOL,1316
ELN 441958,1317
ELOCALCITOL,1318
elocalcitol,1318
EMBELIN,1319
embelin,1319
Embelin,1319
EMD-1204831,1320
Tepotinib,1321
EMD-1214063,1321
Tepotinib (EMD 1214063),1321
EMD1214063,1321
EMD-534085,1322
ENMD-981693,1323
ENMD-2076,1323
enmd2076,1323
ENMD-2076 Precursor,1324
entinostat,1325
Entinostat (MS-275),1325
Entinostat,1325
ENTINOSTAT,1325
MS-275,1325
Entinostat ,1325
Enzalutamide (MDV3100),1326
ENZALUTAMIDE,1326
Enzalutamide ,1326
Enzalutamide,1326
Enzastaurin,1327
Enzastaurin (LY317615),1327
enzastaurin,1327
LY317615,1327
ENZASTAURIN,1327
LY-317615,1327
EP-90745,1328
epigallocatechin-3-monogallate,1329
EPIGALLOCATECHIN-3-MONOGALLATE[(-)-EPIGALLOCATECHIN GALLATE],1329
Epirubicin,1330
Epirubicin hydrochloride,1330
EPIRUBICIN HYDROCHLORIDE,1330
Epirubicin ,1330
Epirubicin HCl,1330
EPIRUBICIN,1330
Patupilone ,1331
"EPOTHILONE B, GNF-PF-193",1331
Patupilone,1331
EPZ-004777,1332
EPZ004777,1332
EPZ-5676,1333
EPZ5676,1333
Pinometostat,1333
EPZ-5687,1334
EPZ005687,1334
Tazemetostat,1335
EPZ-6438,1335
EPZ6438,1335
EPZ015666,1336
EPZ031686,1337
erastin,1338
ERASTIN,1338
Erastin,1338
"LDE225 (NVP-LDE225,Erismodegib)",1339
erismodegib,1339
LDE225,1339
sonidegib,1339
ERISMODEGIB,1339
Erismodegib,1339
LDE-225,1339
Sonidegib,1339
ERK5-IN-1,1340
ERLOTINIB,1341
ERLOTINIB HYDROCHLORIDE,1341
Erlotinib hydrochloride,1341
erlotinib,1341
Erlotinib ,1341
NSC-718781,1341
Erlotinib HCl,1341
Erlotinib,1341
NSC-702294,1342
Estramustine phosphate sodium,1342
ESTRAMUSTINE PHOSPHATE SODIUM,1342
ETC-1002,1343
ETOMOXIR,1344
Etomoxir,1344
etomoxir,1344
etoposide,1345
Etoposide  ,1345
Etoposide,1345
ETOPOSIDE,1345
NSC-141540,1345
Etoposid,1345
ETP-45835,1346
ETP-46464,1347
Everolimus ,1348
Everolimus  ,1348
Everolimus,1348
EVEROLIMUS,1348
everolimus,1348
NF-kB Activation Inhibitor,1349
EVP4593,1349
EX 527 (SELISISTAT),1350
Selisistat,1350
EX-527,1350
Exemestane  ,1351
EXEMESTANE,1351
Exemestane,1351
NSC-713563,1351
Ebastine,1352
Ebselen,1353
Eburnalritardo,1354
Eburnamonine (-),1355
Ecabet Sodium,1356
Econazole,1357
Econazole nitrate,1357
Edaravone,1358
Edetate Trisodium,1359
Edoxaban,1360
"Edoxaban Tosylate Monohydrate
",1360
Efavirenz ,1361
Efinaconazole,1362
Eflornithine hydrochloride Monohydrate,1363
Efonidipine(NZ-105),1364
Eganelisib,1365
Elacridar,1366
Eletriptan HBr,1367
Elimusertib,1368
Eliprodil,1369
Ellagic acid,1370
Eltanexor,1371
Eltrombopag,1372
Eluxadoline,1373
"Elvitegravir(GS-9137, JTK-303)",1374
Emapunil,1375
Emetine 2HCl,1376
Emodin,1377
Empagliflozin (BI 10773),1378
Emtricitabine,1379
Enalapril,1380
Encorafenib,1381
Endoxifen,1382
Eniporide,1383
Enoxacin Sesquihydrate,1384
Enoxacin,1384
Enoxolone,1385
Enrofloxacin,1386
Ensartinib,1387
Entacapone,1388
Entecavir,1389
Entecavir hydrate,1389
Entospletinib (GS-9973),1390
GS-9973,1390
Entospletinib,1390
RXDX101,1391
Entrectinib (RXDX-101),1391
Entrectinib,1391
Epacadostat,1392
Epalrestat,1393
Epiandrosterone,1394
Epinephrine bitartrate,1395
Epirizole,1396
Eplerenone,1397
Eprazinone dihydrochloride,1398
Eprodisate disodium,1399
Eprosartan Mesylate,1400
Erbstatin analog,1401
Erdafitinib,1402
JNJ-42756493,1402
Erdosteine,1403
Ergonovine maleate,1404
Eribulin,1405
Erythromycin,1406
Erythromycin ethylsuccinate,1407
Escin,1408
Escitalopram,1409
Eslicarbazepine Acetate,1410
Esmolol hydrochloride,1411
Esomeprazole Magnesium,1412
Esomeprazole Sodium,1412
Estradiol,1413
Estradiol benzoate,1414
Estradiol valerate,1415
Estramustine,1416
Estramustine ,1416
Estriol,1417
Estropipate,1418
Etamsylate,1419
Ethamsylate,1419
Ethacridine lactate monohydrate,1420
Ethambutol dihydrochloride,1421
Ethamivan,1422
Ethaverine hydrochloride,1423
Ethinamide,1424
Ethisterone,1425
Ethopabate,1426
Ethosuximide,1427
Ethylparaben,1428
Ethynodiol diacetate,1429
Ethynyl estradiol,1430
Mestranol,1431
Ethynylestradiol 3-methyl ether,1431
Etidronate,1432
Sodium etidronate,1432
Etilefrine hydrochloride,1433
Etodolac,1434
Etofenamate,1435
Etofibrate,1436
Etofylline,1437
Etomidate,1438
Etonogestrel,1439
Etravirine (TMC125),1440
Eucalyptol,1441
Eugenol,1442
Euquinine,1443
Evans blue,1444
Everolimus (RAD001),1445
Exherin (ADH-1),1446
Ezetimibe,1447
F 11440,1448
F387C,1449
F4,1450
FAU,1451
FENOLDOPAM MESYLATE,1452
FG-2216,1453
Roxadustat,1454
Roxadustat (FG-4592),1454
FG-4592,1454
FGIN-1-27,1455
FH535,1456
fh535,1456
FIIN-2,1457
Fingolimod (FTY720) HCl,1458
FINGOLIMOD,1458
Fingolimod,1458
FINGOLIMOD (FTY720) HCL,1458
"FTY-720, FINGOLIMOD HYDROCHLORIDE; GILENYA; TDI-132; IMUSERA; GILENIA",1458
fingolimod,1458
FK-506,1459
FLOXURIDINE,1460
NSC-27640,1460
Floxuridine,1460
Fludarabine,1461
fludarabine,1461
FLUDARABINE,1461
Fludarabine   ,1461
fludarabin,1461
Fludarabine Phosphate,1462
FLUDARABINE PHOSPHATE,1462
Fludarabine phosphate,1462
NSC-118218,1462
Fluvastatin sodium salt,1463
fluvastatin,1463
Fluvastatin,1463
FLUVASTATIN SODIUM,1463
"FMK, KIN001-242",1464
Foretinib ,1465
XL-880,1465
Foretinib (XL880),1465
Foretinib,1465
foretinib,1465
Foretinib (GSK1363089),1465
FORETINIB,1465
FOSFOSAL,1466
FQI-1,1467
FQI-2,1468
FR-180204,1469
FRAX486,1470
FRAX597,1471
FSC231,1472
FTI-277,1473
NSC-719276,1474
fulvestrant,1474
Fulvestrant,1474
FULVESTRANT,1474
FUMONISIN_B1,1475
FUMONISIN B1,1475
fumonisin B1,1475
Famciclovir,1476
Famotidine,1477
Famprofazone,1478
Farlutin,1479
Fasudil,1480
Fasudil ,1480
Fasudil (HA-1077) HCl,1480
Fasudil (HA-1077) hydrochloride,1480
Febuxostat,1481
TG-101348,1482
SAR-302503,1482
Fedratinib,1482
"Fedratinib (SAR302503, TG101348)",1482
TG101348 (SAR302503),1482
TG101348,1482
Felbamate,1483
Felodipine,1484
Fenbendazole,1485
Fenbufen,1486
Fenchlorphos,1487
Fendiline hydrochloride,1488
Fenipentol,1489
Fenofibrate,1490
Fenofibric acid,1491
Fenoprofen,1492
Fenoprofen calcium,1492
Fenretinide,1493
Fenspiride hydrochloride,1494
Fenticonazole Nitrate,1495
Ferrous fumarate,1496
Ferulic Acid,1497
Fesoterodine fumarate,1498
Fexinidazole,1499
Fexofenadine hydrochloride,1500
Figitumumab (CP-751871)​,1501
Filgotinib (GLPG0634),1502
Filgotinib,1502
Fimasartan(BR-A-657),1503
Finasteride,1504
Fipexide,1505
Fipronil,1506
Flavin mononucleotide,1507
Flavoxate hydrochloride,1508
Flopropione,1509
Florfenicol,1510
Flubendazole,1511
Fluconazole,1512
Fludrocortisone acetate,1513
Flufenamic acid,1514
Flumazenil,1515
Flumequine,1516
Flumethasone,1517
Flunarizine dihydrochloride,1518
Flunixin meglumin,1519
Fluocinolone acetonide,1520
Fluocinonide,1521
Fluorescein,1522
Fluorocytosine,1523
Fluoromethalone,1524
Fluoxetine hydrochloride,1525
Fluoxetine,1525
Fluoxymesterone,1526
Flupenthixol dihydrochloride,1527
Fluphenazine hydrochloride,1528
Fluphenazine,1528
Fluphenazine dihydrochloride,1528
Flupirtine maleate,1529
Flurbiprofen,1530
Flutamide,1531
Fluticasone propionate,1532
Fluvoxamine maleate,1533
Folic acid,1534
Formestane,1535
Formononetin,1536
Forskolin,1537
Fosaprepitant dimeglumine,1538
Fosfomycin calcium,1539
Fosinopril sodium,1540
Fostamatinib disodium hexahydrate,1541
R-788,1541
Fostamatinib (R788),1541
R788 (Fostamatinib) Disodium,1541
Fostamatinib,1541
Fostamatinib aq,1542
Fraxetin,1543
Fructose,1544
Fruquintinib,1545
Ftaxilide,1546
Fudosteine,1547
Furacilin,1548
Furaltadone hydrochloride,1549
Furazolidone,1550
Furosemide,1551
Sodium fusidate,1552
Fusidine,1552
G-749,1553
G3,1554
GALLIBISCOQUINAZOLE,1555
GANT-61,1556
GANT 61,1556
GATIFLOXACIN,1557
GBR 12909 dihydrochloride,1558
GDC 0941,1559
GDC0941,1559
GDC-0941,1559
Pictilisib,1559
GDC-0032,1560
TASELISIB,1560
Taselisib,1560
GDC0068 (Ipatasertib),1561
Ipatasertib,1561
GDC-0068,1561
GDC-0084,1562
Paxalisib,1562
GDC-0152,1563
GDC-0349,1564
VISMODEGIB,1565
Vismodegib,1565
vismodegib/gdc0449,1565
NSC-755986,1565
Vismodegib ,1565
Vismodegib (GDC-0449),1565
GDC-0449,1565
vismodegib,1565
GDC-0623,1566
GDC-0810,1567
GDC-0853,1568
GDC-0879,1569
GDC-0919,1570
GDC-0994,1571
Ravoxertinib,1571
gefitinib,1572
GEFITINIB,1572
Gefitinib,1572
Gefitinib  ,1572
Gefitinib ,1572
NSC-715055,1572
Gefitinib (ZD1839),1572
Gemcitabine hydrochloride,1573
GEMCITABINE,1573
GEMCITABINE HYDROCHLORIDE,1573
NSC-613327,1573
Gemcitabine,1573
gemcitabine,1573
Gemcitabine ,1573
GENENTECH CPD 10,1574
GENZ-644282,1575
GF109203X,1576
GKT137831,1577
GNE-0877,1578
"GNE-317, GNE317, GNE 317",1579
GNE-7915,1580
GNE-9605,1581
GNF-2,1582
GNF-5,1583
GS-7340 Tenofovir alafenamide,1584
GSK269962,1585
GSK269962A,1585
GSK 269962A,1585
GSK4112,1586
GSK 4112,1586
GSK-J4,1587
GSK J4,1587
GSK1059615,1588
GSK-1059615,1588
GSK1070916,1589
GSK-1070916,1589
GSK-1210151A,1590
GSK-1838705A,1591
GSK1838705A,1591
GSK-1904529A,1592
GSK1904529A,1592
Omipalisib,1593
GSK2126458(Omipalisib),1593
GSK2126458 (GSK458),1593
GSK-2126458,1593
GSK2126458,1593
GSK2334470,1594
GSK-2334470,1594
GSK2636771,1595
GSK-2636771,1595
GSK2879552,1596
GSK-2879552,1596
GSK461364,1597
GSK-461364,1597
I-BET-762,1598
GSK-525762A(I-BET-762),1598
Molibresib,1598
GSK525762A,1598
GSK525762,1598
GSK-690693 ,1599
GSK-690693,1599
GSK690693,1599
TRAMETINIB,1600
Trametinib,1600
trametinib,1600
Trametinib ,1600
Trametinib (GSK1120212),1600
GSK1120212,1600
GSK126,1601
GSK1292263,1602
GSK2256098,1603
GSK2292767,1604
GSK2578215A,1605
GSK2606414,1606
GSK2656157,1607
GSK2801,1608
GSK2830371,1609
GSK343,1610
"GSK343, GTPL8240, AOB3680, AK175558",1611
GSK3787,1612
GSK429286A,1613
"GSK591, EPZ015866, GSK3203591",1614
GSK621,1615
gsk650394,1616
GSK650394,1616
GSK923295,1617
GTS 21 dihydrochloride,1618
GW-405833,1619
GW 405833,1619
GW 441756,1620
gw441756,1620
GW441756,1620
GW-843682X,1621
GW843682X (AN-13),1621
GW843682X,1621
GW 843682X,1621
GW2580,1622
gw2580,1622
GW-2580,1622
GW-5074,1623
GW5074,1623
GW788388,1624
GX15-070,1625
GZD824,1626
Gabapentin,1627
Gabexate mesylate,1628
Galanthamine HBr,1629
Galiellalactone,1630
Gallamine triethiodide,1631
Gallic acid,1632
Galunisertib,1633
LY-2157299,1633
Galunisertib (LY2157299),1633
LY2157299,1633
galunisertib,1633
Ganciclovir,1634
LY-2784544,1635
LY2784544,1635
Gandotinib,1635
Gandotinib (LY2784544),1635
Ganetespib (STA-9090),1636
STA-9090,1636
Ganetespib,1636
Ganitumab (AMG-479)​,1637
Gastrodin ,1638
PF-05212384,1639
Gedatolisib,1639
Gedatolisib (PF-05212384),1639
"Gedatolisib (PF-05212384, PKI-587)",1639
Geldanamycin,1640
geldanamycin,1640
Gemcitibine,1641
Gemfibrozil,1642
Gemifioxacin mesylate,1643
Genipin,1644
Geniposide,1645
Geniposidic Acid,1646
Genistein,1647
Gentamycin sulfate,1648
Gestodene,1649
Gilteritinib,1650
Gimeracil,1651
Ginkgolide A,1652
Ginkgolide B,1653
Ginkgolide C,1654
Ginsenoside Rb1,1655
Ginsenoside Rc,1656
Ginsenoside Re,1657
Ginsenoside Rg1,1658
Givinostat,1659
Glafenine,1660
Glafenine Hydrochloride,1660
glasdegib,1661
Glasdegib,1661
PF-04449913,1661
Glesatinib,1662
Gliclazide,1663
Glimepiride,1664
Glipizide,1665
Gliquidone,1666
Glucosamine,1667
Glucosamine hydrochloride,1668
Glucosamine sulfate,1668
Glutathione,1669
Glyburide,1670
Glycerite,1671
Glycopyrrolate,1672
Glycyrrhetinic acid(Enoxolone),1673
Go 6983,1674
Go6976,1675
Go7874,1676
Golvatinib ,1677
Golvatinib (E7050),1677
Golvatinib,1677
Goserelin,1678
Gramicidin,1679
Granisetron hydrochloride,1680
Griseofulvin,1681
Guaiacol,1682
Guaifenesin,1683
Guanabenz Acetate,1684
Guanethidine Monosulfate,1685
Guanfacine hydrochloride,1686
Guanidine hydrochloride,1687
H-89,1688
H 89,1688
H 89 2HCl,1688
H-89-2HCl,1688
H-7 dihydrochloride,1689
H-8 2HCl,1690
HA130,1691
HA14-1,1692
HBX-41108,1693
HBX 41108,1693
HC-067047,1694
HC 067047,1694
HG-5-113-01,1695
HG-5-88-01,1696
HLI 373,1697
HMN214,1698
HO-3867,1699
Omacetaxine mepesuccinate,1700
OMACETAXINE MEPESUCCINATE,1700
Homoharringtonine,1700
omacetaxine mepesuccinate,1700
HOMOHARRINGTONINE,1700
HONOKIOL,1701
Honokiol,1701
HPI-1,1702
HS-173,1703
HTH-01-015,1704
HYDROXYUREA,1705
NSC-32065,1705
Hydroxyurea,1705
HYPERFORIN,1706
hyperforin,1706
HYPOTHEMYCIN,1707
Halazone,1708
Halcinonide,1709
Halofuginone,1710
Haloperidol,1711
Haloprogin,1712
Harmaline,1713
Harmine hydrochloride,1714
Heptaminol hydrochloride,1715
Hesperadin,1716
Hesperetin,1717
Hesperidin,1718
Hexamethonium Bromide,1719
Hexamethylenetetramine,1720
Methenamine,1720
Hexetidine,1721
Hexylcaine hydrochloride,1722
Histamine,1723
Hodostin,1724
Neostigmine bromide,1724
Homatropine Bromide,1725
Homatropine Methylbromide,1726
Homochlorcyclizine dihydrochloride,1727
Homotaurine,1728
Hycanthone,1729
Hydralazine hydrochloride,1730
Hydrastinine HCl,1731
Hydrochlorothiazide,1732
Hydrocortisone,1733
Hydrocortisone Valerate,1734
Hydrocortisone butyrate,1735
Hydroferulic acid,1736
Hydroquinidine,1737
Hydroquinone,1738
Hydroxy Camptothecine,1739
Hydroxy-2-naphthalenylmethylphosphonic acid,1740
Hydroxychloroquine sulfate,1741
Hydroxychloroquine,1741
Hydroxyfasudil,1742
Hydroxyprogesterone,1743
Hydroxyquinoline,1744
Hydroxyzine Pamoate,1745
Hygromycin B,1746
Hypericin,1747
Hyperoside,1748
I-BET,1749
I-BET151,1750
I-BET 151 DIHYDROCHLORIDE,1750
I-BRD9,1751
ibrutinib,1752
Ibrutinib,1752
Ibrutinib (PCI-32765),1752
IBRUTINIB,1752
IC-87114,1753
ICG-001,1754
ICG001,1755
ICL1100013,1756
Idarubicin,1757
Idarubicin HCl,1757
idarubicin,1757
Idarubicine,1757
IDARUBICIN HYDROCHLORIDE,1757
Idarubicin ,1757
Idarubicin hydrochloride,1757
IDH-C227,1758
Ifosfamide  ,1759
IFOSFAMIDE,1759
ifosfamide,1759
NSC-109724,1759
Ifosfamide,1759
IKK-16 (IKK Inhibitor VII),1760
IKK-16,1760
imd0354,1761
IKK-2-INHIBITOR-V,1761
IMD 0354,1761
IMD-0354,1761
IM-12,1762
imatinib,1763
NSC-743414,1763
Imatinib Mesylate (STI571),1763
Imatinib (STI571),1763
Imatinib ,1763
IMATINIB,1763
Imatinib,1763
NSC-369100,1764
IMIQUIMOD,1764
Imiquimod ,1764
Imiquimod,1764
importazole,1765
IMPORTAZOLE,1765
INCB-18424,1766
Ruxolitinib ,1766
RUXOLITINIB,1766
ruxolitinib,1766
Ruxolitinib,1766
Ruxolitinib (INCB018424),1766
NSC-763371,1766
INCB024360 analogue,1767
MLN0128 (Sapanisertib),1768
INK-128,1768
MLN-0128,1768
INK 128 (MLN0128),1768
INK128,1768
TAK228,1768
Sapanisertib,1768
IOWH-032,1769
IOX-1,1770
IOX2,1771
IOX-2,1771
IPA-3,1772
ipa3,1772
IPI-926,1773
Saridegib,1773
IPR-456,1774
IRAK 4 Compound 26,1775
IRAK-1/4 INHIBITOR I,1776
IRAK1/4 inhibitor,1777
IRINOTECAN,1778
Irinotecan HCl Trihydrate,1778
Irinotecan hydrochloride,1778
irinotecan,1778
Irinotecan hydrochloride Trihydrate,1778
Irinotecan Hydrochloride,1778
IRINOTECAN HYDROCHLORIDE,1778
Irinotecan,1778
Irinotecan ,1778
ISOEVODIAMINE,1779
isoevodiamine,1779
Isoliquiritigenin,1780
ISOLIQUIRITIGENIN,1780
isoliquiritigenin,1780
ISOX,1781
ISOX:bortezomib (250:1 mol/mol),1782
istradefylline,1783
ISTRADEFYLLINE,1783
Itraconazole,1784
ITRACONAZOLE,1784
itraconazole,1784
ITRI-260,1785
IU1,1786
IU1-47,1787
IVACHTIN,1788
"IWP-2, WNT INHIBITOR IWP-2",1789
IWP2,1789
IWP-L6,1790
IWR-1,1791
IWR-1-endo,1792
Ibudilast,1793
Ibuprofen,1794
Icariin,1795
Icotinib Hydrochloride,1796
Icotinib,1796
Icotinib hydrochloride,1796
Idasanutlin,1797
Idasanutlin (RG-7388),1797
Idasanutlin (RS7388),1797
Idazoxan hydrochloride,1798
Idebenone,1799
Ifenprodil Tartrate,1800
Ifosfamide mustard,1801
Ikarugamycin,1802
Ilaprazole sodium,1803
"Ilomastat (GM6001, Galardin)",1804
Iloperidone,1805
Imazalil,1806
Imperatorin,1807
Inavolisib,1808
Indacaterol maleate,1809
Indacaterol,1809
Indapamide,1810
Indibulin,1811
Indigo,1812
Indirubin,1813
Indisulam,1814
indisulam,1814
indole-3-carbinol,1815
Indole-3-carbinol,1815
Indometacin,1816
Indoprofen,1817
Inosine,1818
Inositol,1819
Iodipamide,1820
Iodoquinol,1821
Iohexol,1822
Iopamidol,1823
Iopanoic acid,1824
Iopromide,1825
Ipragliflozin,1826
Ipriflavone (Osteofix),1827
Iproniazid Phosphate,1828
Ipsapirone,1829
Irbesartan,1830
Irbinitinib(ARRY-380; ONT-380),1831
Tucatinib,1831
Irinotecan / SN-38,1832
Isavuconazole,1833
Isoconazole,1834
Isoconazole nitrate,1834
Isoferulic acid,1835
Isoniazid,1836
Isoprenaline hydrochloride,1837
Isopyrin hydrochloride,1838
Isosorbide dinitrate,1839
Isosteviol,1840
Isotretinoin,1841
Isovaleramide,1842
Isoxicam,1843
Isoxsuprine hydrochloride,1844
Isradipine,1845
Itopride hydrochloride,1846
Ivabradine hydrochloride,1847
Ivacaftor (VX-770),1848
Ivacaftor,1848
Ivermectin,1849
NSC-747973,1850
Ixabepilone ,1850
Ixabepilone,1850
MLN2238,1851
MLN2238(Ixazomib),1851
Ixazomib,1851
Ixazomib ,1851
MLN-2238,1851
JAK Inhibitor I,1852
JAK3 Inhibitor I,1853
JB1,1854
JI-101,1855
SERDEMETAN,1856
serdemetan,1856
Serdemetan,1856
JNJ-26854165,1856
JNJ 26854165,1856
JNJ-26854165 (Serdemetan),1856
JNJ-1661010,1857
Quisinostat,1858
JNJ-26481585,1858
JNJ-27291199,1859
JNJ-28312141,1860
JNJ-38877605,1861
JNJ-42165279,1862
JNJ-7777120,1863
JNK Inhibitor VIII,1864
JNK INHIBITOR VIII,1864
SP600125,1865
pyrazolanthrone,1865
SP-600125,1865
SP600125 (PYRAZOLANTHRONE),1865
JNK Inhibitor II,1865
JNK Inhibitor IX,1866
"JNK-9L, KIN001-204",1867
JNK-IN-8,1868
JPH203,1869
JQ-1:MK-0752 (1:1 mol/mol),1870
JQ-1:UNC0638 (2:1 mol/mol),1871
JQ-1:carboplatin (1:1 mol/mol),1872
JQ-1:navitoclax (2:1 mol/mol),1873
JQ-1:vorinostat (2:1 mol/mol),1874
JQ12,1875
JW 480,1876
JW-480,1876
JW-55,1877
JW 55,1877
JW-7-24-1,1878
"JW-7-52-1, NA",1879
JW-74,1880
JZL-184,1881
jzl184,1881
JZL-195,1882
K02288,1883
KB NB 142-70,1884
kb NB 142-70,1884
KD-032,1885
SLx-2119,1886
KD025,1886
KH-CB19,1887
KHK Indazole,1888
KHS101,1889
KI20227,1890
KI8751,1891
Ki8751,1891
KIN001-042,1892
KIN001-127,1893
KIN001-135,1894
KIN001-206,1895
KIN001-236,1896
KIN001-244,1897
"KIN001-260, BAYER IKKB INHIBITOR",1898
KIN001-266,1899
KIN001-270,1900
KN-62,1901
KN93,1902
KN-93 Phosphate,1902
KN-93,1902
KN92,1903
KNK437,1904
Ko-143,1905
KO 143,1905
KO-143,1905
KOBE2602,1906
Kobe2602,1906
KPT-185,1907
KPT-214,1908
KPT-251,1909
"KPT-330, (E)-RN",1910
KPT185,1911
"KRAS (G12C) INHIBITOR-12, GTPL8020",1912
KRN-633,1913
KRN 633,1913
perifosine,1914
KRX-0401,1914
Perifosine (KRX-0401),1914
PERIFOSINE,1914
Perifosine,1914
KU 0060648,1915
ku0063794,1916
KU-0063794,1916
ku55933,1917
KU-55933 (ATM Kinase Inhibitor),1917
KU-55933,1917
KU-57788,1918
NU7441,1918
NU-7441,1918
KU-60019,1919
KU57788,1920
KW2449,1921
KW-2449,1921
KX2-391,1922
KY02111,1923
Kaempferol,1924
Kanamycin sulfate,1925
Kartogenin,1926
Kemantane( Idramantone),1927
Kenpaullone,1928
KenPaullone ,1928
Ketanserin,1929
Ketoconazole,1930
Ketoprofen,1931
Ketotifen fumarate,1932
Ketotifen,1932
Khellin,1933
Kynurenine,1934
L(+)-Ascorbic acid,1935
L-(-)-α-Methyldopa,1936
L-5-Hydroxytryptophan,1937
L-685458,1938
"L-685,458",1938
L-Adrenaline,1939
L-Carnitine hydrochloride,1940
L-Cycloserine,1941
L-Cysteine methyl ester hydrochloride(Acdrile),1942
L-Glutamine,1943
L-Hyoscyamine,1944
L-Menthol,1945
L-Ornithine,1946
L-Thyroxine,1947
L-Tryptophan,1948
L-arginine monohydrochloride,1949
L-α-Phosphatidylcholine,1950
LAPATINIB,1951
Lapatinib ditosylate monohydrate,1951
Lapatinib (GW-572016) Ditosylate,1951
Lapatinib ,1951
Lapatinib,1951
lapatinib,1951
NSC-745750,1951
LB-100,1952
Panobinostat (LBH589),1953
Panobinostat,1953
panobinostat,1953
LBH-589,1953
PANOBINOSTAT,1953
LBW242,1954
LCL-161,1955
NVP-LCL161,1955
LCL161,1955
LCTA 2290,1956
LCTA 2305,1957
LCZ696,1958
LDC000067,1959
"LDE-225, diphosphonate salt",1960
LDHA Cmp 33,1961
LDN-214117,1962
LE 135,1963
LE-135,1963
LEE011,1964
Ribociclib,1964
RIBOCICLIB,1964
Leflunomide,1965
LEFLUNOMIDE,1965
LENALIDOMIDE,1966
lenalidomide,1966
NSC-747972,1966
Lenalidomide,1966
Lenalidomide (CC-5013),1966
Lenalidomide  ,1966
Lenvatinib (E7080),1967
Lenvatinib,1967
lenvatinib,1967
LENVATINIB,1967
LEQ-506,1968
LETROZOLE,1969
Letrozole,1969
NSC-719345,1969
Letrozole  ,1969
lfm-a13,1970
LFM-A13,1970
LGK-974,1971
LGK974,1971
LIMK1 INHIBITOR BMS4,1972
LIMK1i BMS4,1973
LJH685,1974
LJI308,1975
Quercetin dihydrate,1976
LNS-5662,1976
Quercetin,1976
LOFEPRAMINE,1977
Lomeguatrib,1978
LOMEGUATRIB,1978
lomeguatrib,1978
NSC-79037,1979
LOMUSTINE,1979
Lomustine,1979
Lomustine ,1979
LOR-253,1980
Lovastatin,1981
lovastatin,1981
LOVASTATIN,1981
LRRK2-IN-1,1982
LSD1-C76,1983
LXR623,1984
LY-2183240,1985
LY 2183240,1985
LY294002,1986
LY 294002,1986
LY-294002,1986
LY 333531,1987
Ruboxistaurin,1987
LY-333531,1987
LY2090314,1988
LY-2090314,1988
LY2109761,1989
LY-2109761,1989
Ralimetinib (LY2228820),1990
LY-2228820,1990
LY2228820,1990
Ralimetinib,1990
Litronesib,1991
LY-2523355,1991
LY2584702 tosylate,1992
LY-2584702,1992
Rabusertib,1993
LY2603618,1993
LY-2603618,1993
Prexasertib,1994
LY-2606368,1994
LY-2801653,1995
Merestinib,1995
LY-2874455,1996
Taladegib (LY2940680),1997
LY-2940680,1997
Taladegib,1997
SEMAGACESTAT,1998
Semagacestat (LY450139),1998
LY-450139�,1998
Semagacestat,1998
semagacestat,1998
LY2510924,1999
LY2608204,2000
LY2811376,2001
LY3009120,2002
LY3023414,2003
LY3039478,2004
LY344864,2005
LY411575,2006
Labetalol hydrochloride,2007
Lacidipine,2008
Lacosamide,2009
Lactitol monohydrate,2010
Lactulose,2011
Laetrile,2012
Lafutidine,2013
Lamivudine,2014
Lamotrigine,2015
Lanolin,2016
Lansoprazole,2017
Lappaconitine,2018
Larotrectinib sulfate,2019
Larotrectinib,2019
Lasofoxifene,2020
Latanoprost,2021
Lauroseptol,2022
Leptomycin B,2023
leptomycin B,2023
Lercanidipine,2024
Leucobasal,2025
Levamisole,2026
Levamisole hydrochloride,2026
Levamlodipine,2027
Levetiracetam,2028
Levobupivacaine,2029
Levocetirizine,2030
Levodopa,2031
Levodropropizine,2032
Levofloxacin hydrochloride,2033
Levomilnacipran,2034
Levonorgestrel,2035
Levosimendan,2036
Levosulpiride,2037
Lidocaine hydrochloride,2038
Xylocaine,2038
Lidoflazine,2039
Ligustrazine hydrochloride,2040
Limonin,2041
Linagliptin,2042
Lincomycin hydrochloride,2043
Lincomycin hydrochloride monohydrate,2043
Lindane,2044
Linezolid,2045
Lyothyronine,2046
Liothyronine sodium,2046
Liranaftate,2047
Lisinopril dihydrate,2048
Lithium citrate tribasic tetrahydrate,2049
Lithocholic acid,2050
Lobeline hydrochloride,2051
Loganin,2052
Lomefloxacin,2053
Lomefloxacin hydrochloride,2053
Lomerizine hydrochloride,2054
Lomerizine 2HCl,2054
Lomitapide Mesylate,2055
Lonafarnib,2056
Lonidamine,2057
Loperamide hydrochloride,2058
Lopinavir,2059
Loratadine,2060
Lorcaserin,2061
PF06463922,2062
Lorlatinib,2062
PF-06463922,2062
Lornoxicam,2063
Losartan potassium,2064
Losartan,2064
Losmapimod (GW856553X),2065
Losmapimod,2065
Loteprednol etabonate,2066
Loxapine succinate salt,2067
Loxoprofen,2068
Lucitanib,2069
Luliconazole,2070
Lumacaftor(VX 809),2071
Lumefantrine,2072
Luminespid,2073
Lupeol,2074
Lupetidin,2075
Lurasidone hydrochloride,2076
Luteolin,2077
Lycorine HCl,2078
Lynestrenol,2079
Lysozyme,2080
M15,2081
MANUMYCIN A,2082
manumycin A,2082
marinopyrrole A,2083
MARITOCLAX,2083
MBX2982,2084
MDIVI 1,2085
Mdivi-1,2085
MECHLORETHAMINE HYDROCHLORIDE,2086
Nitrogen mustard,2086
Mechlorethamine ,2086
Mechlorethamine hydrochloride,2086
Mechlorethamine,2086
NSC-762,2086
NSC-71423,2087
Megestrol acetate,2087
MEGESTROL ACETATE,2087
MEGLUTOL,2088
MEK1/2 Inhibitor,2089
NSC-8806,2090
MELPHALAN HYDROCHLORIDE,2090
Melphalan,2090
Melphalan ,2090
"METAP2 INHIBITOR, A832234",2091
METFORMIN,2092
metformin,2092
Metformin hydrochloride,2092
Metformin,2092
NSC-740,2093
Methotrexate  ,2093
Methotrexate,2093
methotrexate,2093
METHOTREXATE,2093
MGCD0103,2094
Mocetinostat,2094
MG-0103,2094
Mocetinostat (MGCD0103),2094
MG-132,2095
MGCD-265,2096
MI-1,2097
MI-2,2098
MI-2 (Menin-MLL Inhibitor),2098
MI-219,2099
MI-773,2100
MIDOSTAURIN,2101
PKC412,2101
midostaurin/pkc412,2101
Midostaurin,2101
Midostaurin ,2101
MIM1,2102
"MIM1, MIM 1, MIM-1",2103
MIRA-1,2104
NSC19630,2104
mirin,2105
MIRIN,2105
Mirin,2105
mitomycin,2106
Mitomycin C,2106
MITOMYCIN,2106
Mitomycin ,2106
MITOMYCIN-C,2106
NSC-26980,2106
mitomycine,2106
Mitotan,2107
MITOTANE,2107
Mitotane,2107
NSC-38721,2107
Mitoxantrone,2108
Mitoxantrone 2HCl,2108
Mitoxantrone hydrochloride,2108
MITOXANTRONE,2108
Mitoxantrone dihydrochloride,2108
NSC-279836,2108
MJO5,2109
MK0752,2110
MK-0752,2110
Odanacatib (MK-0822),2111
MK-0822,2111
MK-2206,2112
MK-2206 dihydrochloride,2112
MK-2206 2HCl,2112
mk-2206,2112
MK2206,2112
mk2206,2112
MK-2206 2HCL,2112
MK-2461,2113
MK-2866 (GTx-024),2114
MK-4305 (Suvorexant),2115
NIRAPARIB,2116
Niraparib,2116
mk-4827,2116
MK-4827,2116
MK-5108,2117
mk-5108,2117
MK-5108 (VX-689),2117
MK-591,2118
MK-8033 ,2119
MK-8033,2119
MK-8245,2120
mk-8669,2121
MK-8669 ,2121
Ridaforolimus,2121
MK-8745,2122
SCH900776,2123
MK-8776/ SCH900776,2123
"MK-8776, SCH900776",2123
MK-8776,2123
MK-8776 (SCH 900776),2123
mk-8776,2123
SCH-900776 ,2123
MK3102,2124
MK3697,2125
MK5046,2126
ML 210,2127
ML210,2127
ML-7-HCl,2128
ML006,2129
ML030,2130
ML031,2131
ML050,2132
ML083,2133
ML162,2134
ML214,2135
ML239,2136
ML258,2137
ML311,2138
ML312,2139
ML320,2140
ML323,2141
"ML323, GTPL7898, AOB2313,",2142
ML334 diastereomer,2143
ML390,2144
MLN 2480,2145
Tovorafenib,2145
MLN-2480,2145
MLN2480,2145
MLN-0905,2146
MLN-120B,2147
MLN120B,2147
Pevonedistat,2148
PEVONEDISTAT,2148
MLN4924,2148
MLN-4924,2148
pevonedistat,2148
Tandutinib (MLN518),2149
MLN-518,2149
tandutinib,2149
TANDUTINIB,2149
Tandutinib,2149
MLN-576,2150
MLN-8054,2151
MLN8054,2151
MLN-9708,2152
MLN9708,2152
MN-64,2153
MP-0922,2154
MPC-3100,2155
MPEP hydrochloride,2156
MPI-0479605,2157
MPS-1-IN-1,2158
MS002,2159
MS009,2160
MS010,2161
MSDC-0160,2162
"TELOMERASE INHIBITOR IX, MST-312, MST 312, MST312",2163
MST-312,2163
MYRICETIN,2164
myricetin,2164
myriocin,2165
MYRIOCIN,2165
Macitentan,2166
Mafenide hydrochloride,2167
Magnolol,2168
Malathion,2169
Malotilate,2170
Maltose,2171
Manidipine,2172
Manidipine dihydrochloride,2172
Maprotiline hydrochloride,2173
Maraviroc,2174
Marbofloxacin,2175
Maribavir,2176
Marimastat,2177
Mebendazole,2178
Mebeverine hydrochloride,2179
Mebhydrolin napadisylate,2180
Mecamylamine hydrochloride ,2181
Mecarbinate,2182
Meclizine dihydrochloride,2183
Meclozine dihydrochloride,2183
Meclocycline sulfosalicylate salt,2184
Meclofenamate,2185
Meclofenamate Sodium,2185
Meclofenoxate hydrochloride,2186
Medrysone,2187
Mefenamic acid,2188
Mefloquine,2189
Mefloquine hydrochloride,2190
Megestrol,2191
Meglumine,2192
Melatonine,2193
Meloxicam,2194
Memantine hydrochloride,2195
Menadiol Diacetate,2196
Menadione,2197
Menatetrenone,2198
Mepacrine aq,2199
Mepenzolate Bromide,2200
Mephenesin,2201
Mepiroxol,2202
Mepivacaine hydrochloride,2203
Meptazinol hydrochloride,2204
Merbromin,2205
Merck60,2206
Meropenem,2207
Mertansine,2208
Mesalamine,2209
Mesna,2210
Mesoridazine Besylate,2211
Mesterolone,2212
Mestinon,2213
Metadoxine,2214
Metamizole magnesium,2215
Metaraminol bitartrate,2216
Metaxalone,2217
Metergoline,2218
Methacholine Chloride,2219
Methacycline hydrochloride,2220
Methazolamide,2221
Methimazole,2222
Methiothepin maleate,2223
Methocarbamol,2224
Methoxamine hydrochloride,2225
Methscopolamine,2226
Methyl hesperidin,2227
Methylcobalamin,2228
Methylene Blue trihydrate,2229
Methylprednisolone,2230
Methylprodnisolone Sodium Succinate,2231
Methylthiouracil,2232
Meticrane,2233
Metixene hydrochloride,2234
Metoclopramide hydrochloride,2235
Metolazone,2236
Metoprolol Succinate (ToprolX),2237
Metoprolol,2237
Metoprolol tartrate,2238
Metronidazole,2239
Metyrapone,2240
Mevastatin,2241
Mexenone,2242
Mexiletine hydrochloride,2243
Mianserin hydrochloride,2244
Mibefradil,2245
Miconazole nitrate,2246
Miconazole,2246
Midostaurin hydrate,2247
Mifepristone,2248
Miglitol,2249
Milbemycin oxime,2250
Milciclib,2251
Milciclib (PHA-848125),2251
Mildronate,2252
Milnacipran hydrochloride,2253
Milrinone,2254
Miltefosine,2255
Minaprine dihydrochloride,2256
Minocycline hydrochloride,2257
Minoxidil,2258
Mirabegron,2259
PD-0325901,2260
pd325901,2260
Mirdametinib,2260
PD 0325901,2260
PD0325901,2260
Mirtazapine,2261
Mitiglinide calcium,2262
Mivebresib,2263
Mizoribine,2264
Moclobemide,2265
Modafinil,2266
Modaline sulfate,2267
Moguisteine,2268
Molindone hydrochloride,2269
Molsidomine,2270
Mometasone furoate,2271
Monensin,2272
Monensin sodium salt,2273
Monobenzone,2274
Monocrotaline,2275
Montelukast sodium,2276
Montelukast,2276
Morantel tartrate,2277
Moroxydine hydrochloride,2278
Mosapride Citrate,2279
Motolimod,2280
Moxidectin,2281
Moxifloxacin hydrochloride,2282
Moxisylyte hydrochloride,2283
Moxonidine,2284
Mubritinib (TAK 165),2285
Mubritinib,2285
Mupirocin,2286
Myclobutanil,2287
Mycophenolate Mofetil,2288
Mycophenolate mofetil,2288
Mycophenolic acid,2289
N-Acetylneuraminic acid,2290
N-Sulfo-glucosamine sodium salt,2291
N9-ISOPROPYLOLOMOUCINE,2292
N9-isopropylolomoucine,2292
narciclasine,2293
NARCICLASINE,2293
NECROSTATIN-1,2294
necrostatin-1,2294
NECROSTATIN­7,2295
necrostatin-7,2295
NECROSTATIN-7,2295
necrosulfonamide,2296
NECROSULFONAMIDE,2296
nelarabine,2297
Nelarabine ,2297
NSC-686673,2297
Nelarabine,2297
NELARABINE,2297
Nelfinavir Mesylate,2298
NELFINAVIR MESYLATE,2298
Neratinib,2299
neratinib,2299
Neratinib (HKI-272),2299
NERATINIB,2299
NG-25,2300
NICLOSAMIDE,2301
Niclosamide,2301
niclosamide,2301
nilotinib,2302
Nilotinib ,2302
Nilotinib  ,2302
NILOTINIB,2302
Nilotinib (AMN-107),2302
NSC-747599,2302
Nilotinib,2302
NITAZOXANIDE,2303
Nitazoxanide,2303
NLG919,2304
NMS-873,2305
NPC-26,2306
NPK76-II-72-1,2307
NS 1619,2308
NSC23766,2309
NSC23766(HYDROCHLORIDE),2309
NSC 23766,2309
NSC 625987,2310
NSC632839,2311
NSC 632839 HYDROCHLORIDE,2311
NSC 652287,2312
S31-201,2313
S3I-201 (NSC 74859),2313
NSC 74859,2313
NSC 95397,2314
NSC95397,2314
NSC-122819,2315
teniposide,2315
TENIPOSIDE,2315
Teniposide,2315
NSC-125973,2316
paclitaxel,2316
Paclitaxel,2316
PACLITAXEL,2316
Paclitaxel  ,2316
Tamoxifen citrate,2317
NSC-180973,2317
TAMOXIFEN CITRATE,2317
"NSC-207895, XI-006",2318
NSC-218321,2319
Pentostatin,2319
PENTOSTATIN,2319
RAPAMYCIN,2320
SIROLIMUS,2320
sirolimus,2320
NSC-226080,2320
Sirolimus,2320
Rapamycin,2320
rapamycin,2320
Plicamycin,2321
NSC-24559,2321
PLICAMYCIN,2321
VALRUBICIN,2322
NSC-246131,2322
Valrubicin,2322
NSC-25154,2323
PIPOBROMAN,2323
Pipobroman,2323
oxaliplatin,2324
Oxaliplatin  ,2324
NSC-266046,2324
OXALIPLATIN,2324
Oxaliplatin,2324
NSC-319726,2325
Uracil mustard,2326
NSC-34462,2326
URACIL MUSTARD,2326
Uramustine,2326
Temozolomide,2327
NSC-362856,2327
TEMOZOLOMIDE,2327
TMZ,2327
temozolomide,2327
Temozolomide  ,2327
NSC-49842,2328
Vinblastin,2328
vinblastine,2328
Vinblastine,2328
Vinblastine Sulfate  ,2328
Vinblastine sulfate,2328
VINBLASTINE SULFATE,2328
VINBLASTINE,2328
Vinblastine   ,2328
Vinblastine Sulfate,2328
NSC-606869,2329
NSC-608210,2330
vinorelbine,2330
Vinorelbine ,2330
VINORELBINE,2330
Vinorelbine ditartrate,2330
Vinorelbine,2330
Vinorelbine tartrate,2330
VINORELBINE TARTRATE,2330
Topotecan,2331
topotecan,2331
Topotecan hydrochloride,2331
TOPOTECAN,2331
Topotecan HCl,2331
NSC-609699,2331
Topotecan ,2331
TOPOTECAN HYDROCHLORIDE,2331
Triethylenethiophosphoramide,2332
THIOTEPA,2332
Thiotepa,2332
NSC-6396,2332
Thio-TEPA,2332
ThioTEPA,2332
Thalidomide  ,2333
Thalidomide,2333
thalidomide,2333
THALIDOMIDE,2333
NSC-66847,2333
Vincristine Sulfate,2334
Vincristine,2334
Vincristine   ,2334
VINCRISTINE SULFATE,2334
Vincristine sulfate,2334
NSC-67574,2334
vincristine,2334
VINCRISTINE,2334
pemetrexed,2335
Pemetrexed Disodium Hydrate,2335
Pemetrexed,2335
NSC-698037,2335
PEMETREXED,2335
"Pemetrexed,",2335
Pemetrexed disodium,2335
Vorinostat ,2336
NSC-701852,2336
Vorinostat,2336
zolinza,2336
vorinostat,2336
vorinostat/saha,2336
VORINOSTAT,2336
Vorinostat  ,2336
"Vorinostat (SAHA, MK0683)",2336
NSC-712807,2337
ZOLEDRONIC ACID,2338
Zoledronic Acid,2338
Zoledronic acid,2338
Zoledronic acid monohydrate,2338
"ZOLEDRONATE, ZOLEDRONIC ACID, ZOMETA, RECLAST",2338
NSC-721517,2338
NSC-733504,2339
Sorafenib tosylate,2340
NSC-747971,2340
Sorafenib ,2340
sorafenib,2340
Sorafenib Tosylate,2340
Sorafenib,2340
SORAFENIB,2340
NSC-747974,2341
Raloxifene,2341
RALOXIFENE,2341
Raloxifene hydrochloride,2341
Sunitinib Malate,2342
Sunitinib Malate  ,2342
NSC-750690,2342
Sunitinib malate,2342
Sunitinib,2342
Sunitinib ,2342
sunitinib,2342
SUNITINIB,2342
NSC-753082,2343
NSC-754230,2344
PRALATREXATE,2344
Pralatrexate ,2344
Pralatrexate  ,2344
Pralatrexate,2344
VANDETANIB,2345
vandetanib,2345
Vandetanib ,2345
Vandetanib (ZD6474),2345
NSC-760766,2345
Vandetanib,2345
ZD-6474,2345
Vemurafenib  ,2346
Vemurafenib,2346
PLX-4032,2346
Vemurafenib (PLX-4032),2346
Vemurafenib ,2346
vemurafenib,2346
VEMURAFENIB,2346
NSC-761431,2346
"Vemurafenib (PLX4032, RG7204)",2346
Procarbazine hydrochloride,2347
procarbazine,2347
NSC-77213,2347
Procarbazine ,2347
Procarbazine,2347
PROCARBAZINE HCL,2347
PROCARBAZINE HYDROCHLORIDE,2347
STREPTOZOCIN,2348
NSC-85998,2348
Streptozocin,2348
NSC-87877,2349
TRIETHYLENEMELAMINE,2350
NSC-9706,2350
Triethylenemelamine,2350
NSC30930,2351
NSC319726,2352
NSC348884,2353
NSC48300,2354
NSI-189,2355
NU 1025,2356
NU-6027,2357
NU6027,2357
NVP 231,2358
NVP-231,2358
NVP LAQ824,2359
TAE-684,2360
nvp-tae684,2360
NVP-TAE684,2360
TAE684,2360
NVP TAE684,2360
NVP-BEP800,2361
NVP-BHG712,2362
NVP-BSK805 2HCl,2363
NVP-BSK805,2363
NVP-BVU972,2364
NVP-CGM097,2365
NVP-LGK974,2366
RAF265,2367
RAF265 (CHIR-265),2367
RAF-265,2367
NVP-RAF265,2367
chir265,2367
NVP-SHP099,2368
NXY-059,2369
Nabumetone,2370
Nadifloxacin,2371
Nadolol,2372
Nafamostat mesylate,2373
Naftifine hydrochloride,2374
Naftopidil,2375
Nalfurafine hydrochloride,2376
Nalidixic acid sodium salt,2377
Nalidixic acid,2377
Nalmefene hydrochloride,2378
Naloxone hydrochloride,2379
Naltrexone hydrochloride,2380
Nandrolone,2381
Nandrolone decanoate,2382
Napabucasin,2383
Naphazoline hydrochloride,2384
Naproxen sodium,2385
Naproxen,2385
Naringenin,2386
Naringin,2387
Naringin dihydrochalcone,2388
Nateglinide,2389
Nebivolol hydrochloride,2390
Necrostatin 2,2391
Nedaplatin,2392
Nefazodone hydrochloride,2393
Nefiracetam,2394
VX 745,2395
Neflamapimod,2395
VX-745,2395
Nefopam hydrochloride,2396
Neomycin Sulphate B ,2397
Neomycin sulfate,2398
Nepafenac,2399
Neratinib(HKI-272),2400
Netilmicin sulfate,2401
Nevirapine,2402
Nialamide,2403
Nicarbazin,2404
Nicardipine hydrochloride,2405
Nicorandil,2406
Nicotinamide,2407
Nicotine,2408
Nicotinic acid,2409
Nifedipine,2410
Nifekalant hydrochloride,2411
Nifenazone,2412
Niflumic acid,2413
Nifuratel,2414
Nifuroxazide,2415
Nigericin,2416
Niguldipine,2417
nilutamide,2418
Nilutamide,2418
Nilvadipine,2419
Nimesulide,2420
Nimodipine,2421
Nimorazole,2422
Nisoldipine,2423
Nitarsone,2424
Nithiamide,2425
Nitisinone,2426
Nitrendipine,2427
Nitrofurantoin,2428
Nitroxoline,2429
Nizatidine,2430
Nocodazole,2431
Noctone,2432
Nonivamide,2433
Nonoxynol,2434
Noradrenaline bitartrate,2435
Noradrenaline bitartrate monohydrate,2436
Norethindrone,2437
Norethynodrel,2438
Norfloxacin,2439
Norgestrel,2440
Nortriptyline hydrochloride,2441
Noscapine hydrochloride,2442
Notoginsenoside R1,2443
Nutlin,2444
Nutlin3a,2445
Nylidrin hydrochloride,2446
Nystatin (Fungicidin),2447
O-6-benzylguanine,2448
O6-BG,2448
O-Acetyl-L-carnitine hydrochloride,2449
obatoclax,2450
Obatoclax Mesylate,2450
OBATOCLAX,2450
Obatoclax,2450
Obatoclax mesylate,2450
OC000459,2451
ODM-201,2452
OF-1,2453
oligomycin A,2454
OLIGOMYCIN A,2454
ON-01910Na,2455
Rigosertib (ON-01910),2455
RIGOSERTIB,2455
rigosertib,2455
Rigosertib sodium,2455
Rigosertib,2455
ONC201,2456
TIC10,2456
ONO-4059,2457
Tirabrutinib,2457
ONX-0801,2458
Pacritinib (SB1518),2459
ONX-0803,2459
Pacritinib,2459
Oprozomib,2460
ONX-0912  ,2460
Oprozomib (ONX 0912),2460
ONX-0914,2461
OSI 930,2462
OSI-930,2462
OSI-930 ,2462
OSI-027,2463
OSI-420,2464
OSU-03013,2465
OSW-1,2466
OT-674,2467
OTS-964,2468
OTS167,2469
OTSSP167,2469
OUABAIN,2470
Ouabain octahydrate,2470
Ouabain,2470
ouabain,2470
Obatoclax Mesylate (GX15-070),2471
Obeticholic Acid,2472
Ochromycinone,2473
Oclacitinib,2474
Octenidine,2475
Octisalate,2476
Octocrilene,2477
Octopamine hydrochloride,2478
Octreotide acetate,2479
Octreotide Acetate,2479
Ofloxacin,2480
Olanzapine,2481
Oleanolic Acid,2482
Oligomycin,2483
Olmesartan,2484
Olmutinib,2485
"Olmutinib (HM61713, BI 1482694)",2485
Olopatadine hydrochloride,2486
Olsalazine disodium,2487
Oltipraz,2488
Olutasidenib,2489
Omacetaxine,2490
Omacetaxine ,2490
Omacetaxine mepasuccinate,2491
Omaveloxolone,2492
Omecamtiv mecarbil (CK-1827452),2493
Omeprazole,2494
Omeprazole sulfide,2495
Ondansetron hydrochloride,2496
Onvansertib,2497
Opipramol dihydrochloride,2498
Orantinib,2499
SU-6668,2499
"TSU-68 (SU6668, Orantinib)",2499
Orbifloxacin,2500
Orciprenaline sulfate,2501
Orlistat,2502
Ornidazole,2503
Orotic acid,2504
Orphenadrine hydrochloride,2505
Orteronel,2506
TAK-700,2506
Osalmid,2507
Oseltamivir phosphate,2508
Ospemifene,2509
Osthole,2510
Otenabant (CP-945598) hydrochloride,2511
Otilonium bromide,2512
Oxacillin sodium,2513
Oxandrolone,2514
Oxantel Pamoate,2515
Oxaprozin,2516
Oxcarbazepine,2517
Oxeladin citrate,2518
Oxethazaine,2519
Oxfendazole,2520
Oxibendazole,2521
Oxiconazole nitrate,2522
Oxiniacic Acid,2523
Oxiracetam,2524
Oxolamine citrate,2525
Oxolinic acid,2526
Oxonic Acid,2527
Oxybenzone,2528
Oxybuprocaine hydrochloride,2529
Oxybutynin hydrochloride,2530
Oxybutynin,2530
Oxymetazoline hydrochloride,2531
Oxytetracycline (Terramycin),2532
Ozagrel,2533
Ozagrel hydrochloride,2533
P-0850,2534
P22077,2535
P276-00,2536
PAC1,2537
PAC-1,2537
PAC 1,2537
PD-0332991,2538
palbociclib,2538
PD 0332991,2538
PALBOCICLIB,2538
Palbociclib (PD0332991) Isethionate,2538
Palbociclib (PD-0332991) hydrochloride,2538
Palbociclib,2538
palmostatin B,2539
PALMOSTATIN B,2539
PAMBA,2540
PARBENDAZOLE,2541
parbendazole,2541
parthenolide,2542
PARTHENOLIDE,2542
Parthenolide,2542
PCI-0120,2543
PD 153035,2544
PD153035,2544
PD 166793,2545
PD 169316,2546
PD 180970,2547
PD-98059,2548
PD98059,2548
PD 98059,2548
PD-173074,2549
pd173074,2549
PD173074,2549
PD123319,2550
PD168393,2551
PD173955,2552
PD318088,2553
PDGFR tyrosine kinase inhibitor IV,2554
PDMP,2555
PELITINIB,2556
Pelitinib,2556
Pelitinib (EKB-569),2556
PF 184,2557
PF-184,2557
PF 431396,2558
PF-431396,2558
PF-477736,2559
PF-00477736,2559
PF477736,2559
PF 477736,2559
PF-4800567,2560
PF-4800567 hydrochloride,2560
PF4800567,2560
PF 4800567 HYDROCHLORIDE,2560
PF-573228,2561
PF 573228,2561
PF-750,2562
PF 750,2562
pf562271,2563
PF-00562271,2563
PF-562271,2563
PF-03084014 diastereomer 1,2564
PF-03084014 diastereomer 2,2565
PF-03758309,2566
PF-3758309,2566
PF-03814735,2567
pf04217903,2568
PF-04217903,2568
PF-04691502,2569
PF-04708671,2570
PF-4708671,2570
PF-04929113,2571
PF-0528767,2572
PF-2545920,2573
PF-3845,2574
PF-4176340,2575
PF-4942847,2576
PF-5274857,2577
"SPHINGOSINE KINASE 1 INHIBITOR II, PF-543",2578
PF-543,2578
PF-670462,2579
PF670462,2579
PF06650833,2580
PFI-1,2581
PFI-3,2582
PFK-158,2583
PFK15,2584
PG66.33,2585
PH797804,2586
PH-797804,2586
PHA 408,2587
PHA-665752,2588
PHA-680632,2589
PHA-767491,2590
PHA-793887,2591
Phenformin,2592
PHENFORMIN,2592
Phenformin hydrochloride,2592
Phenformin HCl,2592
phloretin,2593
PHLORETIN,2593
PHT-427,2594
PI 103 HYDROCHLORIDE,2595
PI-103,2595
"PICOLINICI-ACID, PICOLINATE",2596
pifithrin-mu,2597
PIFITHRIN-MU,2597
pifithrin-alpha,2598
PIFITHRIN­±,2598
PIK 75,2599
PIK-75,2599
PIK 90,2600
PIK-293,2601
PIK-294,2602
PIK-93,2603
Pilaralisib (XL147),2604
XL-147,2604
Pilaralisib,2604
"PILARALISIB, XL-147",2604
PIM-447,2605
piperlongumine,2606
PIPERLONGUMINE,2606
pitstop2,2607
PITSTOP2,2607
PK-11195,2608
PKI-402,2609
PKM2 Activator 9,2610
PL-DI,2611
Plerixafor ,2612
PLERIXAFOR,2612
Plerixafor,2612
pluripotin,2613
PLURIPOTIN,2613
PLX-3397,2614
Pexidartinib,2614
PLX3397,2614
plx4720,2615
PLX4720,2615
PLX-4720,2615
PLX4032,2616
PLX7904,2617
PNU 282987,2618
PNU-74654,2619
PODOPHYLLOTOXIN,2620
Ponatinib ,2621
Ponatinib (AP24534),2621
Ponatinib,2621
PONATINIB,2621
Torkinib,2622
PP-242,2622
PP242,2622
PP-30,2623
PP1,2624
PP121,2625
PP2,2626
PQ 401,2627
PRI-724,2628
PRIMA-1,2629
PRIMA-1-Met,2630
PRL-3 inhibitor I,2631
PRL-3 INHIBITOR I,2631
PRL­3 INHIBITOR,2631
PRL-3 Inhibitor I,2631
PRM-123,2632
Prochlorperazine Maleate,2633
Prochlorperazine dimaleate,2633
prochlorperazine,2633
PROCHLORPERAZINE DIMALEATE,2633
PRT062607,2634
"PRT062607 (P505-15, BIIB057) hydrochloride",2634
"PRT062607 (P505-15, BIIB057) HCl",2635
PS-1145,2636
PS74.26,2637
PSI6206,2638
PT2385,2639
PTC-209,2640
purmorphamine,2641
PURMORPHAMINE,2641
PX 12,2642
PX-12,2642
PX866,2643
Sonolisib,2643
PX-866,2643
PX478 dihydrochloride,2644
PYR 41,2645
PYR-41,2646
PYRIDOSTATIN,2647
PYRIMETHAMINE,2648
Pyrimethamine,2648
Paeoniflorin,2649
Paeonol,2650
Paliperidone,2651
Palomid 529,2652
Palomid 529  (P529),2652
Palomid-529,2652
Palomid 529 (P529),2652
Palonosetron hydrochloride,2653
Pamidronate disodium salt,2654
Pancreatin,2655
Panthenol,2656
Pantoprazole Sodium Hydrate,2657
Papaverine hydrochloride,2658
Pardoprunox,2659
Parecoxib ,2660
Pargyline hydrochloride,2661
Pargyline,2661
Paromomycin Sulfate,2662
Paroxetine,2663
Paroxetine hydrochloride,2663
Pasiniazid,2664
Pasireotide (SOM230) ditrifluoroacetate,2665
Patchouli alcohol,2666
Pazufloxacin Mesylate,2667
Peficitinb,2668
Pefloxacin Mesylate Dihydrate,2669
Pefloxacin Mesylate,2669
Pelitrexol isomer A,2670
Pelitrexol isomer B,2671
Pemetrexed acid,2672
Pemetrexed aq,2673
Pemetrexed disodium salt,2674
Pemirolast potassium,2675
Pempidine,2676
Penciclovir,2677
penfluridol,2678
Penfluridol,2678
Penicillin G sodium salt,2679
Penicillin V potassium salt,2680
Penitrem A,2681
Pentamidine isethionate,2682
Pentetrazol,2683
Pentoxifylline,2684
Peptide [CRGDKGPDC - cys & cys bridge,2685
Peramivir Trihydrate,2686
Perhexiline maleate,2687
Perillyl alcohol,2688
Perindopril erbumine,2689
Permethrin,2690
Perphenazine,2691
Phenacetin,2692
Phenazopyridine hydrochloride,2693
Phenethyl alcohol,2694
Pheniramine maleate,2695
Phenolphthalein,2696
Phenothiazine,2697
Phenoxybenzamine hydrochloride,2698
Phentolamine mesilate,2699
Phenylbutazone,2700
Phenylephrine hydrochloride,2701
Phenylindione,2702
Phenytoin sodium,2703
Phenytoin,2703
Phlorizin,2704
Phosphoramide mustard,2705
Phthalylsulfacetamide,2706
Phthalylsulfathiazole,2707
Vitamin K1,2708
Phylloquinone,2708
Physostigmine Salicylate,2709
Piboserod(SB-207266),2710
Piceatannol,2711
Piceid,2712
Picropodophyllin (PPP),2713
Pidotimod,2714
Pifithrin_alpha,2715
Pikamilone,2716
Pimaricin,2717
Pimavanserin,2718
Pimecrolimus,2719
Pimobendan,2720
Pimozide,2721
Pindolol,2722
Pinocembrin,2723
Pioglitazone hydrochloride,2724
Pioglitazone,2724
pioglitazone,2724
Pipamperone,2725
Pipemidic acid,2726
Piperacetazine,2727
Piperacillin sodium salt,2728
Piperine,2729
Piperonyl butoxide,2730
Piracetam,2731
Pirarubicin hydrochloride,2732
Pirenzepine dihydrochloride,2733
Pirfenidone,2734
Piribedil,2735
Pirodavir,2736
Piroxicam,2737
Pitavastatin Ca,2738
Pitavastatin calcium,2738
Pixantrone,2739
Pixantrone dimaleate,2739
Pizotifen Malate,2740
Pizotifen,2740
Platin,2741
Plerixafor aq,2742
Plinabulin (NPI-2358),2743
Polymyxin B sulfate,2744
Pomalidomide,2745
Ponalrestat,2746
Ponesimod,2747
Posaconazole,2748
Potassium antimonyl tartrate sesquihydrate,2749
Potassium canrenoate,2750
Potassium guaiacolsulfonate,2751
Sulfogaiacol,2751
Potassium iodide,2752
Povidone-iodine (PVP-I),2753
Poziotinib,2754
Poziotinib (HM781-36B),2754
SB-939,2755
Pracinostat (SB939),2755
Pracinostat,2755
Pramipexole,2756
Pramiracetam,2757
Pramoxine hydrochloride,2758
Pranlukast,2759
Pranoprofen,2760
Prasugrel,2761
Pravastatin,2762
Pravastatin sodium,2762
Pravastatin aq,2763
Praziquantel,2764
Prazosin hydrochloride,2765
Prednisolone ,2766
Prednisolone,2766
Prednisolone phosphate sodium,2767
Prednisolone-21-acetate,2768
Prednisone,2769
Pregabalin,2770
Pregnenolone,2771
Prenylamine lactate,2772
Primaquine diphosphate,2773
Primidone,2774
Pritelivir (BAY 57-1293),2775
Proadifen hydrochloride,2776
Proanthocyanidins,2777
Probenecid,2778
Probucol,2779
Procainamide hydrochloride,2780
Procaine,2781
Procaine hydrochloride,2781
Procodazole,2782
Proflavine Hemisulfate,2783
Progesterone,2784
Proglumide,2785
Proguanil hydrochloride,2786
Promazine hydrochloride,2787
Promestriene,2788
Promethazine,2789
Promethazine hydrochloride,2789
Propafenone,2790
Propantheline bromide,2791
Proparacaine hydrochloride,2792
Propidium Iodide,2793
Propitocaine hydrochloride,2794
Propofol,2795
Propoxur,2796
Propranolol hydrochloride,2797
Propylthiouracil,2798
Protionamide,2799
Protocatechuic acid,2800
Protoporphyrin IX,2801
Protoporphyrin,2801
Protriptyline hydrochloride,2802
Prucalopride,2803
Psoralen,2804
Pterostilbene,2805
Puerarin (Kakonein),2806
Purvalanol A,2807
Pyrantel pamoate,2808
Pyrantel tartrate,2809
Pyrazinamide,2810
Pyridoclax,2811
Pyridoxine hydrochloride,2812
Pyridoxine,2812
Pyrilamine maleate,2813
Pyrithioxin,2814
Pyrvinium pamoate,2815
pyrvinium pamoate,2815
QL-VIII-58,2816
QL-X-138,2817
QL-XI-92,2818
QL-XII-47,2819
QL-XII-61,2820
qs11,2821
QS11,2821
QS 11,2821
QS-11,2822
QW-BI-011,2823
Quetiapin,2824
Quetiapine Fumarate,2824
Quinapril hydrochloride,2825
Quinestrol,2826
Quinidine hydrochloride,2827
Quinine,2828
R-(+)-Lansoprazole,2829
tipifarnib,2830
Tipifarnib,2830
TIPIFARNIB,2830
Tipifarnib ,2830
R-115777,2830
R-1530,2831
R406 (free base),2832
tamatinib/r406,2832
R-406,2832
Tamatinib,2832
R406,2832
tamatinib,2832
TAMATINIB (R406),2832
R547,2833
R-547,2833
R112,2834
R59022,2835
RD162,2836
Regorafenib (BAY 73-4506),2837
REGORAFENIB,2837
Regorafenib,2837
regorafenib,2837
Regorafenib ,2837
RG-108,2838
RO4929097,2839
RG-4733,2839
RG-7112,2840
RG-7167,2841
RG-7603,2842
RG5.5,2843
RGB-286638 free base,2844
RGFP966,2845
RI-1,2846
RITA,2847
RKI-1447,2848
RN486,2849
Ro-3306,2850
RO-3306,2850
RO5126766,2851
RO-5126766,2851
Rofecoxib,2852
ROFECOXIB,2852
RS4.6,2853
RS6.4,2854
RSL3,2855
RTRAIL,2856
RU-SKI 43,2857
RU-SKI-43,2858
RU58841,2859
RXDX106,2860
Rebeprazole sodium,2861
Rabeprazole Related Compound E,2861
Racecadotril,2862
Ractopamine hydrochloride,2863
Radicicol,2864
Radotinib,2865
Raltegravir (MK-0518),2866
Raltegravir potassium,2866
Raltitrexed,2867
raltitrexed,2867
ZD-1694,2867
Ramatroban,2868
Ramelteon,2869
Ramipril,2870
Ranitidine,2871
Ranolazine,2872
Ranolazine dihydrochloride,2872
Rapamycin (Sirolimus),2873
Rasagiline,2874
Rebamipide,2875
Reboxetine,2876
Remoxipride Hydrochloride,2877
RepSox,2878
Repaglinide,2879
Repligen 136,2880
Resatorvid,2881
Reserpine,2882
Resiquimod,2883
Resminostat,2884
Resorcine,2885
Resveratrol,2886
Retigabine,2887
Retinol palmitate,2888
Retinyl acetate,2889
Revaprazan hydrochloride,2890
Ribavirin,2891
Riboflavin,2892
Ribostamycin sulfate,2893
"Ridaforolimus (Deforolimus, MK-8669)",2894
Rifabutin,2895
Rifampicin,2896
Rifapentine,2897
Rifaximin,2898
Rilpivirine,2899
Riluzole,2900
Rimantadine hydrochloride,2901
Rimcazole,2902
Rimonabant,2903
Rimonabant hydrochloride,2903
Ripasudil,2904
Risedronate Sodium,2905
Risedronic Acid,2905
Risperidal,2906
Ritodrine hydrochloride,2907
Ritonavir,2908
Rivaroxaban,2909
Rivastigmine tartrate,2910
Rizatriptan benzoate,2911
Ro 31-8220 Mesylate,2912
Ro 46-2005,2913
Ro-28-1675,2914
Ro3280,2915
Robatumumab,2916
Robenidine hydrochloride,2917
Rocuronium bromide,2918
Roflumilast,2919
Rolipram,2920
Roniacol,2921
Ronidazole,2922
Ropinirole hydrochloride,2923
Ropivacaine hydrochloride,2924
Rosiglitazone,2925
Rosiglitazone maleate,2925
Rosmarinic acid,2926
Rostafuroxin(PST 2238),2927
Rosuvastatin,2928
Rosuvastatin calcium,2928
Rotenone,2929
rotenone,2929
"Rotundine, TETRAHYDROPALMATINE HYDROCHLORIDE",2930
Roxarsone,2931
Roxatidine Acetate hydrochloride,2932
Roxithromycin,2933
Rufinamide,2934
Rupatadine Fumarate,2935
Rutin,2936
Ruxolitinib (INCB-18424) phosphate,2937
S-49076,2938
S-63845,2939
S-Isocorydine(+),2940
S-Ruxolitinib (INCB018424),2941
S-trityl-L-cysteine,2942
S-TRITYL-L-CYSTEINE,2942
Sabutoclax,2943
"SABUTOCLAX, BI-97C1",2943
SALERMIDE,2944
salermide,2944
SALICOSIDE,2945
SALUBRINAL,2946
Salubrinal,2946
SANT-1,2947
SAR-125844,2948
SAR131675,2949
SAR245409 (XL765),2950
SAR405838,2951
SAVOLITINIB,2952
SB-202190,2953
SB 202190,2953
SB202190,2953
SB202190 (FHPI),2953
SB203580,2954
SB-203580,2954
SB 203580,2954
SB 216763,2955
SB-216763,2955
SB216763,2955
SB 218078,2956
SB 225002,2957
SB-225002,2957
SB-431542,2958
SB 431542,2958
SB-431542 ,2958
SB431542,2958
SB 505124,2959
SB505124,2959
SB-505124,2959
SB 742457,2960
SB 743921,2961
SB-743921,2961
SB743921,2961
SB-1317,2962
SB-1578,2963
SB239063,2964
SB-239063,2964
SB-525334,2965
SB525334,2965
SB590885,2966
SB-590885,2966
SB1317,2967
SB218078,2968
SB415286,2969
SB52334,2970
SC-1,2971
SC-514,2972
SC1,2973
SCH-529074,2974
SCH 529074,2974
SCH 530348,2975
Vorapaxar sulfate,2975
vorapaxar,2975
VORAPAXAR,2975
SCH 79797 DIHYDROCHLORIDE,2976
SCH-79797,2976
SCH-1473759,2977
SCH772984,2978
"SCH772984, CS-1421",2978
SCV-07,2979
SD 169,2980
SD 208,2981
SD-208,2981
SDM25N HCl,2982
SEN-450,2983
SF2523,2984
SGC 0946,2985
SGC0946,2985
SGC-CBP30,2986
SGI-1776,2987
SGI-1776 free base,2987
SGI-7079,2988
SGX-523,2989
SH-4-54,2990
Shikonin,2991
SHIKONIN,2991
SID 2668150,2992
SID 26681509,2993
sildenafil,2994
Sildenafil citrate,2994
SILDENAFIL,2994
Sildenafil,2994
SIMVASTATIN,2995
Simvastatin,2995
simvastatin,2995
SINULARIN,2996
Sitagliptin,2997
sitagliptin,2997
SITAGLIPTIN,2997
SJ 172550,2998
SJ-172550,2999
SKF-96365,3000
SKI II,3001
SKI-II,3001
SL-0101,3002
SL 0101-1,3002
SL-327,3003
SMER-3,3004
SMER 3,3004
pim-1 4a,3005
SMI-4a,3005
sns314,3006
SNS-314,3006
SNS-314 Mesylate,3006
SNS-595; SPC-595,3007
SNX-2112,3008
SNX-2112:bortezomib (250:1 mol/mol),3009
spautin-1,3010
SPAUTIN 1,3010
SR 1001,3011
SR1001,3011
SR 8278,3012
SR8278,3012
SR-13654,3013
SR-II-138A,3014
SR9011,3015
SRT-1720,3016
SRT1720,3016
SSR128129E,3017
ST-3595,3018
STA-21,3019
STF 31,3020
STF-31,3020
STF-62247,3021
STO609,3022
SU 11274,3023
SU11274,3023
su6656,3024
SU6656,3024
SU 6656,3024
SU-11274,3025
SU11652,3026
SU14813,3027
SU9516,3028
SULFISOMIDINE,3029
SULTAMICILLIN TOSYLATE,3030
SYK Inhibitor,3031
SZ4TA2,3032
Saikosaponin A,3033
Salbutamol,3034
Salicylamide,3035
Salicylanilide,3036
Salicylic acid,3037
Sodium salicylate,3037
Salinomycin,3038
Salmeterol,3039
Salvianolic acid B,3040
Sanguinarine chloride,3041
Sarafloxacin hydrochloride,3042
Sasapyrine,3043
Saxagliptin hydrate,3044
Schisandrin,3045
Schisandrin B,3046
Schisandrin B (Sch B),3047
Scoparone,3048
Scopolamine HBr,3049
Scopolamine HBr trihydrate,3050
Scopolamine N-oxide HBr,3051
Scopolamine butylbromide,3052
Scopoletin,3053
Secnidazole,3054
Selamectin,3055
Selenomethionine,3056
Selexipag(NS-304),3057
Selinexor,3058
Selonsertib,3059
Selpercatinib,3060
Semaxanib (SU5416),3061
Semaxanib,3061
Semaxinib(SU 5416),3062
Semicarbazide hydrochloride,3063
Senexin B,3064
Sennoside A,3065
YM-155,3066
YM155 (SEPANTRONIUM BROMIDE),3066
ym155,3066
YM155,3066
Sepantronium bromide,3066
Serabelisib,3067
Seratrodast,3068
Serotonin hydrochloride,3069
Sertindole,3070
Sertraline,3071
Sertraline hydrochloride,3071
Silibinin,3072
Silodosin,3073
Silver sulfadiazine,3074
Sulfadiazine,3074
Silymarin,3075
Simvastin,3076
Sinomenine hydrochloride,3077
Sisomicin Sulfate,3078
Sitravatinib,3079
Skepinone-L,3080
skepinone-L,3080
Sodium Aescinate,3081
Sodium Nitroprusside,3082
Sodium Phenylbutyrate,3083
"Sodium [(2,3-dihydro-1,5-dimethyl-3-oxo-2-phenyl-1H-pyrazol-4-yl)methylamino]methanesulfonate",3084
Sodium butanoate,3085
Sodium cromoglycate,3086
Sodium montmorillonite,3087
Sodium nitrite,3088
Sodium picosulfate monohydrate,3089
Sodium tauroglycocholate,3090
Solifenacin succinate,3091
Solithromycin ,3092
Sophoricoside,3093
Sotalol hydrochloride,3094
Sparfloxacin,3095
Spectinomycin dihydrochloride pentahydrate,3096
Spectinomycin dihydrochloride,3096
Spermine,3097
Spiculisporic Acid,3098
Spiperone,3099
Spiramycin,3100
Stanozolol,3101
Stattic,3102
Stavudine,3103
StemRegenin 1,3104
Stevioside,3105
Streptomycin sulfate,3106
Strontium ranelate,3107
Strychnine,3108
Stugeron,3109
Subasumstat,3110
Succimer,3111
Succinic acid,3112
Succinylsulfathiazole ,3113
Sucralfate,3114
Sulbactam,3115
Sulbentine,3116
Sulfabenzamide,3117
Sulfacetamide sodium,3118
Sulfadimethoxine,3119
Sulfadoxine,3120
Sulfaguanidine,3121
Sulfalen,3122
Sulfamerazine,3123
Sulfameter,3124
Sulfamethazine sodium salt,3125
Sulfamethazine,3125
Sulfamethizole,3126
Sulfamethoxazole,3127
Sulfamethoxypyridazine,3128
Sulfamonomethoxine,3129
Sulfanilamide,3130
Sulfanilylurea,3131
Sulfapyridine,3132
Sulfaquinoxaline,3133
Sulfaquinoxaline sodium,3133
Sulfasalazine,3134
Sulfathiazole,3135
Sulfinpyrazone,3136
Sulfisoxazole,3137
Sulindac,3138
Sulisobenzone,3139
Sulmazole,3140
Suloctidil,3141
Sulphadione,3142
Sulpiride,3143
Sumatriptan succinate,3144
Suplatast tosilate,3145
Suramin Sodium Salt,3146
Swertiamarin,3147
Synephrine,3148
Synergin,3149
T-5345967,3150
T-oligo,3151
t0901317,3152
T0901317,3152
Tacrolimus (FK506),3153
Tacrolimus,3153
tacrolimus,3153
TACROLIMUS,3153
TAE226 (NVP-TAE226),3154
TAE226,3154
TAK Plk inhibitor,3155
TAK-063,3156
TAK-285,3157
TAK-438(Vonoprazan fumarate),3158
TAK-441,3159
TAK-530,3160
TAK632,3161
TAK-632,3161
TAK-715,3162
TAK-733,3163
TAK901,3164
TAK-901,3164
TAK-960,3165
TAK-960 analog,3166
TAK875,3167
TAMOXIFEN,3168
Tamoxifen,3168
tamoxifen,3168
Tamoxifen ,3168
TAS-301,3169
TCS 359,3170
TDZD-8,3171
TED-347,3172
TEMSIROLIMUS,3173
Temsirolimus ,3173
Temsirolimus,3173
temsirolimus,3173
tenovin-6,3174
TENOVIN-6,3174
TEW-7197,3175
TG100-115,3176
TG-100-115,3176
TG003,3177
TG101209,3178
TGR-1202,3179
Umbralisib,3179
TGX221,3180
TGX 221,3180
TGX-221,3180
TGX-115,3181
TH588,3182
THAPSIGARGIN,3183
Thapsigargin,3183
THZ-1-87,3184
THZ-2-102-1,3185
THZ-2-49,3186
THZ1,3187
THZ2,3188
TIC 10,3189
TIC10 Analogue,3189
TIGECYCLINE,3190
tigecycline,3190
Tigecycline,3190
TIPIFARNIB (S ENANTIOMER),3191
TK216,3192
TL-1-85,3193
TL-2-105,3194
TLK-199,3195
TMP269,3196
TOLFENAMIC ACID,3197
Torin 2,3198
TORIN-2,3198
Tosedostat,3199
tosedostat,3199
TOSEDOSTAT,3199
TOZASERTIB,3200
VX-680,3200
tozasertib/vx680,3200
"VX-680 (Tozasertib, MK-0457)",3200
tozasertib,3200
Tozasertib,3200
Tozasertib (VX-680),3200
TPCA-1,3201
TRAM-34,3202
TRICHOSTATIN A,3203
Trichostatin A,3203
TRICHOSTATIN-A,3204
TRICIRIBINE,3205
Triciribine,3205
trifluoperazine,3206
Trifluoperazine dihydrochloride,3206
TRIFLUOPERAZINE,3206
triptolide,3207
Triptolide,3207
TRIPTOLIDE,3207
TTNBP,3208
tubastatin A,3209
Tubastatin A,3209
TUBASTATIN A,3209
TW 37,3210
TW-37,3210
TWS119,3211
TWS-119,3211
Tacrine hydrochloride hydrate,3212
Talc,3213
Talmapimod,3214
Tamibarotene,3215
"Tamoxifen, citrate",3216
Tamsulosin hydrochloride,3217
Tanshinone I,3218
Tanshinone IIA,3219
Tanshinone IIA-sulfonic sodium,3220
Tanzisertib,3221
Tapentadol hydrochloride,3222
Taprenepag,3223
Tarenflurbil,3224
Targegen B-Raf/PDGFR inhibitor Cpd 6,3225
"Tofacitinib (CP-690550,Tasocitinib)",3226
Tofacitinib,3226
Tofacitinib (CP-690550),3226
Tasocitinib,3226
cp690550,3226
Tasquinimod,3227
Taurine,3228
Taurocholic acid sodium salt hydrate,3229
Tauroursodeoxycholic Acid,3230
Tazarotene,3231
Tazobactam,3232
Tazobactam acid,3232
Tegafur,3233
"Tegafur (FT-207, NSC 148958)",3234
Teicoplanin,3235
Telaprevir (VX-950),3236
Telatinib,3237
Telbivudine,3238
Telmisartan,3239
"Temsirolimus (CCI-779, NSC 683864)",3240
Tenofovir,3241
Tenovin-6 derivat A,3242
Tenovin-6 derivat B,3243
Tenoxicam,3244
Teprotumumab,3245
Terazosin hydrochloride,3246
Terbinafine hydrochloride,3247
Terbutaline Sulfate,3248
Terconazole,3249
Terfenadine,3250
Teriflunomide,3251
Terpin Monohydrate,3252
Terreic acid,3253
Tesevatinib,3254
XL-647,3254
Testosterone,3255
Testosterone Enanthate,3256
Testosterone Phenylpropionate,3257
Testosterone propionate,3258
Tetrabenazine,3259
Tetracaine hydrochloride,3260
Tetracycline hydrochloride,3261
Tetracycline,3261
Tetraethylenepentamine Pentahydrochloride,3262
Tetrahydropalmatine hydrochloride,3263
Tetryzoline,3264
Tetrahydrozoline hydrochloride,3264
Tetramisole hydrochloride,3265
Tetrandrine,3266
Theobromine,3267
Theophylline-7-acetic acid,3268
Thiabendazole,3269
Thiamine hydrochloride,3270
Thiamphenicol,3271
Thiazovivin,3272
Thimerosal,3273
Thioctamide,3274
Thioctic acid,3275
Thioguanosine,3276
Thioproline,3277
Thioproperazine dimesylate,3278
Thioridazine hydrochloride,3279
Thiostrepton,3280
Thymopentin,3281
Tiagabine,3282
Tianeptine sodium,3283
Tiapride hydrochloride,3284
Ticagrelor,3285
Ticarcillin disodium,3286
Ticlopidine hydrochloride,3287
tideglusib,3288
Tideglusib,3288
Tie2 kinase inhibitor,3289
Tiletamine hydrochloride,3290
Tilmicosin,3291
Tilorone dihydrochloride,3292
Timolol Maleate,3293
Tinidazole,3294
Tiopronin,3295
Tiotropium bromide,3296
Tioxolone,3297
Tipiracil hydrochloride,3298
Tiplaxtinin(PAI-039),3299
Tiratricol,3300
Tirofiban hydrochloride monohydrate,3301
Tizanidine hydrochloride,3302
Tizoxanide,3303
ToM,3304
Tobramycin,3305
Tofacitinib (CP-690550) Citrate,3306
Tofacitinib citrate,3306
Tolazamide,3307
Tolazoline hydrochloride,3308
Tolbutamide,3309
Tolmetin,3310
Tolnaftate,3311
Tolperisone hydrochloride,3312
Tolterodine tartrate,3313
Toltrazuril,3314
Tolvaptan,3315
Topiramate,3316
Topiroxostat,3317
Toradol,3318
Torasemide,3319
Torcetrapib,3320
Toremifene,3321
Toremifene citrate,3322
Torezolid,3323
Trabectedin,3324
Trans-Tranilast,3325
Tranilast,3325
Trans-Anethole,3326
Tranylcypromine (2-PCPA) hydrochloride,3327
Trapidil,3328
Trazodone hydrochloride,3329
Trelagliptin,3330
Trelagliptin succinate,3330
Triacetin,3331
Triamcinolone,3332
Triamcinolone acetonide,3333
Trichlormethiazide,3334
Triclabendazole,3335
Triclosan,3336
Triflupromazine hydrochloride,3337
Trifluridine,3338
Triflusal,3339
Trilostane,3340
Trimebutine,3341
Trimebutine maleate,3341
Trimeprazine tartrate,3342
Trimetazidine dihydrochloride,3343
Trimethadione,3344
Trimethoprim,3345
Trimetozine,3346
Trimipramine maleate,3347
Tripelennamine hydrochloride,3348
Triprolidine hydrochloride,3349
Trometamol,3350
Tropicamide,3351
Tropisetron hydrochloride,3352
Trospium chloride,3353
Troxerutin,3354
Troxipide,3355
Tubacin,3356
Tucidinostat,3357
Tulobuterol hydrochloride,3358
Tylosin tartrate,3359
Tylosin,3359
Tyloxapol,3360
Tyrosine,3361
Tyrothricin,3362
Tyrphostin 25,3363
Tyrphostin 47,3364
Tyrphostin 9,3365
Tyrphostin AG 1295,3366
Tyrphostin AG 1296,3367
Tyrphostin AG 879,3368
U73122,3369
U 73122,3369
u73122,3369
U0126,3370
U0126-EtOH,3370
U-0126,3370
UCN-01,3371
UM729,3372
UMI-77,3373
"UMI-77, UMI 77",3373
UNBS-5162,3374
UNC0638,3375
UNC 0638,3375
UNC-0638,3375
UNC0321,3376
UNC0638:navitoclax (1:1 mol/mol),3377
UNC0642,3378
UNC1215,3379
UNC2881,3380
Uprosertib (GSK2141795),3381
UPROSERTIB,3381
Uprosertib,3381
URB597,3382
URMC-099,3383
Ubenimex,3384
Ulipristal acetate,3385
Upadacitinib,3386
Uracil,3387
Urapidil,3388
Urea,3389
Urethane,3390
Uridine,3391
Uridine ,3391
Ursodeoxycholic acid,3392
Ursolic acid,3393
ursolic acid,3393
VAF-347,3394
Valdecoxib,3395
valdecoxib,3395
VALDECOXIB,3395
VE-821,3396
"VENOTOCLAX, ABT-199, VENECLEXTA, GDC-0199",3397
VER 155008,3398
VER-155008,3398
VER-49009,3399
VGX-1027,3400
VLX1570,3401
VNLG/124,3402
Voxtalisib,3403
VOXTALISIB,3403
XL-765,3403
XL765,3403
VPS34-IN1,3404
VS-4718,3405
VS-507,3406
VS-5584,3407
VS-5584 (SB2343),3407
VU0155056,3408
VX-11e,3409
VX-11e ,3409
VX-11E,3409
VX-322,3410
VX-702,3411
vx702,3411
VX661,3412
Vacquinol-1,3413
Vagistat,3414
Vakuinol-1,3415
Valacyclovir hydrochloride,3416
Valerin,3417
Valproic acid,3417
Valethamate bromide,3418
Valganciclovir hydrochloride,3419
Valinomycin,3420
Valpramide,3421
Valproic acid aq,3422
Valsartan,3423
Vanatone,3424
Vancomycin hydrochloride,3425
Vanillin,3426
Vardenafil,3427
Vardenafil hydrochloride Trihydrate,3427
Varenicline Tartrate,3428
Varespladib,3429
Varespladib (LY315920),3429
Varlitinib,3430
Vecuronium bromide,3431
Velpatasvir,3432
Vemurafenib + Cobimetinib,3433
Venlafaxine hydrochloride,3434
Verapamil hydrochloride,3435
Verdinexor,3436
Verdinexor (KPT-335),3437
Verteporfin ,3438
Vertex ATR inhibitor Cpd 45,3439
Vesatolimod,3440
Vidarabine,3441
Vidofludimus(4SC-101; SC12267),3442
Vidofludimus,3442
Vigabatrin,3443
Vigabatrin Hydrochloride,3443
Vilazodone,3444
Vildagliptin (LAF-237),3445
Vincamine,3446
Vindesine,3447
Vinflunine,3448
Vinorelbinetartrate,3449
Vinpocetine,3450
Vipadenant,3451
Vitamin D2,3452
Vitamin E,3453
Vitamin E Acetate,3454
Voriconazole,3455
Vortioxetine (Lu AA21004) HBr,3456
Vortioxetine,3456
WAY-100635 Maleate,3457
WAY-181187(SAX-187),3458
WAY-362450,3459
WAY-600,3460
WEHI-539,3461
"WEHI-539, WEHI539",3462
WH-4-023,3463
WHI-P131,3464
WHI-P154,3465
"WHI-P97, KIN001-055",3466
WIKI4,3467
Wnt-C59,3468
WNT-C59,3468
Wnt-C59 (C59),3468
WP-1034,3469
WP1066,3470
WT-161,3471
WY-14643 (Pirinixic Acid),3472
WYE-125132 (WYE-132),3473
WYE-125132,3473
WYE-354,3474
"WZ-1-84, KIN001-123",3475
WZ-4002,3476
WZ4002,3476
WZ3105,3477
WZ3146,3478
WZ4003,3479
WZ8040,3480
Warfarin,3481
Warfarin sodium,3481
Wee1 Inhibitor,3482
Wnt agonist 1,3483
Wortmannin,3484
xav939,3485
XAV 939,3485
XAV939,3485
XAV-939,3485
XAV-939 ,3485
XK-469,3486
XL-019,3487
XL019,3487
XL-541,3488
XL-888,3489
XL147,3490
XL147 analogue,3490
xl147,3490
XL388,3491
XMD 8-87,3492
XMD11-85H,3493
XMD13-2,3494
XMD14-99,3495
XMD15-27,3496
XMD8-85,3497
XMD8-92,3498
XR-5000,3499
XR-5944,3500
Xanthohumol,3501
Xentuzumab,3502
Xylazine hydrochloride,3503
Xylitol,3504
Xylometazoline hydrochloride,3505
Y-27632,3506
Y-27632 2HCl,3506
Y-39983,3507
Y39983,3508
YC-1,3509
YK-4-279,3510
YK 4-279,3510
YL54,3511
YM201636,3512
YM-201636,3512
YM 201636,3512
Yohimbine hydrochloride,3513
"Z-LLNLE-CHO, Z-L-NORLEUCINE-CHO",3514
ZD,3515
ZEBULARINE,3516
Zebularine,3516
zebularine,3516
ZG-10,3517
ZIBOTENTAN,3518
Zibotentan,3518
"ZK-811752, BX-471",3519
ZM 306416,3520
ZM 323881 HCl,3521
ZM 323881,3521
ZM336372,3522
zm336372,3522
ZM-336372,3522
ZM 336372,3522
ZM 39923 HCl,3523
ZM 39923,3523
ZM 447439,3524
ZM447439,3524
ZM-447439,3524
ZSTK-474,3525
ZSTK474,3525
Zafirlukast,3526
Zalcitabine,3527
Zaltoprofen,3528
Zanamivir,3529
Zidovudine,3530
Zileuton,3531
Zinc bacitracin,3532
Zinc pyrithione,3533
Zinc undecylenate,3534
Ziprasidone hydrochloride monohydrate,3535
Ziprasidone,3535
Ziprasidone hydrochloride,3535
Ziprasidone  Hydrochloride,3535
Zolendronic acid,3536
Zolmitriptan,3537
Zolpidem,3538
Zomepirac Sodium,3539
Zonisamide,3540
Zopiclone,3541
Zosuquidar trihydrochloride,3542
Zosuquidar,3542
Zotarolimus,3543
Zotarolimus(ABT-578),3544
Zotatifin,3545
Zotepine,3546
Zoxazolamine,3547
alisertib:navitoclax (2:1 mol/mol),3548
austocystin D,3549
avicin D,3550
avrainvillamide,3551
batimastat,3552
bi78d3,3553
bid1870,3554
bistramide A,3555
carboplatin:UNC0638 (2:1 mol/mol),3556
carboplatin:etoposide (40:17 mol/mol),3557
cerivastatin,3558
chaetocin,3559
chlophenadione,3560
cis-Anethol,3561
compound 1B,3562
crizotinib:PLX-4032 (2:1 mol/mol),3563
cyanoquinoline 11,3564
dBET1,3565
decitabine:carboplatin (1:1 mol/mol),3566
decitabine:navitoclax (2:1 mol/mol),3567
deltarasin,3568
docetaxel:tanespimycin (2:1 mol/mol),3569
dovitinib/chir-258,3570
doxorubicin:navitoclax (2:1 mol/mol),3571
enantiomer of PF-4176340,3572
erlotinib:PLX-4032 (2:1 mol/mol),3573
ex527,3574
fatostatin,3575
fumagillol,3576
gefetinib,3577
gsk0660,3578
gw0742,3579
gw9662,3580
hif-1i,3581
isoleucine,3582
isonicotinohydroxamic acid,3583
jnk5a,3584
kahalalide F,3585
kinetin riboside,3586
l778123,3587
l779450,3588
leucascandrolide A,3589
lovastatin acid,3590
lsn415169,3591
methylstat,3592
mitomicyn,3593
mk-4541,3594
mrk-003,3595
mrtx1133,3596
musc,3597
musc_zd,3598
nafcillin sodium,3599
nakiterpiosin,3600
navitoclax:MST-312 (1:1 mol/mol),3601
navitoclax:PLX-4032 (1:1 mol/mol),3602
navitoclax:birinapant (1:1 mol/mol),3603
navitoclax:gemcitabine (1:1 mol/mol),3604
navitoclax:piperlongumine (1:1 mol/mol),3605
navitoclax:pluripotin (1:1 mol/mol),3606
navitoclax:sorafenib (1:1 mol/mol),3607
neopeltolide,3608
p-Coumaric acid,3609
p38 MAP Kinase Inhibitor,3610
pandacostat,3611
peptide R18 (14-3-3 antagonist),3612
piperlongumine:MST-312 (1:1 mol/mol),3613
prm-116,3614
prm-122,3615
quinoclamine,3616
rki983,3617
salermide:PLX-4032 (12:1 mol/mol),3618
selumetinib:BRD-A02303741 (4:1 mol/mol),3619
selumetinib:GDC-0941 (4:1 mol/mol),3620
selumetinib:JQ-1 (4:1 mol/mol),3621
selumetinib:MK-2206 (8:1 mol/mol),3622
selumetinib:PLX-4032 (8:1 mol/mol),3623
selumetinib:UNC0638 (4:1 mol/mol),3624
selumetinib:decitabine (4:1 mol/mol),3625
selumetinib:navitoclax (8:1 mol/mol),3626
selumetinib:piperlongumine (8:1 mol/mol),3627
selumetinib:tretinoin (2:1 mol/mol),3628
selumetinib:vorinostat (8:1 mol/mol),3629
serdemetan:SCH-529074 (1:1 mol/mol),3630
sirolimus:bortezomib (250:1 mol/mol),3631
sotorasib,3632
sparfosic acid,3633
srci1,3634
stibogluconate,3635
tanespimycin/17-aag,3636
tanespimycin:bortezomib (250:1 mol/mol),3637
tanespimycin:gemcitabine (1:1 mol/mol),3638
tcs401,3639
tie2i,3640
tipifarnib-P1,3641
tipifarnib-P2,3642
tretinoin:carboplatin (2:1 mol/mol),3643
tretinoin:navitoclax (4:1 mol/mol),3644
triacsin C,3645
triazolothiadiazine,3646
trifluridine-tipiracil,3647
ubistatin B,3648
vasastrol,3649
vorinostat:carboplatin (1:1 mol/mol),3650
vorinostat:navitoclax (4:1 mol/mol),3651
withaferin,3652
wnti,3653
SNS 032,5
5-azacytidine,81
ABT737,121
AMG 925,188
AZ 20,254
AZD 7762 hydrochloride,263
AZD 5438,273
AZD-1775,283
ASLAN002,560
XL413,564
CPI203,892
Decitabine 5-Aza-2'-deoxycytidine,1142
Ensartinib dihydrochloride,1387
Eribulin Mesylate,1405
GSK591,1614
TAK-228,1768
INK 128 ,1768
Tucatinib  ,1831
Prexasertib dihydrochloride,1994
Crenigacestat,2004
Melphalan hydrochloride,2090
Abitrexate,2093
Mitomycin,2106
(±)-Thalidomide,2333
RO4929097 ,2839
VE821,3396
VLX-1570,3401
PD 407824,3654
MS023 hydrochloride,3655
Vincristine sulfate salt,3656
Crenolamib Besylate,3657
AC 710,3658
H-Tamoxifen,3659
MK-4101,3660
CYC065,3661
777,3662
GSK1324726A,3663
SGI-1027,3664
MS436,3665
IDH2-C100,3666
Vorasidenib,3667
Fisetin,3668
LY3295668,3669
TPX-0005,3670
TCS 2312,3671
Ellipticine,3672
Nirogacestat,3673
GSK3326595,3674
BMS-983970,3675
EPZ011989,3676
INO-1001,3677
