original_id,consensus_id
,0
cls_token1,1
cls_token2,2
 1st Precursur Intermediate to TDP 665759,3
 AS-703569 ,4
SNS-032,5
SNS-032 (BMS-387032),5
sns-032,5
SNS 032,5
SNS-032 ,5
 BMS-387032,5
Bafetinib,6
 CNS-9,6
DABRAFENIB,7
 Dabrafenib,7
Dabrafenib mesylate,7
Dabrafenib,7
GSK2118436,7
Dabrafenib (GSK2118436),7
DABRAFENIB MESYLATE,7
dabrafenib,7
Pazopanib HCl,8
Pazopanib (GW786034),8
Pazopanib hydrochloride,8
PAZOPANIB,8
 Pazopanib,8
Pazopanib,8
PAZOPANIB HYDROCHLORIDE,8
Pazopanib ,8
pazopanib,8
 ZIP-301,9
(+)-Bicuculline,10
CAMPTOTHECIN,11
Camptothecin,11
(+)-Camptothecin,11
Camptothecine (S.+),11
Cianidanol,12
(+)-Catechin Hydrate,12
(+)-Emetine dihydrochloride hydrate,13
(+)JQ1,14
(+)-JQ-1,14
(+)-JQ1,14
(-)JQ1,14
JQ-1,14
JQ1,14
(+)-Matrine,15
(+)-Nutlin-3,16
Pilocarpine nitrate,17
Pilocarpine,17
(+)-Pilocarpine hydrochloride,17
blebbistatin,18
(+/-)-BLEBBISTATIN,18
(+/-)-nutlin-3,19
(-)-Huperzine A (HupA),20
(-)-gallocatechin-3-monogallate,21
Nutlin-3a,22
Nutlin-3,22
Nutlin-3a (-),22
NUTLIN-3,22
nutlin-3,22
NUTLIN-3A (-),22
Nutlin 3a,22
(-)-nutlin-3,22
(5Z)-7-Oxozeaenol,23
(5Z)-7-OXOZEAENOL,23
(R)-(+)-Limonene,24
(R)-Duloxetine hydrochloride,25
(R)-Naproxen,26
(S)-(+)-Ketoprofen,27
(S)-Clopidogrel hydrogen sulfate,28
(S)-propranolol hydrochloride,29
(±)-Bisoprolol hemifumarate,30
Thalidomide,31
THALIDOMIDE,31
(±)-Thalidomide,31
Thalidomide  ,31
thalidomide,31
1-Azakenpaullone,32
1-Methyl-[D]-tryptophan,33
1-methyl-D-tryptophan,34
1-methyl-D-tryptophan aq,35
"10,11-Dihydrocarbamazepine",36
10-Hydroxycamptothecin,37
10058-F4,38
10074-G5,39
1074,40
1092,41
1240,42
15D-PGJ2,43
16-BETA-BROMOANDROSTERONE,44
16-beta-bromoandrosterone,45
17 alpha-propionate,46
TANESPIMYCIN,47
Tanespimycin,47
tanespimycin,47
17AAG,47
Tanespimycin ,47
17-AAG,47
17-AAG (Tanespimycin),47
"17-Beta-Estradiol-3,17-Dipropionate",48
17-DMAG,49
Alvespimycin,49
17-Methyltestosterone,50
"1S,3R-RSL-3",51
2'-Deoxyuridine,52
"2,4-dideoxy-DC-45-A2",53
2-Aminobenzenesulfonamide,54
2-Aminoethanethiol,55
2-Fluoroadenosine,56
"2-Hydroxy-5-(2,5-dihydroxybenzylamino)benzoic acid",57
2-Pyridinealdoxime methochloride,58
2-methoxyestradiol,59
2-methoxyestradiol ,59
2104,60
2150,61
2DG,62
2nd Precursur Intermediate to TDP 665759,63
Triapine,64
3-AP,64
Bromopyruvate,65
3-Bromopyruvic acid,65
3-Cl-AHPC,66
3-MA,67
3-Methyladenine,67
3-chloro-L-alanine,68
4-Aminoantipyrine,69
4-Aminopyridine,70
4-Biphenylacetic acid,71
4-Hydroxyantipyrine,72
4-Methylpyrazole,73
4-Methylumbelliferone (4-MU),74
4-hydroxytamoxifen,75
4-methylfasudil,76
4EGI-1,77
4SC-202 ,78
"5,6-dichloro-1-?-D-ribofuranosylbenzimidazole",79
5-Acetylsalicylic acid,80
Aminolevulinic acid,81
AMINOLEVULINIC ACID HYDROCHLORIDE,81
Aminolevulinic ,81
5-Aminolevulinic acid hydrochloride,81
Azacytidine,82
5-Azacitidine,82
azacitidine,82
Mylosar,82
AZACITIDINE,82
Azacitidine,82
Azacitidine  ,82
Azacytidine (Vidaza),82
5-azacytidine,82
5-Azacytidine,82
Fluorouracil,83
FLUOROURACIL,83
"Fluorouracil (5-Fluoracil, 5-FU)",83
5-fu,83
fluorouracil,83
5FU,83
5-Fluorouracil,83
5-FU,83
5fu,83
5-FLUOROURACIL,83
5-Nonyloxytryptamine oxalate,84
5-hydroxytryptophan (5-HTP),85
Aminocaproic acid,86
6-Aminocaproic acid,86
6-Mercaptopurine,87
MERCAPTOPURINE,87
Mercaptopurine (6-MP),87
6-Mercaptopurine monohydrate,87
Mercaptopurine,87
Thioguanin,88
6-Thioguanine,88
Thioguanine,88
THIOGUANINE,88
6-azauridine,89
681640,90
"7,8-Dihydroxyflavone",91
SN-38,92
sn-38,92
SN 38,92
7-Ethyl-10-hydroxycamptothecin,92
777,93
8-Azaguanin,94
Azaguanine-8,94
"8-DODECYLSULFANYL-1,3-DIMETHYL-7H-PURINE-2,6-DIONE",95
Methoxsalen,96
METHOXSALEN,96
8-Methoxypsoralen,96
8-amino-adenosine,97
8-chloro-adenosine,98
968,99
A-804598,100
A 804598,100
A-1155463,101
A-1210477,102
A-1331852,103
A-366,104
A-419259,105
"A-443654, KIN001-139",106
A-484954,107
"EEF2K INHIBITOR, A-484954",107
A-674563,108
a769662,109
A-769662,109
"A-770041, KIN001-111",110
A-83-01,111
A23187,112
Antibiotic A-23187,112
A66,113
A770041,114
A832234,115
AA-COCF3,116
MASITINIB,117
Masitinib (AB1010),117
masitinib,117
Masitinib (AB-1010),117
Masitinib,117
AB-1010,117
ABC294640,118
abiraterone,119
Abiraterone,119
ABIRATERONE,119
VENETOCLAX,120
ABT-199,120
ABT-199 (GDC-0199),120
Venetoclax,120
ABT-263 (NAVITOCLAX),121
ABT-263,121
ABT-263 (Navitoclax),121
abt263,121
Navitoclax,121
NAVITOCLAX,121
navitoclax,121
ABT-348,122
ABT737,123
ABT-737,123
ABT-737 ,123
ABT-751 (E7010),124
ABT-751,124
ABT-869,125
Linifanib,125
linifanib,125
Linifanib (ABT-869),125
LINIFANIB,125
veliparib/abt888,126
veliparib,126
Veliparib (ABT-888),126
VELIPARIB,126
ABT-888,126
abt-888,126
Veliparib,126
ABT888 hydrochloride,126
AC55649,127
AC 55649,127
AC 710,128
Quizartinib,129
quizartinib,129
QUIZARTINIB,129
Quizartinib (AC220),129
AC-220,129
BMS 599626,130
AC480,130
AC480 (BMS-599626),130
BMS-599626,130
"ACETALAX, OXYPHENISATIN ACETATE",131
ACT 058362; Palosuran,132
ACT1-013,133
Ricolinostat,134
ACY-1215,134
Rocilinostat (ACY-1215),134
Rocilinostat,134
ACY-241,135
ACY-738,136
ADP,137
ADW-742,138
NVP-ADW742,138
ADX 47273,139
sotrastaurin,140
AEB-071,140
SOTRASTAURIN,140
Sotrastaurin,140
AEE788 (NVP-AEE788),141
AEE-788 ,141
AEE788,141
NVP-AEE788,141
AEG 3482,142
AEG-40730 ,143
AEW541,144
AEW-541,144
NVP-AEW541,144
afatinib,145
AFATINIB,145
Afatinib (BIBW-2992),145
Afatinib (BIBW2992) Dimaleate,145
BIBW2992,145
Afatinib (BIBW2992),145
Afatinib,145
AFP-464,146
AG-490,147
AG-490 (Tyrphostin B42),147
AG 490,147
Rucaparib ,148
RUCAPARIB,148
PF-01367338,148
Rucaparib,148
AG-014699,148
AG014699,148
AG-1024 ,149
AG-1024,149
AG-120,150
Ivosidenib,150
AG-126,151
AG-14361,152
AG14361,152
AG-1478 (Tyrphostin AG-1478),153
AG1478,153
AG-1478,153
tyrphostin AG-1478,153
AG-18,154
AG-2037,155
AG-221 (Enasidinib),156
Enasidenib,156
AG-337;Nolatrexed dihydrochloride,157
AG-494,158
AGI-5198,159
IDH-C35,159
AGI-6780,160
AGK 2,161
AGK-2,161
AICAR,162
Acadesine,163
AICAR (Acadesine),163
"AICAR, N1-(B-D-RIBOFURANOSYL)-5-AMINOIMIDAZOLE-4-CARBOXAMIDE",163
"AKT INHIBITOR VIII, KIN001-102",164
AKT Inhibitor IV,165
AKT Inhibitor X,166
Akti-1/2,167
AKT inhibitor VIII,167
ALA hydrochloride,168
ALECTINIB,169
CH-5424802,169
Alectinib,169
Alisertib (MLN8237),170
MLN8237,170
alisertib,170
Alisertib,170
ALISERTIB,170
MLN-8237 ,170
Alisertib ,170
Allopurinol,171
ALLOPURINOL,171
BYL719,172
ALPELISIB,172
Alpelisib,172
BYL-719,172
ALPHA-BOSWELLIC ACID,173
Altretamine,174
ALTRETAMINE,174
Flavopiridol HCl,175
ALVOCIDIB,175
Flavopiridol,175
Flavopiridol (Alvocidib) hydrochloride,175
Alvocidib,175
Flavopiridol (Alvocidib),175
alvocidib,175
Alvocidib ,175
FLAVOPIRIDOL (ALVOCIDIB),175
ALW-II-49-7,176
AM 580,177
AM-580,177
Staurosporine,178
STAUROSPORINE,178
AM-2282,178
staurosporine,178
AM095,179
AM281,180
AMA404,181
AMD-070,182
AMD-473,183
AMG 337,184
AMG-337,184
AMG 925,185
AMG-925,185
AMG-208,186
AMG-232,187
"AMG-319, AMG319",188
AMG319,188
AMG-458,189
MOTESANIB,190
Motesanib,190
Motesanib ,190
AMG-706,190
Motesanib Diphosphate (AMG-706),190
Motesanib (AMG-706),190
AMG-900,191
AMIFOSTINE,192
Amifostine,192
AMPK Inhibitor,193
Dorsomorphin,193
dorsomorphin,193
COMPOUND C,193
Amuvatinib,194
MP-470,194
Amuvatinib(MP470),194
AMUVATINIB,194
Amuvatinib (MP-470),194
ANA-12,195
Anastrozole  ,196
Anastrozole,196
ANASTROZOLE,196
AP0-866,197
AP24534  Ponatinib,198
AP26113,199
AP26113 (Brigatinib),199
APABETALONE,200
RVX-208,200
APD 668,201
APD597,202
APICIDIN,203
apicidin,203
GDC-0980 (RG7422),204
GDC-0980,204
"Apitolisib (GDC-0980, RG7422)",204
"APITOLISIB, GDC0980",204
Apitolisib,204
"APO866, FK866",205
PRIMA-1MET,206
APR-246,206
Prima-1 Met,206
APTSTAT3-9R,207
OSU-03012 (AR-12),208
OSU-03012,208
Osu-03012 ,208
OSU-03012 ,208
AR-12,208
osu03012,208
AR-42,209
AR-A014418,210
AR-C155858,211
"ARA-G, 9-??-D-ARABINOFURANOSYL GUANINE",212
ARN 509,213
Apalutamide,213
ARN-509,213
TIVANTINIB,214
Tivantinib (ARQ 197),214
tivantinib,214
Tivantinib,214
ARQ-197,214
ARQ-621,215
ARQ-680,216
MEK-162,217
"Binimetinib (MEK162, ARRY-162, ARRY-438162)",217
Binimetinib,217
MEK162,217
"MEK162 (ARRY-162, ARRY-438162)",217
ARRY-162,217
ARRY-380,218
ARRY-520 (isomer B),219
Filanesib,219
FILANESIB,219
ARRY-520 (isomer A),219
ARRY380,220
Arsenic trioxide,221
Arsenic(III) oxide,221
ARSENIC TRIOXIDE,221
Arsenic Trioxide,221
ARV-825,222
AS-252424,223
as252424,223
AS 252424,223
AS-041164,224
AS-604850,225
Pimasertib,226
AS-703026,226
Pimasertib (AS-703026),226
AS601245,227
AS605240,228
"AS605240, KIN001-173",229
BMS-777607,230
ASLAN002,230
ASP 3026,231
ASP-3026,231
ASP3026,231
Tivozanib ,232
Tivozanib,232
TIVOZANIB,232
Tivozanib (AV-951),232
ASP-4130,232
tivozanib,232
LINSITINIB,233
Linsitinib,233
OSI-906 (LINSITINIB),233
ASP-7487,233
osi906,233
OSI-906,233
OSI-906 (Linsitinib),233
linsitinib,233
Allitinib,234
AST-1306,234
AST-487,235
gossypol,236
AT 101,236
AT-101; BL-193,236
Gossypol acetic acid,236
AT-101,236
GOSSYPOL,236
AT 7519  hydrochloride salt,237
AT-13148,238
AT13148,238
Onalespib,239
AT-13387 ,239
AT13387,239
AT-406,240
"AT406 (SM- 406, ARRY- 334543)",240
AT7519,241
AT7519 trifluoroacetate,241
AT-7519,241
AT-9283,242
AT9283,242
AT7867,243
ATB 346,244
All-Trans retinoic acid,245
TRETINOIN,245
ATRA,245
Tretinoin,245
tretinoin,245
NVP-AUY922,246
"Luminespib (AUY-922, NVP-AUY922)",246
AUY-922,246
NVP AUY922,246
Luminespib,246
AUY922,247
avagacestat,248
Avagacestat (BMS-708163),248
AVAGACESTAT,248
BMS-708163,248
Avagacestat,248
Spebrutinib,249
AVL-292,249
AVN-944,250
AVN944,250
AWD 131-138,251
AXITINIB,252
Axitinib (AG-013736),252
Axitinib,252
axitinib,252
AZ 20,253
AZ20,253
AZ3146,254
AZ-3146,254
AZ 3146,254
AZ628,255
AZ 628,255
AZ-628,255
AZ 960,256
AZ960,256
AZ-23,257
AZ23,257
AZ191,258
AZ505,259
AZ5104,260
AZ6102,261
saracatinib,262
AZD0530,262
AZD 0530,262
Saracatinib,262
SARACATINIB,262
AZD-0530,262
Saracatinib (AZD0530),262
OLAPARIB,263
AZD 2281,263
AZD2281,263
Olaparib ,263
Olaparib,263
Olaparib(1495) + Temozolomide(1375),263
olaparib,263
"Olaparib (AZD2281, Ku-0059436)",263
AZD-4547,264
AZD4547,264
AZD 4547,264
AZD-5363,265
Capivasertib,265
AZD 5363,265
AZD5363,265
AZD-5438,266
AZD 5438,266
AZD5438,266
Selumetinib,267
selumetinib/azd6244,267
selumetinib,267
AZD-6244,267
Selumetinib (AZD6244),267
AZD 6244,267
AZD6244,267
SELUMETINIB (AZD6244),267
SELUMETINIB,267
AZD 7762 hydrochloride,268
AZD-7762 ,268
AZD7762,268
azd7762,268
AZD 7762,268
AZD-1080,269
AZD1080,269
Barasertib,270
AZD-1152,270
BARASERTIB,270
barasertib,270
AZD1480,271
AZD-1480,271
MK-1775,272
azd1775,272
AZD1775,272
MK-1775 ,272
MK1775,272
AZD-1775,272
Adavosertib,272
MK 1775,272
mk1775,272
AZD-2014,273
AZD2014,273
Vistusertib,273
AZD-2171,274
Cediranib,274
cediranib/azd2171,274
cediranib,274
Cediranib ,274
Cediranib (AZD2171),274
CEDIRANIB,274
AZD2461,275
AZD-2461,275
AZD-2858,276
AZD2858,276
AZD-3514,277
AZD-3965 ,278
AZD3965,278
AZD6482,279
AZD-6482,279
AZD7545,280
AZD-7545,280
AZD-8055,281
AZD8055,281
AZD8186,282
AZD-8186,282
AZD-8330,283
AZD8330,283
Sapitinib,284
AZD8931,284
AZD8931 (Sapitinib),284
AZD-8931,284
AZD0156,285
AZD2811,286
AZD1152-HQPA (AZD2811),286
AZD1152-HQPA,286
Barasertib (AZD1152-HQPA),286
AZD1208,287
AZD2932,288
AZD3463,289
AZD3759,290
AZD5153,291
AZD5582,292
Azd6738,293
AZD6738,293
AZD8835,294
AZD9291,295
OSIMERTINIB,295
Osimertinib,295
Abamectin,296
Abbolactone,297
abemaciclib,298
Abemaciclib mesylate,298
LY2835219 mesylate,298
LY-2835219,298
Abemaciclib (LY2835219),298
LY2835219,298
Abemaciclib,298
Abexinostat,299
PCI-24781 (Abexinostat),299
PCI-24781,299
Abiraterone Acetate,300
Methotrexate  ,301
Abitrexate,301
methotrexate,301
METHOTREXATE,301
Methotrexate,301
Acacytidine,302
Acalabrutinib (ACP-196),303
Acalabrutinib,303
Acalisib (GS-9820),304
Acarbose,305
Acebutolol hydrochloride,306
Acecainide,307
Aceclofenac,308
Aceglutamide,309
Acemetacin,310
Acetaminophen,311
Acetanilide,312
Acetazolamide,313
Acetohexamide,314
Acetohydroxamic acid,315
Acetovanillone,316
Acetylcholine chloride,317
Acetylcysteine,318
Acetylleucine,319
Acetylsalicylic acid,320
Acetylspiramycin,321
Aciclovir,322
Acipimox,323
Acitretin,324
Aclarubicin,325
Aclidinium bromide,326
Aconitine,327
Acotiamide hydrochloride,328
Acrichine,329
Quinacrine dihydrochloride dihydrate,329
Quinacrine dihydrochloride,329
Mepacrine,329
Acridine,330
Actarit,331
Actidione,332
DACTINOMYCIN,333
Actinomycin D,333
Dactinomycin,333
Adagrasib,334
Adapalene,335
Adefovir dipivoxil,336
Ademine,337
Adenine hydrochloride,338
Adenine,338
Adenosine,339
Adenosine 5'-monophosphate monohydrate,340
Adenosine 5'-monophosphate,340
Adenosine disodium triphosphate ,341
Adiphenine hydrochloride,342
Adiphenine HCl,342
Adrenalone hydrochloride,343
Adrenosterone,344
GSK2110183,345
Afuresertib,345
Afuresertib (GSK2110183),345
Agios Cmp 301,346
Agipnon,347
Agomelatine,348
Alarelin,349
Albamycinsodium,350
Albendazole,351
Alcaftadine,352
Aldoxorubicin,353
Alendronate,354
Alfacalcidol,355
Alfuzosin hydrochloride,356
Alibendol,357
Aliskiren hemifumarate,358
Alizapride hydrochloride,359
Allantoin,360
Allylestrenol,361
Allylthiourea,362
Almorexant,363
Almotriptan Malate,364
Alodan,365
Aloe-emodin,366
Alogliptin Benzoate,367
Aloin,368
Alosetron hydrochloride,369
"Alsterpaullone, 2-cyanoethyl",370
Altiratinib(DCC2701),371
Altiratinib,371
Altrenogest,372
Alvelestat (AZD9668),373
Alverine citrate,374
Alvimopan,375
Amantadine hydrochloride,376
Ambrisentan,377
Ambroxol,378
Ambroxol hydrochloride,378
Amcasertib,379
Amcinonide,380
Amfenac Sodium Monohydrate,381
Amfepramone hydrochloride,382
Amidrine,383
Amikacin Sulfate Salt,384
Amikacin,384
Amiloride hydrochloride dihydrate,385
Amiloride hydrochloride,385
Aminacrine,386
Aminoflavone,387
Aminoglutethimide,388
Aminoguanidine hydrochloride,389
Sodium 4-aminosalicylate dihydrate,390
Aminopar,390
Aminophenazone,391
Theophylline,392
Aminophylline,392
Theophylline monohydrate,392
Aminothiazole,393
Amiodarone hydrochloride,394
Amisulpride,395
Amitraz,396
Amitriptyline hydrochloride,397
Amlexanox,398
Amlodipine,399
Amlodipine Besylate,399
Amodiaquin dihydrochloride dihydrate,400
Amodiaquine hydrochloride,400
Amonafide,401
CGX-571,401
Amorolfine hydrochloride,402
Amoxapine,403
Amoxicillin,404
Amoxicillin trihydrate,404
Ampalex,405
Amphotericin B,406
Ampicillin Trihydrate ,407
Ampicillin,407
Amprolium,408
Amprolium Hydrochloride,408
Amrinone,409
Amsacrine,410
Amstat,411
Anacardic Acid,412
Anacetrapib (MK-0859),413
Clomipramine hydrochloride,414
Anafranil,414
Anagrelide,415
Analgin,416
Dipyrone,416
Andarine,417
Andrographolide,418
Anestan,419
Anethole trithione,420
Aniracetam,421
Anisomycin,422
Anlotinib,423
Anovigam,424
Antazoline hydrochloride,425
Antepan,426
Anthralin,427
Antipyrine,428
Antrapurol,429
YN-968D1,430
Apatinib,430
Apigenin,431
Apilimod,432
Apixaban,433
Apramycin sulfate,434
Apremilast (CC-10004),435
Aprepitant ,436
Aptal,437
Aquacrine,438
Arabinoside,439
Arbidol hydrochloride,440
Arbutin,441
Arctigenin,442
Arecoline HBr,443
Argatroban,444
Ariad Alk/EGFR inhibitor related to AP-26113,445
Aripiprazole,446
Aristolochic Acid,447
Armodafinil,448
Arsenic oxide (3),449
Artamine,450
Arteether,451
Artemether,452
Artemisinin,453
Artesunate,454
Articaine hydrochloride,455
Asciminib,456
Ascomycin (FK520),457
Asenapine Maleate,458
Asiatic Acid,459
Asiatic acid,459
Asiaticoside,460
Asorbic Acid,461
Aspartame,462
Astemizole,463
Astex FGF inhibitor,464
Astragaloside A,465
Ataluren (PTC124),466
Ataractan,467
Atazanavir sulfate,468
Atenolol,469
Atomoxetine hydrochloride,470
Atopaxar,471
Atopaxar Hydrobromide,471
Atorvastatin Calcium ,472
Atorvastatin,472
Atovaquone,473
Atropine,474
Atropine sulfate monohydrate,474
Atropine sulfate,475
Auranofin,476
Aurora A Inhibitor I,477
Aurora kinase inhibitor III,478
Aurora kinase/cdk inhibitor,479
JNJ-7706621,479
Avanafil,480
Avapritinib,481
Avasimibe,482
Avobenzone,483
Azacytidine-5,484
Azasetron hydrochloride,485
Azatadine Maleate,486
Azathioprine,487
Azelaic acid,488
Azelastine HCl,489
Azelastine,489
Azelnidipine,490
Azilsartan,491
Azithromycin,492
Azithromycin A,492
Azithromycin dihydrate,492
Azlocillin sodium,493
Azobenzene,494
Aztreonam,495
RAD51 INHIBITOR B02,496
B02,496
BAF312 (Siponimod),497
BAFILOMYCIN A1,498
Bafilomycin A1,498
bafilomycin A1,498
BAL-101553,499
BAL-27862,500
BRD-K07442505,501
BAM7,501
Bardoxolone methyl,502
BARDOXOLONE METHYL,502
bardoxolone methyl,502
BAX CHANNEL BLOCKER,503
Bax channel blocker,503
BAY 11-7082,504
BAY 11-7085,505
Bay 11-7085,505
BAY 1436032,506
BAY-1436032,506
BAY-61-3606,507
BAY 61-3606,507
BAY61-3606,507
BAY 87-2243,508
BAY-1942,509
BAY-80-6946 ,510
Copanlisib,510
RDEA119,511
"Refametinib (RDEA119, Bay 86-9766)",511
Refametinib,511
REFAMETINIB,511
BAY-86-9766,511
BAY85-3934;Molidustat,512
BCI,513
BCL-LZH-4,514
BDP-00009066,515
BEC,516
Belinostat (PXD101),517
belinostat,517
PXD101,517
Belinostat,517
BELINOSTAT,517
Bendamustine,518
Bendamustine ,518
Bendamustine hydrochloride,518
BENDAMUSTINE HCL,518
bendamustine,518
BENDAMUSTINE HYDROCHLORIDE,518
BENORILATE,519
betulinic acid,520
BETULINIC ACID,520
bexarotene,521
Bexarotene,521
BEXAROTENE,521
Bexarotene ,521
"BEZ235 (NVP-BEZ235, Dactolisib)",522
NVP-BEZ235,522
BEZ 235,522
nvp-bez235,522
Dactolisib,522
bez-235,522
BEZ235,522
BEZ-235,522
BGB-283,523
BGB324,524
R428,524
Bemcentinib,524
R-428,524
Infigratinib,525
NVP-BGJ398,525
BGJ398,525
BGJ-398,525
BGJ398 (NVP-BGJ398),525
BGT-226,526
BGT226 (NVP-BGT226),526
BGT226,526
NVP-BGT226,526
BI2536,527
BI 2536,527
BI-2536,527
BI6727,528
Volasertib (BI-6727),528
Volasertib (BI 6727),528
Volasertib,528
BI-6727,528
BI-78D3,529
JNK INHIBITOR X,529
BI-D1870,530
BIA,531
BIBF-1120,532
Nintedanib,532
Nintedanib (BIBF 1120),532
nintedanib,532
Vargatef,532
NINTEDANIB,532
BIBR-1532,533
BIBS 39,534
BICALUTAMIDE,535
Bicalutamide,535
CNF-2024,536
BIIB021,536
BIIB-021,536
BIM-46187 ,537
BIO,538
GSK-3 inhibitor IX,538
BIRB 796 (Doramapimod),539
DORAMAPIMOD,539
BIRB-796,539
Doramapimod ,539
Doramapimod (BIRB 796),539
Doramapimod,539
BIRB 0796,539
birinapant,540
Birinapant,540
BIRINAPANT,540
TL-32711,540
BIX 02188,541
BIX 02189,542
BIX02189,542
BIX-01294,543
BIX01294(HYDROCHLORIDE HYDRATE),544
BIX01294,544
BUPARLISIB,545
BKM120,545
BKM-120,545
Buparlisib,545
"BKM120 (NVP-BKM120, Buparlisib)",545
Bleomycin ,546
BLEOMYCIN (50 UM),546
BLEOMYCIN,546
Bleomycin,546
BLEOMYCIN SULFATE,547
BLEOMYCIN A2,547
bleomycin A2,547
Bleomycin sulfate,547
BLU9931,548
BLZ945,549
BLZ-945,549
BML-259,550
CHK2 INHIBITOR II,551
BML-277,551
BMN-673,552
BMN-673 (racemate),552
BMN 673,552
Talazoparib,552
BMN-673 (inactive enantiomer),552
TALAZOPARIB,552
BMS-195614,553
BMS 195614,553
BMS 204352,554
BMS 270394,555
BMS-270394,555
BMS-345541,556
BMS 345541,556
BMS-265246,557
BMS-299897,558
"BMS-509744, KIN001-127",559
BMS-536924,560
bms536924,560
BMS-582664 ,561
Brivanib Alaninate (BMS-582664),561
BMS-582949,562
BMS-582949 ,562
BMS-690514,563
BMS-754807,564
BMS-794833,565
BMS-833923,566
BMS-911543,567
BMS-983970,568
XL413,569
BMS863233,569
BMX-IN-1,570
BMY 7378 dihydrochloride,571
BORTEZOMIB,572
Bortezomib (Velcade),572
Bortezomib (PS-341),572
Bortezomib  ,572
bortezomib,572
Bortezomib ,572
Bortezomib,572
bosutinib,573
BOSUTINIB,573
Bosutinib (SKI-606),573
Bosutinib ,573
Bosutinib,573
BP-1-102,574
BPD-00008900,575
BPIQ-II,576
BPR1J-097,577
BRD9876,578
BRD 9876,578
BRD-A02303741,579
BRD-A02303741:carboplatin (1:1 mol/mol),580
BRD-A02303741:navitoclax (2:1 mol/mol),581
BRD-A05715709,582
BRD-A71883111,583
BRD-A86708339,584
BRD-A94377914,585
BRD-K01737880,586
BRD-K02251932,587
BRD-K02492147,588
BRD-K03536150,589
BRD-K03911514,590
BRD-K04800985,591
BRD-K09344309,592
BRD-K09587429,593
BRD-K11533227,594
BRD-K13185470,595
BRD-K13999467,596
BRD-K14844214,597
BRD-K16130065,598
BRD-K16147474,599
BRD-K17060750,600
BRD-K19103580,601
BRD-K20514654,602
BRD-K24690302,603
BRD-K26531177,604
BRD-K27188169,605
BRD-K27188169:navitoclax (2:1 mol/mol),606
BRD-K27224038,607
BRD-K27986637,608
BRD-K28456706,609
BRD-K29086754,610
BRD-K29313308,611
BRD-K30019337,612
BRD-K30748066,613
BRD-K33199242,614
BRD-K33514849,615
BRD-K34099515,616
BRD-K34222889,617
BRD-K34485477,618
BRD-K35604418,619
BRD-K37390332,620
BRD-K41334119,621
BRD-K41597374,622
BRD-K42260513,623
BRD-K44224150,624
BRD-K45681478,625
BRD-K48334597,626
BRD-K48477130,627
BRD-K49290616,628
BRD-K50799972,629
BRD-K51490254,630
BRD-K51831558,631
BRD-K52037352,632
BRD-K55116708,633
BRD-K55473186,634
BRD-K58730230,635
BRD-K61166597,636
BRD-K63431240,637
BRD-K64610608,638
BRD-K66453893,639
BRD-K66532283,640
HMN-214,641
BRD-K70511574,641
BRD-K70511574 (HMN-214),641
BRD-K71781559,642
BRD-K71935468,643
BRD-K75293299,644
BRD-K78574327,645
BRD-K79669418,646
BRD-K80183349,647
BRD-K84807411,648
BRD-K85133207,649
BRD-K86535717,650
PCI-34051,651
BRD-K88742110,651
BRD-K90370028,652
BRD-K92856060,653
BRD-K94991378,654
BRD-K96431673,655
BRD-K96970199,656
BRD-K97651142,657
BRD-K99006945,658
BRD-K99584050,659
BRD-M00053801,660
BRD1429,661
BRD1812,662
BRD1835,663
BRD4132,664
BRD4354,665
BRD4770,666
BRD55319,667
BRD6340,668
BRD63610,669
BRD6368,670
BRD7116,671
BRD7137,672
BRD73954,673
BRD8899,674
BRD8958,675
BRD9647,676
BRD9876:MK-1775 (4:1 mol/mol),677
Brefeldin A,678
BREFELDIN A,678
brefeldin A,678
BRIVANIB,679
Brivanib ,679
Brivanib (BMS-540215),679
brivanib,679
Brivanib,679
BRYOSTATIN 1,680
Bryostatin 1,680
BS-181 HCl,681
BS-181,681
Iniparib (BSI-201),682
Iniparib,682
Iniparib ,682
BSI-201,682
Busulfan,683
Busulfan ,683
BUSULFAN,683
BVD-523,684
"Ulixertinib (BVD-523, VRT752271)",684
Ulixertinib,684
BX-795,685
BX795,685
BX 795,685
BX 912,686
BX912,686
BX-912,686
BYL-719(Alpelisib),687
Bacitracin,688
Baclofen,689
Baicalein,690
Baicalin,691
Balicatib,692
Balofloxacin,693
Balsalazide Sodium,694
Bambuterol hydrochloride,695
"Baricitinib (LY3009104, INCB028050)",696
Baricitinib (Phosphate),696
Baricitinib,696
Bazedoxifene acetate,697
Beclamide,698
Beclomethasone dipropionate,699
Bedaquiline(TMC207; R207910),700
Behenic alcohol,701
Belzutifan,702
Benactyzine hydrochloride,703
Benazepril hydrochloride,704
Bendazac L-lysine,705
Bendazol,706
Bendroflumethiazide,707
Benfluorex hydrochloride,708
Benfotiamine,709
Bengenin,710
Benicar,711
Benidipine hydrochloride,712
Benserazide hydrochloride,713
Bentamapimod,714
Benzalkonium chloride,715
Benzbromarone,716
Benzethonium chloride,717
Benzocaine,718
Benzoic acid,719
Benzoyl peroxide,720
Benzthiazide,721
Benztropine mesylate,722
Benzydamine hydrochloride,723
Benzyl alcohol,724
Benzyl benzoate,725
Bephenium Hydroxynaphthoate,726
Bepridil hydrochloride ,727
Berberine hydrochloride,728
Bergapten,729
VE-822,730
Berzosertib,730
Betahistine dihydrochloride,731
Betahistine mesylate,732
Betaine hydrochloride,733
Betaine,733
Betamethasone,734
Betamethasone 17-valerate,735
Betamethasone dipropionate,736
Betamipron,737
Betaxolol hydrochloride,738
Bethanechol chloride,739
Betulin,740
Bexaroten,741
Bezafibrate,742
Bifendatatum,743
Bifonazole,744
Bikinin,745
Bilobalide,746
Bimatoprost,747
Bimiralisib,748
OTX015,749
OTX-015,749
Birabresib,749
Birch-Me,750
Bisacodyl,751
Bismuth subsalicylat,752
Bisoctrizole,753
Bithionol,754
Blonanserin,755
Bohemine,756
Boldenone Undecylenate,757
Borneol,758
Bortezamide,759
Bosutinib isomer,760
Bretylium tosylate,761
Breviscapin,762
Brexpiprazole,763
Briciclib,764
Brigatinib,765
Brimonidine Tartrate,766
Brinzolamide,767
Brivudine,768
Bromfenac sodium,769
Bromhexine hydrochloride,770
Bromisoval,771
Bromocryptine mesylate,772
Bromopride,773
Bromosporine,774
Brompheniramine hydrogen maleate,775
Bronopol,776
Broxiquinoline,777
Brucin,778
Brustaol,779
Bryostatin,780
Bucetin,781
Bucladesine sodium salt,782
Budesonide,783
Bufalin,784
Bufexamac,785
Buflomedil hydrochloride,786
Bulleyaconi cine A,787
Bumetanide,788
Bupivacaine hydrochloride,789
Bupropion hydrochloride,790
Buspirone hydrochloride,791
Butein,792
Butenafine hydrochloride,793
Butoconazole nitrate,794
Butyl 4-aminobenzoate,795
Butylparaben,796
By-Product of CUDC-305,797
c75,798
C-75,798
C6-CERAMIDE,799
C6-ceramide,799
C646,800
CA3,801
CIL56,801
Cabazitaxel  ,802
Cabazitaxel,802
CABAZITAXEL,802
"Cabozantinib (XL184, BMS-907351)",803
Cabozantinib ,803
XL184(Cabozantinib malate),803
cabozantinib,803
Cabozantinib malate (XL184),803
Cabozantinib,803
CABOZANTINIB,803
CAL-101,804
IDELALISIB,804
GS-1101,804
"CAL-101 (Idelalisib, GS-1101)",804
Idelalisib,804
idelalisib,804
CANERTINIB,805
Canertinib dihydrochloride,805
Canertinib,805
canertinib,805
CI-1033,805
Canertinib (CI-1033),805
"CAP-232, TT-232, TLN-232",806
CAP-232,806
Capecitabine  ,807
Capecitabine,807
Capecitabine ,807
CAPECITABINE,807
Carboplatin  ,808
Carboplatin,808
carboplatin,808
CARBOPLATIN,808
Carfilzomib,809
carfilzomib,809
CARFILZOMIB,809
Carfilzomib ,809
Carmustine,810
Carmustine  ,810
CARMUSTINE,810
CAY10505,811
CAY10566,812
CAY10576,813
CAY10594,814
CAY10603,815
CAY10618,816
CB-64D,817
CBB-1007,818
CBL0137,819
CC-115,820
CC-223,821
CC122,822
CCT-128930,823
CCT128930,823
CCT007093,824
CCT018159,825
CCT036477,826
CCT196969,827
CD-1530,828
CD 1530,828
CD-437,829
CD532,830
CEFMINOX SODIUM,831
Celecoxib,832
CELECOXIB,832
CEP-18770,833
Delanzomib,833
CEP-28122,834
CEP-32496,835
RXDX105,835
CEP-33779,836
CEP-37440,837
Lestaurtinib,838
lestaurtinib,838
CEP-701,838
LESTAURTINIB,838
Lestaurtinib (CEP-701),838
CEP-9722,839
ceranib-2,840
CERANIB-2,840
CERANIB­2,840
CERULENIN,841
cerulenin,841
"CETUXIMAB, ERBITUX",842
CFI-400945,843
CFI-402257-18,844
CGI1746,845
CGK 733,846
"CGP-082996, CINK4, KIN001-021",847
CGP-60474,848
VATALANIB,849
vatalanib/ptk787,849
CGP-79787D,849
Vatalanib (PTK787),849
Vatalanib,849
Vatalanib (PTK787) 2HCl,849
CGS 12066B dimaleate,850
CH 55,851
Ch-55,851
MEN 1611,852
CH-5132799,852
CH5132799,852
CH-5132799 ,852
CH-5428402 HCl,853
CH5183284 (Debio-1347),854
ISX 9,855
NEURONAL DIFFERENTIATION INDUCER III,855
neuronal differentiation inducer III,855
CHEMBL1222381,855
CHEMBL399379,856
CHIR-258,857
TKI258,857
CHIR 258,857
dovitinib,857
Dovitinib (TKI-258) Dilactic Acid,857
Dovitinib,857
"Dovitinib (TKI-258, CHIR-258)",857
Dovitinib (CHIR-258),857
CHIR 98014,858
CHIR-99021 (CT99021) HCl,859
CHIR 99021,859
CHIR-99021,859
CHIR-99021 (CT99021),859
CHIR-124,860
CHIR-98014,861
Chloroambucil,862
Chlorambucil,862
chlorambucil,862
CHLORAMBUCIL,862
Chlorambucil  ,862
CHM-1,863
CHM 1,863
GMX-1778,864
CHS 828,864
CI 1040,865
PD184352 (CI-1040),865
PD184352,865
CI-1040 (PD184352),865
PD-184352,865
CI 976,866
CI-976,866
tacedinaline,867
Tacedinaline,867
CI994 (Tacedinaline),867
Ciclopirox,868
Ciclopirox ethanolamine,868
ciclopirox,868
CICLOPIROX,868
CID 2858522,869
ML029,869
CID 5951923,870
CID-5951923,870
CIL41,871
CIL55,872
CIL55A,873
CIL70,874
cimetidine,875
CIMETIDINE,875
Cimetidine,875
CISPLATIN,876
cisplatin,876
Cisplatin,876
SB715992(Ispinesib),877
CK-0238273,877
Ispinesib,877
"ISPINESIB MESYLATE, SB-715992",877
CL-387785 (EKI-785),878
CLADRIBINE,879
Cladribine,879
Clofarabine  ,880
Clofarabine,880
clofarabine,880
CLOFARABINE,880
CM 346(Obenoxazine),881
"CMK, KIN001-128",882
CNV-1014802,883
CNX-2006,884
CNX-774,885
CO-101,886
Rociletinib,887
CO-1686 (AVL-301),887
"Rociletinib (CO-1686, AVL-301)",887
CO-1686,887
COL-3,888
COMPOUND 401,889
CP-673451,890
CP-724714,891
Crenolanib ,892
CP-868596,892
Crenolanib,892
Crenolanib (CP-868596),892
CP-91149,893
CP466722,894
CPI-0610,895
CPI-169,896
CPI-203,897
CPI203,897
CPI-360,898
CPI-613,899
CR-1-31B,900
CRIZOTINIB,901
Crizotinib (PF-02341066),901
Crizotinib,901
crizotinib/pf2341066,901
PF-02341066,901
Crizotinib ,901
PF-2341066,901
crizotinib,901
Crizotinib (PF-2341066),901
Crizotinib  ,901
PF2341066,901
CS-7017,902
CT-32228,903
cucurbitacin I,904
CUCURBITACIN I,904
CUDC-101,905
CUDC-305,906
CUDC-907,907
Fimepinostat,907
Curcumin,908
CURCUMIN,908
curcumin,908
CVT-313,909
CX-4945 (Silmitasertib),910
CX-4945,910
silmitasertib,910
Silmitasertib,910
cx4945,910
SILMITASERTIB,910
CX-5461,911
CX5461,911
CX-6258 HCl,912
CX-6258,912
CYC-116,913
CYC116,913
"Roscovitine (Seliciclib,CYC202)",914
"Roscovitine (CYC202,Seliciclib)",914
ROSCOVITINE,914
Seliciclib,914
Roscovitine,914
CYC-202,914
Roscovitine (CYC-202),914
CYC065,915
Cyclopamine,916
CYCLOPAMINE,916
CYCLOPHOSPHAMIDE,917
cyclophosphamide,917
Cyclophosphamide,917
Cyclophosphamide monohydrate,917
Cyclophosphamide  ,917
Cyclosporin A,918
ciclosporin,918
CYCLOSPORIN A,918
MOMELOTINIB,919
CYT-387,919
CYT387,919
momelotinib,919
Momelotinib,919
Momelotinib (CYT387),919
CYT-997,920
CYT997 (Lexibulin),920
CYTARABINE,921
CYTARABINE HYDROCHLORIDE,921
Cytarabin,921
cytarabine hydrochloride,921
Cytarabine ,921
Cytarabine,921
CYTOCHALASIN B,922
cytochalasin B,922
CZC24832,923
"Cabotegravir (GSK744, GSK1265744)",924
Caffeic Acid,925
Caffeine,926
Calcipotriol,927
Lithium Carbonate,928
Calcium carbonate,928
Folinic Acid Calcium Salt Pentahydrate ,929
Leucovorin calcium,929
Calcium folinate,929
Sodium gluconate,930
Calcium gluconate,930
Camostat mesilate,931
Camphor,932
Camylofin,933
Candesartan,934
Candesartan Cilexetil,935
Canrenone,936
Cantharidin,937
Capastat sulfate,938
Capitrol,939
INCB28060,940
INCB28060(Capmatinib),940
Capmatinib,940
NVP-INC280,940
Capsaicin,941
capsaicin,941
Captopril,942
Carazolol,943
Carbachol,944
Carbadox,945
Carbaglu,946
Carbamazepine,947
Carbazochrome sodium sulfonate,948
Carbendazim,949
Carbenicillin disodium,950
Carbenoxolone disodium,951
Carbetapentane citrate,952
Carbidopa Hydrate,953
Carbimazole,954
Carbinoxamine Maleate Salt,955
Cariporide,956
Carisoprodol,957
Carmofur,958
Carprofen,959
Carsalame,960
Carteolol hydrochloride,961
Carvedilol,962
Carvedilol phosphate,962
Carvedilol EP IMpurity E,963
Carzenide,964
Casanthranol,965
Catharanthine,966
Cdk1/2 inhibitor III,967
Cdk2/9 inhibitor,968
Cdk4 inhibitor,969
Cefaclor monohydrate,970
Cefadroxil,971
Cefazolin sodium salt,972
Cefdinir,973
Cefditoren pivoxil,974
Cefixime,975
Cefmenoxime hydrochloride,976
Cefmetazole sodium,977
Cefonicid sodium,978
Cefoperazone sodium,979
Cefotaxime sodium,980
Cefotiam hydrochloride,981
Cefoxitin sodium,982
Cefpiramide acid,983
Ceftazidime,984
Sodium ceftiofur,985
Ceftiofur hydrochloride,985
Ceftriaxone sodium,986
Cefuroxime sodium,987
Celiprolol hydrochloride,988
Cepazine,989
Cephalexin,990
Cephalomannine,991
Cephalon Early Alk Inhibitor,992
Cephalothin sodium,993
Cepharanthine,994
Cephradine,995
Ceralasertib,996
PRT062070,997
Cerdulatinib,997
LDK378(Ceritinib),998
LDK378,998
LDK378 (Ceritinib),998
ceritinib,998
Ceritinib,998
Cetilistat,999
Cetirizine dihydrochloride,1000
Cetuximab,1001
Cetylpyridinium chloride monohydrate,1002
Cetylpyridinium Chloride,1002
Cevimeline hydrochloride hemihydrate,1003
Chenodeoxycholic acid,1004
Chetomin,1005
Chidamide,1006
Chitosan,1007
Chloquinan(Chlorquinaldol),1008
Chloral hydrate,1009
Chloramine-T,1010
Chloramphenicol,1011
Chlorhexidine,1012
Chlorhexidine hydrochloride,1012
Chlorhexidine Acetate,1012
Chlormadinone acetate,1013
Chlormezanone,1014
Chlorogenic Acid,1015
Chlorophos,1016
Chloropyramine hydrochloride,1017
Chloroquine diphosphate,1018
Chloroquine,1018
Chloroquine Phosphate,1018
Chlorothiazide,1019
Chlorotrianisene,1020
Chloroxylenol,1021
Chlorpheniramine maleate,1022
Chlorpromazine hydrochloride,1023
Chlorpromazine,1023
Chlorpropamide,1024
Chlorprothixene hydrochloride,1025
Chlorprothixene,1025
Chlortalidone,1026
Chlortetracycline hydrochloride,1027
Chlorzoxazone,1028
Cholic Acid,1029
Choline chloride,1030
Chondroitine sulfate,1031
Chromocarbe,1032
Chrysophanic Acid,1033
Chrysophanol,1033
Cialis,1034
Ciclesonide(RPR251526),1035
Cilastatin,1036
EMD-121974,1037
Cilengitide,1037
cilengitide,1037
Cilnidipine,1038
Cilostazol,1039
Cinacalcet hydrochloride,1040
Cinchonidine,1041
Cinchonine,1042
Cinchophen,1043
Cinepazide maleate,1044
Cinoxacin,1045
Ciprofloxacin hydrochloride,1046
Ciprofloxacin,1046
Ciproxifan maleate,1047
Cisapride,1048
Cisatracurium besylate,1049
Citalopram HBr,1050
Citicoline,1051
Citicoline sodium,1051
Citiolone,1052
Cixutumumab,1053
Clarithromycin,1054
Clemastine fumarate,1055
Clemizole,1056
Clemizole hydrochloride,1056
Clevidipine butyrate,1057
Clidinium bromide,1058
Climbazole,1059
Clinafloxacin,1060
Clindamycin phosphate,1061
Clinofibrate,1062
Clioquinol,1063
Clobetasol propionate,1064
Clofazimine,1065
Clofibrate,1066
Clofibric acid,1067
Clofilium tosylate,1068
Clofoctol,1069
Clomifene,1070
Clomifene citrate,1071
Clomiphene citrate (Z.E) ,1071
Clonidine hydrochloride,1072
Cloperastine hydrochloride,1073
Clopidogrel sulfate,1074
Clopidogrel,1074
Clopidol,1075
Clorprenaline hydrochloride,1076
Clorpyrifos,1077
Clorsulon,1078
Closantel,1079
Clotrimazole,1080
Cloxacillin sodium monohydrate,1081
Clozapine,1082
Cobimetinib,1083
XL-518 (isomer 2),1083
"Cobimetinib (GDC-0973, RG7420)",1083
cobimetinib,1083
XL-518 (isomer 1),1083
Coenzyme Q10 (CoQ10),1084
Colchicine,1085
Colistin sulfate,1086
Combretastatin A4,1087
Compound 10b,1088
Compound 110,1089
Compound 1541A,1090
Compound 23 citrate,1091
Compound 44,1092
Compound 7d-cis,1093
Compound 968,1094
Conivaptan hydrochloride,1095
Cordycepin,1096
Cortisol acetate,1097
Hydrocortisone acetate,1097
Cortisone,1098
Cortisone acetate,1099
Cortodoxone,1100
Corvotone,1101
Coumarin,1102
Cpd-401,1103
Crenigacestat,1104
LY3039478,1104
Crenolamib Besylate,1105
Cresol,1106
Crocin,1107
Crotamiton,1108
Cryptotanshinone,1109
Crystal Violet,1110
Curcumol,1111
Cyanoacetohydrazide,1112
Cyanocobalamin,1113
Cyclandelate,1114
Cyclizine dihydrochloride,1115
Cyclobenzaprine hydrochloride,1116
Cyclocytidine hydrochloride,1117
Cyclovirobuxin D,1118
Cyproheptadine hydrochloride,1119
Cyproterone acetate,1120
Cyromazine,1121
Cytisine,1122
D 4476,1123
D(+)-Glucose,1124
D-(+)-Maltose monohydrate,1125
D-Biotin,1126
D-Camphor,1127
D-Cycloserine,1128
D-Mannitol,1129
D-Pantethine,1130
D-Phenylalanine,1131
D-Sorbitol,1132
D-Stachyose tetrahydrate,1133
D-erythro-Sphingosine,1134
DAA1106,1135
Dacarbazine,1136
dacarbazine,1136
Dacarbazine  ,1136
DACARBAZINE,1136
DACINOSTAT,1137
LAQ824 (Dacinostat),1137
dacomitinib,1138
Dacomitinib,1138
DACOMITINIB,1138
"Dacomitinib (PF299804, PF299)",1138
PF-299804,1138
fk866,1139
FK866,1139
Daporinad,1139
DAPORINAD,1139
daporinad,1139
"FK866 (APO866, Daporinad)",1139
DAPT (GSI-IX),1140
Darinaparsin,1141
DARINAPARSIN,1141
darinaparsin,1141
ML203,1142
DASA-58,1142
Dasatinib monohydrate,1143
Dasatinib,1143
Dasatinib  ,1143
DASATINIB,1143
dasatinib,1143
Daunorubicin HCl,1144
DAUNORUBICIN HYDROCHLORIDE,1144
Daunorubicin hydrochloride,1144
Daunorubicin ,1144
Daunorubicin,1144
DBEQ,1145
DBeQ,1145
DBZ,1146
YO-01027,1146
DC-45-A2,1147
DCC-2036 (Rebastinib),1148
Rebastinib,1148
DDR1-IN-1,1149
Decitabine 5-Aza-2'-deoxycytidine,1150
Dacogen,1150
DECITABINE,1150
decitabine,1150
Decitabine,1150
Decitabine (Dacogen),1150
Decitabine  ,1150
DEGUELIN,1151
DEL-22379,1152
DEXAMETHASONE,1153
dexamethasone,1153
Dexamethasone,1153
Dexrazoxane,1154
DEXRAZOXANE,1154
Dexrazoxane hydrochloride,1154
DIHYDROROTENONE,1155
MK-7965,1156
DINACICLIB,1156
Dinaciclib (SCH727965),1156
Dinaciclib,1156
dinaciclib,1156
DL-Adrenalin,1157
DL-Adrenaline Hydrochloride,1157
DL-Carnitine,1158
L(-)-Carnitine,1158
DL-Glutamine,1159
DL-Menthol,1160
DL-Penicillamine,1161
DL-Xylose,1162
DL-trihexyphenidyl hydrochloride,1163
LDN193189,1164
LDN-193189,1164
DM3189,1164
"DMOG, DIMETHYLOXALYLGLCINE",1165
Dimethyl sulfoxide,1166
DMSO,1166
DNA-PK INHIBITOR V,1167
DNMDP,1168
DOCETAXEL,1169
Docetaxel trihydrate,1169
Docetaxel,1169
docetaxel,1169
Docetaxel  ,1169
DOV 21947 hydrochloride(Amitifadine hydrochloride),1170
DOXORUBICIN,1171
DOXORUBICIN HYDROCHLORIDE,1171
Doxorubicin ,1171
doxorubicin,1171
Doxorubicin Hcl,1171
Doxorubicin hydrochloride,1171
Doxorubicin,1171
DR 2313,1172
DR5,1173
Dabigatran etexilate,1174
Daclatasvir dihydrochloride,1175
Daidzein,1176
Daidzin,1177
Dalasetron Mesylate Hydrate,1178
Dalbavancin Impurity,1179
Dalotuzumab,1180
Danazol,1181
Danofloxacin mesylate,1182
Danoprevir (ITMN-191),1183
Danusertib,1184
Danusertib (PHA-739358),1184
Dapagliflozin,1185
Daphnetin,1186
Dapivirine (TMC120),1187
Dapoxetine hydrochloride,1188
Daprodustat ,1189
Daprodustat,1189
Daptomycin,1190
Darapladib,1191
Darifenacin HBr,1192
Darunavir ,1193
Darunavir Ethanolate,1194
"Daunorubicin, HCl",1195
Daurisoline,1196
Decamethonium bromide,1197
Decernotinib,1198
Decernotinib (VX-509),1198
Decernotinib(VX-509),1199
Decoquinate,1200
Defactinib,1201
"Defactinib (VS-6063, PF-04554878)",1201
defactinib,1201
Deferasirox,1202
Deferidone,1203
Deferoxamine,1204
Deferoxamine Mesylate,1204
Deflazacort,1205
WP1130,1206
Degrasyn,1206
Degrasyn (WP1130),1206
Dehydroacetic acid,1207
Dehydrocholic acid,1208
Sodium dehydrocholate,1208
Dehydroepiandrosterone,1209
Delapril Hydrochloride,1210
Delphene,1211
Delta-Gluconolactone,1212
Demeclocycline hydrochloride,1213
Demethyl,1214
Dendrid,1215
Deoxycholic acid,1216
Deoxycorticosterone acetate,1217
Depofemin,1218
Romidepsin,1219
Depsipeptide,1219
Romidepsin  ,1219
Dequalinium chloride,1220
Dequalinium dichloride,1220
Deracil,1221
Deracoxib,1222
Dermofongin,1223
Des-fluoro-TAK-960,1224
Desipramine hydrochloride,1225
Desloratadine,1226
Desonide,1227
Desvenlafaxine,1228
Dexamethason acetate,1229
Dexamethasone (DHAP),1230
Dexchlorpheniramine Maleate,1231
Dexibuprofen,1232
Dexmedetomidine,1233
Dexpanthenol,1234
Dexrazoxone,1235
Dextromethorphan HBr monohydrate,1236
Diacerein,1237
Glycyrrhizin (Glycyrrhizic Acid),1238
Diammonium Glycyrrhizinate,1238
Diatrizoate sodium,1239
Diazinon,1240
Diazoxide,1241
Dibucaine,1242
Dibucaine hydrochloride,1242
Dichlorbenzamil,1243
Dichlorophen,1244
Dichlorvos,1245
Diciofenac,1246
Diclazuril,1247
Diclofenac,1248
Diclofenac diethylamine,1248
Diclofenac sodium,1248
Dicumarol,1249
Dicurone,1250
Dicyclomine hydrochloride,1251
Didanosine ,1252
Dienestrol,1253
Dienogest,1254
Diethylcarbamazine citrate,1255
Diethylstilbestrol,1256
Diflorasone,1257
Diflunisal,1258
Digitoxigenin,1259
Digitoxin,1260
Digoxin,1261
Dihydralazine sulphate,1262
Dihydroartemisinin,1263
Dihydroergotamine Mesylate,1264
Dihydrostreptomycin sulfate,1265
Diltiazem hydrochloride,1266
Dimenhydrinate,1267
Dimesna,1268
Dimethyl fumarate,1269
Dimetridazole,1270
Diminazene Aceturate,1271
Dinitolmide,1272
Diosmin,1273
Dioxybenzone,1274
Diperodon hydrochloride,1275
Diphemanil mesylate,1276
Diphenhydramine hydrochloride,1277
Diphenidol hydrochloride,1278
Diphenylcyclopropenone,1279
Diphenylpyraline hydrochloride,1280
Dipivefrin hydrochloride,1281
Diprophylline,1282
Dirithromycin,1283
Disodium clodronate tetrahydrate,1284
Disopyramide,1285
Disulfiram,1286
Disulfiram(+CuCl2),1286
Dithiopropanol,1287
Dixanthogen,1288
Docusate sodium,1289
Domperidone,1290
Dopamine hydrochloride,1291
Doramectin,1292
Doripenem Hydrate,1293
Dorzolamide hydrochloride,1294
Doxapram hydrochloride monohydrate,1295
Doxazosin mesylate,1296
Doxepin hydrochloride,1297
Doxifluridine,1298
Doxofylline,1299
Doxorubicin3,1300
Doxycycline hydrochloride,1301
Doxycycline hyclate,1301
Doxylamine succinate,1302
Drofenine hydrochloride,1303
Dronedarone hydrochloride,1304
Droperidol,1305
Dropropizine,1306
Drospirenone,1307
Drostanolone Propionate,1308
Droxidopa,1309
Duloxetine hydrochloride,1310
Durvalumab,1311
Dusigitumab,1312
Dutasteride,1313
INK-1197,1314
"Duvelisib (IPI-145, INK1197) ",1314
Duvelisib,1314
IPI-145 (INK1197),1314
Dyclonine hydrochloride,1315
Dypyridamole,1316
E-7850,1317
E7820,1318
EB-1627,1319
EHT 1864,1320
EHop-016 ,1321
EHop-016,1321
ELCPK,1322
ELEPHANTIN,1323
ELESCLOMOL,1324
sta4783,1324
Elesclomol (STA-4783),1324
Elesclomol,1324
ELN 441958,1325
ELOCALCITOL,1326
elocalcitol,1326
EMBELIN,1327
embelin,1327
Embelin,1327
EMD-1204831,1328
Tepotinib (EMD 1214063),1329
EMD-1214063,1329
EMD1214063,1329
Tepotinib,1329
EMD-534085,1330
ENMD-981693,1331
ENMD-2076,1331
enmd2076,1331
ENMD-2076 Precursor,1332
ENTINOSTAT,1333
Entinostat,1333
Entinostat ,1333
entinostat,1333
MS-275,1333
Entinostat (MS-275),1333
Enzalutamide (MDV3100),1334
Enzalutamide,1334
ENZALUTAMIDE,1334
Enzalutamide ,1334
Enzastaurin (LY317615),1335
ENZASTAURIN,1335
Enzastaurin,1335
enzastaurin,1335
LY-317615,1335
LY317615,1335
EP-90745,1336
EPIGALLOCATECHIN-3-MONOGALLATE[(-)-EPIGALLOCATECHIN GALLATE],1337
epigallocatechin-3-monogallate,1337
EPIRUBICIN,1338
Epirubicin ,1338
Epirubicin HCl,1338
EPIRUBICIN HYDROCHLORIDE,1338
Epirubicin,1338
Epirubicin hydrochloride,1338
Patupilone,1339
Patupilone ,1339
"EPOTHILONE B, GNF-PF-193",1339
EPZ004777,1340
EPZ-004777,1340
EPZ-5676,1341
Pinometostat,1341
EPZ5676,1341
EPZ005687,1342
EPZ-5687,1342
Tazemetostat,1343
EPZ6438,1343
EPZ-6438,1343
EPZ011989,1344
EPZ015666,1345
EPZ031686,1346
erastin,1347
ERASTIN,1347
Erastin,1347
ERISMODEGIB,1348
LDE-225,1348
Sonidegib,1348
"LDE225 (NVP-LDE225,Erismodegib)",1348
sonidegib,1348
Erismodegib,1348
erismodegib,1348
LDE225,1348
ERK5-IN-1,1349
ERLOTINIB HYDROCHLORIDE,1350
ERLOTINIB,1350
Erlotinib HCl,1350
erlotinib,1350
Erlotinib,1350
Erlotinib hydrochloride,1350
Erlotinib ,1350
ESTRAMUSTINE PHOSPHATE SODIUM,1351
Estramustine phosphate sodium,1351
ETC-1002,1352
etomoxir,1353
ETOMOXIR,1353
Etomoxir,1353
Etoposide  ,1354
Etoposide,1354
Etoposid,1354
ETOPOSIDE,1354
etoposide,1354
ETP-45835,1355
ETP-46464,1356
everolimus,1357
EVEROLIMUS,1357
Everolimus  ,1357
Everolimus ,1357
Everolimus,1357
NF-kB Activation Inhibitor,1358
EVP4593,1358
EX 527 (SELISISTAT),1359
Selisistat,1359
EX-527,1359
Exemestane  ,1360
Exemestane,1360
EXEMESTANE,1360
Ebastine,1361
Ebselen,1362
Eburnalritardo,1363
Eburnamonine (-),1364
Ecabet Sodium,1365
Econazole nitrate,1366
Econazole,1366
Edaravone,1367
Edetate Trisodium,1368
"Edoxaban Tosylate Monohydrate
",1369
Edoxaban,1369
Efavirenz ,1370
Efinaconazole,1371
Eflornithine hydrochloride Monohydrate,1372
Efonidipine(NZ-105),1373
Eganelisib,1374
Elacridar,1375
Eletriptan HBr,1376
Elimusertib,1377
Eliprodil,1378
Ellagic acid,1379
Ellipticine,1380
Eltanexor,1381
Eltrombopag,1382
Eluxadoline,1383
"Elvitegravir(GS-9137, JTK-303)",1384
Emapunil,1385
Emetine 2HCl,1386
Emodin,1387
Empagliflozin (BI 10773),1388
Emtricitabine,1389
Enalapril,1390
Encorafenib,1391
Endoxifen,1392
Eniporide,1393
Enoxacin,1394
Enoxacin Sesquihydrate,1394
Enoxolone,1395
Enrofloxacin,1396
Ensartinib dihydrochloride,1397
Ensartinib,1397
Entacapone,1398
Entecavir hydrate,1399
Entecavir,1399
Entospletinib (GS-9973),1400
Entospletinib,1400
GS-9973,1400
Entrectinib,1401
Entrectinib (RXDX-101),1401
RXDX101,1401
Epacadostat,1402
Epalrestat,1403
Epiandrosterone,1404
Epinephrine bitartrate,1405
Epirizole,1406
Eplerenone,1407
Eprazinone dihydrochloride,1408
Eprodisate disodium,1409
Eprosartan Mesylate,1410
Erbstatin analog,1411
Erdafitinib,1412
JNJ-42756493,1412
Erdosteine,1413
Ergonovine maleate,1414
Eribulin,1415
Eribulin Mesylate,1415
Erythromycin,1416
Erythromycin ethylsuccinate,1417
Escin,1418
Escitalopram,1419
Eslicarbazepine Acetate,1420
Esmolol hydrochloride,1421
Esomeprazole Sodium,1422
Esomeprazole Magnesium,1422
Estradiol,1423
Estradiol benzoate,1424
Estradiol valerate,1425
Estramustine ,1426
Estramustine,1426
Estriol,1427
Estropipate,1428
Etamsylate,1429
Ethamsylate,1429
Ethacridine lactate monohydrate,1430
Ethambutol dihydrochloride,1431
Ethamivan,1432
Ethaverine hydrochloride,1433
Ethinamide,1434
Ethisterone,1435
Ethopabate,1436
Ethosuximide,1437
Ethylparaben,1438
Ethynodiol diacetate,1439
Ethynyl estradiol,1440
Ethynylestradiol 3-methyl ether,1441
Mestranol,1441
Etidronate,1442
Sodium etidronate,1442
Etilefrine hydrochloride,1443
Etodolac,1444
Etofenamate,1445
Etofibrate,1446
Etofylline,1447
Etomidate,1448
Etonogestrel,1449
Etravirine (TMC125),1450
Eucalyptol,1451
Eugenol,1452
Euquinine,1453
Evans blue,1454
Everolimus (RAD001),1455
Exherin (ADH-1),1456
Ezetimibe,1457
F 11440,1458
F387C,1459
F4,1460
FAU,1461
FENOLDOPAM MESYLATE,1462
FG-2216,1463
Roxadustat (FG-4592),1464
Roxadustat,1464
FG-4592,1464
FGIN-1-27,1465
fh535,1466
FH535,1466
FIIN-2,1467
Fingolimod,1468
"FTY-720, FINGOLIMOD HYDROCHLORIDE; GILENYA; TDI-132; IMUSERA; GILENIA",1468
Fingolimod (FTY720) HCl,1468
FINGOLIMOD (FTY720) HCL,1468
fingolimod,1468
FINGOLIMOD,1468
FK-506,1469
FLOXURIDINE,1470
Floxuridine,1470
FLUDARABINE,1471
fludarabin,1471
Fludarabine,1471
fludarabine,1471
Fludarabine   ,1471
FLUDARABINE PHOSPHATE,1472
Fludarabine phosphate,1472
Fludarabine Phosphate,1472
Fluvastatin,1473
Fluvastatin sodium salt,1473
FLUVASTATIN SODIUM,1473
fluvastatin,1473
"FMK, KIN001-242",1474
Foretinib (XL880),1475
Foretinib,1475
Foretinib ,1475
Foretinib (GSK1363089),1475
XL-880,1475
foretinib,1475
FORETINIB,1475
FOSFOSAL,1476
FQI-1,1477
FQI-2,1478
FR-180204,1479
FRAX486,1480
FRAX597,1481
FSC231,1482
FTI-277,1483
FULVESTRANT,1484
fulvestrant,1484
Fulvestrant,1484
FUMONISIN_B1,1485
fumonisin B1,1485
FUMONISIN B1,1485
Famciclovir,1486
Famotidine,1487
Famprofazone,1488
Farlutin,1489
Fasudil,1490
Fasudil (HA-1077) hydrochloride,1490
Fasudil (HA-1077) HCl,1490
Fasudil ,1490
Febuxostat,1491
Fedratinib,1492
SAR-302503,1492
TG-101348,1492
"Fedratinib (SAR302503, TG101348)",1492
TG101348 (SAR302503),1492
TG101348,1492
Felbamate,1493
Felodipine,1494
Fenbendazole,1495
Fenbufen,1496
Fenchlorphos,1497
Fendiline hydrochloride,1498
Fenipentol,1499
Fenofibrate,1500
Fenofibric acid,1501
Fenoprofen,1502
Fenoprofen calcium,1502
Fenretinide,1503
Fenspiride hydrochloride,1504
Fenticonazole Nitrate,1505
Ferrous fumarate,1506
Ferulic Acid,1507
Fesoterodine fumarate,1508
Fexinidazole,1509
Fexofenadine hydrochloride,1510
Figitumumab (CP-751871)​,1511
Filgotinib,1512
Filgotinib (GLPG0634),1512
Fimasartan(BR-A-657),1513
Finasteride,1514
Fipexide,1515
Fipronil,1516
Fisetin,1517
Flavin mononucleotide,1518
Flavoxate hydrochloride,1519
Flopropione,1520
Florfenicol,1521
Flubendazole,1522
Fluconazole,1523
Fludrocortisone acetate,1524
Flufenamic acid,1525
Flumazenil,1526
Flumequine,1527
Flumethasone,1528
Flunarizine dihydrochloride,1529
Flunixin meglumin,1530
Fluocinolone acetonide,1531
Fluocinonide,1532
Fluorescein,1533
Fluorocytosine,1534
Fluoromethalone,1535
Fluoxetine,1536
Fluoxetine hydrochloride,1536
Fluoxymesterone,1537
Flupenthixol dihydrochloride,1538
Fluphenazine,1539
Fluphenazine hydrochloride,1539
Fluphenazine dihydrochloride,1539
Flupirtine maleate,1540
Flurbiprofen,1541
Flutamide,1542
Fluticasone propionate,1543
Fluvoxamine maleate,1544
Folic acid,1545
Formestane,1546
Formononetin,1547
Forskolin,1548
Fosaprepitant dimeglumine,1549
Fosfomycin calcium,1550
Fosinopril sodium,1551
Fostamatinib,1552
R-788,1552
Fostamatinib (R788),1552
R788 (Fostamatinib) Disodium,1552
Fostamatinib disodium hexahydrate,1552
Fostamatinib aq,1553
Fraxetin,1554
Fructose,1555
Fruquintinib,1556
Ftaxilide,1557
Fudosteine,1558
Furacilin,1559
Furaltadone hydrochloride,1560
Furazolidone,1561
Furosemide,1562
Fusidine,1563
Sodium fusidate,1563
G-749,1564
G3,1565
GALLIBISCOQUINAZOLE,1566
GANT 61,1567
GANT-61,1567
GATIFLOXACIN,1568
GBR 12909 dihydrochloride,1569
Pictilisib,1570
GDC 0941,1570
GDC0941,1570
GDC-0941,1570
Taselisib,1571
TASELISIB,1571
GDC-0032,1571
GDC0068 (Ipatasertib),1572
Ipatasertib,1572
GDC-0068,1572
GDC-0084,1573
Paxalisib,1573
GDC-0152,1574
GDC-0349,1575
GDC-0449,1576
vismodegib/gdc0449,1576
Vismodegib,1576
Vismodegib ,1576
vismodegib,1576
VISMODEGIB,1576
Vismodegib (GDC-0449),1576
GDC-0623,1577
GDC-0810,1578
GDC-0853,1579
GDC-0879,1580
GDC-0919,1581
GDC-0994,1582
Ravoxertinib,1582
GEFITINIB,1583
Gefitinib,1583
Gefitinib ,1583
Gefitinib (ZD1839),1583
Gefitinib  ,1583
gefitinib,1583
GEMCITABINE,1584
gemcitabine,1584
GEMCITABINE HYDROCHLORIDE,1584
Gemcitabine hydrochloride,1584
Gemcitabine ,1584
Gemcitabine,1584
GENENTECH CPD 10,1585
GENZ-644282,1586
GF109203X,1587
GKT137831,1588
GNE-0877,1589
"GNE-317, GNE317, GNE 317",1590
GNE-7915,1591
GNE-9605,1592
GNF-2,1593
GNF-5,1594
GS-7340 Tenofovir alafenamide,1595
GSK269962,1596
GSK269962A,1596
GSK 269962A,1596
GSK4112,1597
GSK 4112,1597
GSK-J4,1598
GSK J4,1598
GSK-1059615,1599
GSK1059615,1599
GSK-1070916,1600
GSK1070916,1600
GSK-1210151A,1601
GSK-1838705A,1602
GSK1838705A,1602
GSK1904529A,1603
GSK-1904529A,1603
GSK-2126458,1604
GSK2126458,1604
GSK2126458(Omipalisib),1604
Omipalisib,1604
GSK2126458 (GSK458),1604
GSK-2334470,1605
GSK2334470,1605
GSK-2636771,1606
GSK2636771,1606
GSK2879552,1607
GSK-2879552,1607
GSK-461364,1608
GSK461364,1608
I-BET-762,1609
GSK525762A,1609
GSK525762,1609
Molibresib,1609
GSK-525762A(I-BET-762),1609
GSK-690693 ,1610
GSK690693,1610
GSK-690693,1610
Trametinib ,1611
GSK1120212,1611
Trametinib,1611
trametinib,1611
TRAMETINIB,1611
Trametinib (GSK1120212),1611
GSK126,1612
GSK1292263,1613
GSK1324726A,1614
GSK2256098,1615
GSK2292767,1616
GSK2578215A,1617
GSK2606414,1618
GSK2656157,1619
GSK2801,1620
GSK2830371,1621
GSK3326595,1622
GSK343,1623
"GSK343, GTPL8240, AOB3680, AK175558",1624
GSK3787,1625
GSK429286A,1626
"GSK591, EPZ015866, GSK3203591",1627
GSK591,1627
GSK621,1628
gsk650394,1629
GSK650394,1629
GSK923295,1630
GTS 21 dihydrochloride,1631
GW 405833,1632
GW-405833,1632
GW 441756,1633
gw441756,1633
GW441756,1633
GW843682X,1634
GW 843682X,1634
GW843682X (AN-13),1634
GW-843682X,1634
GW-2580,1635
GW2580,1635
gw2580,1635
GW-5074,1636
GW5074,1636
GW788388,1637
GX15-070,1638
GZD824,1639
Gabapentin,1640
Gabexate mesylate,1641
Galanthamine HBr,1642
Galiellalactone,1643
Gallamine triethiodide,1644
Gallic acid,1645
Galunisertib (LY2157299),1646
galunisertib,1646
Galunisertib,1646
LY-2157299,1646
LY2157299,1646
Ganciclovir,1647
LY-2784544,1648
Gandotinib (LY2784544),1648
LY2784544,1648
Gandotinib,1648
STA-9090,1649
Ganetespib,1649
Ganetespib (STA-9090),1649
Ganitumab (AMG-479)​,1650
Gastrodin ,1651
Gedatolisib,1652
Gedatolisib (PF-05212384),1652
PF-05212384,1652
"Gedatolisib (PF-05212384, PKI-587)",1652
geldanamycin,1653
Geldanamycin,1653
Gemcitibine,1654
Gemfibrozil,1655
Gemifioxacin mesylate,1656
Genipin,1657
Geniposide,1658
Geniposidic Acid,1659
Genistein,1660
Gentamycin sulfate,1661
Gestodene,1662
Gilteritinib,1663
Gimeracil,1664
Ginkgolide A,1665
Ginkgolide B,1666
Ginkgolide C,1667
Ginsenoside Rb1,1668
Ginsenoside Rc,1669
Ginsenoside Re,1670
Ginsenoside Rg1,1671
Givinostat,1672
Glafenine Hydrochloride,1673
Glafenine,1673
Glasdegib,1674
glasdegib,1674
PF-04449913,1674
Glesatinib,1675
Gliclazide,1676
Glimepiride,1677
Glipizide,1678
Gliquidone,1679
Glucosamine,1680
Glucosamine hydrochloride,1681
Glucosamine sulfate,1681
Glutathione,1682
Glyburide,1683
Glycerite,1684
Glycopyrrolate,1685
Glycyrrhetinic acid(Enoxolone),1686
Go 6983,1687
Go6976,1688
Go7874,1689
Golvatinib ,1690
Golvatinib (E7050),1690
Golvatinib,1690
Goserelin,1691
Gramicidin,1692
Granisetron hydrochloride,1693
Griseofulvin,1694
Guaiacol,1695
Guaifenesin,1696
Guanabenz Acetate,1697
Guanethidine Monosulfate,1698
Guanfacine hydrochloride,1699
Guanidine hydrochloride,1700
H 89 2HCl,1701
H-89,1701
H-89-2HCl,1701
H 89,1701
H-7 dihydrochloride,1702
H-8 2HCl,1703
H-Tamoxifen,1704
HA130,1705
HA14-1,1706
HBX-41108,1707
HBX 41108,1707
HC-067047,1708
HC 067047,1708
HG-5-113-01,1709
HG-5-88-01,1710
HLI 373,1711
HMN214,1712
HO-3867,1713
OMACETAXINE MEPESUCCINATE,1714
omacetaxine mepesuccinate,1714
HOMOHARRINGTONINE,1714
Homoharringtonine,1714
Omacetaxine mepesuccinate,1714
HONOKIOL,1715
Honokiol,1715
HPI-1,1716
HS-173,1717
HTH-01-015,1718
HYDROXYUREA,1719
Hydroxyurea,1719
hyperforin,1720
HYPERFORIN,1720
HYPOTHEMYCIN,1721
Halazone,1722
Halcinonide,1723
Halofuginone,1724
Haloperidol,1725
Haloprogin,1726
Harmaline,1727
Harmine hydrochloride,1728
Heptaminol hydrochloride,1729
Hesperadin,1730
Hesperetin,1731
Hesperidin,1732
Hexamethonium Bromide,1733
Hexamethylenetetramine,1734
Methenamine,1734
Hexetidine,1735
Hexylcaine hydrochloride,1736
Histamine,1737
Hodostin,1738
Neostigmine bromide,1738
Homatropine Bromide,1739
Homatropine Methylbromide,1740
Homochlorcyclizine dihydrochloride,1741
Homotaurine,1742
Hycanthone,1743
Hydralazine hydrochloride,1744
Hydrastinine HCl,1745
Hydrochlorothiazide,1746
Hydrocortisone,1747
Hydrocortisone Valerate,1748
Hydrocortisone butyrate,1749
Hydroferulic acid,1750
Hydroquinidine,1751
Hydroquinone,1752
Hydroxy Camptothecine,1753
Hydroxy-2-naphthalenylmethylphosphonic acid,1754
Hydroxychloroquine,1755
Hydroxychloroquine sulfate,1755
Hydroxyfasudil,1756
Hydroxyprogesterone,1757
Hydroxyquinoline,1758
Hydroxyzine Pamoate,1759
Hygromycin B,1760
Hypericin,1761
Hyperoside,1762
I-BET,1763
I-BET 151 DIHYDROCHLORIDE,1764
I-BET151,1764
I-BRD9,1765
IBRUTINIB,1766
ibrutinib,1766
Ibrutinib (PCI-32765),1766
Ibrutinib,1766
IC-87114,1767
ICG-001,1768
ICG001,1769
ICL1100013,1770
Idarubicin hydrochloride,1771
IDARUBICIN HYDROCHLORIDE,1771
Idarubicine,1771
Idarubicin,1771
idarubicin,1771
Idarubicin ,1771
Idarubicin HCl,1771
IDH-C227,1772
IDH2-C100,1773
Ifosfamide,1774
ifosfamide,1774
Ifosfamide  ,1774
IFOSFAMIDE,1774
IKK-16 (IKK Inhibitor VII),1775
IKK-16,1775
IMD 0354,1776
IMD-0354,1776
IKK-2-INHIBITOR-V,1776
imd0354,1776
IM-12,1777
IMATINIB,1778
Imatinib (STI571),1778
Imatinib ,1778
Imatinib,1778
imatinib,1778
Imatinib Mesylate (STI571),1778
IMIQUIMOD,1779
Imiquimod,1779
Imiquimod ,1779
importazole,1780
IMPORTAZOLE,1780
Ruxolitinib,1781
Ruxolitinib ,1781
Ruxolitinib (INCB018424),1781
ruxolitinib,1781
RUXOLITINIB,1781
INCB-18424,1781
INCB024360 analogue,1782
TAK228,1783
INK 128 (MLN0128),1783
TAK-228,1783
INK128,1783
MLN-0128,1783
Sapanisertib,1783
INK-128,1783
MLN0128 (Sapanisertib),1783
INK 128 ,1783
INO-1001,1784
IOWH-032,1785
IOX-1,1786
IOX-2,1787
IOX2,1787
IPA-3,1788
ipa3,1788
Saridegib,1789
IPI-926,1789
IPR-456,1790
IRAK 4 Compound 26,1791
IRAK-1/4 INHIBITOR I,1792
IRAK1/4 inhibitor,1793
IRINOTECAN HYDROCHLORIDE,1794
Irinotecan hydrochloride Trihydrate,1794
Irinotecan Hydrochloride,1794
IRINOTECAN,1794
irinotecan,1794
Irinotecan ,1794
Irinotecan,1794
Irinotecan hydrochloride,1794
Irinotecan HCl Trihydrate,1794
isoevodiamine,1795
ISOEVODIAMINE,1795
ISOLIQUIRITIGENIN,1796
isoliquiritigenin,1796
Isoliquiritigenin,1796
ISOX,1797
ISOX:bortezomib (250:1 mol/mol),1798
istradefylline,1799
ISTRADEFYLLINE,1799
itraconazole,1800
ITRACONAZOLE,1800
Itraconazole,1800
ITRI-260,1801
IU1,1802
IU1-47,1803
IVACHTIN,1804
IWP2,1805
"IWP-2, WNT INHIBITOR IWP-2",1805
IWP-L6,1806
IWR-1,1807
IWR-1-endo,1808
Ibudilast,1809
Ibuprofen,1810
Icariin,1811
Icotinib,1812
Icotinib hydrochloride,1812
Icotinib Hydrochloride,1812
Idasanutlin (RS7388),1813
Idasanutlin,1813
Idasanutlin (RG-7388),1813
Idazoxan hydrochloride,1814
Idebenone,1815
Ifenprodil Tartrate,1816
Ifosfamide mustard,1817
Ikarugamycin,1818
Ilaprazole sodium,1819
"Ilomastat (GM6001, Galardin)",1820
Iloperidone,1821
Imazalil,1822
Imperatorin,1823
Inavolisib,1824
Indacaterol,1825
Indacaterol maleate,1825
Indapamide,1826
Indibulin,1827
Indigo,1828
Indirubin,1829
Indisulam,1830
indisulam,1830
Indole-3-carbinol,1831
indole-3-carbinol,1831
Indometacin,1832
Indoprofen,1833
Inosine,1834
Inositol,1835
Iodipamide,1836
Iodoquinol,1837
Iohexol,1838
Iopamidol,1839
Iopanoic acid,1840
Iopromide,1841
Ipragliflozin,1842
Ipriflavone (Osteofix),1843
Iproniazid Phosphate,1844
Ipsapirone,1845
Irbesartan,1846
Irbinitinib(ARRY-380; ONT-380),1847
Tucatinib  ,1847
Tucatinib,1847
Irinotecan / SN-38,1848
Isavuconazole,1849
Isoconazole,1850
Isoconazole nitrate,1850
Isoferulic acid,1851
Isoniazid,1852
Isoprenaline hydrochloride,1853
Isopyrin hydrochloride,1854
Isosorbide dinitrate,1855
Isosteviol,1856
Isotretinoin,1857
Isovaleramide,1858
Isoxicam,1859
Isoxsuprine hydrochloride,1860
Isradipine,1861
Itopride hydrochloride,1862
Ivabradine hydrochloride,1863
Ivacaftor,1864
Ivacaftor (VX-770),1864
Ivermectin,1865
Ixabepilone,1866
Ixabepilone ,1866
MLN2238(Ixazomib),1867
MLN-2238,1867
Ixazomib ,1867
Ixazomib,1867
MLN2238,1867
JAK Inhibitor I,1868
JAK3 Inhibitor I,1869
JB1,1870
JI-101,1871
Serdemetan,1872
JNJ-26854165 (Serdemetan),1872
JNJ 26854165,1872
SERDEMETAN,1872
serdemetan,1872
JNJ-26854165,1872
JNJ-1661010,1873
Quisinostat,1874
JNJ-26481585,1874
JNJ-27291199,1875
JNJ-28312141,1876
JNJ-38877605,1877
JNJ-42165279,1878
JNJ-7777120,1879
JNK Inhibitor VIII,1880
JNK INHIBITOR VIII,1880
SP600125,1881
SP-600125,1881
JNK Inhibitor II,1881
SP600125 (PYRAZOLANTHRONE),1881
pyrazolanthrone,1881
JNK Inhibitor IX,1882
"JNK-9L, KIN001-204",1883
JNK-IN-8,1884
JPH203,1885
JQ-1:MK-0752 (1:1 mol/mol),1886
JQ-1:UNC0638 (2:1 mol/mol),1887
JQ-1:carboplatin (1:1 mol/mol),1888
JQ-1:navitoclax (2:1 mol/mol),1889
JQ-1:vorinostat (2:1 mol/mol),1890
JQ12,1891
JW 480,1892
JW-480,1892
JW 55,1893
JW-55,1893
JW-7-24-1,1894
"JW-7-52-1, NA",1895
JW-74,1896
JZL-184,1897
jzl184,1897
JZL-195,1898
K02288,1899
KB NB 142-70,1900
kb NB 142-70,1900
KD-032,1901
KD025,1902
SLx-2119,1902
KH-CB19,1903
KHK Indazole,1904
KHS101,1905
KI20227,1906
Ki8751,1907
KI8751,1907
KIN001-042,1908
KIN001-127,1909
KIN001-135,1910
KIN001-206,1911
KIN001-236,1912
KIN001-244,1913
"KIN001-260, BAYER IKKB INHIBITOR",1914
KIN001-266,1915
KIN001-270,1916
KN-62,1917
KN-93 Phosphate,1918
KN93,1918
KN-93,1918
KN92,1919
KNK437,1920
KO 143,1921
KO-143,1921
Ko-143,1921
Kobe2602,1922
KOBE2602,1922
KPT-185,1923
KPT-214,1924
KPT-251,1925
"KPT-330, (E)-RN",1926
KPT185,1927
"KRAS (G12C) INHIBITOR-12, GTPL8020",1928
KRN-633,1929
KRN 633,1929
KRX-0401,1930
perifosine,1930
PERIFOSINE,1930
Perifosine (KRX-0401),1930
Perifosine,1930
KU 0060648,1931
ku0063794,1932
KU-0063794,1932
KU-55933 (ATM Kinase Inhibitor),1933
ku55933,1933
KU-55933,1933
NU7441,1934
NU-7441,1934
KU-57788,1934
KU-60019,1935
KU57788,1936
KW2449,1937
KW-2449,1937
KX2-391,1938
KY02111,1939
Kaempferol,1940
Kanamycin sulfate,1941
Kartogenin,1942
Kemantane( Idramantone),1943
KenPaullone ,1944
Kenpaullone,1944
Ketanserin,1945
Ketoconazole,1946
Ketoprofen,1947
Ketotifen fumarate,1948
Ketotifen,1948
Khellin,1949
Kynurenine,1950
L(+)-Ascorbic acid,1951
L-(-)-α-Methyldopa,1952
L-5-Hydroxytryptophan,1953
L-685458,1954
"L-685,458",1954
L-Adrenaline,1955
L-Carnitine hydrochloride,1956
L-Cycloserine,1957
L-Cysteine methyl ester hydrochloride(Acdrile),1958
L-Glutamine,1959
L-Hyoscyamine,1960
L-Menthol,1961
L-Ornithine,1962
L-Thyroxine,1963
L-Tryptophan,1964
L-arginine monohydrochloride,1965
L-α-Phosphatidylcholine,1966
Lapatinib,1967
LAPATINIB,1967
lapatinib,1967
Lapatinib ,1967
Lapatinib ditosylate monohydrate,1967
Lapatinib (GW-572016) Ditosylate,1967
LB-100,1968
PANOBINOSTAT,1969
Panobinostat,1969
LBH-589,1969
Panobinostat (LBH589),1969
panobinostat,1969
LBW242,1970
LCL161,1971
LCL-161,1971
NVP-LCL161,1971
LCTA 2290,1972
LCTA 2305,1973
LCZ696,1974
LDC000067,1975
"LDE-225, diphosphonate salt",1976
LDHA Cmp 33,1977
LDN-214117,1978
LE-135,1979
LE 135,1979
RIBOCICLIB,1980
LEE011,1980
Ribociclib,1980
Leflunomide,1981
LEFLUNOMIDE,1981
LENALIDOMIDE,1982
lenalidomide,1982
Lenalidomide  ,1982
Lenalidomide (CC-5013),1982
Lenalidomide,1982
Lenvatinib,1983
LENVATINIB,1983
lenvatinib,1983
Lenvatinib (E7080),1983
LEQ-506,1984
Letrozole,1985
LETROZOLE,1985
Letrozole  ,1985
lfm-a13,1986
LFM-A13,1986
LGK-974,1987
LGK974,1987
LIMK1 INHIBITOR BMS4,1988
LIMK1i BMS4,1989
LJH685,1990
LJI308,1991
LNS-5662,1992
Quercetin,1992
Quercetin dihydrate,1992
LOFEPRAMINE,1993
Lomeguatrib,1994
lomeguatrib,1994
LOMEGUATRIB,1994
Lomustine ,1995
LOMUSTINE,1995
Lomustine,1995
LOR-253,1996
Lovastatin,1997
lovastatin,1997
LOVASTATIN,1997
LRRK2-IN-1,1998
LSD1-C76,1999
LXR623,2000
LY 2183240,2001
LY-2183240,2001
LY-294002,2002
LY 294002,2002
LY294002,2002
LY-333531,2003
Ruboxistaurin,2003
LY 333531,2003
LY-2090314,2004
LY2090314,2004
LY-2109761,2005
LY2109761,2005
Ralimetinib,2006
LY-2228820,2006
LY2228820,2006
Ralimetinib (LY2228820),2006
LY-2523355,2007
Litronesib,2007
LY2584702 tosylate,2008
LY-2584702,2008
LY2603618,2009
LY-2603618,2009
Rabusertib,2009
LY-2606368,2010
Prexasertib dihydrochloride,2010
Prexasertib,2010
Merestinib,2011
LY-2801653,2011
LY-2874455,2012
LY-2940680,2013
Taladegib (LY2940680),2013
Taladegib,2013
LY-450139�,2014
SEMAGACESTAT,2014
semagacestat,2014
Semagacestat (LY450139),2014
Semagacestat,2014
LY2510924,2015
LY2608204,2016
LY2811376,2017
LY3009120,2018
LY3023414,2019
LY3295668,2020
LY344864,2021
LY411575,2022
Labetalol hydrochloride,2023
Lacidipine,2024
Lacosamide,2025
Lactitol monohydrate,2026
Lactulose,2027
Laetrile,2028
Lafutidine,2029
Lamivudine,2030
Lamotrigine,2031
Lanolin,2032
Lansoprazole,2033
Lappaconitine,2034
Larotrectinib,2035
Larotrectinib sulfate,2035
Lasofoxifene,2036
Latanoprost,2037
Lauroseptol,2038
leptomycin B,2039
Leptomycin B,2039
Lercanidipine,2040
Leucobasal,2041
Levamisole,2042
Levamisole hydrochloride,2042
Levamlodipine,2043
Levetiracetam,2044
Levobupivacaine,2045
Levocetirizine,2046
Levodopa,2047
Levodropropizine,2048
Levofloxacin hydrochloride,2049
Levomilnacipran,2050
Levonorgestrel,2051
Levosimendan,2052
Levosulpiride,2053
Lidocaine hydrochloride,2054
Xylocaine,2054
Lidoflazine,2055
Ligustrazine hydrochloride,2056
Limonin,2057
Linagliptin,2058
Lincomycin hydrochloride monohydrate,2059
Lincomycin hydrochloride,2059
Lindane,2060
Linezolid,2061
Lyothyronine,2062
Liothyronine sodium,2062
Liranaftate,2063
Lisinopril dihydrate,2064
Lithium citrate tribasic tetrahydrate,2065
Lithocholic acid,2066
Lobeline hydrochloride,2067
Loganin,2068
Lomefloxacin,2069
Lomefloxacin hydrochloride,2069
Lomerizine 2HCl,2070
Lomerizine hydrochloride,2070
Lomitapide Mesylate,2071
Lonafarnib,2072
Lonidamine,2073
Loperamide hydrochloride,2074
Lopinavir,2075
Loratadine,2076
Lorcaserin,2077
PF-06463922,2078
PF06463922,2078
Lorlatinib,2078
Lornoxicam,2079
Losartan,2080
Losartan potassium,2080
Losmapimod,2081
Losmapimod (GW856553X),2081
Loteprednol etabonate,2082
Loxapine succinate salt,2083
Loxoprofen,2084
Lucitanib,2085
Luliconazole,2086
Lumacaftor(VX 809),2087
Lumefantrine,2088
Luminespid,2089
Lupeol,2090
Lupetidin,2091
Lurasidone hydrochloride,2092
Luteolin,2093
Lycorine HCl,2094
Lynestrenol,2095
Lysozyme,2096
M15,2097
manumycin A,2098
MANUMYCIN A,2098
marinopyrrole A,2099
MARITOCLAX,2099
MBX2982,2100
MDIVI 1,2101
Mdivi-1,2101
MECHLORETHAMINE HYDROCHLORIDE,2102
Mechlorethamine ,2102
Mechlorethamine,2102
Nitrogen mustard,2102
Mechlorethamine hydrochloride,2102
Megestrol acetate,2103
MEGESTROL ACETATE,2103
MEGLUTOL,2104
MEK1/2 Inhibitor,2105
Melphalan ,2106
Melphalan hydrochloride,2106
MELPHALAN HYDROCHLORIDE,2106
Melphalan,2106
"METAP2 INHIBITOR, A832234",2107
METFORMIN,2108
Metformin,2108
metformin,2108
Metformin hydrochloride,2108
MGCD0103,2109
MG-0103,2109
Mocetinostat (MGCD0103),2109
Mocetinostat,2109
MG-132,2110
MGCD-265,2111
MI-1,2112
MI-2,2113
MI-2 (Menin-MLL Inhibitor),2113
MI-219,2114
MI-773,2115
PKC412,2116
Midostaurin,2116
midostaurin/pkc412,2116
Midostaurin ,2116
MIDOSTAURIN,2116
MIM1,2117
"MIM1, MIM 1, MIM-1",2118
NSC19630,2119
MIRA-1,2119
MIRIN,2120
Mirin,2120
mirin,2120
MITOMYCIN,2121
Mitomycin C,2121
Mitomycin,2121
mitomycin,2121
Mitomycin ,2121
MITOMYCIN-C,2121
mitomycine,2121
MITOTANE,2122
Mitotan,2122
Mitotane,2122
Mitoxantrone dihydrochloride,2123
Mitoxantrone 2HCl,2123
MITOXANTRONE,2123
Mitoxantrone hydrochloride,2123
Mitoxantrone,2123
MJO5,2124
MK0752,2125
MK-0752,2125
Odanacatib (MK-0822),2126
MK-0822,2126
mk-2206,2127
mk2206,2127
MK-2206 2HCl,2127
MK-2206 2HCL,2127
MK-2206 dihydrochloride,2127
MK-2206,2127
MK2206,2127
MK-2461,2128
MK-2866 (GTx-024),2129
MK-4101,2130
MK-4305 (Suvorexant),2131
Niraparib,2132
mk-4827,2132
NIRAPARIB,2132
MK-4827,2132
mk-5108,2133
MK-5108,2133
MK-5108 (VX-689),2133
MK-591,2134
MK-8033 ,2135
MK-8033,2135
MK-8245,2136
MK-8669 ,2137
Ridaforolimus,2137
mk-8669,2137
MK-8745,2138
MK-8776 (SCH 900776),2139
MK-8776,2139
MK-8776/ SCH900776,2139
SCH-900776 ,2139
"MK-8776, SCH900776",2139
SCH900776,2139
mk-8776,2139
MK3102,2140
MK3697,2141
MK5046,2142
ML 210,2143
ML210,2143
ML-7-HCl,2144
ML006,2145
ML030,2146
ML031,2147
ML050,2148
ML083,2149
ML162,2150
ML214,2151
ML239,2152
ML258,2153
ML311,2154
ML312,2155
ML320,2156
ML323,2157
"ML323, GTPL7898, AOB2313,",2158
ML334 diastereomer,2159
ML390,2160
MLN-2480,2161
Tovorafenib,2161
MLN2480,2161
MLN 2480,2161
MLN-0905,2162
MLN120B,2163
MLN-120B,2163
PEVONEDISTAT,2164
MLN-4924,2164
Pevonedistat,2164
pevonedistat,2164
MLN4924,2164
Tandutinib,2165
tandutinib,2165
TANDUTINIB,2165
MLN-518,2165
Tandutinib (MLN518),2165
MLN-576,2166
MLN8054,2167
MLN-8054,2167
MLN9708,2168
MLN-9708,2168
MN-64,2169
MP-0922,2170
MPC-3100,2171
MPEP hydrochloride,2172
MPI-0479605,2173
MPS-1-IN-1,2174
MS002,2175
MS009,2176
MS010,2177
MS023 hydrochloride,2178
MS436,2179
MSDC-0160,2180
"TELOMERASE INHIBITOR IX, MST-312, MST 312, MST312",2181
MST-312,2181
MYRICETIN,2182
myricetin,2182
MYRIOCIN,2183
myriocin,2183
Macitentan,2184
Mafenide hydrochloride,2185
Magnolol,2186
Malathion,2187
Malotilate,2188
Maltose,2189
Manidipine dihydrochloride,2190
Manidipine,2190
Maprotiline hydrochloride,2191
Maraviroc,2192
Marbofloxacin,2193
Maribavir,2194
Marimastat,2195
Mebendazole,2196
Mebeverine hydrochloride,2197
Mebhydrolin napadisylate,2198
Mecamylamine hydrochloride ,2199
Mecarbinate,2200
Meclizine dihydrochloride,2201
Meclozine dihydrochloride,2201
Meclocycline sulfosalicylate salt,2202
Meclofenamate Sodium,2203
Meclofenamate,2203
Meclofenoxate hydrochloride,2204
Medrysone,2205
Mefenamic acid,2206
Mefloquine,2207
Mefloquine hydrochloride,2208
Megestrol,2209
Meglumine,2210
Melatonine,2211
Meloxicam,2212
Memantine hydrochloride,2213
Menadiol Diacetate,2214
Menadione,2215
Menatetrenone,2216
Mepacrine aq,2217
Mepenzolate Bromide,2218
Mephenesin,2219
Mepiroxol,2220
Mepivacaine hydrochloride,2221
Meptazinol hydrochloride,2222
Merbromin,2223
Merck60,2224
Meropenem,2225
Mertansine,2226
Mesalamine,2227
Mesna,2228
Mesoridazine Besylate,2229
Mesterolone,2230
Mestinon,2231
Metadoxine,2232
Metamizole magnesium,2233
Metaraminol bitartrate,2234
Metaxalone,2235
Metergoline,2236
Methacholine Chloride,2237
Methacycline hydrochloride,2238
Methazolamide,2239
Methimazole,2240
Methiothepin maleate,2241
Methocarbamol,2242
Methoxamine hydrochloride,2243
Methscopolamine,2244
Methyl hesperidin,2245
Methylcobalamin,2246
Methylene Blue trihydrate,2247
Methylprednisolone,2248
Methylprodnisolone Sodium Succinate,2249
Methylthiouracil,2250
Meticrane,2251
Metixene hydrochloride,2252
Metoclopramide hydrochloride,2253
Metolazone,2254
Metoprolol,2255
Metoprolol Succinate (ToprolX),2255
Metoprolol tartrate,2256
Metronidazole,2257
Metyrapone,2258
Mevastatin,2259
Mexenone,2260
Mexiletine hydrochloride,2261
Mianserin hydrochloride,2262
Mibefradil,2263
Miconazole nitrate,2264
Miconazole,2264
Midostaurin hydrate,2265
Mifepristone,2266
Miglitol,2267
Milbemycin oxime,2268
Milciclib,2269
Milciclib (PHA-848125),2269
Mildronate,2270
Milnacipran hydrochloride,2271
Milrinone,2272
Miltefosine,2273
Minaprine dihydrochloride,2274
Minocycline hydrochloride,2275
Minoxidil,2276
Mirabegron,2277
PD-0325901,2278
PD0325901,2278
Mirdametinib,2278
pd325901,2278
PD 0325901,2278
Mirtazapine,2279
Mitiglinide calcium,2280
Mivebresib,2281
Mizoribine,2282
Moclobemide,2283
Modafinil,2284
Modaline sulfate,2285
Moguisteine,2286
Molindone hydrochloride,2287
Molsidomine,2288
Mometasone furoate,2289
Monensin,2290
Monensin sodium salt,2291
Monobenzone,2292
Monocrotaline,2293
Montelukast sodium,2294
Montelukast,2294
Morantel tartrate,2295
Moroxydine hydrochloride,2296
Mosapride Citrate,2297
Motolimod,2298
Moxidectin,2299
Moxifloxacin hydrochloride,2300
Moxisylyte hydrochloride,2301
Moxonidine,2302
Mubritinib,2303
Mubritinib (TAK 165),2303
Mupirocin,2304
Myclobutanil,2305
Mycophenolate mofetil,2306
Mycophenolate Mofetil,2306
Mycophenolic acid,2307
N-Acetylneuraminic acid,2308
N-Sulfo-glucosamine sodium salt,2309
N9-isopropylolomoucine,2310
N9-ISOPROPYLOLOMOUCINE,2310
narciclasine,2311
NARCICLASINE,2311
NECROSTATIN-1,2312
necrostatin-1,2312
NECROSTATIN-7,2313
necrostatin-7,2313
NECROSTATIN­7,2313
necrosulfonamide,2314
NECROSULFONAMIDE,2314
nelarabine,2315
NELARABINE,2315
Nelarabine ,2315
Nelarabine,2315
NELFINAVIR MESYLATE,2316
Nelfinavir Mesylate,2316
Neratinib,2317
neratinib,2317
NERATINIB,2317
Neratinib (HKI-272),2317
NG-25,2318
NICLOSAMIDE,2319
Niclosamide,2319
niclosamide,2319
Nilotinib,2320
NILOTINIB,2320
Nilotinib  ,2320
Nilotinib (AMN-107),2320
nilotinib,2320
Nilotinib ,2320
Nitazoxanide,2321
NITAZOXANIDE,2321
NLG919,2322
NMS-873,2323
NPC-26,2324
NPK76-II-72-1,2325
NS 1619,2326
NSC23766,2327
NSC23766(HYDROCHLORIDE),2327
NSC 23766,2327
NSC 625987,2328
NSC632839,2329
NSC 632839 HYDROCHLORIDE,2329
NSC 652287,2330
S31-201,2331
S3I-201 (NSC 74859),2331
NSC 74859,2331
NSC 95397,2332
NSC95397,2332
"NSC-207895, XI-006",2333
NSC-319726,2334
NSC-87877,2335
NSC30930,2336
NSC319726,2337
NSC348884,2338
NSC48300,2339
NSI-189,2340
NU 1025,2341
NU6027,2342
NU-6027,2342
NVP-231,2343
NVP 231,2343
NVP LAQ824,2344
NVP-TAE684,2345
TAE684,2345
NVP TAE684,2345
TAE-684,2345
nvp-tae684,2345
NVP-BEP800,2346
NVP-BHG712,2347
NVP-BSK805,2348
NVP-BSK805 2HCl,2348
NVP-BVU972,2349
NVP-CGM097,2350
NVP-LGK974,2351
RAF265 (CHIR-265),2352
chir265,2352
RAF265,2352
NVP-RAF265,2352
RAF-265,2352
NVP-SHP099,2353
NXY-059,2354
Nabumetone,2355
Nadifloxacin,2356
Nadolol,2357
Nafamostat mesylate,2358
Naftifine hydrochloride,2359
Naftopidil,2360
Nalfurafine hydrochloride,2361
Nalidixic acid,2362
Nalidixic acid sodium salt,2362
Nalmefene hydrochloride,2363
Naloxone hydrochloride,2364
Naltrexone hydrochloride,2365
Nandrolone,2366
Nandrolone decanoate,2367
Napabucasin,2368
Naphazoline hydrochloride,2369
Naproxen,2370
Naproxen sodium,2370
Naringenin,2371
Naringin,2372
Naringin dihydrochalcone,2373
Nateglinide,2374
Nebivolol hydrochloride,2375
Necrostatin 2,2376
Nedaplatin,2377
Nefazodone hydrochloride,2378
Nefiracetam,2379
VX-745,2380
VX 745,2380
Neflamapimod,2380
Nefopam hydrochloride,2381
Neomycin Sulphate B ,2382
Neomycin sulfate,2383
Nepafenac,2384
Neratinib(HKI-272),2385
Netilmicin sulfate,2386
Nevirapine,2387
Nialamide,2388
Nicarbazin,2389
Nicardipine hydrochloride,2390
Nicorandil,2391
Nicotinamide,2392
Nicotine,2393
Nicotinic acid,2394
Nifedipine,2395
Nifekalant hydrochloride,2396
Nifenazone,2397
Niflumic acid,2398
Nifuratel,2399
Nifuroxazide,2400
Nigericin,2401
Niguldipine,2402
nilutamide,2403
Nilutamide,2403
Nilvadipine,2404
Nimesulide,2405
Nimodipine,2406
Nimorazole,2407
Nirogacestat,2408
Nisoldipine,2409
Nitarsone,2410
Nithiamide,2411
Nitisinone,2412
Nitrendipine,2413
Nitrofurantoin,2414
Nitroxoline,2415
Nizatidine,2416
Nocodazole,2417
Noctone,2418
Nonivamide,2419
Nonoxynol,2420
Noradrenaline bitartrate,2421
Noradrenaline bitartrate monohydrate,2422
Norethindrone,2423
Norethynodrel,2424
Norfloxacin,2425
Norgestrel,2426
Nortriptyline hydrochloride,2427
Noscapine hydrochloride,2428
Notoginsenoside R1,2429
Nutlin,2430
Nutlin3a,2431
Nylidrin hydrochloride,2432
Nystatin (Fungicidin),2433
O-6-benzylguanine,2434
O6-BG,2434
O-Acetyl-L-carnitine hydrochloride,2435
Obatoclax Mesylate,2436
Obatoclax mesylate,2436
Obatoclax,2436
OBATOCLAX,2436
obatoclax,2436
OC000459,2437
ODM-201,2438
OF-1,2439
OLIGOMYCIN A,2440
oligomycin A,2440
Rigosertib sodium,2441
Rigosertib (ON-01910),2441
RIGOSERTIB,2441
rigosertib,2441
ON-01910Na,2441
Rigosertib,2441
ONC201,2442
TIC10,2442
ONO-4059,2443
Tirabrutinib,2443
ONX-0801,2444
Pacritinib (SB1518),2445
Pacritinib,2445
ONX-0803,2445
Oprozomib (ONX 0912),2446
Oprozomib,2446
ONX-0912  ,2446
ONX-0914,2447
OSI 930,2448
OSI-930,2448
OSI-930 ,2448
OSI-027,2449
OSI-420,2450
OSU-03013,2451
OSW-1,2452
OT-674,2453
OTS-964,2454
OTS167,2455
OTSSP167,2455
Ouabain,2456
Ouabain octahydrate,2456
OUABAIN,2456
ouabain,2456
Oxaliplatin,2457
Oxaliplatin  ,2457
oxaliplatin,2457
OXALIPLATIN,2457
Obatoclax Mesylate (GX15-070),2458
Obeticholic Acid,2459
Ochromycinone,2460
Oclacitinib,2461
Octenidine,2462
Octisalate,2463
Octocrilene,2464
Octopamine hydrochloride,2465
Octreotide acetate,2466
Octreotide Acetate,2466
Ofloxacin,2467
Olanzapine,2468
Oleanolic Acid,2469
Oligomycin,2470
Olmesartan,2471
Olmutinib,2472
"Olmutinib (HM61713, BI 1482694)",2472
Olopatadine hydrochloride,2473
Olsalazine disodium,2474
Oltipraz,2475
Olutasidenib,2476
Omacetaxine ,2477
Omacetaxine,2477
Omacetaxine mepasuccinate,2478
Omaveloxolone,2479
Omecamtiv mecarbil (CK-1827452),2480
Omeprazole,2481
Omeprazole sulfide,2482
Ondansetron hydrochloride,2483
Onvansertib,2484
Opipramol dihydrochloride,2485
"TSU-68 (SU6668, Orantinib)",2486
SU-6668,2486
Orantinib,2486
Orbifloxacin,2487
Orciprenaline sulfate,2488
Orlistat,2489
Ornidazole,2490
Orotic acid,2491
Orphenadrine hydrochloride,2492
TAK-700,2493
Orteronel,2493
Osalmid,2494
Oseltamivir phosphate,2495
Ospemifene,2496
Osthole,2497
Otenabant (CP-945598) hydrochloride,2498
Otilonium bromide,2499
Oxacillin sodium,2500
Oxandrolone,2501
Oxantel Pamoate,2502
Oxaprozin,2503
Oxcarbazepine,2504
Oxeladin citrate,2505
Oxethazaine,2506
Oxfendazole,2507
Oxibendazole,2508
Oxiconazole nitrate,2509
Oxiniacic Acid,2510
Oxiracetam,2511
Oxolamine citrate,2512
Oxolinic acid,2513
Oxonic Acid,2514
Oxybenzone,2515
Oxybuprocaine hydrochloride,2516
Oxybutynin hydrochloride,2517
Oxybutynin,2517
Oxymetazoline hydrochloride,2518
Oxytetracycline (Terramycin),2519
Ozagrel hydrochloride,2520
Ozagrel,2520
P-0850,2521
P22077,2522
P276-00,2523
PAC 1,2524
PAC1,2524
PAC-1,2524
paclitaxel,2525
PACLITAXEL,2525
Paclitaxel,2525
Paclitaxel  ,2525
PD-0332991,2526
PD 0332991,2526
Palbociclib (PD-0332991) hydrochloride,2526
PALBOCICLIB,2526
Palbociclib,2526
Palbociclib (PD0332991) Isethionate,2526
palbociclib,2526
palmostatin B,2527
PALMOSTATIN B,2527
PAMBA,2528
PARBENDAZOLE,2529
parbendazole,2529
PARTHENOLIDE,2530
Parthenolide,2530
parthenolide,2530
PCI-0120,2531
PD 153035,2532
PD153035,2532
PD 166793,2533
PD 169316,2534
PD 180970,2535
PD 407824,2536
PD 98059,2537
PD-98059,2537
PD98059,2537
PD173074,2538
pd173074,2538
PD-173074,2538
PD123319,2539
PD168393,2540
PD173955,2541
PD318088,2542
PDGFR tyrosine kinase inhibitor IV,2543
PDMP,2544
Pelitinib,2545
PELITINIB,2545
Pelitinib (EKB-569),2545
PEMETREXED,2546
"Pemetrexed,",2546
Pemetrexed,2546
pemetrexed,2546
Pemetrexed disodium,2546
Pemetrexed Disodium Hydrate,2546
PENTOSTATIN,2547
Pentostatin,2547
PF-184,2548
PF 184,2548
PF-431396,2549
PF 431396,2549
PF 477736,2550
PF477736,2550
PF-00477736,2550
PF-477736,2550
PF-4800567,2551
PF 4800567 HYDROCHLORIDE,2551
PF-4800567 hydrochloride,2551
PF4800567,2551
PF 573228,2552
PF-573228,2552
PF 750,2553
PF-750,2553
PF-00562271,2554
pf562271,2554
PF-562271,2554
PF-03084014 diastereomer 1,2555
PF-03084014 diastereomer 2,2556
PF-3758309,2557
PF-03758309,2557
PF-03814735,2558
PF-04217903,2559
pf04217903,2559
PF-04691502,2560
PF-04708671,2561
PF-4708671,2561
PF-04929113,2562
PF-0528767,2563
PF-2545920,2564
PF-3845,2565
PF-4176340,2566
PF-4942847,2567
PF-5274857,2568
"SPHINGOSINE KINASE 1 INHIBITOR II, PF-543",2569
PF-543,2569
PF-670462,2570
PF670462,2570
PF06650833,2571
PFI-1,2572
PFI-3,2573
PFK-158,2574
PFK15,2575
PG66.33,2576
PH-797804,2577
PH797804,2577
PHA 408,2578
PHA-665752,2579
PHA-680632,2580
PHA-767491,2581
PHA-793887,2582
PHENFORMIN,2583
Phenformin HCl,2583
Phenformin,2583
Phenformin hydrochloride,2583
phloretin,2584
PHLORETIN,2584
PHT-427,2585
PI 103 HYDROCHLORIDE,2586
PI-103,2586
"PICOLINICI-ACID, PICOLINATE",2587
pifithrin-mu,2588
PIFITHRIN-MU,2588
pifithrin-alpha,2589
PIFITHRIN­±,2589
PIK 75,2590
PIK-75,2590
PIK 90,2591
PIK-293,2592
PIK-294,2593
PIK-93,2594
XL-147,2595
Pilaralisib,2595
"PILARALISIB, XL-147",2595
Pilaralisib (XL147),2595
PIM-447,2596
piperlongumine,2597
PIPERLONGUMINE,2597
Pipobroman,2598
PIPOBROMAN,2598
pitstop2,2599
PITSTOP2,2599
PK-11195,2600
PKI-402,2601
PKM2 Activator 9,2602
PL-DI,2603
PLERIXAFOR,2604
Plerixafor,2604
Plerixafor ,2604
PLICAMYCIN,2605
Plicamycin,2605
PLURIPOTIN,2606
pluripotin,2606
PLX-3397,2607
PLX3397,2607
Pexidartinib,2607
VEMURAFENIB,2608
Vemurafenib ,2608
vemurafenib,2608
Vemurafenib  ,2608
Vemurafenib (PLX-4032),2608
PLX-4032,2608
"Vemurafenib (PLX4032, RG7204)",2608
Vemurafenib,2608
plx4720,2609
PLX4720,2609
PLX-4720,2609
PLX4032,2610
PLX7904,2611
PNU 282987,2612
PNU-74654,2613
PODOPHYLLOTOXIN,2614
Ponatinib (AP24534),2615
Ponatinib ,2615
PONATINIB,2615
Ponatinib,2615
Torkinib,2616
PP242,2616
PP-242,2616
PP-30,2617
PP1,2618
PP121,2619
PP2,2620
PQ 401,2621
Pralatrexate ,2622
Pralatrexate  ,2622
PRALATREXATE,2622
Pralatrexate,2622
PRI-724,2623
PRIMA-1,2624
PRIMA-1-Met,2625
PRL-3 Inhibitor I,2626
PRL-3 inhibitor I,2626
PRL-3 INHIBITOR I,2626
PRL­3 INHIBITOR,2626
PRM-123,2627
procarbazine,2628
Procarbazine hydrochloride,2628
PROCARBAZINE HCL,2628
Procarbazine ,2628
Procarbazine,2628
PROCARBAZINE HYDROCHLORIDE,2628
PROCHLORPERAZINE DIMALEATE,2629
prochlorperazine,2629
Prochlorperazine dimaleate,2629
Prochlorperazine Maleate,2629
PRT062607,2630
"PRT062607 (P505-15, BIIB057) hydrochloride",2630
"PRT062607 (P505-15, BIIB057) HCl",2631
PS-1145,2632
PS74.26,2633
PSI6206,2634
PT2385,2635
PTC-209,2636
purmorphamine,2637
PURMORPHAMINE,2637
PX 12,2638
PX-12,2638
PX-866,2639
PX866,2639
Sonolisib,2639
PX478 dihydrochloride,2640
PYR 41,2641
PYR-41,2642
PYRIDOSTATIN,2643
PYRIMETHAMINE,2644
Pyrimethamine,2644
Paeoniflorin,2645
Paeonol,2646
Paliperidone,2647
Palomid-529,2648
Palomid 529 (P529),2648
Palomid 529  (P529),2648
Palomid 529,2648
Palonosetron hydrochloride,2649
Pamidronate disodium salt,2650
Pancreatin,2651
Panthenol,2652
Pantoprazole Sodium Hydrate,2653
Papaverine hydrochloride,2654
Pardoprunox,2655
Parecoxib ,2656
Pargyline,2657
Pargyline hydrochloride,2657
Paromomycin Sulfate,2658
Paroxetine,2659
Paroxetine hydrochloride,2659
Pasiniazid,2660
Pasireotide (SOM230) ditrifluoroacetate,2661
Patchouli alcohol,2662
Pazufloxacin Mesylate,2663
Peficitinb,2664
Pefloxacin Mesylate,2665
Pefloxacin Mesylate Dihydrate,2665
Pelitrexol isomer A,2666
Pelitrexol isomer B,2667
Pemetrexed acid,2668
Pemetrexed aq,2669
Pemetrexed disodium salt,2670
Pemirolast potassium,2671
Pempidine,2672
Penciclovir,2673
penfluridol,2674
Penfluridol,2674
Penicillin G sodium salt,2675
Penicillin V potassium salt,2676
Penitrem A,2677
Pentamidine isethionate,2678
Pentetrazol,2679
Pentoxifylline,2680
Peptide [CRGDKGPDC - cys & cys bridge,2681
Peramivir Trihydrate,2682
Perhexiline maleate,2683
Perillyl alcohol,2684
Perindopril erbumine,2685
Permethrin,2686
Perphenazine,2687
Phenacetin,2688
Phenazopyridine hydrochloride,2689
Phenethyl alcohol,2690
Pheniramine maleate,2691
Phenolphthalein,2692
Phenothiazine,2693
Phenoxybenzamine hydrochloride,2694
Phentolamine mesilate,2695
Phenylbutazone,2696
Phenylephrine hydrochloride,2697
Phenylindione,2698
Phenytoin sodium,2699
Phenytoin,2699
Phlorizin,2700
Phosphoramide mustard,2701
Phthalylsulfacetamide,2702
Phthalylsulfathiazole,2703
Vitamin K1,2704
Phylloquinone,2704
Physostigmine Salicylate,2705
Piboserod(SB-207266),2706
Piceatannol,2707
Piceid,2708
Picropodophyllin (PPP),2709
Pidotimod,2710
Pifithrin_alpha,2711
Pikamilone,2712
Pimaricin,2713
Pimavanserin,2714
Pimecrolimus,2715
Pimobendan,2716
Pimozide,2717
Pindolol,2718
Pinocembrin,2719
Pioglitazone,2720
Pioglitazone hydrochloride,2720
pioglitazone,2720
Pipamperone,2721
Pipemidic acid,2722
Piperacetazine,2723
Piperacillin sodium salt,2724
Piperine,2725
Piperonyl butoxide,2726
Piracetam,2727
Pirarubicin hydrochloride,2728
Pirenzepine dihydrochloride,2729
Pirfenidone,2730
Piribedil,2731
Pirodavir,2732
Piroxicam,2733
Pitavastatin calcium,2734
Pitavastatin Ca,2734
Pixantrone dimaleate,2735
Pixantrone,2735
Pizotifen,2736
Pizotifen Malate,2736
Platin,2737
Plerixafor aq,2738
Plinabulin (NPI-2358),2739
Polymyxin B sulfate,2740
Pomalidomide,2741
Ponalrestat,2742
Ponesimod,2743
Posaconazole,2744
Potassium antimonyl tartrate sesquihydrate,2745
Potassium canrenoate,2746
Sulfogaiacol,2747
Potassium guaiacolsulfonate,2747
Potassium iodide,2748
Povidone-iodine (PVP-I),2749
Poziotinib (HM781-36B),2750
Poziotinib,2750
Pracinostat (SB939),2751
SB-939,2751
Pracinostat,2751
Pramipexole,2752
Pramiracetam,2753
Pramoxine hydrochloride,2754
Pranlukast,2755
Pranoprofen,2756
Prasugrel,2757
Pravastatin sodium,2758
Pravastatin,2758
Pravastatin aq,2759
Praziquantel,2760
Prazosin hydrochloride,2761
Prednisolone ,2762
Prednisolone,2762
Prednisolone phosphate sodium,2763
Prednisolone-21-acetate,2764
Prednisone,2765
Pregabalin,2766
Pregnenolone,2767
Prenylamine lactate,2768
Primaquine diphosphate,2769
Primidone,2770
Pritelivir (BAY 57-1293),2771
Proadifen hydrochloride,2772
Proanthocyanidins,2773
Probenecid,2774
Probucol,2775
Procainamide hydrochloride,2776
Procaine hydrochloride,2777
Procaine,2777
Procodazole,2778
Proflavine Hemisulfate,2779
Progesterone,2780
Proglumide,2781
Proguanil hydrochloride,2782
Promazine hydrochloride,2783
Promestriene,2784
Promethazine hydrochloride,2785
Promethazine,2785
Propafenone,2786
Propantheline bromide,2787
Proparacaine hydrochloride,2788
Propidium Iodide,2789
Propitocaine hydrochloride,2790
Propofol,2791
Propoxur,2792
Propranolol hydrochloride,2793
Propylthiouracil,2794
Protionamide,2795
Protocatechuic acid,2796
Protoporphyrin,2797
Protoporphyrin IX,2797
Protriptyline hydrochloride,2798
Prucalopride,2799
Psoralen,2800
Pterostilbene,2801
Puerarin (Kakonein),2802
Purvalanol A,2803
Pyrantel pamoate,2804
Pyrantel tartrate,2805
Pyrazinamide,2806
Pyridoclax,2807
Pyridoxine,2808
Pyridoxine hydrochloride,2808
Pyrilamine maleate,2809
Pyrithioxin,2810
Pyrvinium pamoate,2811
pyrvinium pamoate,2811
QL-VIII-58,2812
QL-X-138,2813
QL-XI-92,2814
QL-XII-47,2815
QL-XII-61,2816
QS 11,2817
qs11,2817
QS11,2817
QS-11,2818
QW-BI-011,2819
Quetiapine Fumarate,2820
Quetiapin,2820
Quinapril hydrochloride,2821
Quinestrol,2822
Quinidine hydrochloride,2823
Quinine,2824
R-(+)-Lansoprazole,2825
Tipifarnib,2826
tipifarnib,2826
R-115777,2826
Tipifarnib ,2826
TIPIFARNIB,2826
R-1530,2827
R-406,2828
R406 (free base),2828
TAMATINIB (R406),2828
tamatinib,2828
tamatinib/r406,2828
R406,2828
Tamatinib,2828
R547,2829
R-547,2829
R112,2830
R59022,2831
Raloxifene hydrochloride,2832
Raloxifene,2832
RALOXIFENE,2832
Rapamycin,2833
SIROLIMUS,2833
rapamycin,2833
RAPAMYCIN,2833
sirolimus,2833
Sirolimus,2833
RD162,2834
Regorafenib,2835
regorafenib,2835
Regorafenib ,2835
REGORAFENIB,2835
Regorafenib (BAY 73-4506),2835
RG-108,2836
RG-4733,2837
RO4929097 ,2837
RO4929097,2837
RG-7112,2838
RG-7167,2839
RG-7603,2840
RG5.5,2841
RGB-286638 free base,2842
RGFP966,2843
RI-1,2844
RITA,2845
RKI-1447,2846
RN486,2847
RO-3306,2848
Ro-3306,2848
RO-5126766,2849
RO5126766,2849
Rofecoxib,2850
ROFECOXIB,2850
RS4.6,2851
RS6.4,2852
RSL3,2853
RTRAIL,2854
RU-SKI 43,2855
RU-SKI-43,2856
RU58841,2857
RXDX106,2858
Rabeprazole Related Compound E,2859
Rebeprazole sodium,2859
Racecadotril,2860
Ractopamine hydrochloride,2861
Radicicol,2862
Radotinib,2863
Raltegravir potassium,2864
Raltegravir (MK-0518),2864
Raltitrexed,2865
ZD-1694,2865
raltitrexed,2865
Ramatroban,2866
Ramelteon,2867
Ramipril,2868
Ranitidine,2869
Ranolazine dihydrochloride,2870
Ranolazine,2870
Rapamycin (Sirolimus),2871
Rasagiline,2872
Rebamipide,2873
Reboxetine,2874
Remoxipride Hydrochloride,2875
RepSox,2876
Repaglinide,2877
Repligen 136,2878
Resatorvid,2879
Reserpine,2880
Resiquimod,2881
Resminostat,2882
Resorcine,2883
Resveratrol,2884
Retigabine,2885
Retinol palmitate,2886
Retinyl acetate,2887
Revaprazan hydrochloride,2888
Ribavirin,2889
Riboflavin,2890
Ribostamycin sulfate,2891
"Ridaforolimus (Deforolimus, MK-8669)",2892
Rifabutin,2893
Rifampicin,2894
Rifapentine,2895
Rifaximin,2896
Rilpivirine,2897
Riluzole,2898
Rimantadine hydrochloride,2899
Rimcazole,2900
Rimonabant,2901
Rimonabant hydrochloride,2901
Ripasudil,2902
Risedronic Acid,2903
Risedronate Sodium,2903
Risperidal,2904
Ritodrine hydrochloride,2905
Ritonavir,2906
Rivaroxaban,2907
Rivastigmine tartrate,2908
Rizatriptan benzoate,2909
Ro 31-8220 Mesylate,2910
Ro 46-2005,2911
Ro-28-1675,2912
Ro3280,2913
Robatumumab,2914
Robenidine hydrochloride,2915
Rocuronium bromide,2916
Roflumilast,2917
Rolipram,2918
Roniacol,2919
Ronidazole,2920
Ropinirole hydrochloride,2921
Ropivacaine hydrochloride,2922
Rosiglitazone,2923
Rosiglitazone maleate,2923
Rosmarinic acid,2924
Rostafuroxin(PST 2238),2925
Rosuvastatin calcium,2926
Rosuvastatin,2926
Rotenone,2927
rotenone,2927
"Rotundine, TETRAHYDROPALMATINE HYDROCHLORIDE",2928
Roxarsone,2929
Roxatidine Acetate hydrochloride,2930
Roxithromycin,2931
Rufinamide,2932
Rupatadine Fumarate,2933
Rutin,2934
Ruxolitinib (INCB-18424) phosphate,2935
S-49076,2936
S-63845,2937
S-Isocorydine(+),2938
S-Ruxolitinib (INCB018424),2939
S-trityl-L-cysteine,2940
S-TRITYL-L-CYSTEINE,2940
"SABUTOCLAX, BI-97C1",2941
Sabutoclax,2941
SALERMIDE,2942
salermide,2942
SALICOSIDE,2943
SALUBRINAL,2944
Salubrinal,2944
SANT-1,2945
SAR-125844,2946
SAR131675,2947
SAR245409 (XL765),2948
SAR405838,2949
SAVOLITINIB,2950
SB202190,2951
SB 202190,2951
SB202190 (FHPI),2951
SB-202190,2951
SB 203580,2952
SB-203580,2952
SB203580,2952
SB 216763,2953
SB216763,2953
SB-216763,2953
SB 218078,2954
SB 225002,2955
SB-225002,2955
SB 431542,2956
SB431542,2956
SB-431542 ,2956
SB-431542,2956
SB 505124,2957
SB-505124,2957
SB505124,2957
SB 742457,2958
SB-743921,2959
SB 743921,2959
SB743921,2959
SB-1317,2960
SB-1578,2961
SB239063,2962
SB-239063,2962
SB-525334,2963
SB525334,2963
SB-590885,2964
SB590885,2964
SB1317,2965
SB218078,2966
SB415286,2967
SB52334,2968
SC-1,2969
SC-514,2970
SC1,2971
SCH 529074,2972
SCH-529074,2972
VORAPAXAR,2973
Vorapaxar sulfate,2973
SCH 530348,2973
vorapaxar,2973
SCH-79797,2974
SCH 79797 DIHYDROCHLORIDE,2974
SCH-1473759,2975
"SCH772984, CS-1421",2976
SCH772984,2976
SCV-07,2977
SD 169,2978
SD-208,2979
SD 208,2979
SDM25N HCl,2980
SEN-450,2981
SF2523,2982
SGC0946,2983
SGC 0946,2983
SGC-CBP30,2984
SGI-1027,2985
SGI-1776,2986
SGI-1776 free base,2986
SGI-7079,2987
SGX-523,2988
SH-4-54,2989
SHIKONIN,2990
Shikonin,2990
SID 2668150,2991
SID 26681509,2992
SILDENAFIL,2993
Sildenafil,2993
sildenafil,2993
Sildenafil citrate,2993
simvastatin,2994
Simvastatin,2994
SIMVASTATIN,2994
SINULARIN,2995
SITAGLIPTIN,2996
Sitagliptin,2996
sitagliptin,2996
SJ 172550,2997
SJ-172550,2998
SKF-96365,2999
SKI-II,3000
SKI II,3000
SL 0101-1,3001
SL-0101,3001
SL-327,3002
SMER 3,3003
SMER-3,3003
SMI-4a,3004
pim-1 4a,3004
SNS-314 Mesylate,3005
SNS-314,3005
sns314,3005
SNS-595; SPC-595,3006
SNX-2112,3007
SNX-2112:bortezomib (250:1 mol/mol),3008
Sorafenib Tosylate,3009
Sorafenib ,3009
sorafenib,3009
SORAFENIB,3009
Sorafenib,3009
Sorafenib tosylate,3009
spautin-1,3010
SPAUTIN 1,3010
SR1001,3011
SR 1001,3011
SR 8278,3012
SR8278,3012
SR-13654,3013
SR-II-138A,3014
SR9011,3015
SRT1720,3016
SRT-1720,3016
SSR128129E,3017
ST-3595,3018
STA-21,3019
STF 31,3020
STF-31,3020
STF-62247,3021
STO609,3022
Streptozocin,3023
STREPTOZOCIN,3023
SU11274,3024
SU 11274,3024
su6656,3025
SU 6656,3025
SU6656,3025
SU-11274,3026
SU11652,3027
SU14813,3028
SU9516,3029
SULFISOMIDINE,3030
SULTAMICILLIN TOSYLATE,3031
Sunitinib ,3032
Sunitinib Malate,3032
SUNITINIB,3032
Sunitinib malate,3032
sunitinib,3032
Sunitinib Malate  ,3032
Sunitinib,3032
SYK Inhibitor,3033
SZ4TA2,3034
Saikosaponin A,3035
Salbutamol,3036
Salicylamide,3037
Salicylanilide,3038
Sodium salicylate,3039
Salicylic acid,3039
Salinomycin,3040
Salmeterol,3041
Salvianolic acid B,3042
Sanguinarine chloride,3043
Sarafloxacin hydrochloride,3044
Sasapyrine,3045
Saxagliptin hydrate,3046
Schisandrin,3047
Schisandrin B,3048
Schisandrin B (Sch B),3049
Scoparone,3050
Scopolamine HBr,3051
Scopolamine HBr trihydrate,3052
Scopolamine N-oxide HBr,3053
Scopolamine butylbromide,3054
Scopoletin,3055
Secnidazole,3056
Selamectin,3057
Selenomethionine,3058
Selexipag(NS-304),3059
Selinexor,3060
Selitrectinib,3061
Selonsertib,3062
Selpercatinib,3063
Semaxanib,3064
Semaxanib (SU5416),3064
Semaxinib(SU 5416),3065
Semicarbazide hydrochloride,3066
Senexin B,3067
Sennoside A,3068
Sepantronium bromide,3069
YM155 (SEPANTRONIUM BROMIDE),3069
YM-155,3069
ym155,3069
YM155,3069
Serabelisib,3070
Seratrodast,3071
Serotonin hydrochloride,3072
Sertindole,3073
Sertraline,3074
Sertraline hydrochloride,3074
Silibinin,3075
Silodosin,3076
Sulfadiazine,3077
Silver sulfadiazine,3077
Silymarin,3078
Simvastin,3079
Sinomenine hydrochloride,3080
Sisomicin Sulfate,3081
Sitravatinib,3082
skepinone-L,3083
Skepinone-L,3083
Sodium Aescinate,3084
Sodium Nitroprusside,3085
Sodium Phenylbutyrate,3086
"Sodium [(2,3-dihydro-1,5-dimethyl-3-oxo-2-phenyl-1H-pyrazol-4-yl)methylamino]methanesulfonate",3087
Sodium butanoate,3088
Sodium cromoglycate,3089
Sodium montmorillonite,3090
Sodium nitrite,3091
Sodium picosulfate monohydrate,3092
Sodium tauroglycocholate,3093
Solifenacin succinate,3094
Solithromycin ,3095
Sophoricoside,3096
Sotalol hydrochloride,3097
Sparfloxacin,3098
Spectinomycin dihydrochloride pentahydrate,3099
Spectinomycin dihydrochloride,3099
Spermine,3100
Spiculisporic Acid,3101
Spiperone,3102
Spiramycin,3103
Stanozolol,3104
Stattic,3105
Stavudine,3106
StemRegenin 1,3107
Stevioside,3108
Streptomycin sulfate,3109
Strontium ranelate,3110
Strychnine,3111
Stugeron,3112
Subasumstat,3113
Succimer,3114
Succinic acid,3115
Succinylsulfathiazole ,3116
Sucralfate,3117
Sulbactam,3118
Sulbentine,3119
Sulfabenzamide,3120
Sulfacetamide sodium,3121
Sulfadimethoxine,3122
Sulfadoxine,3123
Sulfaguanidine,3124
Sulfalen,3125
Sulfamerazine,3126
Sulfameter,3127
Sulfamethazine sodium salt,3128
Sulfamethazine,3128
Sulfamethizole,3129
Sulfamethoxazole,3130
Sulfamethoxypyridazine,3131
Sulfamonomethoxine,3132
Sulfanilamide,3133
Sulfanilylurea,3134
Sulfapyridine,3135
Sulfaquinoxaline,3136
Sulfaquinoxaline sodium,3136
Sulfasalazine,3137
Sulfathiazole,3138
Sulfinpyrazone,3139
Sulfisoxazole,3140
Sulindac,3141
Sulisobenzone,3142
Sulmazole,3143
Suloctidil,3144
Sulphadione,3145
Sulpiride,3146
Sumatriptan succinate,3147
Suplatast tosilate,3148
Suramin Sodium Salt,3149
Swertiamarin,3150
Synephrine,3151
Synergin,3152
T-5345967,3153
T-oligo,3154
t0901317,3155
T0901317,3155
Tacrolimus (FK506),3156
tacrolimus,3156
Tacrolimus,3156
TACROLIMUS,3156
TAE226,3157
TAE226 (NVP-TAE226),3157
TAK Plk inhibitor,3158
TAK-063,3159
TAK-285,3160
TAK-438(Vonoprazan fumarate),3161
TAK-441,3162
TAK-530,3163
TAK632,3164
TAK-632,3164
TAK-715,3165
TAK-733,3166
TAK-901,3167
TAK901,3167
TAK-960,3168
TAK-960 analog,3169
TAK875,3170
TAMOXIFEN,3171
Tamoxifen ,3171
Tamoxifen,3171
tamoxifen,3171
Tamoxifen citrate,3172
TAMOXIFEN CITRATE,3172
TAS-301,3173
TCS 2312,3174
TCS 359,3175
TDZD-8,3176
TED-347,3177
Temozolomide,3178
TMZ,3178
temozolomide,3178
Temozolomide  ,3178
TEMOZOLOMIDE,3178
TEMSIROLIMUS,3179
temsirolimus,3179
Temsirolimus,3179
Temsirolimus ,3179
TENIPOSIDE,3180
Teniposide,3180
teniposide,3180
TENOVIN-6,3181
tenovin-6,3181
TEW-7197,3182
TG100-115,3183
TG-100-115,3183
TG003,3184
TG101209,3185
TGR-1202,3186
Umbralisib,3186
TGX-221,3187
TGX221,3187
TGX 221,3187
TGX-115,3188
TH588,3189
THAPSIGARGIN,3190
Thapsigargin,3190
Thio-TEPA,3191
Triethylenethiophosphoramide,3191
THIOTEPA,3191
ThioTEPA,3191
Thiotepa,3191
THZ-1-87,3192
THZ-2-102-1,3193
THZ-2-49,3194
THZ1,3195
THZ2,3196
TIC10 Analogue,3197
TIC 10,3197
TIGECYCLINE,3198
tigecycline,3198
Tigecycline,3198
TIPIFARNIB (S ENANTIOMER),3199
TK216,3200
TL-1-85,3201
TL-2-105,3202
TLK-199,3203
TMP269,3204
TOLFENAMIC ACID,3205
Topotecan ,3206
topotecan,3206
Topotecan HCl,3206
TOPOTECAN HYDROCHLORIDE,3206
Topotecan hydrochloride,3206
TOPOTECAN,3206
Topotecan,3206
Torin 2,3207
TORIN-2,3207
TOSEDOSTAT,3208
tosedostat,3208
Tosedostat,3208
Tozasertib (VX-680),3209
VX-680,3209
"VX-680 (Tozasertib, MK-0457)",3209
Tozasertib,3209
tozasertib/vx680,3209
tozasertib,3209
TOZASERTIB,3209
TPCA-1,3210
TPX-0005,3211
TRAM-34,3212
TRICHOSTATIN A,3213
Trichostatin A,3213
TRICHOSTATIN-A,3214
TRICIRIBINE,3215
Triciribine,3215
Triethylenemelamine,3216
TRIETHYLENEMELAMINE,3216
TRIFLUOPERAZINE,3217
Trifluoperazine dihydrochloride,3217
trifluoperazine,3217
TRIPTOLIDE,3218
Triptolide,3218
triptolide,3218
TTNBP,3219
Tubastatin A,3220
TUBASTATIN A,3220
tubastatin A,3220
TW-37,3221
TW 37,3221
TWS119,3222
TWS-119,3222
Tacrine hydrochloride hydrate,3223
Talc,3224
Talmapimod,3225
Tamibarotene,3226
"Tamoxifen, citrate",3227
Tamsulosin hydrochloride,3228
Tanshinone I,3229
Tanshinone IIA,3230
Tanshinone IIA-sulfonic sodium,3231
Tanzisertib,3232
Tapentadol hydrochloride,3233
Taprenepag,3234
Tarenflurbil,3235
Targegen B-Raf/PDGFR inhibitor Cpd 6,3236
cp690550,3237
Tofacitinib,3237
Tofacitinib (CP-690550),3237
"Tofacitinib (CP-690550,Tasocitinib)",3237
Tasocitinib,3237
Tasquinimod,3238
Taurine,3239
Taurocholic acid sodium salt hydrate,3240
Tauroursodeoxycholic Acid,3241
Tazarotene,3242
Tazobactam acid,3243
Tazobactam,3243
Tegafur,3244
"Tegafur (FT-207, NSC 148958)",3245
Teicoplanin,3246
Telaprevir (VX-950),3247
Telatinib,3248
Telbivudine,3249
Telmisartan,3250
"Temsirolimus (CCI-779, NSC 683864)",3251
Tenofovir,3252
Tenovin-6 derivat A,3253
Tenovin-6 derivat B,3254
Tenoxicam,3255
Teprotumumab,3256
Terazosin hydrochloride,3257
Terbinafine hydrochloride,3258
Terbutaline Sulfate,3259
Terconazole,3260
Terfenadine,3261
Teriflunomide,3262
Terpin Monohydrate,3263
Terreic acid,3264
Tesevatinib,3265
XL-647,3265
Testosterone,3266
Testosterone Enanthate,3267
Testosterone Phenylpropionate,3268
Testosterone propionate,3269
Tetrabenazine,3270
Tetracaine hydrochloride,3271
Tetracycline,3272
Tetracycline hydrochloride,3272
Tetraethylenepentamine Pentahydrochloride,3273
Tetrahydropalmatine hydrochloride,3274
Tetrahydrozoline hydrochloride,3275
Tetryzoline,3275
Tetramisole hydrochloride,3276
Tetrandrine,3277
Theobromine,3278
Theophylline-7-acetic acid,3279
Thiabendazole,3280
Thiamine hydrochloride,3281
Thiamphenicol,3282
Thiazovivin,3283
Thimerosal,3284
Thioctamide,3285
Thioctic acid,3286
Thioguanosine,3287
Thioproline,3288
Thioproperazine dimesylate,3289
Thioridazine hydrochloride,3290
Thiostrepton,3291
Thymopentin,3292
Tiagabine,3293
Tianeptine sodium,3294
Tiapride hydrochloride,3295
Ticagrelor,3296
Ticarcillin disodium,3297
Ticlopidine hydrochloride,3298
Tideglusib,3299
tideglusib,3299
Tie2 kinase inhibitor,3300
Tiletamine hydrochloride,3301
Tilmicosin,3302
Tilorone dihydrochloride,3303
Timolol Maleate,3304
Tinidazole,3305
Tiopronin,3306
Tiotropium bromide,3307
Tioxolone,3308
Tipiracil hydrochloride,3309
Tiplaxtinin(PAI-039),3310
Tiratricol,3311
Tirofiban hydrochloride monohydrate,3312
Tizanidine hydrochloride,3313
Tizoxanide,3314
ToM,3315
Tobramycin,3316
Tofacitinib (CP-690550) Citrate,3317
Tofacitinib citrate,3317
Tolazamide,3318
Tolazoline hydrochloride,3319
Tolbutamide,3320
Tolmetin,3321
Tolnaftate,3322
Tolperisone hydrochloride,3323
Tolterodine tartrate,3324
Toltrazuril,3325
Tolvaptan,3326
Topiramate,3327
Topiroxostat,3328
Toradol,3329
Torasemide,3330
Torcetrapib,3331
Toremifene,3332
Toremifene citrate,3333
Torezolid,3334
Trabectedin,3335
Trans-Tranilast,3336
Tranilast,3336
Trans-Anethole,3337
Tranylcypromine (2-PCPA) hydrochloride,3338
Trapidil,3339
Trazodone hydrochloride,3340
Trelagliptin,3341
Trelagliptin succinate,3341
Triacetin,3342
Triamcinolone,3343
Triamcinolone acetonide,3344
Trichlormethiazide,3345
Triclabendazole,3346
Triclosan,3347
Triflupromazine hydrochloride,3348
Trifluridine,3349
Triflusal,3350
Trilostane,3351
Trimebutine maleate,3352
Trimebutine,3352
Trimeprazine tartrate,3353
Trimetazidine dihydrochloride,3354
Trimethadione,3355
Trimethoprim,3356
Trimetozine,3357
Trimipramine maleate,3358
Tripelennamine hydrochloride,3359
Triprolidine hydrochloride,3360
Trometamol,3361
Tropicamide,3362
Tropisetron hydrochloride,3363
Trospium chloride,3364
Troxerutin,3365
Troxipide,3366
Tubacin,3367
Tucidinostat,3368
Tulobuterol hydrochloride,3369
Tylosin tartrate,3370
Tylosin,3370
Tyloxapol,3371
Tyrosine,3372
Tyrothricin,3373
Tyrphostin 25,3374
Tyrphostin 47,3375
Tyrphostin 9,3376
Tyrphostin AG 1295,3377
Tyrphostin AG 1296,3378
Tyrphostin AG 879,3379
u73122,3380
U73122,3380
U 73122,3380
U0126,3381
U0126-EtOH,3381
U-0126,3381
UCN-01,3382
UM729,3383
"UMI-77, UMI 77",3384
UMI-77,3384
UNBS-5162,3385
UNC-0638,3386
UNC0638,3386
UNC 0638,3386
UNC0321,3387
UNC0638:navitoclax (1:1 mol/mol),3388
UNC0642,3389
UNC1215,3390
UNC2881,3391
Uprosertib (GSK2141795),3392
UPROSERTIB,3392
Uprosertib,3392
URACIL MUSTARD,3393
Uramustine,3393
Uracil mustard,3393
URB597,3394
URMC-099,3395
Ubenimex,3396
Ulipristal acetate,3397
Upadacitinib,3398
Uracil,3399
Urapidil,3400
Urea,3401
Urethane,3402
Uridine,3403
Uridine ,3403
Ursodeoxycholic acid,3404
ursolic acid,3405
Ursolic acid,3405
VAF-347,3406
VALDECOXIB,3407
Valdecoxib,3407
valdecoxib,3407
VALRUBICIN,3408
Valrubicin,3408
Vandetanib ,3409
Vandetanib (ZD6474),3409
VANDETANIB,3409
vandetanib,3409
Vandetanib,3409
ZD-6474,3409
VE-821,3410
VE821,3410
"VENOTOCLAX, ABT-199, VENECLEXTA, GDC-0199",3411
VER 155008,3412
VER-155008,3412
VER-49009,3413
VGX-1027,3414
Vinblastine Sulfate,3415
VINBLASTINE,3415
Vinblastin,3415
VINBLASTINE SULFATE,3415
Vinblastine,3415
Vinblastine   ,3415
Vinblastine Sulfate  ,3415
vinblastine,3415
Vinblastine sulfate,3415
VINCRISTINE SULFATE,3416
vincristine,3416
Vincristine   ,3416
VINCRISTINE,3416
Vincristine Sulfate,3416
Vincristine sulfate,3416
Vincristine,3416
VINORELBINE TARTRATE,3417
Vinorelbine ditartrate,3417
Vinorelbine ,3417
VINORELBINE,3417
Vinorelbine,3417
Vinorelbine tartrate,3417
vinorelbine,3417
VLX1570,3418
VLX-1570,3418
VNLG/124,3419
vorinostat/saha,3420
vorinostat,3420
Vorinostat ,3420
"Vorinostat (SAHA, MK0683)",3420
Vorinostat  ,3420
zolinza,3420
VORINOSTAT,3420
Vorinostat,3420
XL-765,3421
XL765,3421
VOXTALISIB,3421
Voxtalisib,3421
VPS34-IN1,3422
VS-4718,3423
VS-507,3424
VS-5584 (SB2343),3425
VS-5584,3425
VU0155056,3426
VX-11e,3427
VX-11E,3427
VX-11e ,3427
VX-322,3428
VX-702,3429
vx702,3429
VX661,3430
Vacquinol-1,3431
Vagistat,3432
Vakuinol-1,3433
Valacyclovir hydrochloride,3434
Valerin,3435
Valproic acid,3435
Valethamate bromide,3436
Valganciclovir hydrochloride,3437
Valinomycin,3438
Valpramide,3439
Valproic acid aq,3440
Valsartan,3441
Vanatone,3442
Vancomycin hydrochloride,3443
Vanillin,3444
Vardenafil,3445
Vardenafil hydrochloride Trihydrate,3445
Varenicline Tartrate,3446
Varespladib,3447
Varespladib (LY315920),3447
Varlitinib,3448
Vecuronium bromide,3449
Velpatasvir,3450
Vemurafenib + Cobimetinib,3451
Venlafaxine hydrochloride,3452
Verapamil hydrochloride,3453
Verdinexor,3454
Verdinexor (KPT-335),3455
Verteporfin ,3456
Vertex ATR inhibitor Cpd 45,3457
Vesatolimod,3458
Vidarabine,3459
Vidofludimus(4SC-101; SC12267),3460
Vidofludimus,3460
Vigabatrin Hydrochloride,3461
Vigabatrin,3461
Vilazodone,3462
Vildagliptin (LAF-237),3463
Vincamine,3464
Vincristine sulfate salt,3465
Vindesine,3466
Vinflunine,3467
Vinorelbinetartrate,3468
Vinpocetine,3469
Vipadenant,3470
Vitamin D2,3471
Vitamin E,3472
Vitamin E Acetate,3473
Vorasidenib,3474
Voriconazole,3475
Vortioxetine (Lu AA21004) HBr,3476
Vortioxetine,3476
WAY-100635 Maleate,3477
WAY-181187(SAX-187),3478
WAY-362450,3479
WAY-600,3480
WEHI-539,3481
"WEHI-539, WEHI539",3482
WH-4-023,3483
WHI-P131,3484
WHI-P154,3485
"WHI-P97, KIN001-055",3486
WIKI4,3487
WNT-C59,3488
Wnt-C59,3488
Wnt-C59 (C59),3488
WP-1034,3489
WP1066,3490
WT-161,3491
WY-14643 (Pirinixic Acid),3492
WYE-125132 (WYE-132),3493
WYE-125132,3493
WYE-354,3494
"WZ-1-84, KIN001-123",3495
WZ4002,3496
WZ-4002,3496
WZ3105,3497
WZ3146,3498
WZ4003,3499
WZ8040,3500
Warfarin,3501
Warfarin sodium,3501
Wee1 Inhibitor,3502
Wnt agonist 1,3503
Wortmannin,3504
XAV 939,3505
XAV-939,3505
XAV-939 ,3505
XAV939,3505
xav939,3505
XK-469,3506
XL019,3507
XL-019,3507
XL-541,3508
XL-888,3509
XL147,3510
xl147,3510
XL147 analogue,3510
XL388,3511
XMD 8-87,3512
XMD11-85H,3513
XMD13-2,3514
XMD14-99,3515
XMD15-27,3516
XMD8-85,3517
XMD8-92,3518
XR-5000,3519
XR-5944,3520
Xanthohumol,3521
Xentuzumab,3522
Xylazine hydrochloride,3523
Xylitol,3524
Xylometazoline hydrochloride,3525
Y-27632 2HCl,3526
Y-27632,3526
Y-39983,3527
Y39983,3528
YC-1,3529
YK 4-279,3530
YK-4-279,3530
YL54,3531
YM 201636,3532
YM201636,3532
YM-201636,3532
Yohimbine hydrochloride,3533
"Z-LLNLE-CHO, Z-L-NORLEUCINE-CHO",3534
ZD,3535
Zebularine,3536
zebularine,3536
ZEBULARINE,3536
ZG-10,3537
ZIBOTENTAN,3538
Zibotentan,3538
"ZK-811752, BX-471",3539
ZM 306416,3540
ZM 323881 HCl,3541
ZM 323881,3541
zm336372,3542
ZM 336372,3542
ZM-336372,3542
ZM336372,3542
ZM 39923,3543
ZM 39923 HCl,3543
ZM-447439,3544
ZM447439,3544
ZM 447439,3544
ZOLEDRONIC ACID,3545
"ZOLEDRONATE, ZOLEDRONIC ACID, ZOMETA, RECLAST",3545
Zoledronic acid,3545
Zoledronic Acid,3545
Zoledronic acid monohydrate,3545
ZSTK-474,3546
ZSTK474,3546
Zafirlukast,3547
Zalcitabine,3548
Zaltoprofen,3549
Zanamivir,3550
Zidovudine,3551
Zileuton,3552
Zinc bacitracin,3553
Zinc pyrithione,3554
Zinc undecylenate,3555
Ziprasidone  Hydrochloride,3556
Ziprasidone,3556
Ziprasidone hydrochloride monohydrate,3556
Ziprasidone hydrochloride,3556
Zolendronic acid,3557
Zolmitriptan,3558
Zolpidem,3559
Zomepirac Sodium,3560
Zonisamide,3561
Zopiclone,3562
Zosuquidar,3563
Zosuquidar trihydrochloride,3563
Zotarolimus,3564
Zotarolimus(ABT-578),3565
Zotatifin,3566
Zotepine,3567
Zoxazolamine,3568
alisertib:navitoclax (2:1 mol/mol),3569
austocystin D,3570
avicin D,3571
avrainvillamide,3572
batimastat,3573
bi78d3,3574
bid1870,3575
bistramide A,3576
carboplatin:UNC0638 (2:1 mol/mol),3577
carboplatin:etoposide (40:17 mol/mol),3578
cerivastatin,3579
chaetocin,3580
chlophenadione,3581
cis-Anethol,3582
compound 1B,3583
crizotinib:PLX-4032 (2:1 mol/mol),3584
cyanoquinoline 11,3585
dBET1,3586
decitabine:carboplatin (1:1 mol/mol),3587
decitabine:navitoclax (2:1 mol/mol),3588
deltarasin,3589
docetaxel:tanespimycin (2:1 mol/mol),3590
dovitinib/chir-258,3591
doxorubicin:navitoclax (2:1 mol/mol),3592
enantiomer of PF-4176340,3593
erlotinib:PLX-4032 (2:1 mol/mol),3594
ex527,3595
fatostatin,3596
fumagillol,3597
gefetinib,3598
gsk0660,3599
gw0742,3600
gw9662,3601
hif-1i,3602
isoleucine,3603
isonicotinohydroxamic acid,3604
jnk5a,3605
kahalalide F,3606
kinetin riboside,3607
l778123,3608
l779450,3609
leucascandrolide A,3610
lovastatin acid,3611
lsn415169,3612
methylstat,3613
mitomicyn,3614
mk-4541,3615
mrk-003,3616
mrtx1133,3617
musc,3618
musc_zd,3619
nafcillin sodium,3620
nakiterpiosin,3621
navitoclax:MST-312 (1:1 mol/mol),3622
navitoclax:PLX-4032 (1:1 mol/mol),3623
navitoclax:birinapant (1:1 mol/mol),3624
navitoclax:gemcitabine (1:1 mol/mol),3625
navitoclax:piperlongumine (1:1 mol/mol),3626
navitoclax:pluripotin (1:1 mol/mol),3627
navitoclax:sorafenib (1:1 mol/mol),3628
neopeltolide,3629
p-Coumaric acid,3630
p38 MAP Kinase Inhibitor,3631
pandacostat,3632
peptide R18 (14-3-3 antagonist),3633
piperlongumine:MST-312 (1:1 mol/mol),3634
prm-116,3635
prm-122,3636
quinoclamine,3637
rki983,3638
salermide:PLX-4032 (12:1 mol/mol),3639
selumetinib:BRD-A02303741 (4:1 mol/mol),3640
selumetinib:GDC-0941 (4:1 mol/mol),3641
selumetinib:JQ-1 (4:1 mol/mol),3642
selumetinib:MK-2206 (8:1 mol/mol),3643
selumetinib:PLX-4032 (8:1 mol/mol),3644
selumetinib:UNC0638 (4:1 mol/mol),3645
selumetinib:decitabine (4:1 mol/mol),3646
selumetinib:navitoclax (8:1 mol/mol),3647
selumetinib:piperlongumine (8:1 mol/mol),3648
selumetinib:tretinoin (2:1 mol/mol),3649
selumetinib:vorinostat (8:1 mol/mol),3650
serdemetan:SCH-529074 (1:1 mol/mol),3651
sirolimus:bortezomib (250:1 mol/mol),3652
sotorasib,3653
sparfosic acid,3654
srci1,3655
stibogluconate,3656
tanespimycin/17-aag,3657
tanespimycin:bortezomib (250:1 mol/mol),3658
tanespimycin:gemcitabine (1:1 mol/mol),3659
tcs401,3660
tie2i,3661
tipifarnib-P1,3662
tipifarnib-P2,3663
tretinoin:carboplatin (2:1 mol/mol),3664
tretinoin:navitoclax (4:1 mol/mol),3665
triacsin C,3666
triazolothiadiazine,3667
trifluridine-tipiracil,3668
ubistatin B,3669
vasastrol,3670
vorinostat:carboplatin (1:1 mol/mol),3671
vorinostat:navitoclax (4:1 mol/mol),3672
withaferin,3673
wnti,3674
NSC-737754,8
NSC-66847,31
NSC-18509,81
NSC-102816,82
NSC-19893,83
NSC-755,87
NSC-752,88
NSC-673596,92
NSC-45923,96
NSC-749226,119
NSC-1390,171
NSC-13875,174
NSC-296961,192
NSC-719344,196
NSC-92859,221
NSC-122758,245
NSC-757441,252
NSC-740,301
NSC-14229,329
NSC-3053,333
NSC-138783,518
NSC-125066,546
NSC-681239,572
NSC-750,683
NSC-761432,802
NSC-241240,808
NSC-409962,810
NSC-719627,832
NSC-3088,862
NSC-119875,876
NSC-105014,879
NSC-756645,901
NSC-26271,917
NSC-63878,921
NSC-45388,1136
NSC-732517,1143
NSC-82151,1144
NSC-127716,1150
NSC-169780,1154
NSC-628503,1169
NSC-123127,1171
NSC-754143,1219
NSC-718781,1350
NSC-702294,1351
NSC-141540,1354
NSC-713563,1360
NSC-27640,1470
NSC-118218,1472
NSC-719276,1484
NSC-755986,1576
NSC-715055,1583
NSC-613327,1584
NSC-32065,1719
NSC-109724,1774
NSC-743414,1778
NSC-369100,1779
NSC-763371,1781
NSC-747973,1866
NSC-745750,1967
NSC-747972,1982
NSC-719345,1985
NSC-79037,1995
NSC-762,2102
NSC-71423,2103
NSC-8806,2106
NSC-26980,2121
NSC-38721,2122
NSC-279836,2123
NSC-686673,2315
NSC-747599,2320
NSC-266046,2457
NSC-125973,2525
NSC-698037,2546
NSC-218321,2547
NSC-25154,2598
NSC-24559,2605
NSC-761431,2608
NSC-754230,2622
NSC-77213,2628
NSC-747974,2832
NSC-226080,2833
NSC-747971,3009
NSC-85998,3023
NSC-750690,3032
NSC-180973,3172
NSC-362856,3178
NSC-122819,3180
NSC-6396,3191
NSC-609699,3206
NSC-9706,3216
NSC-34462,3393
NSC-246131,3408
NSC-760766,3409
NSC-49842,3415
NSC-67574,3416
NSC-608210,3417
NSC-701852,3420
NSC-721517,3545
NSC-606869,3675
NSC-712807,3676
NSC-733504,3677
NSC-753082,3678
