original_id,consensus_id
,0
cls_token1,1
cls_token2,2
 1st Precursur Intermediate to TDP 665759,3
 AS-703569 ,4
sns-032,5
SNS-032,5
SNS-032 (BMS-387032),5
SNS-032 ,5
SNS 032,5
 BMS-387032,5
 CNS-9,6
Bafetinib,6
GSK2118436,7
DABRAFENIB MESYLATE,7
 Dabrafenib,7
Dabrafenib,7
Dabrafenib (GSK2118436),7
Dabrafenib mesylate,7
DABRAFENIB,7
dabrafenib,7
Pazopanib hydrochloride,8
Pazopanib (GW786034),8
PAZOPANIB,8
PAZOPANIB HYDROCHLORIDE,8
Pazopanib HCl,8
NSC-737754,8
Pazopanib ,8
pazopanib,8
Pazopanib,8
 Pazopanib,8
 ZIP-301,9
(+)-Bicuculline,10
CAMPTOTHECIN,11
Camptothecin,11
(+)-Camptothecin,11
Camptothecine (S.+),11
Cianidanol,12
(+)-Catechin Hydrate,12
(+)-Emetine dihydrochloride hydrate,13
JQ1,14
(+)JQ1,14
JQ-1,14
(-)JQ1,14
(+)-JQ1,14
(+)-JQ-1,14
(+)-Matrine,15
(+)-Nutlin-3,16
Pilocarpine nitrate,17
(+)-Pilocarpine hydrochloride,17
Pilocarpine,17
(+/-)-BLEBBISTATIN,18
blebbistatin,18
(+/-)-nutlin-3,19
(-)-Huperzine A (HupA),20
(-)-gallocatechin-3-monogallate,21
Nutlin-3a (-),22
Nutlin 3a,22
NUTLIN-3A (-),22
Nutlin-3a,22
nutlin-3,22
NUTLIN-3,22
Nutlin-3,22
(-)-nutlin-3,22
(5Z)-7-OXOZEAENOL,23
(5Z)-7-Oxozeaenol,23
(R)-(+)-Limonene,24
(R)-Duloxetine hydrochloride,25
(R)-Naproxen,26
(S)-(+)-Ketoprofen,27
(S)-Clopidogrel hydrogen sulfate,28
(S)-propranolol hydrochloride,29
(±)-Bisoprolol hemifumarate,30
Thalidomide  ,31
thalidomide,31
Thalidomide,31
(±)-Thalidomide,31
NSC-66847,31
THALIDOMIDE,31
1-Azakenpaullone,32
1-Methyl-[D]-tryptophan,33
1-methyl-D-tryptophan,34
1-methyl-D-tryptophan aq,35
"10,11-Dihydrocarbamazepine",36
10-Hydroxycamptothecin,37
10058-F4,38
10074-G5,39
1074,40
1092,41
1240,42
15D-PGJ2,43
16-BETA-BROMOANDROSTERONE,44
16-beta-bromoandrosterone,45
17 alpha-propionate,46
17AAG,47
Tanespimycin ,47
17-AAG (Tanespimycin),47
tanespimycin,47
TANESPIMYCIN,47
17-AAG,47
Tanespimycin,47
"17-Beta-Estradiol-3,17-Dipropionate",48
17-DMAG,49
Alvespimycin,49
17-Methyltestosterone,50
"1S,3R-RSL-3",51
2'-Deoxyuridine,52
"2,4-dideoxy-DC-45-A2",53
2-Aminobenzenesulfonamide,54
2-Aminoethanethiol,55
2-Fluoroadenosine,56
"2-Hydroxy-5-(2,5-dihydroxybenzylamino)benzoic acid",57
2-Pyridinealdoxime methochloride,58
2-methoxyestradiol,59
2-methoxyestradiol ,59
2104,60
2150,61
2DG,62
2nd Precursur Intermediate to TDP 665759,63
3-AP,64
Triapine,64
Bromopyruvate,65
3-Bromopyruvic acid,65
3-Cl-AHPC,66
3-Methyladenine,67
3-MA,67
3-chloro-L-alanine,68
4-Aminoantipyrine,69
4-Aminopyridine,70
4-Biphenylacetic acid,71
4-Hydroxyantipyrine,72
4-Methylpyrazole,73
4-Methylumbelliferone (4-MU),74
4-hydroxytamoxifen,75
4-methylfasudil,76
4EGI-1,77
4SC-202 ,78
"5,6-dichloro-1-?-D-ribofuranosylbenzimidazole",79
5-Acetylsalicylic acid,80
5-Aminolevulinic acid hydrochloride,81
Aminolevulinic ,81
Aminolevulinic acid,81
NSC-18509,81
AMINOLEVULINIC ACID HYDROCHLORIDE,81
azacitidine,82
5-azacytidine,82
5-Azacytidine,82
NSC-102816,82
Azacitidine  ,82
Mylosar,82
Azacytidine (Vidaza),82
Azacytidine,82
5-Azacitidine,82
AZACITIDINE,82
Azacitidine,82
NSC-19893,83
fluorouracil,83
5-Fluorouracil,83
5FU,83
5fu,83
Fluorouracil,83
5-fu,83
5-FU,83
FLUOROURACIL,83
"Fluorouracil (5-Fluoracil, 5-FU)",83
5-FLUOROURACIL,83
5-Nonyloxytryptamine oxalate,84
5-hydroxytryptophan (5-HTP),85
6-Aminocaproic acid,86
Aminocaproic acid,86
6-Mercaptopurine,87
Mercaptopurine (6-MP),87
MERCAPTOPURINE,87
Mercaptopurine,87
6-Mercaptopurine monohydrate,87
NSC-755,87
NSC-752,88
THIOGUANINE,88
Thioguanine,88
Thioguanin,88
6-Thioguanine,88
6-azauridine,89
681640,90
"7,8-Dihydroxyflavone",91
NSC-673596,92
7-Ethyl-10-hydroxycamptothecin,92
SN 38,92
SN-38,92
sn-38,92
777,93
8-Azaguanin,94
Azaguanine-8,94
"8-DODECYLSULFANYL-1,3-DIMETHYL-7H-PURINE-2,6-DIONE",95
8-Methoxypsoralen,96
Methoxsalen,96
NSC-45923,96
METHOXSALEN,96
8-amino-adenosine,97
8-chloro-adenosine,98
968,99
A 804598,100
A-804598,100
A-1155463,101
A-1210477,102
A-1331852,103
A-366,104
A-419259,105
"A-443654, KIN001-139",106
A-484954,107
"EEF2K INHIBITOR, A-484954",107
A-674563,108
a769662,109
A-769662,109
"A-770041, KIN001-111",110
A-83-01,111
Antibiotic A-23187,112
A23187,112
A66,113
A770041,114
A832234,115
AA-COCF3,116
Masitinib (AB-1010),117
Masitinib (AB1010),117
Masitinib,117
MASITINIB,117
AB-1010,117
masitinib,117
ABC294640,118
Abiraterone,119
ABIRATERONE,119
NSC-749226,119
abiraterone,119
ABT-199 (GDC-0199),120
ABT-199,120
VENETOCLAX,120
Venetoclax,120
Navitoclax,121
ABT-263,121
ABT-263 (NAVITOCLAX),121
navitoclax,121
NAVITOCLAX,121
abt263,121
ABT-263 (Navitoclax),121
ABT-348,122
ABT737,123
ABT-737 ,123
ABT-737,123
ABT-751 (E7010),124
ABT-751,124
ABT-869,125
LINIFANIB,125
linifanib,125
Linifanib (ABT-869),125
Linifanib,125
veliparib,126
veliparib/abt888,126
Veliparib (ABT-888),126
Veliparib,126
ABT888 hydrochloride,126
VELIPARIB,126
abt-888,126
ABT-888,126
AC55649,127
AC 55649,127
AC 710,128
AC-220,129
QUIZARTINIB,129
Quizartinib (AC220),129
Quizartinib,129
quizartinib,129
BMS-599626,130
BMS 599626,130
AC480 (BMS-599626),130
AC480,130
"ACETALAX, OXYPHENISATIN ACETATE",131
ACT 058362; Palosuran,132
ACT1-013,133
ACY-1215,134
Rocilinostat (ACY-1215),134
Ricolinostat,134
Rocilinostat,134
ACY-241,135
ACY-738,136
ADP,137
ADW-742,138
NVP-ADW742,138
ADX 47273,139
AEB-071,140
Sotrastaurin,140
SOTRASTAURIN,140
sotrastaurin,140
NVP-AEE788,141
AEE788,141
AEE-788 ,141
AEE788 (NVP-AEE788),141
AEG 3482,142
AEG-40730 ,143
AEW-541,144
AEW541,144
NVP-AEW541,144
AFATINIB,145
BIBW2992,145
Afatinib (BIBW-2992),145
afatinib,145
Afatinib (BIBW2992) Dimaleate,145
Afatinib,145
Afatinib (BIBW2992),145
AFP-464,146
AG-490 (Tyrphostin B42),147
AG-490,147
AG 490,147
AG014699,148
Rucaparib,148
Rucaparib ,148
RUCAPARIB,148
AG-014699,148
PF-01367338,148
AG-1024 ,149
AG-1024,149
Ivosidenib,150
AG-120,150
AG-126,151
AG-14361,152
AG14361,152
AG-1478,153
tyrphostin AG-1478,153
AG-1478 (Tyrphostin AG-1478),153
AG1478,153
AG-18,154
AG-2037,155
Enasidenib,156
AG-221 (Enasidinib),156
AG-337;Nolatrexed dihydrochloride,157
AG-494,158
IDH-C35,159
AGI-5198,159
AGI-6780,160
AGK-2,161
AGK 2,161
AICAR,162
AICAR (Acadesine),163
Acadesine,163
"AICAR, N1-(B-D-RIBOFURANOSYL)-5-AMINOIMIDAZOLE-4-CARBOXAMIDE",163
"AKT INHIBITOR VIII, KIN001-102",164
AKT Inhibitor IV,165
AKT Inhibitor X,166
AKT inhibitor VIII,167
Akti-1/2,167
ALA hydrochloride,168
Alectinib,169
CH-5424802,169
ALECTINIB,169
Alisertib (MLN8237),170
MLN-8237 ,170
ALISERTIB,170
MLN8237,170
alisertib,170
Alisertib,170
Alisertib ,170
NSC-1390,171
Allopurinol,171
ALLOPURINOL,171
BYL719,172
ALPELISIB,172
Alpelisib,172
BYL-719,172
ALPHA-BOSWELLIC ACID,173
NSC-13875,174
Altretamine,174
ALTRETAMINE,174
FLAVOPIRIDOL (ALVOCIDIB),175
Flavopiridol HCl,175
Flavopiridol (Alvocidib) hydrochloride,175
Alvocidib ,175
Flavopiridol (Alvocidib),175
Flavopiridol,175
Alvocidib,175
alvocidib,175
ALVOCIDIB,175
ALW-II-49-7,176
AM-580,177
AM 580,177
AM-2282,178
Staurosporine,178
STAUROSPORINE,178
staurosporine,178
AM095,179
AM281,180
AMA404,181
AMD-070,182
AMD-473,183
AMG 337,184
AMG-337,184
AMG-925,185
AMG 925,185
AMG-208,186
AMG-232,187
"AMG-319, AMG319",188
AMG319,188
AMG-458,189
MOTESANIB,190
Motesanib Diphosphate (AMG-706),190
Motesanib (AMG-706),190
Motesanib,190
Motesanib ,190
AMG-706,190
AMG-900,191
Amifostine,192
NSC-296961,192
AMIFOSTINE,192
dorsomorphin,193
COMPOUND C,193
AMPK Inhibitor,193
Dorsomorphin,193
Amuvatinib,194
AMUVATINIB,194
Amuvatinib(MP470),194
MP-470,194
Amuvatinib (MP-470),194
ANA-12,195
NSC-719344,196
ANASTROZOLE,196
Anastrozole  ,196
Anastrozole,196
AP0-866,197
AP24534  Ponatinib,198
AP26113,199
AP26113 (Brigatinib),199
RVX-208,200
APABETALONE,200
APD 668,201
APD597,202
apicidin,203
APICIDIN,203
"Apitolisib (GDC-0980, RG7422)",204
Apitolisib,204
GDC-0980 (RG7422),204
GDC-0980,204
"APITOLISIB, GDC0980",204
"APO866, FK866",205
PRIMA-1MET,206
APR-246,206
Prima-1 Met,206
APTSTAT3-9R,207
OSU-03012 (AR-12),208
Osu-03012 ,208
AR-12,208
OSU-03012 ,208
osu03012,208
OSU-03012,208
AR-42,209
AR-A014418,210
AR-C155858,211
"ARA-G, 9-??-D-ARABINOFURANOSYL GUANINE",212
ARN-509,213
Apalutamide,213
ARN 509,213
Tivantinib,214
TIVANTINIB,214
tivantinib,214
Tivantinib (ARQ 197),214
ARQ-197,214
ARQ-621,215
ARQ-680,216
MEK-162,217
MEK162,217
"Binimetinib (MEK162, ARRY-162, ARRY-438162)",217
Binimetinib,217
ARRY-162,217
"MEK162 (ARRY-162, ARRY-438162)",217
ARRY-380,218
ARRY-520 (isomer B),219
ARRY-520 (isomer A),219
Filanesib,219
FILANESIB,219
ARRY380,220
NSC-92859,221
ARSENIC TRIOXIDE,221
Arsenic(III) oxide,221
Arsenic Trioxide,221
Arsenic trioxide,221
ARV-825,222
AS 252424,223
as252424,223
AS-252424,223
AS-041164,224
AS-604850,225
Pimasertib,226
Pimasertib (AS-703026),226
AS-703026,226
AS601245,227
AS605240,228
"AS605240, KIN001-173",229
ASLAN002,230
BMS-777607,230
ASP-3026,231
ASP 3026,231
ASP3026,231
Tivozanib ,232
Tivozanib (AV-951),232
TIVOZANIB,232
tivozanib,232
ASP-4130,232
Tivozanib,232
Linsitinib,233
osi906,233
LINSITINIB,233
OSI-906 (Linsitinib),233
ASP-7487,233
linsitinib,233
OSI-906,233
OSI-906 (LINSITINIB),233
AST-1306,234
Allitinib,234
AST-487,235
AT-101; BL-193,236
AT 101,236
AT-101,236
GOSSYPOL,236
gossypol,236
Gossypol acetic acid,236
AT 7519  hydrochloride salt,237
AT13148,238
AT-13148,238
AT13387,239
AT-13387 ,239
Onalespib,239
"AT406 (SM- 406, ARRY- 334543)",240
AT-406,240
AT7519,241
AT7519 trifluoroacetate,241
AT-7519,241
AT9283,242
AT-9283,242
AT7867,243
ATB 346,244
tretinoin,245
TRETINOIN,245
NSC-122758,245
ATRA,245
All-Trans retinoic acid,245
Tretinoin,245
"Luminespib (AUY-922, NVP-AUY922)",246
NVP-AUY922,246
Luminespib,246
AUY-922,246
NVP AUY922,246
AUY922,247
Avagacestat (BMS-708163),248
Avagacestat,248
AVAGACESTAT,248
BMS-708163,248
avagacestat,248
Spebrutinib,249
AVL-292,249
AVN944,250
AVN-944,250
AWD 131-138,251
NSC-757441,252
Axitinib,252
AXITINIB,252
axitinib,252
Axitinib (AG-013736),252
AZ20,253
AZ 20,253
AZ 3146,254
AZ-3146,254
AZ3146,254
AZ 628,255
AZ-628,255
AZ628,255
AZ960,256
AZ 960,256
AZ-23,257
AZ23,257
AZ191,258
AZ505,259
AZ5104,260
AZ6102,261
SARACATINIB,262
Saracatinib,262
AZD 0530,262
AZD-0530,262
Saracatinib (AZD0530),262
saracatinib,262
AZD0530,262
AZD2281,263
Olaparib ,263
AZD 2281,263
OLAPARIB,263
olaparib,263
Olaparib(1495) + Temozolomide(1375),263
Olaparib,263
"Olaparib (AZD2281, Ku-0059436)",263
AZD4547,264
AZD-4547,264
AZD 4547,264
Capivasertib,265
AZD5363,265
AZD-5363,265
AZD 5363,265
AZD5438,266
AZD-5438,266
AZD 5438,266
selumetinib/azd6244,267
SELUMETINIB (AZD6244),267
Selumetinib (AZD6244),267
AZD 6244,267
AZD-6244,267
Selumetinib,267
SELUMETINIB,267
AZD6244,267
selumetinib,267
AZD 7762,268
AZD 7762 hydrochloride,268
AZD-7762 ,268
AZD7762,268
azd7762,268
AZD1080,269
AZD-1080,269
Barasertib,270
AZD-1152,270
barasertib,270
BARASERTIB,270
AZD-1480,271
AZD1480,271
MK-1775 ,272
MK1775,272
MK 1775,272
AZD-1775,272
azd1775,272
MK-1775,272
Adavosertib,272
AZD1775,272
mk1775,272
AZD2014,273
Vistusertib,273
AZD-2014,273
cediranib/azd2171,274
CEDIRANIB,274
Cediranib ,274
Cediranib,274
Cediranib (AZD2171),274
cediranib,274
AZD-2171,274
AZD2461,275
AZD-2461,275
AZD-2858,276
AZD2858,276
AZD-3514,277
AZD-3965 ,278
AZD3965,278
AZD6482,279
AZD-6482,279
AZD-7545,280
AZD7545,280
AZD-8055,281
AZD8055,281
AZD-8186,282
AZD8186,282
AZD8330,283
AZD-8330,283
Sapitinib,284
AZD8931 (Sapitinib),284
AZD8931,284
AZD-8931,284
AZD0156,285
AZD1152-HQPA,286
AZD2811,286
AZD1152-HQPA (AZD2811),286
Barasertib (AZD1152-HQPA),286
AZD1208,287
AZD2932,288
AZD3463,289
AZD3759,290
AZD5153,291
AZD5582,292
Azd6738,293
AZD6738,293
AZD8835,294
Osimertinib,295
OSIMERTINIB,295
AZD9291,295
Abamectin,296
Abbolactone,297
LY2835219,298
abemaciclib,298
Abemaciclib mesylate,298
LY-2835219,298
LY2835219 mesylate,298
Abemaciclib,298
Abemaciclib (LY2835219),298
PCI-24781 (Abexinostat),299
PCI-24781,299
Abexinostat,299
Abiraterone Acetate,300
methotrexate,301
Abitrexate,301
Methotrexate  ,301
METHOTREXATE,301
Methotrexate,301
NSC-740,301
Acacytidine,302
Acalabrutinib (ACP-196),303
Acalabrutinib,303
Acalisib (GS-9820),304
Acarbose,305
Acebutolol hydrochloride,306
Acecainide,307
Aceclofenac,308
Aceglutamide,309
Acemetacin,310
Acetaminophen,311
Acetanilide,312
Acetazolamide,313
Acetohexamide,314
Acetohydroxamic acid,315
Acetovanillone,316
Acetylcholine chloride,317
Acetylcysteine,318
Acetylleucine,319
Acetylsalicylic acid,320
Acetylspiramycin,321
Aciclovir,322
Acipimox,323
Acitretin,324
Aclarubicin,325
Aclidinium bromide,326
Aconitine,327
Acotiamide hydrochloride,328
Acrichine,329
Quinacrine dihydrochloride dihydrate,329
Quinacrine dihydrochloride,329
Mepacrine,329
NSC-14229,329
Acridine,330
Actarit,331
Actidione,332
Dactinomycin,333
NSC-3053,333
Actinomycin D,333
DACTINOMYCIN,333
Adagrasib,334
Adapalene,335
Adefovir dipivoxil,336
Ademine,337
Adenine hydrochloride,338
Adenine,338
Adenosine,339
Adenosine 5'-monophosphate,340
Adenosine 5'-monophosphate monohydrate,340
Adenosine disodium triphosphate ,341
Adiphenine HCl,342
Adiphenine hydrochloride,342
Adrenalone hydrochloride,343
Adrenosterone,344
Afuresertib (GSK2110183),345
Afuresertib,345
GSK2110183,345
Agios Cmp 301,346
Agipnon,347
Agomelatine,348
Alarelin,349
Albamycinsodium,350
Albendazole,351
Alcaftadine,352
Aldoxorubicin,353
Alendronate,354
Alfacalcidol,355
Alfuzosin hydrochloride,356
Alibendol,357
Aliskiren hemifumarate,358
Alizapride hydrochloride,359
Allantoin,360
Allylestrenol,361
Allylthiourea,362
Almorexant,363
Almotriptan Malate,364
Alodan,365
Aloe-emodin,366
Alogliptin Benzoate,367
Aloin,368
Alosetron hydrochloride,369
"Alsterpaullone, 2-cyanoethyl",370
Altiratinib(DCC2701),371
Altiratinib,371
Altrenogest,372
Alvelestat (AZD9668),373
Alverine citrate,374
Alvimopan,375
Amantadine hydrochloride,376
Ambrisentan,377
Ambroxol,378
Ambroxol hydrochloride,378
Amcasertib,379
Amcinonide,380
Amfenac Sodium Monohydrate,381
Amfepramone hydrochloride,382
Amidrine,383
Amikacin,384
Amikacin Sulfate Salt,384
Amiloride hydrochloride dihydrate,385
Amiloride hydrochloride,385
Aminacrine,386
Aminoflavone,387
Aminoglutethimide,388
Aminoguanidine hydrochloride,389
Aminopar,390
Sodium 4-aminosalicylate dihydrate,390
Aminophenazone,391
Theophylline,392
Aminophylline,392
Theophylline monohydrate,392
Aminothiazole,393
Amiodarone hydrochloride,394
Amisulpride,395
Amitraz,396
Amitriptyline hydrochloride,397
Amlexanox,398
Amlodipine Besylate,399
Amlodipine,399
Amodiaquine hydrochloride,400
Amodiaquin dihydrochloride dihydrate,400
CGX-571,401
Amonafide,401
Amorolfine hydrochloride,402
Amoxapine,403
Amoxicillin,404
Amoxicillin trihydrate,404
Ampalex,405
Amphotericin B,406
Ampicillin,407
Ampicillin Trihydrate ,407
Amprolium,408
Amprolium Hydrochloride,408
Amrinone,409
Amsacrine,410
Amstat,411
Anacardic Acid,412
Anacetrapib (MK-0859),413
Clomipramine hydrochloride,414
Anafranil,414
Anagrelide,415
Dipyrone,416
Analgin,416
Andarine,417
Andrographolide,418
Anestan,419
Anethole trithione,420
Aniracetam,421
Anisomycin,422
Anlotinib,423
Anovigam,424
Antazoline hydrochloride,425
Antepan,426
Anthralin,427
Antipyrine,428
Antrapurol,429
YN-968D1,430
Apatinib,430
Apigenin,431
Apilimod,432
Apixaban,433
Apramycin sulfate,434
Apremilast (CC-10004),435
Aprepitant ,436
Aptal,437
Aquacrine,438
Arabinoside,439
Arbidol hydrochloride,440
Arbutin,441
Arctigenin,442
Arecoline HBr,443
Argatroban,444
Ariad Alk/EGFR inhibitor related to AP-26113,445
Aripiprazole,446
Aristolochic Acid,447
Armodafinil,448
Arsenic oxide (3),449
Artamine,450
Arteether,451
Artemether,452
Artemisinin,453
Artesunate,454
Articaine hydrochloride,455
Asciminib,456
Ascomycin (FK520),457
Asenapine Maleate,458
Asiatic acid,459
Asiatic Acid,459
Asiaticoside,460
Asorbic Acid,461
Aspartame,462
Astemizole,463
Astex FGF inhibitor,464
Astragaloside A,465
Ataluren (PTC124),466
Ataractan,467
Atazanavir sulfate,468
Atenolol,469
Atomoxetine hydrochloride,470
Atopaxar Hydrobromide,471
Atopaxar,471
Atorvastatin,472
Atorvastatin Calcium ,472
Atovaquone,473
Atropine sulfate monohydrate,474
Atropine,474
Atropine sulfate,475
Auranofin,476
Aurora A Inhibitor I,477
Aurora kinase inhibitor III,478
Aurora kinase/cdk inhibitor,479
JNJ-7706621,479
Avanafil,480
Avapritinib,481
Avasimibe,482
Avobenzone,483
Azacytidine-5,484
Azasetron hydrochloride,485
Azatadine Maleate,486
Azathioprine,487
Azelaic acid,488
Azelastine,489
Azelastine HCl,489
Azelnidipine,490
Azilsartan,491
Azithromycin A,492
Azithromycin,492
Azithromycin dihydrate,492
Azlocillin sodium,493
Azobenzene,494
Aztreonam,495
RAD51 INHIBITOR B02,496
B02,496
BAF312 (Siponimod),497
Bafilomycin A1,498
bafilomycin A1,498
BAFILOMYCIN A1,498
BAL-101553,499
BAL-27862,500
BRD-K07442505,501
BAM7,501
bardoxolone methyl,502
Bardoxolone methyl,502
BARDOXOLONE METHYL,502
BAX CHANNEL BLOCKER,503
Bax channel blocker,503
BAY 11-7082,504
Bay 11-7085,505
BAY 11-7085,505
BAY 1436032,506
BAY-1436032,506
BAY61-3606,507
BAY-61-3606,507
BAY 61-3606,507
BAY 87-2243,508
BAY-1942,509
BAY-80-6946 ,510
Copanlisib,510
BAY-86-9766,511
"Refametinib (RDEA119, Bay 86-9766)",511
REFAMETINIB,511
RDEA119,511
Refametinib,511
BAY85-3934;Molidustat,512
BCI,513
BCL-LZH-4,514
BDP-00009066,515
BEC,516
Belinostat (PXD101),517
PXD101,517
Belinostat,517
BELINOSTAT,517
belinostat,517
Bendamustine,518
Bendamustine ,518
NSC-138783,518
BENDAMUSTINE HCL,518
BENDAMUSTINE HYDROCHLORIDE,518
bendamustine,518
Bendamustine hydrochloride,518
BENORILATE,519
BETULINIC ACID,520
betulinic acid,520
bexarotene,521
BEXAROTENE,521
Bexarotene ,521
Bexarotene,521
nvp-bez235,522
"BEZ235 (NVP-BEZ235, Dactolisib)",522
BEZ 235,522
BEZ235,522
BEZ-235,522
Dactolisib,522
bez-235,522
NVP-BEZ235,522
BGB-283,523
BGB324,524
R428,524
R-428,524
Bemcentinib,524
BGJ398 (NVP-BGJ398),525
BGJ-398,525
BGJ398,525
Infigratinib,525
NVP-BGJ398,525
BGT226 (NVP-BGT226),526
BGT-226,526
BGT226,526
NVP-BGT226,526
BI-2536,527
BI2536,527
BI 2536,527
BI-6727,528
Volasertib,528
Volasertib (BI 6727),528
Volasertib (BI-6727),528
BI6727,528
JNK INHIBITOR X,529
BI-78D3,529
BI-D1870,530
BIA,531
Vargatef,532
Nintedanib,532
nintedanib,532
NINTEDANIB,532
BIBF-1120,532
Nintedanib (BIBF 1120),532
BIBR-1532,533
BIBS 39,534
Bicalutamide,535
BICALUTAMIDE,535
BIIB-021,536
BIIB021,536
CNF-2024,536
BIM-46187 ,537
BIO,538
GSK-3 inhibitor IX,538
BIRB 796 (Doramapimod),539
DORAMAPIMOD,539
BIRB-796,539
BIRB 0796,539
Doramapimod ,539
Doramapimod (BIRB 796),539
Doramapimod,539
Birinapant,540
TL-32711,540
birinapant,540
BIRINAPANT,540
BIX 02188,541
BIX 02189,542
BIX02189,542
BIX-01294,543
BIX01294,544
BIX01294(HYDROCHLORIDE HYDRATE),544
BKM-120,545
Buparlisib,545
BUPARLISIB,545
"BKM120 (NVP-BKM120, Buparlisib)",545
BKM120,545
BLEOMYCIN,546
BLEOMYCIN (50 UM),546
Bleomycin,546
NSC-125066,546
Bleomycin ,546
Bleomycin sulfate,547
BLEOMYCIN SULFATE,547
bleomycin A2,547
BLEOMYCIN A2,547
BLU9931,548
BLZ945,549
BLZ-945,549
BML-259,550
BML-277,551
CHK2 INHIBITOR II,551
BMN-673 (racemate),552
BMN-673 (inactive enantiomer),552
Talazoparib,552
BMN-673,552
TALAZOPARIB,552
BMN 673,552
BMS 195614,553
BMS-195614,553
BMS 204352,554
BMS 270394,555
BMS-270394,555
BMS-345541,556
BMS 345541,556
BMS-265246,557
BMS-299897,558
"BMS-509744, KIN001-127",559
BMS-536924,560
bms536924,560
BMS-582664 ,561
Brivanib Alaninate (BMS-582664),561
BMS-582949 ,562
BMS-582949,562
BMS-690514,563
BMS-754807,564
BMS-794833,565
BMS-833923,566
BMS-911543,567
BMS-983970,568
BMS863233,569
XL413,569
BMX-IN-1,570
BMY 7378 dihydrochloride,571
Bortezomib  ,572
Bortezomib (Velcade),572
BORTEZOMIB,572
NSC-681239,572
Bortezomib,572
Bortezomib ,572
Bortezomib (PS-341),572
bortezomib,572
BOSUTINIB,573
Bosutinib ,573
Bosutinib,573
bosutinib,573
Bosutinib (SKI-606),573
BP-1-102,574
BPD-00008900,575
BPIQ-II,576
BPR1J-097,577
BRD9876,578
BRD 9876,578
BRD-A02303741,579
BRD-A02303741:carboplatin (1:1 mol/mol),580
BRD-A02303741:navitoclax (2:1 mol/mol),581
BRD-A05715709,582
BRD-A71883111,583
BRD-A86708339,584
BRD-A94377914,585
BRD-K01737880,586
BRD-K02251932,587
BRD-K02492147,588
BRD-K03536150,589
BRD-K03911514,590
BRD-K04800985,591
BRD-K09344309,592
BRD-K09587429,593
BRD-K11533227,594
BRD-K13185470,595
BRD-K13999467,596
BRD-K14844214,597
BRD-K16130065,598
BRD-K16147474,599
BRD-K17060750,600
BRD-K19103580,601
BRD-K20514654,602
BRD-K24690302,603
BRD-K26531177,604
BRD-K27188169,605
BRD-K27188169:navitoclax (2:1 mol/mol),606
BRD-K27224038,607
BRD-K27986637,608
BRD-K28456706,609
BRD-K29086754,610
BRD-K29313308,611
BRD-K30019337,612
BRD-K30748066,613
BRD-K33199242,614
BRD-K33514849,615
BRD-K34099515,616
BRD-K34222889,617
BRD-K34485477,618
BRD-K35604418,619
BRD-K37390332,620
BRD-K41334119,621
BRD-K41597374,622
BRD-K42260513,623
BRD-K44224150,624
BRD-K45681478,625
BRD-K48334597,626
BRD-K48477130,627
BRD-K49290616,628
BRD-K50799972,629
BRD-K51490254,630
BRD-K51831558,631
BRD-K52037352,632
BRD-K55116708,633
BRD-K55473186,634
BRD-K58730230,635
BRD-K61166597,636
BRD-K63431240,637
BRD-K64610608,638
BRD-K66453893,639
BRD-K66532283,640
BRD-K70511574 (HMN-214),641
HMN-214,641
BRD-K70511574,641
BRD-K71781559,642
BRD-K71935468,643
BRD-K75293299,644
BRD-K78574327,645
BRD-K79669418,646
BRD-K80183349,647
BRD-K84807411,648
BRD-K85133207,649
BRD-K86535717,650
PCI-34051,651
BRD-K88742110,651
BRD-K90370028,652
BRD-K92856060,653
BRD-K94991378,654
BRD-K96431673,655
BRD-K96970199,656
BRD-K97651142,657
BRD-K99006945,658
BRD-K99584050,659
BRD-M00053801,660
BRD1429,661
BRD1812,662
BRD1835,663
BRD4132,664
BRD4354,665
BRD4770,666
BRD55319,667
BRD6340,668
BRD63610,669
BRD6368,670
BRD7116,671
BRD7137,672
BRD73954,673
BRD8899,674
BRD8958,675
BRD9647,676
BRD9876:MK-1775 (4:1 mol/mol),677
Brefeldin A,678
brefeldin A,678
BREFELDIN A,678
Brivanib ,679
BRIVANIB,679
Brivanib,679
brivanib,679
Brivanib (BMS-540215),679
Bryostatin 1,680
BRYOSTATIN 1,680
BS-181 HCl,681
BS-181,681
BSI-201,682
Iniparib (BSI-201),682
Iniparib ,682
Iniparib,682
Busulfan,683
NSC-750,683
Busulfan ,683
BUSULFAN,683
BVD-523,684
Ulixertinib,684
"Ulixertinib (BVD-523, VRT752271)",684
BX-795,685
BX 795,685
BX795,685
BX 912,686
BX912,686
BX-912,686
BYL-719(Alpelisib),687
Bacitracin,688
Baclofen,689
Baicalein,690
Baicalin,691
Balicatib,692
Balofloxacin,693
Balsalazide Sodium,694
Bambuterol hydrochloride,695
Baricitinib (Phosphate),696
"Baricitinib (LY3009104, INCB028050)",696
Baricitinib,696
Bazedoxifene acetate,697
Beclamide,698
Beclomethasone dipropionate,699
Bedaquiline(TMC207; R207910),700
Behenic alcohol,701
Belzutifan,702
Benactyzine hydrochloride,703
Benazepril hydrochloride,704
Bendazac L-lysine,705
Bendazol,706
Bendroflumethiazide,707
Benfluorex hydrochloride,708
Benfotiamine,709
Bengenin,710
Benicar,711
Benidipine hydrochloride,712
Benserazide hydrochloride,713
Bentamapimod,714
Benzalkonium chloride,715
Benzbromarone,716
Benzethonium chloride,717
Benzocaine,718
Benzoic acid,719
Benzoyl peroxide,720
Benzthiazide,721
Benztropine mesylate,722
Benzydamine hydrochloride,723
Benzyl alcohol,724
Benzyl benzoate,725
Bephenium Hydroxynaphthoate,726
Bepridil hydrochloride ,727
Berberine hydrochloride,728
Bergapten,729
VE-822,730
Berzosertib,730
Betahistine dihydrochloride,731
Betahistine mesylate,732
Betaine hydrochloride,733
Betaine,733
Betamethasone,734
Betamethasone 17-valerate,735
Betamethasone dipropionate,736
Betamipron,737
Betaxolol hydrochloride,738
Bethanechol chloride,739
Betulin,740
Bexaroten,741
Bezafibrate,742
Bifendatatum,743
Bifonazole,744
Bikinin,745
Bilobalide,746
Bimatoprost,747
Bimiralisib,748
OTX-015,749
OTX015,749
Birabresib,749
Birch-Me,750
Bisacodyl,751
Bismuth subsalicylat,752
Bisoctrizole,753
Bithionol,754
Blonanserin,755
Bohemine,756
Boldenone Undecylenate,757
Borneol,758
Bortezamide,759
Bosutinib isomer,760
Bretylium tosylate,761
Breviscapin,762
Brexpiprazole,763
Briciclib,764
Brigatinib,765
Brimonidine Tartrate,766
Brinzolamide,767
Brivudine,768
Bromfenac sodium,769
Bromhexine hydrochloride,770
Bromisoval,771
Bromocryptine mesylate,772
Bromopride,773
Bromosporine,774
Brompheniramine hydrogen maleate,775
Bronopol,776
Broxiquinoline,777
Brucin,778
Brustaol,779
Bryostatin,780
Bucetin,781
Bucladesine sodium salt,782
Budesonide,783
Bufalin,784
Bufexamac,785
Buflomedil hydrochloride,786
Bulleyaconi cine A,787
Bumetanide,788
Bupivacaine hydrochloride,789
Bupropion hydrochloride,790
Buspirone hydrochloride,791
Butein,792
Butenafine hydrochloride,793
Butoconazole nitrate,794
Butyl 4-aminobenzoate,795
Butylparaben,796
By-Product of CUDC-305,797
c75,798
C-75,798
C6-CERAMIDE,799
C6-ceramide,799
C646,800
CA3,801
CIL56,801
Cabazitaxel,802
Cabazitaxel  ,802
CABAZITAXEL,802
NSC-761432,802
CABOZANTINIB,803
"Cabozantinib (XL184, BMS-907351)",803
Cabozantinib malate (XL184),803
cabozantinib,803
Cabozantinib ,803
Cabozantinib,803
XL184(Cabozantinib malate),803
IDELALISIB,804
Idelalisib,804
CAL-101,804
idelalisib,804
GS-1101,804
"CAL-101 (Idelalisib, GS-1101)",804
Canertinib (CI-1033),805
CI-1033,805
Canertinib,805
Canertinib dihydrochloride,805
canertinib,805
CANERTINIB,805
CAP-232,806
"CAP-232, TT-232, TLN-232",806
Capecitabine  ,807
CAPECITABINE,807
Capecitabine,807
Capecitabine ,807
Carboplatin  ,808
Carboplatin,808
CARBOPLATIN,808
carboplatin,808
NSC-241240,808
CARFILZOMIB,809
Carfilzomib ,809
carfilzomib,809
Carfilzomib,809
Carmustine  ,810
CARMUSTINE,810
Carmustine,810
NSC-409962,810
CAY10505,811
CAY10566,812
CAY10576,813
CAY10594,814
CAY10603,815
CAY10618,816
CB-64D,817
CBB-1007,818
CBL0137,819
CC-115,820
CC-223,821
CC122,822
CCT128930,823
CCT-128930,823
CCT007093,824
CCT018159,825
CCT036477,826
CCT196969,827
CD 1530,828
CD-1530,828
CD-437,829
CD532,830
CEFMINOX SODIUM,831
NSC-719627,832
Celecoxib,832
CELECOXIB,832
CEP-18770,833
Delanzomib,833
CEP-28122,834
RXDX105,835
CEP-32496,835
CEP-33779,836
CEP-37440,837
Lestaurtinib,838
CEP-701,838
Lestaurtinib (CEP-701),838
lestaurtinib,838
LESTAURTINIB,838
CEP-9722,839
ceranib-2,840
CERANIB­2,840
CERANIB-2,840
CERULENIN,841
cerulenin,841
"CETUXIMAB, ERBITUX",842
CFI-400945,843
CFI-402257-18,844
CGI1746,845
CGK 733,846
"CGP-082996, CINK4, KIN001-021",847
CGP-60474,848
CGP-79787D,849
vatalanib/ptk787,849
Vatalanib,849
Vatalanib (PTK787),849
VATALANIB,849
Vatalanib (PTK787) 2HCl,849
CGS 12066B dimaleate,850
Ch-55,851
CH 55,851
CH-5132799 ,852
MEN 1611,852
CH5132799,852
CH-5132799,852
CH-5428402 HCl,853
CH5183284 (Debio-1347),854
CHEMBL1222381,855
ISX 9,855
neuronal differentiation inducer III,855
NEURONAL DIFFERENTIATION INDUCER III,855
CHEMBL399379,856
CHIR 258,857
TKI258,857
Dovitinib (TKI-258) Dilactic Acid,857
"Dovitinib (TKI-258, CHIR-258)",857
dovitinib,857
Dovitinib (CHIR-258),857
Dovitinib,857
CHIR-258,857
CHIR 98014,858
CHIR 99021,859
CHIR-99021 (CT99021) HCl,859
CHIR-99021 (CT99021),859
CHIR-99021,859
CHIR-124,860
CHIR-98014,861
CHLORAMBUCIL,862
chlorambucil,862
Chlorambucil  ,862
Chlorambucil,862
NSC-3088,862
Chloroambucil,862
CHM-1,863
CHM 1,863
GMX-1778,864
CHS 828,864
PD184352 (CI-1040),865
CI 1040,865
PD-184352,865
CI-1040 (PD184352),865
PD184352,865
CI-976,866
CI 976,866
Tacedinaline,867
tacedinaline,867
CI994 (Tacedinaline),867
ciclopirox,868
Ciclopirox ethanolamine,868
Ciclopirox,868
CICLOPIROX,868
ML029,869
CID 2858522,869
CID-5951923,870
CID 5951923,870
CIL41,871
CIL55,872
CIL55A,873
CIL70,874
cimetidine,875
Cimetidine,875
CIMETIDINE,875
NSC-119875,876
cisplatin,876
CISPLATIN,876
Cisplatin,876
"ISPINESIB MESYLATE, SB-715992",877
CK-0238273,877
SB715992(Ispinesib),877
Ispinesib,877
CL-387785 (EKI-785),878
Cladribine,879
CLADRIBINE,879
NSC-105014,879
Clofarabine,880
CLOFARABINE,880
clofarabine,880
Clofarabine  ,880
CM 346(Obenoxazine),881
"CMK, KIN001-128",882
CNV-1014802,883
CNX-2006,884
CNX-774,885
CO-101,886
CO-1686 (AVL-301),887
"Rociletinib (CO-1686, AVL-301)",887
CO-1686,887
Rociletinib,887
COL-3,888
COMPOUND 401,889
CP-673451,890
CP-724714,891
Crenolanib (CP-868596),892
CP-868596,892
Crenolanib ,892
Crenolanib,892
CP-91149,893
CP466722,894
CPI-0610,895
CPI-169,896
CPI203,897
CPI-203,897
CPI-360,898
CPI-613,899
CR-1-31B,900
Crizotinib ,901
crizotinib,901
PF-02341066,901
PF-2341066,901
NSC-756645,901
CRIZOTINIB,901
PF2341066,901
Crizotinib (PF-02341066),901
Crizotinib (PF-2341066),901
Crizotinib,901
crizotinib/pf2341066,901
Crizotinib  ,901
CS-7017,902
CT-32228,903
cucurbitacin I,904
CUCURBITACIN I,904
CUDC-101,905
CUDC-305,906
CUDC-907,907
Fimepinostat,907
curcumin,908
Curcumin,908
CURCUMIN,908
CVT-313,909
Silmitasertib,910
SILMITASERTIB,910
CX-4945,910
CX-4945 (Silmitasertib),910
cx4945,910
silmitasertib,910
CX-5461,911
CX5461,911
CX-6258,912
CX-6258 HCl,912
CYC-116,913
CYC116,913
Roscovitine,914
"Roscovitine (Seliciclib,CYC202)",914
Roscovitine (CYC-202),914
CYC-202,914
Seliciclib,914
ROSCOVITINE,914
"Roscovitine (CYC202,Seliciclib)",914
CYC065,915
CYCLOPAMINE,916
Cyclopamine,916
Cyclophosphamide,917
Cyclophosphamide  ,917
CYCLOPHOSPHAMIDE,917
NSC-26271,917
Cyclophosphamide monohydrate,917
cyclophosphamide,917
Cyclosporin A,918
CYCLOSPORIN A,918
ciclosporin,918
CYT387,919
momelotinib,919
CYT-387,919
MOMELOTINIB,919
Momelotinib,919
Momelotinib (CYT387),919
CYT997 (Lexibulin),920
CYT-997,920
Cytarabine ,921
NSC-63878,921
cytarabine hydrochloride,921
Cytarabine,921
CYTARABINE,921
CYTARABINE HYDROCHLORIDE,921
Cytarabin,921
cytochalasin B,922
CYTOCHALASIN B,922
CZC24832,923
"Cabotegravir (GSK744, GSK1265744)",924
Caffeic Acid,925
Caffeine,926
Calcipotriol,927
Lithium Carbonate,928
Calcium carbonate,928
Leucovorin calcium,929
Folinic Acid Calcium Salt Pentahydrate ,929
Calcium folinate,929
Sodium gluconate,930
Calcium gluconate,930
Camostat mesilate,931
Camphor,932
Camylofin,933
Candesartan,934
Candesartan Cilexetil,935
Canrenone,936
Cantharidin,937
Capastat sulfate,938
Capitrol,939
NVP-INC280,940
INCB28060(Capmatinib),940
INCB28060,940
Capmatinib,940
Capsaicin,941
capsaicin,941
Captopril,942
Carazolol,943
Carbachol,944
Carbadox,945
Carbaglu,946
Carbamazepine,947
Carbazochrome sodium sulfonate,948
Carbendazim,949
Carbenicillin disodium,950
Carbenoxolone disodium,951
Carbetapentane citrate,952
Carbidopa Hydrate,953
Carbimazole,954
Carbinoxamine Maleate Salt,955
Cariporide,956
Carisoprodol,957
Carmofur,958
Carprofen,959
Carsalame,960
Carteolol hydrochloride,961
Carvedilol phosphate,962
Carvedilol,962
Carvedilol EP IMpurity E,963
Carzenide,964
Casanthranol,965
Catharanthine,966
Cdk1/2 inhibitor III,967
Cdk2/9 inhibitor,968
Cdk4 inhibitor,969
Cefaclor monohydrate,970
Cefadroxil,971
Cefazolin sodium salt,972
Cefdinir,973
Cefditoren pivoxil,974
Cefixime,975
Cefmenoxime hydrochloride,976
Cefmetazole sodium,977
Cefonicid sodium,978
Cefoperazone sodium,979
Cefotaxime sodium,980
Cefotiam hydrochloride,981
Cefoxitin sodium,982
Cefpiramide acid,983
Ceftazidime,984
Sodium ceftiofur,985
Ceftiofur hydrochloride,985
Ceftriaxone sodium,986
Cefuroxime sodium,987
Celiprolol hydrochloride,988
Cepazine,989
Cephalexin,990
Cephalomannine,991
Cephalon Early Alk Inhibitor,992
Cephalothin sodium,993
Cepharanthine,994
Cephradine,995
Ceralasertib,996
Cerdulatinib,997
PRT062070,997
Ceritinib,998
LDK378(Ceritinib),998
LDK378,998
LDK378 (Ceritinib),998
ceritinib,998
Cetilistat,999
Cetirizine dihydrochloride,1000
Cetuximab,1001
Cetylpyridinium Chloride,1002
Cetylpyridinium chloride monohydrate,1002
Cevimeline hydrochloride hemihydrate,1003
Chenodeoxycholic acid,1004
Chetomin,1005
Chidamide,1006
Chitosan,1007
Chloquinan(Chlorquinaldol),1008
Chloral hydrate,1009
Chloramine-T,1010
Chloramphenicol,1011
Chlorhexidine Acetate,1012
Chlorhexidine hydrochloride,1012
Chlorhexidine,1012
Chlormadinone acetate,1013
Chlormezanone,1014
Chlorogenic Acid,1015
Chlorophos,1016
Chloropyramine hydrochloride,1017
Chloroquine Phosphate,1018
Chloroquine diphosphate,1018
Chloroquine,1018
Chlorothiazide,1019
Chlorotrianisene,1020
Chloroxylenol,1021
Chlorpheniramine maleate,1022
Chlorpromazine hydrochloride,1023
Chlorpromazine,1023
Chlorpropamide,1024
Chlorprothixene hydrochloride,1025
Chlorprothixene,1025
Chlortalidone,1026
Chlortetracycline hydrochloride,1027
Chlorzoxazone,1028
Cholic Acid,1029
Choline chloride,1030
Chondroitine sulfate,1031
Chromocarbe,1032
Chrysophanol,1033
Chrysophanic Acid,1033
Cialis,1034
Ciclesonide(RPR251526),1035
Cilastatin,1036
Cilengitide,1037
EMD-121974,1037
cilengitide,1037
Cilnidipine,1038
Cilostazol,1039
Cinacalcet hydrochloride,1040
Cinchonidine,1041
Cinchonine,1042
Cinchophen,1043
Cinepazide maleate,1044
Cinoxacin,1045
Ciprofloxacin,1046
Ciprofloxacin hydrochloride,1046
Ciproxifan maleate,1047
Cisapride,1048
Cisatracurium besylate,1049
Citalopram HBr,1050
Citicoline sodium,1051
Citicoline,1051
Citiolone,1052
Cixutumumab,1053
Clarithromycin,1054
Clemastine fumarate,1055
Clemizole hydrochloride,1056
Clemizole,1056
Clevidipine butyrate,1057
Clidinium bromide,1058
Climbazole,1059
Clinafloxacin,1060
Clindamycin phosphate,1061
Clinofibrate,1062
Clioquinol,1063
Clobetasol propionate,1064
Clofazimine,1065
Clofibrate,1066
Clofibric acid,1067
Clofilium tosylate,1068
Clofoctol,1069
Clomifene,1070
Clomifene citrate,1071
Clomiphene citrate (Z.E) ,1071
Clonidine hydrochloride,1072
Cloperastine hydrochloride,1073
Clopidogrel,1074
Clopidogrel sulfate,1074
Clopidol,1075
Clorprenaline hydrochloride,1076
Clorpyrifos,1077
Clorsulon,1078
Closantel,1079
Clotrimazole,1080
Cloxacillin sodium monohydrate,1081
Clozapine,1082
Cobimetinib,1083
XL-518 (isomer 1),1083
"Cobimetinib (GDC-0973, RG7420)",1083
XL-518 (isomer 2),1083
cobimetinib,1083
Coenzyme Q10 (CoQ10),1084
Colchicine,1085
Colistin sulfate,1086
Combretastatin A4,1087
Compound 10b,1088
Compound 110,1089
Compound 1541A,1090
Compound 23 citrate,1091
Compound 44,1092
Compound 7d-cis,1093
Compound 968,1094
Conivaptan hydrochloride,1095
Cordycepin,1096
Hydrocortisone acetate,1097
Cortisol acetate,1097
Cortisone,1098
Cortisone acetate,1099
Cortodoxone,1100
Corvotone,1101
Coumarin,1102
Cpd-401,1103
Crenigacestat,1104
LY3039478,1104
Crenolamib Besylate,1105
Cresol,1106
Crocin,1107
Crotamiton,1108
Cryptotanshinone,1109
Crystal Violet,1110
Curcumol,1111
Cyanoacetohydrazide,1112
Cyanocobalamin,1113
Cyclandelate,1114
Cyclizine dihydrochloride,1115
Cyclobenzaprine hydrochloride,1116
Cyclocytidine hydrochloride,1117
Cyclovirobuxin D,1118
Cyproheptadine hydrochloride,1119
Cyproterone acetate,1120
Cyromazine,1121
Cytisine,1122
D 4476,1123
D(+)-Glucose,1124
D-(+)-Maltose monohydrate,1125
D-Biotin,1126
D-Camphor,1127
D-Cycloserine,1128
D-Mannitol,1129
D-Pantethine,1130
D-Phenylalanine,1131
D-Sorbitol,1132
D-Stachyose tetrahydrate,1133
D-erythro-Sphingosine,1134
DAA1106,1135
dacarbazine,1136
Dacarbazine,1136
DACARBAZINE,1136
Dacarbazine  ,1136
NSC-45388,1136
LAQ824 (Dacinostat),1137
DACINOSTAT,1137
DACOMITINIB,1138
PF-299804,1138
dacomitinib,1138
"Dacomitinib (PF299804, PF299)",1138
Dacomitinib,1138
fk866,1139
DAPORINAD,1139
FK866,1139
daporinad,1139
Daporinad,1139
"FK866 (APO866, Daporinad)",1139
DAPT (GSI-IX),1140
Darinaparsin,1141
DARINAPARSIN,1141
darinaparsin,1141
ML203,1142
DASA-58,1142
NSC-732517,1143
Dasatinib monohydrate,1143
dasatinib,1143
Dasatinib,1143
Dasatinib  ,1143
DASATINIB,1143
NSC-82151,1144
Daunorubicin HCl,1144
Daunorubicin hydrochloride,1144
Daunorubicin ,1144
DAUNORUBICIN HYDROCHLORIDE,1144
Daunorubicin,1144
DBeQ,1145
DBEQ,1145
DBZ,1146
YO-01027,1146
DC-45-A2,1147
DCC-2036 (Rebastinib),1148
Rebastinib,1148
DDR1-IN-1,1149
Decitabine,1150
DECITABINE,1150
Decitabine  ,1150
Decitabine (Dacogen),1150
Dacogen,1150
Decitabine 5-Aza-2'-deoxycytidine,1150
decitabine,1150
NSC-127716,1150
DEGUELIN,1151
DEL-22379,1152
DEXAMETHASONE,1153
Dexamethasone,1153
dexamethasone,1153
Dexrazoxane hydrochloride,1154
Dexrazoxane,1154
NSC-169780,1154
DEXRAZOXANE,1154
DIHYDROROTENONE,1155
dinaciclib,1156
MK-7965,1156
Dinaciclib,1156
DINACICLIB,1156
Dinaciclib (SCH727965),1156
DL-Adrenalin,1157
DL-Adrenaline Hydrochloride,1157
L(-)-Carnitine,1158
DL-Carnitine,1158
DL-Glutamine,1159
DL-Menthol,1160
DL-Penicillamine,1161
DL-Xylose,1162
DL-trihexyphenidyl hydrochloride,1163
LDN193189,1164
DM3189,1164
LDN-193189,1164
"DMOG, DIMETHYLOXALYLGLCINE",1165
DMSO,1166
Dimethyl sulfoxide,1166
DNA-PK INHIBITOR V,1167
DNMDP,1168
NSC-628503,1169
Docetaxel trihydrate,1169
Docetaxel,1169
DOCETAXEL,1169
Docetaxel  ,1169
docetaxel,1169
DOV 21947 hydrochloride(Amitifadine hydrochloride),1170
NSC-123127,1171
Doxorubicin ,1171
DOXORUBICIN,1171
doxorubicin,1171
Doxorubicin Hcl,1171
Doxorubicin,1171
Doxorubicin hydrochloride,1171
DOXORUBICIN HYDROCHLORIDE,1171
DR 2313,1172
DR5,1173
Dabigatran etexilate,1174
Daclatasvir dihydrochloride,1175
Daidzein,1176
Daidzin,1177
Dalasetron Mesylate Hydrate,1178
Dalbavancin Impurity,1179
Dalotuzumab,1180
Danazol,1181
Danofloxacin mesylate,1182
Danoprevir (ITMN-191),1183
Danusertib,1184
Danusertib (PHA-739358),1184
Dapagliflozin,1185
Daphnetin,1186
Dapivirine (TMC120),1187
Dapoxetine hydrochloride,1188
Daprodustat,1189
Daprodustat ,1189
Daptomycin,1190
Darapladib,1191
Darifenacin HBr,1192
Darunavir ,1193
Darunavir Ethanolate,1194
"Daunorubicin, HCl",1195
Daurisoline,1196
Decamethonium bromide,1197
Decernotinib,1198
Decernotinib (VX-509),1198
Decernotinib(VX-509),1199
Decoquinate,1200
Defactinib,1201
"Defactinib (VS-6063, PF-04554878)",1201
defactinib,1201
Deferasirox,1202
Deferidone,1203
Deferoxamine,1204
Deferoxamine Mesylate,1204
Deflazacort,1205
WP1130,1206
Degrasyn (WP1130),1206
Degrasyn,1206
Dehydroacetic acid,1207
Dehydrocholic acid,1208
Sodium dehydrocholate,1208
Dehydroepiandrosterone,1209
Delapril Hydrochloride,1210
Delphene,1211
Delta-Gluconolactone,1212
Demeclocycline hydrochloride,1213
Demethyl,1214
Dendrid,1215
Deoxycholic acid,1216
Deoxycorticosterone acetate,1217
Depofemin,1218
Depsipeptide,1219
NSC-754143,1219
Romidepsin  ,1219
Romidepsin,1219
Dequalinium chloride,1220
Dequalinium dichloride,1220
Deracil,1221
Deracoxib,1222
Dermofongin,1223
Des-fluoro-TAK-960,1224
Desipramine hydrochloride,1225
Desloratadine,1226
Desonide,1227
Desvenlafaxine,1228
Dexamethason acetate,1229
Dexamethasone (DHAP),1230
Dexchlorpheniramine Maleate,1231
Dexibuprofen,1232
Dexmedetomidine,1233
Dexpanthenol,1234
Dexrazoxone,1235
Dextromethorphan HBr monohydrate,1236
Diacerein,1237
Glycyrrhizin (Glycyrrhizic Acid),1238
Diammonium Glycyrrhizinate,1238
Diatrizoate sodium,1239
Diazinon,1240
Diazoxide,1241
Dibucaine hydrochloride,1242
Dibucaine,1242
Dichlorbenzamil,1243
Dichlorophen,1244
Dichlorvos,1245
Diciofenac,1246
Diclazuril,1247
Diclofenac sodium,1248
Diclofenac diethylamine,1248
Diclofenac,1248
Dicumarol,1249
Dicurone,1250
Dicyclomine hydrochloride,1251
Didanosine ,1252
Dienestrol,1253
Dienogest,1254
Diethylcarbamazine citrate,1255
Diethylstilbestrol,1256
Diflorasone,1257
Diflunisal,1258
Digitoxigenin,1259
Digitoxin,1260
Digoxin,1261
Dihydralazine sulphate,1262
Dihydroartemisinin,1263
Dihydroergotamine Mesylate,1264
Dihydrostreptomycin sulfate,1265
Diltiazem hydrochloride,1266
Dimenhydrinate,1267
Dimesna,1268
Dimethyl fumarate,1269
Dimetridazole,1270
Diminazene Aceturate,1271
Dinitolmide,1272
Diosmin,1273
Dioxybenzone,1274
Diperodon hydrochloride,1275
Diphemanil mesylate,1276
Diphenhydramine hydrochloride,1277
Diphenidol hydrochloride,1278
Diphenylcyclopropenone,1279
Diphenylpyraline hydrochloride,1280
Dipivefrin hydrochloride,1281
Diprophylline,1282
Dirithromycin,1283
Disodium clodronate tetrahydrate,1284
Disopyramide,1285
Disulfiram,1286
Disulfiram(+CuCl2),1286
Dithiopropanol,1287
Dixanthogen,1288
Docusate sodium,1289
Domperidone,1290
Dopamine hydrochloride,1291
Doramectin,1292
Doripenem Hydrate,1293
Dorzolamide hydrochloride,1294
Doxapram hydrochloride monohydrate,1295
Doxazosin mesylate,1296
Doxepin hydrochloride,1297
Doxifluridine,1298
Doxofylline,1299
Doxorubicin3,1300
Doxycycline hyclate,1301
Doxycycline hydrochloride,1301
Doxylamine succinate,1302
Drofenine hydrochloride,1303
Dronedarone hydrochloride,1304
Droperidol,1305
Dropropizine,1306
Drospirenone,1307
Drostanolone Propionate,1308
Droxidopa,1309
Duloxetine hydrochloride,1310
Durvalumab,1311
Dusigitumab,1312
Dutasteride,1313
Duvelisib,1314
IPI-145 (INK1197),1314
INK-1197,1314
"Duvelisib (IPI-145, INK1197) ",1314
Dyclonine hydrochloride,1315
Dypyridamole,1316
E-7850,1317
E7820,1318
EB-1627,1319
EHT 1864,1320
EHop-016,1321
EHop-016 ,1321
ELCPK,1322
ELEPHANTIN,1323
sta4783,1324
Elesclomol,1324
Elesclomol (STA-4783),1324
ELESCLOMOL,1324
ELN 441958,1325
elocalcitol,1326
ELOCALCITOL,1326
Embelin,1327
embelin,1327
EMBELIN,1327
EMD-1204831,1328
Tepotinib (EMD 1214063),1329
Tepotinib,1329
EMD-1214063,1329
EMD1214063,1329
EMD-534085,1330
enmd2076,1331
ENMD-981693,1331
ENMD-2076,1331
ENMD-2076 Precursor,1332
ENTINOSTAT,1333
Entinostat,1333
Entinostat ,1333
Entinostat (MS-275),1333
MS-275,1333
entinostat,1333
Enzalutamide,1334
Enzalutamide (MDV3100),1334
Enzalutamide ,1334
ENZALUTAMIDE,1334
Enzastaurin (LY317615),1335
Enzastaurin,1335
ENZASTAURIN,1335
LY-317615,1335
LY317615,1335
enzastaurin,1335
EP-90745,1336
EPIGALLOCATECHIN-3-MONOGALLATE[(-)-EPIGALLOCATECHIN GALLATE],1337
epigallocatechin-3-monogallate,1337
Epirubicin,1338
Epirubicin hydrochloride,1338
EPIRUBICIN HYDROCHLORIDE,1338
Epirubicin HCl,1338
Epirubicin ,1338
EPIRUBICIN,1338
"EPOTHILONE B, GNF-PF-193",1339
Patupilone,1339
Patupilone ,1339
EPZ-004777,1340
EPZ004777,1340
Pinometostat,1341
EPZ-5676,1341
EPZ5676,1341
EPZ-5687,1342
EPZ005687,1342
Tazemetostat,1343
EPZ6438,1343
EPZ-6438,1343
EPZ011989,1344
EPZ015666,1345
EPZ031686,1346
ERASTIN,1347
Erastin,1347
erastin,1347
LDE-225,1348
sonidegib,1348
LDE225,1348
Sonidegib,1348
Erismodegib,1348
ERISMODEGIB,1348
erismodegib,1348
"LDE225 (NVP-LDE225,Erismodegib)",1348
ERK5-IN-1,1349
ERLOTINIB HYDROCHLORIDE,1350
erlotinib,1350
ERLOTINIB,1350
Erlotinib HCl,1350
Erlotinib hydrochloride,1350
NSC-718781,1350
Erlotinib,1350
Erlotinib ,1350
ESTRAMUSTINE PHOSPHATE SODIUM,1351
NSC-702294,1351
Estramustine phosphate sodium,1351
ETC-1002,1352
etomoxir,1353
ETOMOXIR,1353
Etomoxir,1353
Etoposid,1354
Etoposide,1354
NSC-141540,1354
ETOPOSIDE,1354
etoposide,1354
Etoposide  ,1354
ETP-45835,1355
ETP-46464,1356
EVEROLIMUS,1357
Everolimus,1357
everolimus,1357
Everolimus  ,1357
Everolimus ,1357
NF-kB Activation Inhibitor,1358
EVP4593,1358
EX 527 (SELISISTAT),1359
EX-527,1359
Selisistat,1359
EXEMESTANE,1360
NSC-713563,1360
Exemestane  ,1360
Exemestane,1360
Ebastine,1361
Ebselen,1362
Eburnalritardo,1363
Eburnamonine (-),1364
Ecabet Sodium,1365
Econazole,1366
Econazole nitrate,1366
Edaravone,1367
Edetate Trisodium,1368
"Edoxaban Tosylate Monohydrate
",1369
Edoxaban,1369
Efavirenz ,1370
Efinaconazole,1371
Eflornithine hydrochloride Monohydrate,1372
Efonidipine(NZ-105),1373
Eganelisib,1374
Elacridar,1375
Eletriptan HBr,1376
Elimusertib,1377
Eliprodil,1378
Ellagic acid,1379
Ellipticine,1380
Eltanexor,1381
Eltrombopag,1382
Eluxadoline,1383
"Elvitegravir(GS-9137, JTK-303)",1384
Emapunil,1385
Emetine 2HCl,1386
Emodin,1387
Empagliflozin (BI 10773),1388
Emtricitabine,1389
Enalapril,1390
Encorafenib,1391
Endoxifen,1392
Eniporide,1393
Enoxacin Sesquihydrate,1394
Enoxacin,1394
Enoxolone,1395
Enrofloxacin,1396
Ensartinib dihydrochloride,1397
Ensartinib,1397
Entacapone,1398
Entecavir,1399
Entecavir hydrate,1399
Entospletinib,1400
GS-9973,1400
Entospletinib (GS-9973),1400
RXDX101,1401
Entrectinib,1401
Entrectinib (RXDX-101),1401
Epacadostat,1402
Epalrestat,1403
Epiandrosterone,1404
Epinephrine bitartrate,1405
Epirizole,1406
Eplerenone,1407
Eprazinone dihydrochloride,1408
Eprodisate disodium,1409
Eprosartan Mesylate,1410
Erbstatin analog,1411
Erdafitinib,1412
JNJ-42756493,1412
Erdosteine,1413
Ergonovine maleate,1414
Eribulin Mesylate,1415
Eribulin,1415
Erythromycin,1416
Erythromycin ethylsuccinate,1417
Escin,1418
Escitalopram,1419
Eslicarbazepine Acetate,1420
Esmolol hydrochloride,1421
Esomeprazole Sodium,1422
Esomeprazole Magnesium,1422
Estradiol,1423
Estradiol benzoate,1424
Estradiol valerate,1425
Estramustine ,1426
Estramustine,1426
Estriol,1427
Estropipate,1428
Ethamsylate,1429
Etamsylate,1429
Ethacridine lactate monohydrate,1430
Ethambutol dihydrochloride,1431
Ethamivan,1432
Ethaverine hydrochloride,1433
Ethinamide,1434
Ethisterone,1435
Ethopabate,1436
Ethosuximide,1437
Ethylparaben,1438
Ethynodiol diacetate,1439
Ethynyl estradiol,1440
Ethynylestradiol 3-methyl ether,1441
Mestranol,1441
Sodium etidronate,1442
Etidronate,1442
Etilefrine hydrochloride,1443
Etodolac,1444
Etofenamate,1445
Etofibrate,1446
Etofylline,1447
Etomidate,1448
Etonogestrel,1449
Etravirine (TMC125),1450
Eucalyptol,1451
Eugenol,1452
Euquinine,1453
Evans blue,1454
Everolimus (RAD001),1455
Exherin (ADH-1),1456
Ezetimibe,1457
F 11440,1458
F387C,1459
F4,1460
FAU,1461
FENOLDOPAM MESYLATE,1462
FG-2216,1463
Roxadustat (FG-4592),1464
Roxadustat,1464
FG-4592,1464
FGIN-1-27,1465
FH535,1466
fh535,1466
FIIN-2,1467
Fingolimod,1468
FINGOLIMOD,1468
fingolimod,1468
FINGOLIMOD (FTY720) HCL,1468
Fingolimod (FTY720) HCl,1468
"FTY-720, FINGOLIMOD HYDROCHLORIDE; GILENYA; TDI-132; IMUSERA; GILENIA",1468
FK-506,1469
NSC-27640,1470
FLOXURIDINE,1470
Floxuridine,1470
Fludarabine   ,1471
FLUDARABINE,1471
fludarabin,1471
fludarabine,1471
Fludarabine,1471
Fludarabine Phosphate,1472
FLUDARABINE PHOSPHATE,1472
Fludarabine phosphate,1472
NSC-118218,1472
fluvastatin,1473
FLUVASTATIN SODIUM,1473
Fluvastatin sodium salt,1473
Fluvastatin,1473
"FMK, KIN001-242",1474
XL-880,1475
foretinib,1475
Foretinib,1475
Foretinib (XL880),1475
Foretinib ,1475
FORETINIB,1475
Foretinib (GSK1363089),1475
FOSFOSAL,1476
FQI-1,1477
FQI-2,1478
FR-180204,1479
FRAX486,1480
FRAX597,1481
FSC231,1482
FTI-277,1483
FULVESTRANT,1484
NSC-719276,1484
fulvestrant,1484
Fulvestrant,1484
fumonisin B1,1485
FUMONISIN B1,1485
FUMONISIN_B1,1485
Famciclovir,1486
Famotidine,1487
Famprofazone,1488
Farlutin,1489
Fasudil,1490
Fasudil (HA-1077) hydrochloride,1490
Fasudil ,1490
Fasudil (HA-1077) HCl,1490
Febuxostat,1491
TG-101348,1492
"Fedratinib (SAR302503, TG101348)",1492
TG101348,1492
SAR-302503,1492
TG101348 (SAR302503),1492
Fedratinib,1492
Felbamate,1493
Felodipine,1494
Fenbendazole,1495
Fenbufen,1496
Fenchlorphos,1497
Fendiline hydrochloride,1498
Fenipentol,1499
Fenofibrate,1500
Fenofibric acid,1501
Fenoprofen calcium,1502
Fenoprofen,1502
Fenretinide,1503
Fenspiride hydrochloride,1504
Fenticonazole Nitrate,1505
Ferrous fumarate,1506
Ferulic Acid,1507
Fesoterodine fumarate,1508
Fexinidazole,1509
Fexofenadine hydrochloride,1510
Figitumumab (CP-751871)​,1511
Filgotinib (GLPG0634),1512
Filgotinib,1512
Fimasartan(BR-A-657),1513
Finasteride,1514
Fipexide,1515
Fipronil,1516
Fisetin,1517
Flavin mononucleotide,1518
Flavoxate hydrochloride,1519
Flopropione,1520
Florfenicol,1521
Flubendazole,1522
Fluconazole,1523
Fludrocortisone acetate,1524
Flufenamic acid,1525
Flumazenil,1526
Flumequine,1527
Flumethasone,1528
Flunarizine dihydrochloride,1529
Flunixin meglumin,1530
Fluocinolone acetonide,1531
Fluocinonide,1532
Fluorescein,1533
Fluorocytosine,1534
Fluoromethalone,1535
Fluoxetine,1536
Fluoxetine hydrochloride,1536
Fluoxymesterone,1537
Flupenthixol dihydrochloride,1538
Fluphenazine,1539
Fluphenazine hydrochloride,1539
Fluphenazine dihydrochloride,1539
Flupirtine maleate,1540
Flurbiprofen,1541
Flutamide,1542
Fluticasone propionate,1543
Fluvoxamine maleate,1544
Folic acid,1545
Formestane,1546
Formononetin,1547
Forskolin,1548
Fosaprepitant dimeglumine,1549
Fosfomycin calcium,1550
Fosinopril sodium,1551
R788 (Fostamatinib) Disodium,1552
Fostamatinib disodium hexahydrate,1552
Fostamatinib (R788),1552
R-788,1552
Fostamatinib,1552
Fostamatinib aq,1553
Fraxetin,1554
Fructose,1555
Fruquintinib,1556
Ftaxilide,1557
Fudosteine,1558
Furacilin,1559
Furaltadone hydrochloride,1560
Furazolidone,1561
Furosemide,1562
Sodium fusidate,1563
Fusidine,1563
G-749,1564
G3,1565
GALLIBISCOQUINAZOLE,1566
GANT-61,1567
GANT 61,1567
GATIFLOXACIN,1568
GBR 12909 dihydrochloride,1569
GDC 0941,1570
GDC0941,1570
Pictilisib,1570
GDC-0941,1570
TASELISIB,1571
Taselisib,1571
GDC-0032,1571
GDC0068 (Ipatasertib),1572
Ipatasertib,1572
GDC-0068,1572
Paxalisib,1573
GDC-0084,1573
GDC-0152,1574
GDC-0349,1575
NSC-755986,1576
Vismodegib (GDC-0449),1576
VISMODEGIB,1576
GDC-0449,1576
vismodegib,1576
vismodegib/gdc0449,1576
Vismodegib ,1576
Vismodegib,1576
GDC-0623,1577
GDC-0810,1578
GDC-0853,1579
GDC-0879,1580
GDC-0919,1581
GDC-0994,1582
Ravoxertinib,1582
Gefitinib,1583
Gefitinib (ZD1839),1583
GEFITINIB,1583
NSC-715055,1583
Gefitinib  ,1583
Gefitinib ,1583
gefitinib,1583
GEMCITABINE HYDROCHLORIDE,1584
NSC-613327,1584
Gemcitabine ,1584
GEMCITABINE,1584
Gemcitabine hydrochloride,1584
Gemcitabine,1584
gemcitabine,1584
GENENTECH CPD 10,1585
GENZ-644282,1586
GF109203X,1587
GKT137831,1588
GNE-0877,1589
"GNE-317, GNE317, GNE 317",1590
GNE-7915,1591
GNE-9605,1592
GNF-2,1593
GNF-5,1594
GS-7340 Tenofovir alafenamide,1595
GSK269962A,1596
GSK269962,1596
GSK 269962A,1596
GSK 4112,1597
GSK4112,1597
GSK J4,1598
GSK-J4,1598
GSK1059615,1599
GSK-1059615,1599
GSK-1070916,1600
GSK1070916,1600
GSK-1210151A,1601
GSK-1838705A,1602
GSK1838705A,1602
GSK1904529A,1603
GSK-1904529A,1603
GSK2126458(Omipalisib),1604
GSK2126458 (GSK458),1604
GSK-2126458,1604
Omipalisib,1604
GSK2126458,1604
GSK-2334470,1605
GSK2334470,1605
GSK-2636771,1606
GSK2636771,1606
GSK-2879552,1607
GSK2879552,1607
GSK-461364,1608
GSK461364,1608
I-BET-762,1609
GSK525762,1609
Molibresib,1609
GSK525762A,1609
GSK-525762A(I-BET-762),1609
GSK690693,1610
GSK-690693 ,1610
GSK-690693,1610
TRAMETINIB,1611
GSK1120212,1611
Trametinib (GSK1120212),1611
Trametinib ,1611
trametinib,1611
Trametinib,1611
GSK126,1612
GSK1292263,1613
GSK1324726A,1614
GSK2256098,1615
GSK2292767,1616
GSK2578215A,1617
GSK2606414,1618
GSK2656157,1619
GSK2801,1620
GSK2830371,1621
GSK3326595,1622
GSK343,1623
"GSK343, GTPL8240, AOB3680, AK175558",1624
GSK3787,1625
GSK429286A,1626
"GSK591, EPZ015866, GSK3203591",1627
GSK591,1627
GSK621,1628
gsk650394,1629
GSK650394,1629
GSK923295,1630
GTS 21 dihydrochloride,1631
GW 405833,1632
GW-405833,1632
gw441756,1633
GW441756,1633
GW 441756,1633
GW843682X,1634
GW 843682X,1634
GW-843682X,1634
GW843682X (AN-13),1634
gw2580,1635
GW-2580,1635
GW2580,1635
GW-5074,1636
GW5074,1636
GW788388,1637
GX15-070,1638
GZD824,1639
Gabapentin,1640
Gabexate mesylate,1641
Galanthamine HBr,1642
Galiellalactone,1643
Gallamine triethiodide,1644
Gallic acid,1645
LY2157299,1646
galunisertib,1646
Galunisertib (LY2157299),1646
LY-2157299,1646
Galunisertib,1646
Ganciclovir,1647
LY2784544,1648
Gandotinib,1648
LY-2784544,1648
Gandotinib (LY2784544),1648
Ganetespib,1649
STA-9090,1649
Ganetespib (STA-9090),1649
Ganitumab (AMG-479)​,1650
Gastrodin ,1651
"Gedatolisib (PF-05212384, PKI-587)",1652
Gedatolisib,1652
PF-05212384,1652
Gedatolisib (PF-05212384),1652
Geldanamycin,1653
geldanamycin,1653
Gemcitibine,1654
Gemfibrozil,1655
Gemifioxacin mesylate,1656
Genipin,1657
Geniposide,1658
Geniposidic Acid,1659
Genistein,1660
Gentamycin sulfate,1661
Gestodene,1662
Gilteritinib,1663
Gimeracil,1664
Ginkgolide A,1665
Ginkgolide B,1666
Ginkgolide C,1667
Ginsenoside Rb1,1668
Ginsenoside Rc,1669
Ginsenoside Re,1670
Ginsenoside Rg1,1671
Givinostat,1672
Glafenine,1673
Glafenine Hydrochloride,1673
Glasdegib,1674
PF-04449913,1674
glasdegib,1674
Glesatinib,1675
Gliclazide,1676
Glimepiride,1677
Glipizide,1678
Gliquidone,1679
Glucosamine,1680
Glucosamine sulfate,1681
Glucosamine hydrochloride,1681
Glutathione,1682
Glyburide,1683
Glycerite,1684
Glycopyrrolate,1685
Glycyrrhetinic acid(Enoxolone),1686
Go 6983,1687
Go6976,1688
Go7874,1689
Golvatinib,1690
Golvatinib ,1690
Golvatinib (E7050),1690
Goserelin,1691
Gramicidin,1692
Granisetron hydrochloride,1693
Griseofulvin,1694
Guaiacol,1695
Guaifenesin,1696
Guanabenz Acetate,1697
Guanethidine Monosulfate,1698
Guanfacine hydrochloride,1699
Guanidine hydrochloride,1700
H 89,1701
H-89,1701
H 89 2HCl,1701
H-89-2HCl,1701
H-7 dihydrochloride,1702
H-8 2HCl,1703
H-Tamoxifen,1704
HA130,1705
HA14-1,1706
HBX 41108,1707
HBX-41108,1707
HC-067047,1708
HC 067047,1708
HG-5-113-01,1709
HG-5-88-01,1710
HLI 373,1711
HMN214,1712
HO-3867,1713
omacetaxine mepesuccinate,1714
Omacetaxine mepesuccinate,1714
HOMOHARRINGTONINE,1714
OMACETAXINE MEPESUCCINATE,1714
Homoharringtonine,1714
Honokiol,1715
HONOKIOL,1715
HPI-1,1716
HS-173,1717
HTH-01-015,1718
NSC-32065,1719
HYDROXYUREA,1719
Hydroxyurea,1719
HYPERFORIN,1720
hyperforin,1720
HYPOTHEMYCIN,1721
Halazone,1722
Halcinonide,1723
Halofuginone,1724
Haloperidol,1725
Haloprogin,1726
Harmaline,1727
Harmine hydrochloride,1728
Heptaminol hydrochloride,1729
Hesperadin,1730
Hesperetin,1731
Hesperidin,1732
Hexamethonium Bromide,1733
Methenamine,1734
Hexamethylenetetramine,1734
Hexetidine,1735
Hexylcaine hydrochloride,1736
Histamine,1737
Hodostin,1738
Neostigmine bromide,1738
Homatropine Bromide,1739
Homatropine Methylbromide,1740
Homochlorcyclizine dihydrochloride,1741
Homotaurine,1742
Hycanthone,1743
Hydralazine hydrochloride,1744
Hydrastinine HCl,1745
Hydrochlorothiazide,1746
Hydrocortisone,1747
Hydrocortisone Valerate,1748
Hydrocortisone butyrate,1749
Hydroferulic acid,1750
Hydroquinidine,1751
Hydroquinone,1752
Hydroxy Camptothecine,1753
Hydroxy-2-naphthalenylmethylphosphonic acid,1754
Hydroxychloroquine,1755
Hydroxychloroquine sulfate,1755
Hydroxyfasudil,1756
Hydroxyprogesterone,1757
Hydroxyquinoline,1758
Hydroxyzine Pamoate,1759
Hygromycin B,1760
Hypericin,1761
Hyperoside,1762
I-BET,1763
I-BET151,1764
I-BET 151 DIHYDROCHLORIDE,1764
I-BRD9,1765
ibrutinib,1766
Ibrutinib,1766
IBRUTINIB,1766
Ibrutinib (PCI-32765),1766
IC-87114,1767
ICG-001,1768
ICG001,1769
ICL1100013,1770
Idarubicin HCl,1771
Idarubicine,1771
Idarubicin,1771
Idarubicin ,1771
IDARUBICIN HYDROCHLORIDE,1771
idarubicin,1771
Idarubicin hydrochloride,1771
IDH-C227,1772
IDH2-C100,1773
IFOSFAMIDE,1774
Ifosfamide  ,1774
Ifosfamide,1774
NSC-109724,1774
ifosfamide,1774
IKK-16,1775
IKK-16 (IKK Inhibitor VII),1775
imd0354,1776
IMD 0354,1776
IMD-0354,1776
IKK-2-INHIBITOR-V,1776
IM-12,1777
imatinib,1778
NSC-743414,1778
Imatinib (STI571),1778
IMATINIB,1778
Imatinib Mesylate (STI571),1778
Imatinib,1778
Imatinib ,1778
Imiquimod ,1779
NSC-369100,1779
IMIQUIMOD,1779
Imiquimod,1779
IMPORTAZOLE,1780
importazole,1780
Ruxolitinib,1781
NSC-763371,1781
ruxolitinib,1781
Ruxolitinib ,1781
INCB-18424,1781
RUXOLITINIB,1781
Ruxolitinib (INCB018424),1781
INCB024360 analogue,1782
INK 128 ,1783
INK-128,1783
MLN0128 (Sapanisertib),1783
TAK228,1783
TAK-228,1783
INK 128 (MLN0128),1783
MLN-0128,1783
INK128,1783
Sapanisertib,1783
INO-1001,1784
IOWH-032,1785
IOX-1,1786
IOX2,1787
IOX-2,1787
IPA-3,1788
ipa3,1788
Saridegib,1789
IPI-926,1789
IPR-456,1790
IRAK 4 Compound 26,1791
IRAK-1/4 INHIBITOR I,1792
IRAK1/4 inhibitor,1793
IRINOTECAN,1794
Irinotecan HCl Trihydrate,1794
Irinotecan Hydrochloride,1794
Irinotecan ,1794
Irinotecan,1794
IRINOTECAN HYDROCHLORIDE,1794
Irinotecan hydrochloride,1794
Irinotecan hydrochloride Trihydrate,1794
irinotecan,1794
ISOEVODIAMINE,1795
isoevodiamine,1795
isoliquiritigenin,1796
ISOLIQUIRITIGENIN,1796
Isoliquiritigenin,1796
ISOX,1797
ISOX:bortezomib (250:1 mol/mol),1798
istradefylline,1799
ISTRADEFYLLINE,1799
itraconazole,1800
Itraconazole,1800
ITRACONAZOLE,1800
ITRI-260,1801
IU1,1802
IU1-47,1803
IVACHTIN,1804
IWP2,1805
"IWP-2, WNT INHIBITOR IWP-2",1805
IWP-L6,1806
IWR-1,1807
IWR-1-endo,1808
Ibudilast,1809
Ibuprofen,1810
Icariin,1811
Icotinib hydrochloride,1812
Icotinib Hydrochloride,1812
Icotinib,1812
Idasanutlin (RS7388),1813
Idasanutlin,1813
Idasanutlin (RG-7388),1813
Idazoxan hydrochloride,1814
Idebenone,1815
Ifenprodil Tartrate,1816
Ifosfamide mustard,1817
Ikarugamycin,1818
Ilaprazole sodium,1819
"Ilomastat (GM6001, Galardin)",1820
Iloperidone,1821
Imazalil,1822
Imperatorin,1823
Inavolisib,1824
Indacaterol maleate,1825
Indacaterol,1825
Indapamide,1826
Indibulin,1827
Indigo,1828
Indirubin,1829
Indisulam,1830
indisulam,1830
Indole-3-carbinol,1831
indole-3-carbinol,1831
Indometacin,1832
Indoprofen,1833
Inosine,1834
Inositol,1835
Iodipamide,1836
Iodoquinol,1837
Iohexol,1838
Iopamidol,1839
Iopanoic acid,1840
Iopromide,1841
Ipragliflozin,1842
Ipriflavone (Osteofix),1843
Iproniazid Phosphate,1844
Ipsapirone,1845
Irbesartan,1846
Tucatinib  ,1847
Irbinitinib(ARRY-380; ONT-380),1847
Tucatinib,1847
Irinotecan / SN-38,1848
Isavuconazole,1849
Isoconazole nitrate,1850
Isoconazole,1850
Isoferulic acid,1851
Isoniazid,1852
Isoprenaline hydrochloride,1853
Isopyrin hydrochloride,1854
Isosorbide dinitrate,1855
Isosteviol,1856
Isotretinoin,1857
Isovaleramide,1858
Isoxicam,1859
Isoxsuprine hydrochloride,1860
Isradipine,1861
Itopride hydrochloride,1862
Ivabradine hydrochloride,1863
Ivacaftor (VX-770),1864
Ivacaftor,1864
Ivermectin,1865
Ixabepilone,1866
NSC-747973,1866
Ixabepilone ,1866
MLN2238,1867
MLN-2238,1867
Ixazomib ,1867
Ixazomib,1867
MLN2238(Ixazomib),1867
JAK Inhibitor I,1868
JAK3 Inhibitor I,1869
JB1,1870
JI-101,1871
Serdemetan,1872
JNJ 26854165,1872
serdemetan,1872
JNJ-26854165 (Serdemetan),1872
SERDEMETAN,1872
JNJ-26854165,1872
JNJ-1661010,1873
JNJ-26481585,1874
Quisinostat,1874
JNJ-27291199,1875
JNJ-28312141,1876
JNJ-38877605,1877
JNJ-42165279,1878
JNJ-7777120,1879
JNK INHIBITOR VIII,1880
JNK Inhibitor VIII,1880
SP-600125,1881
SP600125 (PYRAZOLANTHRONE),1881
pyrazolanthrone,1881
JNK Inhibitor II,1881
SP600125,1881
JNK Inhibitor IX,1882
"JNK-9L, KIN001-204",1883
JNK-IN-8,1884
JPH203,1885
JQ-1:MK-0752 (1:1 mol/mol),1886
JQ-1:UNC0638 (2:1 mol/mol),1887
JQ-1:carboplatin (1:1 mol/mol),1888
JQ-1:navitoclax (2:1 mol/mol),1889
JQ-1:vorinostat (2:1 mol/mol),1890
JQ12,1891
JW 480,1892
JW-480,1892
JW-55,1893
JW 55,1893
JW-7-24-1,1894
"JW-7-52-1, NA",1895
JW-74,1896
jzl184,1897
JZL-184,1897
JZL-195,1898
K02288,1899
KB NB 142-70,1900
kb NB 142-70,1900
KD-032,1901
KD025,1902
SLx-2119,1902
KH-CB19,1903
KHK Indazole,1904
KHS101,1905
KI20227,1906
KI8751,1907
Ki8751,1907
KIN001-042,1908
KIN001-127,1909
KIN001-135,1910
KIN001-206,1911
KIN001-236,1912
KIN001-244,1913
"KIN001-260, BAYER IKKB INHIBITOR",1914
KIN001-266,1915
KIN001-270,1916
KN-62,1917
KN-93 Phosphate,1918
KN-93,1918
KN93,1918
KN92,1919
KNK437,1920
Ko-143,1921
KO-143,1921
KO 143,1921
KOBE2602,1922
Kobe2602,1922
KPT-185,1923
KPT-214,1924
KPT-251,1925
"KPT-330, (E)-RN",1926
KPT185,1927
"KRAS (G12C) INHIBITOR-12, GTPL8020",1928
KRN-633,1929
KRN 633,1929
Perifosine,1930
Perifosine (KRX-0401),1930
KRX-0401,1930
PERIFOSINE,1930
perifosine,1930
KU 0060648,1931
KU-0063794,1932
ku0063794,1932
KU-55933,1933
KU-55933 (ATM Kinase Inhibitor),1933
ku55933,1933
KU-57788,1934
NU-7441,1934
NU7441,1934
KU-60019,1935
KU57788,1936
KW-2449,1937
KW2449,1937
KX2-391,1938
KY02111,1939
Kaempferol,1940
Kanamycin sulfate,1941
Kartogenin,1942
Kemantane( Idramantone),1943
KenPaullone ,1944
Kenpaullone,1944
Ketanserin,1945
Ketoconazole,1946
Ketoprofen,1947
Ketotifen,1948
Ketotifen fumarate,1948
Khellin,1949
Kynurenine,1950
L(+)-Ascorbic acid,1951
L-(-)-α-Methyldopa,1952
L-5-Hydroxytryptophan,1953
L-685458,1954
"L-685,458",1954
L-Adrenaline,1955
L-Carnitine hydrochloride,1956
L-Cycloserine,1957
L-Cysteine methyl ester hydrochloride(Acdrile),1958
L-Glutamine,1959
L-Hyoscyamine,1960
L-Menthol,1961
L-Ornithine,1962
L-Thyroxine,1963
L-Tryptophan,1964
L-arginine monohydrochloride,1965
L-α-Phosphatidylcholine,1966
lapatinib,1967
LAPATINIB,1967
Lapatinib (GW-572016) Ditosylate,1967
Lapatinib,1967
NSC-745750,1967
Lapatinib ,1967
Lapatinib ditosylate monohydrate,1967
LB-100,1968
PANOBINOSTAT,1969
panobinostat,1969
LBH-589,1969
Panobinostat (LBH589),1969
Panobinostat,1969
LBW242,1970
LCL-161,1971
LCL161,1971
NVP-LCL161,1971
LCTA 2290,1972
LCTA 2305,1973
LCZ696,1974
LDC000067,1975
"LDE-225, diphosphonate salt",1976
LDHA Cmp 33,1977
LDN-214117,1978
LE-135,1979
LE 135,1979
LEE011,1980
Ribociclib,1980
RIBOCICLIB,1980
Leflunomide,1981
LEFLUNOMIDE,1981
LENALIDOMIDE,1982
NSC-747972,1982
lenalidomide,1982
Lenalidomide  ,1982
Lenalidomide (CC-5013),1982
Lenalidomide,1982
LENVATINIB,1983
lenvatinib,1983
Lenvatinib (E7080),1983
Lenvatinib,1983
LEQ-506,1984
Letrozole,1985
LETROZOLE,1985
NSC-719345,1985
Letrozole  ,1985
LFM-A13,1986
lfm-a13,1986
LGK974,1987
LGK-974,1987
LIMK1 INHIBITOR BMS4,1988
LIMK1i BMS4,1989
LJH685,1990
LJI308,1991
LNS-5662,1992
Quercetin dihydrate,1992
Quercetin,1992
LOFEPRAMINE,1993
lomeguatrib,1994
LOMEGUATRIB,1994
Lomeguatrib,1994
Lomustine ,1995
Lomustine,1995
LOMUSTINE,1995
NSC-79037,1995
LOR-253,1996
Lovastatin,1997
lovastatin,1997
LOVASTATIN,1997
LRRK2-IN-1,1998
LSD1-C76,1999
LXR623,2000
LY-2183240,2001
LY 2183240,2001
LY-294002,2002
LY294002,2002
LY 294002,2002
Ruboxistaurin,2003
LY-333531,2003
LY 333531,2003
LY-2090314,2004
LY2090314,2004
LY-2109761,2005
LY2109761,2005
LY-2228820,2006
Ralimetinib (LY2228820),2006
LY2228820,2006
Ralimetinib,2006
Litronesib,2007
LY-2523355,2007
LY2584702 tosylate,2008
LY-2584702,2008
LY2603618,2009
Rabusertib,2009
LY-2603618,2009
LY-2606368,2010
Prexasertib dihydrochloride,2010
Prexasertib,2010
LY-2801653,2011
Merestinib,2011
LY-2874455,2012
LY-2940680,2013
Taladegib,2013
Taladegib (LY2940680),2013
Semagacestat (LY450139),2014
LY-450139�,2014
semagacestat,2014
SEMAGACESTAT,2014
Semagacestat,2014
LY2510924,2015
LY2608204,2016
LY2811376,2017
LY3009120,2018
LY3023414,2019
LY3295668,2020
LY344864,2021
LY411575,2022
Labetalol hydrochloride,2023
Lacidipine,2024
Lacosamide,2025
Lactitol monohydrate,2026
Lactulose,2027
Laetrile,2028
Lafutidine,2029
Lamivudine,2030
Lamotrigine,2031
Lanolin,2032
Lansoprazole,2033
Lappaconitine,2034
Larotrectinib,2035
Larotrectinib sulfate,2035
Lasofoxifene,2036
Latanoprost,2037
Lauroseptol,2038
Leptomycin B,2039
leptomycin B,2039
Lercanidipine,2040
Leucobasal,2041
Levamisole,2042
Levamisole hydrochloride,2042
Levamlodipine,2043
Levetiracetam,2044
Levobupivacaine,2045
Levocetirizine,2046
Levodopa,2047
Levodropropizine,2048
Levofloxacin hydrochloride,2049
Levomilnacipran,2050
Levonorgestrel,2051
Levosimendan,2052
Levosulpiride,2053
Lidocaine hydrochloride,2054
Xylocaine,2054
Lidoflazine,2055
Ligustrazine hydrochloride,2056
Limonin,2057
Linagliptin,2058
Lincomycin hydrochloride,2059
Lincomycin hydrochloride monohydrate,2059
Lindane,2060
Linezolid,2061
Lyothyronine,2062
Liothyronine sodium,2062
Liranaftate,2063
Lisinopril dihydrate,2064
Lithium citrate tribasic tetrahydrate,2065
Lithocholic acid,2066
Lobeline hydrochloride,2067
Loganin,2068
Lomefloxacin hydrochloride,2069
Lomefloxacin,2069
Lomerizine 2HCl,2070
Lomerizine hydrochloride,2070
Lomitapide Mesylate,2071
Lonafarnib,2072
Lonidamine,2073
Loperamide hydrochloride,2074
Lopinavir,2075
Loratadine,2076
Lorcaserin,2077
PF06463922,2078
PF-06463922,2078
Lorlatinib,2078
Lornoxicam,2079
Losartan,2080
Losartan potassium,2080
Losmapimod (GW856553X),2081
Losmapimod,2081
Loteprednol etabonate,2082
Loxapine succinate salt,2083
Loxoprofen,2084
Lucitanib,2085
Luliconazole,2086
Lumacaftor(VX 809),2087
Lumefantrine,2088
Luminespid,2089
Lupeol,2090
Lupetidin,2091
Lurasidone hydrochloride,2092
Luteolin,2093
Lycorine HCl,2094
Lynestrenol,2095
Lysozyme,2096
M15,2097
manumycin A,2098
MANUMYCIN A,2098
marinopyrrole A,2099
MARITOCLAX,2099
MBX2982,2100
MDIVI 1,2101
Mdivi-1,2101
Mechlorethamine hydrochloride,2102
Mechlorethamine ,2102
Nitrogen mustard,2102
NSC-762,2102
MECHLORETHAMINE HYDROCHLORIDE,2102
Mechlorethamine,2102
NSC-71423,2103
MEGESTROL ACETATE,2103
Megestrol acetate,2103
MEGLUTOL,2104
MEK1/2 Inhibitor,2105
NSC-8806,2106
MELPHALAN HYDROCHLORIDE,2106
Melphalan hydrochloride,2106
Melphalan ,2106
Melphalan,2106
"METAP2 INHIBITOR, A832234",2107
Metformin,2108
METFORMIN,2108
metformin,2108
Metformin hydrochloride,2108
MG-0103,2109
Mocetinostat (MGCD0103),2109
Mocetinostat,2109
MGCD0103,2109
MG-132,2110
MGCD-265,2111
MI-1,2112
MI-2,2113
MI-2 (Menin-MLL Inhibitor),2113
MI-219,2114
MI-773,2115
MIDOSTAURIN,2116
midostaurin/pkc412,2116
Midostaurin ,2116
Midostaurin,2116
PKC412,2116
MIM1,2117
"MIM1, MIM 1, MIM-1",2118
NSC19630,2119
MIRA-1,2119
Mirin,2120
MIRIN,2120
mirin,2120
mitomycin,2121
Mitomycin,2121
MITOMYCIN-C,2121
MITOMYCIN,2121
NSC-26980,2121
Mitomycin ,2121
Mitomycin C,2121
mitomycine,2121
Mitotane,2122
MITOTANE,2122
Mitotan,2122
NSC-38721,2122
Mitoxantrone dihydrochloride,2123
Mitoxantrone,2123
MITOXANTRONE,2123
NSC-279836,2123
Mitoxantrone hydrochloride,2123
Mitoxantrone 2HCl,2123
MJO5,2124
MK-0752,2125
MK0752,2125
Odanacatib (MK-0822),2126
MK-0822,2126
MK-2206,2127
mk2206,2127
MK-2206 2HCl,2127
mk-2206,2127
MK-2206 2HCL,2127
MK2206,2127
MK-2206 dihydrochloride,2127
MK-2461,2128
MK-2866 (GTx-024),2129
MK-4101,2130
MK-4305 (Suvorexant),2131
mk-4827,2132
MK-4827,2132
NIRAPARIB,2132
Niraparib,2132
MK-5108 (VX-689),2133
MK-5108,2133
mk-5108,2133
MK-591,2134
MK-8033,2135
MK-8033 ,2135
MK-8245,2136
MK-8669 ,2137
mk-8669,2137
Ridaforolimus,2137
MK-8745,2138
SCH-900776 ,2139
SCH900776,2139
MK-8776 (SCH 900776),2139
mk-8776,2139
MK-8776/ SCH900776,2139
MK-8776,2139
"MK-8776, SCH900776",2139
MK3102,2140
MK3697,2141
MK5046,2142
ML 210,2143
ML210,2143
ML-7-HCl,2144
ML006,2145
ML030,2146
ML031,2147
ML050,2148
ML083,2149
ML162,2150
ML214,2151
ML239,2152
ML258,2153
ML311,2154
ML312,2155
ML320,2156
ML323,2157
"ML323, GTPL7898, AOB2313,",2158
ML334 diastereomer,2159
ML390,2160
MLN2480,2161
MLN-2480,2161
MLN 2480,2161
Tovorafenib,2161
MLN-0905,2162
MLN120B,2163
MLN-120B,2163
PEVONEDISTAT,2164
MLN-4924,2164
MLN4924,2164
Pevonedistat,2164
pevonedistat,2164
Tandutinib,2165
MLN-518,2165
Tandutinib (MLN518),2165
tandutinib,2165
TANDUTINIB,2165
MLN-576,2166
MLN-8054,2167
MLN8054,2167
MLN9708,2168
MLN-9708,2168
MN-64,2169
MP-0922,2170
MPC-3100,2171
MPEP hydrochloride,2172
MPI-0479605,2173
MPS-1-IN-1,2174
MS002,2175
MS009,2176
MS010,2177
MS023 hydrochloride,2178
MS436,2179
MSDC-0160,2180
"TELOMERASE INHIBITOR IX, MST-312, MST 312, MST312",2181
MST-312,2181
myricetin,2182
MYRICETIN,2182
MYRIOCIN,2183
myriocin,2183
Macitentan,2184
Mafenide hydrochloride,2185
Magnolol,2186
Malathion,2187
Malotilate,2188
Maltose,2189
Manidipine,2190
Manidipine dihydrochloride,2190
Maprotiline hydrochloride,2191
Maraviroc,2192
Marbofloxacin,2193
Maribavir,2194
Marimastat,2195
Mebendazole,2196
Mebeverine hydrochloride,2197
Mebhydrolin napadisylate,2198
Mecamylamine hydrochloride ,2199
Mecarbinate,2200
Meclizine dihydrochloride,2201
Meclozine dihydrochloride,2201
Meclocycline sulfosalicylate salt,2202
Meclofenamate Sodium,2203
Meclofenamate,2203
Meclofenoxate hydrochloride,2204
Medrysone,2205
Mefenamic acid,2206
Mefloquine,2207
Mefloquine hydrochloride,2208
Megestrol,2209
Meglumine,2210
Melatonine,2211
Meloxicam,2212
Memantine hydrochloride,2213
Menadiol Diacetate,2214
Menadione,2215
Menatetrenone,2216
Mepacrine aq,2217
Mepenzolate Bromide,2218
Mephenesin,2219
Mepiroxol,2220
Mepivacaine hydrochloride,2221
Meptazinol hydrochloride,2222
Merbromin,2223
Merck60,2224
Meropenem,2225
Mertansine,2226
Mesalamine,2227
Mesna,2228
Mesoridazine Besylate,2229
Mesterolone,2230
Mestinon,2231
Metadoxine,2232
Metamizole magnesium,2233
Metaraminol bitartrate,2234
Metaxalone,2235
Metergoline,2236
Methacholine Chloride,2237
Methacycline hydrochloride,2238
Methazolamide,2239
Methimazole,2240
Methiothepin maleate,2241
Methocarbamol,2242
Methoxamine hydrochloride,2243
Methscopolamine,2244
Methyl hesperidin,2245
Methylcobalamin,2246
Methylene Blue trihydrate,2247
Methylprednisolone,2248
Methylprodnisolone Sodium Succinate,2249
Methylthiouracil,2250
Meticrane,2251
Metixene hydrochloride,2252
Metoclopramide hydrochloride,2253
Metolazone,2254
Metoprolol Succinate (ToprolX),2255
Metoprolol,2255
Metoprolol tartrate,2256
Metronidazole,2257
Metyrapone,2258
Mevastatin,2259
Mexenone,2260
Mexiletine hydrochloride,2261
Mianserin hydrochloride,2262
Mibefradil,2263
Miconazole nitrate,2264
Miconazole,2264
Midostaurin hydrate,2265
Mifepristone,2266
Miglitol,2267
Milbemycin oxime,2268
Milciclib,2269
Milciclib (PHA-848125),2269
Mildronate,2270
Milnacipran hydrochloride,2271
Milrinone,2272
Miltefosine,2273
Minaprine dihydrochloride,2274
Minocycline hydrochloride,2275
Minoxidil,2276
Mirabegron,2277
Mirdametinib,2278
pd325901,2278
PD 0325901,2278
PD-0325901,2278
PD0325901,2278
Mirtazapine,2279
Mitiglinide calcium,2280
Mivebresib,2281
Mizoribine,2282
Moclobemide,2283
Modafinil,2284
Modaline sulfate,2285
Moguisteine,2286
Molindone hydrochloride,2287
Molsidomine,2288
Mometasone furoate,2289
Monensin,2290
Monensin sodium salt,2291
Monobenzone,2292
Monocrotaline,2293
Montelukast sodium,2294
Montelukast,2294
Morantel tartrate,2295
Moroxydine hydrochloride,2296
Mosapride Citrate,2297
Motolimod,2298
Moxidectin,2299
Moxifloxacin hydrochloride,2300
Moxisylyte hydrochloride,2301
Moxonidine,2302
Mubritinib (TAK 165),2303
Mubritinib,2303
Mupirocin,2304
Myclobutanil,2305
Mycophenolate Mofetil,2306
Mycophenolate mofetil,2306
Mycophenolic acid,2307
N-Acetylneuraminic acid,2308
N-Sulfo-glucosamine sodium salt,2309
N9-isopropylolomoucine,2310
N9-ISOPROPYLOLOMOUCINE,2310
narciclasine,2311
NARCICLASINE,2311
NECROSTATIN-1,2312
necrostatin-1,2312
NECROSTATIN-7,2313
necrostatin-7,2313
NECROSTATIN­7,2313
NECROSULFONAMIDE,2314
necrosulfonamide,2314
NELARABINE,2315
Nelarabine ,2315
nelarabine,2315
Nelarabine,2315
NSC-686673,2315
NELFINAVIR MESYLATE,2316
Nelfinavir Mesylate,2316
neratinib,2317
Neratinib,2317
Neratinib (HKI-272),2317
NERATINIB,2317
NG-25,2318
Niclosamide,2319
NICLOSAMIDE,2319
niclosamide,2319
Nilotinib,2320
Nilotinib (AMN-107),2320
NSC-747599,2320
Nilotinib  ,2320
Nilotinib ,2320
nilotinib,2320
NILOTINIB,2320
Nitazoxanide,2321
NITAZOXANIDE,2321
NLG919,2322
NMS-873,2323
NPC-26,2324
NPK76-II-72-1,2325
NS 1619,2326
NSC23766(HYDROCHLORIDE),2327
NSC23766,2327
NSC 23766,2327
NSC 625987,2328
NSC 632839 HYDROCHLORIDE,2329
NSC632839,2329
NSC 652287,2330
S3I-201 (NSC 74859),2331
S31-201,2331
NSC 74859,2331
NSC95397,2332
NSC 95397,2332
Teniposide,2333
teniposide,2333
TENIPOSIDE,2333
NSC-122819,2333
paclitaxel,2334
NSC-125973,2334
Paclitaxel  ,2334
PACLITAXEL,2334
Paclitaxel,2334
Tamoxifen citrate,2335
NSC-180973,2335
TAMOXIFEN CITRATE,2335
"NSC-207895, XI-006",2336
Pentostatin,2337
NSC-218321,2337
PENTOSTATIN,2337
NSC-226080,2338
Rapamycin,2338
SIROLIMUS,2338
Sirolimus,2338
RAPAMYCIN,2338
rapamycin,2338
sirolimus,2338
Plicamycin,2339
PLICAMYCIN,2339
NSC-24559,2339
Valrubicin,2340
VALRUBICIN,2340
NSC-246131,2340
Pipobroman,2341
PIPOBROMAN,2341
NSC-25154,2341
oxaliplatin,2342
Oxaliplatin,2342
OXALIPLATIN,2342
NSC-266046,2342
Oxaliplatin  ,2342
NSC-319726,2343
URACIL MUSTARD,2344
Uracil mustard,2344
Uramustine,2344
NSC-34462,2344
temozolomide,2345
TMZ,2345
Temozolomide,2345
TEMOZOLOMIDE,2345
NSC-362856,2345
Temozolomide  ,2345
Vinblastine sulfate,2346
Vinblastine Sulfate,2346
Vinblastin,2346
VINBLASTINE,2346
VINBLASTINE SULFATE,2346
Vinblastine Sulfate  ,2346
Vinblastine,2346
vinblastine,2346
NSC-49842,2346
Vinblastine   ,2346
NSC-606869,2347
Vinorelbine,2348
VINORELBINE TARTRATE,2348
Vinorelbine tartrate,2348
Vinorelbine ,2348
NSC-608210,2348
vinorelbine,2348
VINORELBINE,2348
Vinorelbine ditartrate,2348
NSC-609699,2349
Topotecan HCl,2349
Topotecan ,2349
Topotecan hydrochloride,2349
TOPOTECAN,2349
topotecan,2349
Topotecan,2349
TOPOTECAN HYDROCHLORIDE,2349
THIOTEPA,2350
Thio-TEPA,2350
ThioTEPA,2350
NSC-6396,2350
Thiotepa,2350
Triethylenethiophosphoramide,2350
VINCRISTINE SULFATE,2351
Vincristine,2351
Vincristine Sulfate,2351
NSC-67574,2351
Vincristine   ,2351
vincristine,2351
VINCRISTINE,2351
Vincristine sulfate,2351
PEMETREXED,2352
Pemetrexed Disodium Hydrate,2352
Pemetrexed disodium,2352
NSC-698037,2352
Pemetrexed,2352
pemetrexed,2352
"Pemetrexed,",2352
vorinostat,2353
Vorinostat ,2353
"Vorinostat (SAHA, MK0683)",2353
Vorinostat  ,2353
vorinostat/saha,2353
NSC-701852,2353
VORINOSTAT,2353
zolinza,2353
Vorinostat,2353
NSC-712807,2354
NSC-721517,2355
Zoledronic Acid,2355
Zoledronic acid,2355
ZOLEDRONIC ACID,2355
Zoledronic acid monohydrate,2355
"ZOLEDRONATE, ZOLEDRONIC ACID, ZOMETA, RECLAST",2355
NSC-733504,2356
Sorafenib ,2357
sorafenib,2357
Sorafenib Tosylate,2357
Sorafenib tosylate,2357
SORAFENIB,2357
NSC-747971,2357
Sorafenib,2357
Raloxifene hydrochloride,2358
RALOXIFENE,2358
NSC-747974,2358
Raloxifene,2358
Sunitinib Malate  ,2359
Sunitinib,2359
NSC-750690,2359
Sunitinib malate,2359
SUNITINIB,2359
sunitinib,2359
Sunitinib Malate,2359
Sunitinib ,2359
NSC-753082,2360
Pralatrexate ,2361
NSC-754230,2361
Pralatrexate  ,2361
Pralatrexate,2361
PRALATREXATE,2361
VANDETANIB,2362
Vandetanib ,2362
Vandetanib,2362
Vandetanib (ZD6474),2362
ZD-6474,2362
NSC-760766,2362
vandetanib,2362
Vemurafenib (PLX-4032),2363
"Vemurafenib (PLX4032, RG7204)",2363
Vemurafenib  ,2363
vemurafenib,2363
NSC-761431,2363
VEMURAFENIB,2363
Vemurafenib ,2363
PLX-4032,2363
Vemurafenib,2363
Procarbazine hydrochloride,2364
Procarbazine,2364
PROCARBAZINE HYDROCHLORIDE,2364
PROCARBAZINE HCL,2364
Procarbazine ,2364
procarbazine,2364
NSC-77213,2364
STREPTOZOCIN,2365
NSC-85998,2365
Streptozocin,2365
NSC-87877,2366
NSC-9706,2367
TRIETHYLENEMELAMINE,2367
Triethylenemelamine,2367
NSC30930,2368
NSC319726,2369
NSC348884,2370
NSC48300,2371
NSI-189,2372
NU 1025,2373
NU6027,2374
NU-6027,2374
NVP-231,2375
NVP 231,2375
NVP LAQ824,2376
NVP-TAE684,2377
NVP TAE684,2377
TAE-684,2377
nvp-tae684,2377
TAE684,2377
NVP-BEP800,2378
NVP-BHG712,2379
NVP-BSK805,2380
NVP-BSK805 2HCl,2380
NVP-BVU972,2381
NVP-CGM097,2382
NVP-LGK974,2383
chir265,2384
NVP-RAF265,2384
RAF-265,2384
RAF265 (CHIR-265),2384
RAF265,2384
NVP-SHP099,2385
NXY-059,2386
Nabumetone,2387
Nadifloxacin,2388
Nadolol,2389
Nafamostat mesylate,2390
Naftifine hydrochloride,2391
Naftopidil,2392
Nalfurafine hydrochloride,2393
Nalidixic acid,2394
Nalidixic acid sodium salt,2394
Nalmefene hydrochloride,2395
Naloxone hydrochloride,2396
Naltrexone hydrochloride,2397
Nandrolone,2398
Nandrolone decanoate,2399
Napabucasin,2400
Naphazoline hydrochloride,2401
Naproxen sodium,2402
Naproxen,2402
Naringenin,2403
Naringin,2404
Naringin dihydrochalcone,2405
Nateglinide,2406
Nebivolol hydrochloride,2407
Necrostatin 2,2408
Nedaplatin,2409
Nefazodone hydrochloride,2410
Nefiracetam,2411
VX-745,2412
Neflamapimod,2412
VX 745,2412
Nefopam hydrochloride,2413
Neomycin Sulphate B ,2414
Neomycin sulfate,2415
Nepafenac,2416
Neratinib(HKI-272),2417
Netilmicin sulfate,2418
Nevirapine,2419
Nialamide,2420
Nicarbazin,2421
Nicardipine hydrochloride,2422
Nicorandil,2423
Nicotinamide,2424
Nicotine,2425
Nicotinic acid,2426
Nifedipine,2427
Nifekalant hydrochloride,2428
Nifenazone,2429
Niflumic acid,2430
Nifuratel,2431
Nifuroxazide,2432
Nigericin,2433
Niguldipine,2434
Nilutamide,2435
nilutamide,2435
Nilvadipine,2436
Nimesulide,2437
Nimodipine,2438
Nimorazole,2439
Nirogacestat,2440
Nisoldipine,2441
Nitarsone,2442
Nithiamide,2443
Nitisinone,2444
Nitrendipine,2445
Nitrofurantoin,2446
Nitroxoline,2447
Nizatidine,2448
Nocodazole,2449
Noctone,2450
Nonivamide,2451
Nonoxynol,2452
Noradrenaline bitartrate,2453
Noradrenaline bitartrate monohydrate,2454
Norethindrone,2455
Norethynodrel,2456
Norfloxacin,2457
Norgestrel,2458
Nortriptyline hydrochloride,2459
Noscapine hydrochloride,2460
Notoginsenoside R1,2461
Nutlin,2462
Nutlin3a,2463
Nylidrin hydrochloride,2464
Nystatin (Fungicidin),2465
O6-BG,2466
O-6-benzylguanine,2466
O-Acetyl-L-carnitine hydrochloride,2467
Obatoclax Mesylate,2468
OBATOCLAX,2468
obatoclax,2468
Obatoclax,2468
Obatoclax mesylate,2468
OC000459,2469
ODM-201,2470
OF-1,2471
OLIGOMYCIN A,2472
oligomycin A,2472
Rigosertib,2473
Rigosertib sodium,2473
Rigosertib (ON-01910),2473
ON-01910Na,2473
rigosertib,2473
RIGOSERTIB,2473
ONC201,2474
TIC10,2474
ONO-4059,2475
Tirabrutinib,2475
ONX-0801,2476
Pacritinib,2477
Pacritinib (SB1518),2477
ONX-0803,2477
ONX-0912  ,2478
Oprozomib (ONX 0912),2478
Oprozomib,2478
ONX-0914,2479
OSI-930,2480
OSI 930,2480
OSI-930 ,2480
OSI-027,2481
OSI-420,2482
OSU-03013,2483
OSW-1,2484
OT-674,2485
OTS-964,2486
OTSSP167,2487
OTS167,2487
Ouabain octahydrate,2488
Ouabain,2488
ouabain,2488
OUABAIN,2488
Obatoclax Mesylate (GX15-070),2489
Obeticholic Acid,2490
Ochromycinone,2491
Oclacitinib,2492
Octenidine,2493
Octisalate,2494
Octocrilene,2495
Octopamine hydrochloride,2496
Octreotide Acetate,2497
Octreotide acetate,2497
Ofloxacin,2498
Olanzapine,2499
Oleanolic Acid,2500
Oligomycin,2501
Olmesartan,2502
"Olmutinib (HM61713, BI 1482694)",2503
Olmutinib,2503
Olopatadine hydrochloride,2504
Olsalazine disodium,2505
Oltipraz,2506
Olutasidenib,2507
Omacetaxine ,2508
Omacetaxine,2508
Omacetaxine mepasuccinate,2509
Omaveloxolone,2510
Omecamtiv mecarbil (CK-1827452),2511
Omeprazole,2512
Omeprazole sulfide,2513
Ondansetron hydrochloride,2514
Onvansertib,2515
Opipramol dihydrochloride,2516
"TSU-68 (SU6668, Orantinib)",2517
SU-6668,2517
Orantinib,2517
Orbifloxacin,2518
Orciprenaline sulfate,2519
Orlistat,2520
Ornidazole,2521
Orotic acid,2522
Orphenadrine hydrochloride,2523
TAK-700,2524
Orteronel,2524
Osalmid,2525
Oseltamivir phosphate,2526
Ospemifene,2527
Osthole,2528
Otenabant (CP-945598) hydrochloride,2529
Otilonium bromide,2530
Oxacillin sodium,2531
Oxandrolone,2532
Oxantel Pamoate,2533
Oxaprozin,2534
Oxcarbazepine,2535
Oxeladin citrate,2536
Oxethazaine,2537
Oxfendazole,2538
Oxibendazole,2539
Oxiconazole nitrate,2540
Oxiniacic Acid,2541
Oxiracetam,2542
Oxolamine citrate,2543
Oxolinic acid,2544
Oxonic Acid,2545
Oxybenzone,2546
Oxybuprocaine hydrochloride,2547
Oxybutynin hydrochloride,2548
Oxybutynin,2548
Oxymetazoline hydrochloride,2549
Oxytetracycline (Terramycin),2550
Ozagrel,2551
Ozagrel hydrochloride,2551
P-0850,2552
P22077,2553
P276-00,2554
PAC 1,2555
PAC-1,2555
PAC1,2555
PD-0332991,2556
Palbociclib,2556
PD 0332991,2556
PALBOCICLIB,2556
palbociclib,2556
Palbociclib (PD-0332991) hydrochloride,2556
Palbociclib (PD0332991) Isethionate,2556
palmostatin B,2557
PALMOSTATIN B,2557
PAMBA,2558
parbendazole,2559
PARBENDAZOLE,2559
PARTHENOLIDE,2560
parthenolide,2560
Parthenolide,2560
PCI-0120,2561
PD153035,2562
PD 153035,2562
PD 166793,2563
PD 169316,2564
PD 180970,2565
PD 407824,2566
PD98059,2567
PD 98059,2567
PD-98059,2567
PD173074,2568
pd173074,2568
PD-173074,2568
PD123319,2569
PD168393,2570
PD173955,2571
PD318088,2572
PDGFR tyrosine kinase inhibitor IV,2573
PDMP,2574
Pelitinib (EKB-569),2575
PELITINIB,2575
Pelitinib,2575
PF 184,2576
PF-184,2576
PF-431396,2577
PF 431396,2577
PF-477736,2578
PF 477736,2578
PF-00477736,2578
PF477736,2578
PF-4800567 hydrochloride,2579
PF 4800567 HYDROCHLORIDE,2579
PF-4800567,2579
PF4800567,2579
PF 573228,2580
PF-573228,2580
PF 750,2581
PF-750,2581
pf562271,2582
PF-00562271,2582
PF-562271,2582
PF-03084014 diastereomer 1,2583
PF-03084014 diastereomer 2,2584
PF-03758309,2585
PF-3758309,2585
PF-03814735,2586
PF-04217903,2587
pf04217903,2587
PF-04691502,2588
PF-4708671,2589
PF-04708671,2589
PF-04929113,2590
PF-0528767,2591
PF-2545920,2592
PF-3845,2593
PF-4176340,2594
PF-4942847,2595
PF-5274857,2596
PF-543,2597
"SPHINGOSINE KINASE 1 INHIBITOR II, PF-543",2597
PF-670462,2598
PF670462,2598
PF06650833,2599
PFI-1,2600
PFI-3,2601
PFK-158,2602
PFK15,2603
PG66.33,2604
PH-797804,2605
PH797804,2605
PHA 408,2606
PHA-665752,2607
PHA-680632,2608
PHA-767491,2609
PHA-793887,2610
Phenformin hydrochloride,2611
Phenformin HCl,2611
PHENFORMIN,2611
Phenformin,2611
PHLORETIN,2612
phloretin,2612
PHT-427,2613
PI-103,2614
PI 103 HYDROCHLORIDE,2614
"PICOLINICI-ACID, PICOLINATE",2615
PIFITHRIN-MU,2616
pifithrin-mu,2616
PIFITHRIN­±,2617
pifithrin-alpha,2617
PIK 75,2618
PIK-75,2618
PIK 90,2619
PIK-293,2620
PIK-294,2621
PIK-93,2622
Pilaralisib,2623
"PILARALISIB, XL-147",2623
Pilaralisib (XL147),2623
XL-147,2623
PIM-447,2624
PIPERLONGUMINE,2625
piperlongumine,2625
PITSTOP2,2626
pitstop2,2626
PK-11195,2627
PKI-402,2628
PKM2 Activator 9,2629
PL-DI,2630
Plerixafor ,2631
Plerixafor,2631
PLERIXAFOR,2631
PLURIPOTIN,2632
pluripotin,2632
Pexidartinib,2633
PLX-3397,2633
PLX3397,2633
PLX4720,2634
PLX-4720,2634
plx4720,2634
PLX4032,2635
PLX7904,2636
PNU 282987,2637
PNU-74654,2638
PODOPHYLLOTOXIN,2639
Ponatinib,2640
Ponatinib ,2640
Ponatinib (AP24534),2640
PONATINIB,2640
PP-242,2641
Torkinib,2641
PP242,2641
PP-30,2642
PP1,2643
PP121,2644
PP2,2645
PQ 401,2646
PRI-724,2647
PRIMA-1,2648
PRIMA-1-Met,2649
PRL-3 INHIBITOR I,2650
PRL-3 inhibitor I,2650
PRL­3 INHIBITOR,2650
PRL-3 Inhibitor I,2650
PRM-123,2651
Prochlorperazine Maleate,2652
Prochlorperazine dimaleate,2652
prochlorperazine,2652
PROCHLORPERAZINE DIMALEATE,2652
PRT062607,2653
"PRT062607 (P505-15, BIIB057) hydrochloride",2653
"PRT062607 (P505-15, BIIB057) HCl",2654
PS-1145,2655
PS74.26,2656
PSI6206,2657
PT2385,2658
PTC-209,2659
purmorphamine,2660
PURMORPHAMINE,2660
PX 12,2661
PX-12,2661
PX-866,2662
Sonolisib,2662
PX866,2662
PX478 dihydrochloride,2663
PYR 41,2664
PYR-41,2665
PYRIDOSTATIN,2666
PYRIMETHAMINE,2667
Pyrimethamine,2667
Paeoniflorin,2668
Paeonol,2669
Paliperidone,2670
Palomid-529,2671
Palomid 529  (P529),2671
Palomid 529,2671
Palomid 529 (P529),2671
Palonosetron hydrochloride,2672
Pamidronate disodium salt,2673
Pancreatin,2674
Panthenol,2675
Pantoprazole Sodium Hydrate,2676
Papaverine hydrochloride,2677
Pardoprunox,2678
Parecoxib ,2679
Pargyline hydrochloride,2680
Pargyline,2680
Paromomycin Sulfate,2681
Paroxetine hydrochloride,2682
Paroxetine,2682
Pasiniazid,2683
Pasireotide (SOM230) ditrifluoroacetate,2684
Patchouli alcohol,2685
Pazufloxacin Mesylate,2686
Peficitinb,2687
Pefloxacin Mesylate,2688
Pefloxacin Mesylate Dihydrate,2688
Pelitrexol isomer A,2689
Pelitrexol isomer B,2690
Pemetrexed acid,2691
Pemetrexed aq,2692
Pemetrexed disodium salt,2693
Pemirolast potassium,2694
Pempidine,2695
Penciclovir,2696
Penfluridol,2697
penfluridol,2697
Penicillin G sodium salt,2698
Penicillin V potassium salt,2699
Penitrem A,2700
Pentamidine isethionate,2701
Pentetrazol,2702
Pentoxifylline,2703
Peptide [CRGDKGPDC - cys & cys bridge,2704
Peramivir Trihydrate,2705
Perhexiline maleate,2706
Perillyl alcohol,2707
Perindopril erbumine,2708
Permethrin,2709
Perphenazine,2710
Phenacetin,2711
Phenazopyridine hydrochloride,2712
Phenethyl alcohol,2713
Pheniramine maleate,2714
Phenolphthalein,2715
Phenothiazine,2716
Phenoxybenzamine hydrochloride,2717
Phentolamine mesilate,2718
Phenylbutazone,2719
Phenylephrine hydrochloride,2720
Phenylindione,2721
Phenytoin,2722
Phenytoin sodium,2722
Phlorizin,2723
Phosphoramide mustard,2724
Phthalylsulfacetamide,2725
Phthalylsulfathiazole,2726
Phylloquinone,2727
Vitamin K1,2727
Physostigmine Salicylate,2728
Piboserod(SB-207266),2729
Piceatannol,2730
Piceid,2731
Picropodophyllin (PPP),2732
Pidotimod,2733
Pifithrin_alpha,2734
Pikamilone,2735
Pimaricin,2736
Pimavanserin,2737
Pimecrolimus,2738
Pimobendan,2739
Pimozide,2740
Pindolol,2741
Pinocembrin,2742
Pioglitazone,2743
Pioglitazone hydrochloride,2743
pioglitazone,2743
Pipamperone,2744
Pipemidic acid,2745
Piperacetazine,2746
Piperacillin sodium salt,2747
Piperine,2748
Piperonyl butoxide,2749
Piracetam,2750
Pirarubicin hydrochloride,2751
Pirenzepine dihydrochloride,2752
Pirfenidone,2753
Piribedil,2754
Pirodavir,2755
Piroxicam,2756
Pitavastatin Ca,2757
Pitavastatin calcium,2757
Pixantrone dimaleate,2758
Pixantrone,2758
Pizotifen,2759
Pizotifen Malate,2759
Platin,2760
Plerixafor aq,2761
Plinabulin (NPI-2358),2762
Polymyxin B sulfate,2763
Pomalidomide,2764
Ponalrestat,2765
Ponesimod,2766
Posaconazole,2767
Potassium antimonyl tartrate sesquihydrate,2768
Potassium canrenoate,2769
Sulfogaiacol,2770
Potassium guaiacolsulfonate,2770
Potassium iodide,2771
Povidone-iodine (PVP-I),2772
Poziotinib (HM781-36B),2773
Poziotinib,2773
SB-939,2774
Pracinostat (SB939),2774
Pracinostat,2774
Pramipexole,2775
Pramiracetam,2776
Pramoxine hydrochloride,2777
Pranlukast,2778
Pranoprofen,2779
Prasugrel,2780
Pravastatin,2781
Pravastatin sodium,2781
Pravastatin aq,2782
Praziquantel,2783
Prazosin hydrochloride,2784
Prednisolone,2785
Prednisolone ,2785
Prednisolone phosphate sodium,2786
Prednisolone-21-acetate,2787
Prednisone,2788
Pregabalin,2789
Pregnenolone,2790
Prenylamine lactate,2791
Primaquine diphosphate,2792
Primidone,2793
Pritelivir (BAY 57-1293),2794
Proadifen hydrochloride,2795
Proanthocyanidins,2796
Probenecid,2797
Probucol,2798
Procainamide hydrochloride,2799
Procaine,2800
Procaine hydrochloride,2800
Procodazole,2801
Proflavine Hemisulfate,2802
Progesterone,2803
Proglumide,2804
Proguanil hydrochloride,2805
Promazine hydrochloride,2806
Promestriene,2807
Promethazine hydrochloride,2808
Promethazine,2808
Propafenone,2809
Propantheline bromide,2810
Proparacaine hydrochloride,2811
Propidium Iodide,2812
Propitocaine hydrochloride,2813
Propofol,2814
Propoxur,2815
Propranolol hydrochloride,2816
Propylthiouracil,2817
Protionamide,2818
Protocatechuic acid,2819
Protoporphyrin,2820
Protoporphyrin IX,2820
Protriptyline hydrochloride,2821
Prucalopride,2822
Psoralen,2823
Pterostilbene,2824
Puerarin (Kakonein),2825
Purvalanol A,2826
Pyrantel pamoate,2827
Pyrantel tartrate,2828
Pyrazinamide,2829
Pyridoclax,2830
Pyridoxine hydrochloride,2831
Pyridoxine,2831
Pyrilamine maleate,2832
Pyrithioxin,2833
pyrvinium pamoate,2834
Pyrvinium pamoate,2834
QL-VIII-58,2835
QL-X-138,2836
QL-XI-92,2837
QL-XII-47,2838
QL-XII-61,2839
QS 11,2840
qs11,2840
QS11,2840
QS-11,2841
QW-BI-011,2842
Quetiapine Fumarate,2843
Quetiapin,2843
Quinapril hydrochloride,2844
Quinestrol,2845
Quinidine hydrochloride,2846
Quinine,2847
R-(+)-Lansoprazole,2848
TIPIFARNIB,2849
tipifarnib,2849
R-115777,2849
Tipifarnib,2849
Tipifarnib ,2849
R-1530,2850
R406 (free base),2851
R-406,2851
tamatinib,2851
Tamatinib,2851
TAMATINIB (R406),2851
tamatinib/r406,2851
R406,2851
R-547,2852
R547,2852
R112,2853
R59022,2854
RD162,2855
regorafenib,2856
Regorafenib,2856
REGORAFENIB,2856
Regorafenib ,2856
Regorafenib (BAY 73-4506),2856
RG-108,2857
RO4929097 ,2858
RO4929097,2858
RG-4733,2858
RG-7112,2859
RG-7167,2860
RG-7603,2861
RG5.5,2862
RGB-286638 free base,2863
RGFP966,2864
RI-1,2865
RITA,2866
RKI-1447,2867
RN486,2868
Ro-3306,2869
RO-3306,2869
RO-5126766,2870
RO5126766,2870
Rofecoxib,2871
ROFECOXIB,2871
RS4.6,2872
RS6.4,2873
RSL3,2874
RTRAIL,2875
RU-SKI 43,2876
RU-SKI-43,2877
RU58841,2878
RXDX106,2879
Rebeprazole sodium,2880
Rabeprazole Related Compound E,2880
Racecadotril,2881
Ractopamine hydrochloride,2882
Radicicol,2883
Radotinib,2884
Raltegravir (MK-0518),2885
Raltegravir potassium,2885
Raltitrexed,2886
ZD-1694,2886
raltitrexed,2886
Ramatroban,2887
Ramelteon,2888
Ramipril,2889
Ranitidine,2890
Ranolazine dihydrochloride,2891
Ranolazine,2891
Rapamycin (Sirolimus),2892
Rasagiline,2893
Rebamipide,2894
Reboxetine,2895
Remoxipride Hydrochloride,2896
RepSox,2897
Repaglinide,2898
Repligen 136,2899
Resatorvid,2900
Reserpine,2901
Resiquimod,2902
Resminostat,2903
Resorcine,2904
Resveratrol,2905
Retigabine,2906
Retinol palmitate,2907
Retinyl acetate,2908
Revaprazan hydrochloride,2909
Ribavirin,2910
Riboflavin,2911
Ribostamycin sulfate,2912
"Ridaforolimus (Deforolimus, MK-8669)",2913
Rifabutin,2914
Rifampicin,2915
Rifapentine,2916
Rifaximin,2917
Rilpivirine,2918
Riluzole,2919
Rimantadine hydrochloride,2920
Rimcazole,2921
Rimonabant hydrochloride,2922
Rimonabant,2922
Ripasudil,2923
Risedronic Acid,2924
Risedronate Sodium,2924
Risperidal,2925
Ritodrine hydrochloride,2926
Ritonavir,2927
Rivaroxaban,2928
Rivastigmine tartrate,2929
Rizatriptan benzoate,2930
Ro 31-8220 Mesylate,2931
Ro 46-2005,2932
Ro-28-1675,2933
Ro3280,2934
Robatumumab,2935
Robenidine hydrochloride,2936
Rocuronium bromide,2937
Roflumilast,2938
Rolipram,2939
Roniacol,2940
Ronidazole,2941
Ropinirole hydrochloride,2942
Ropivacaine hydrochloride,2943
Rosiglitazone,2944
Rosiglitazone maleate,2944
Rosmarinic acid,2945
Rostafuroxin(PST 2238),2946
Rosuvastatin calcium,2947
Rosuvastatin,2947
Rotenone,2948
rotenone,2948
"Rotundine, TETRAHYDROPALMATINE HYDROCHLORIDE",2949
Roxarsone,2950
Roxatidine Acetate hydrochloride,2951
Roxithromycin,2952
Rufinamide,2953
Rupatadine Fumarate,2954
Rutin,2955
Ruxolitinib (INCB-18424) phosphate,2956
S-49076,2957
S-63845,2958
S-Isocorydine(+),2959
S-Ruxolitinib (INCB018424),2960
S-TRITYL-L-CYSTEINE,2961
S-trityl-L-cysteine,2961
Sabutoclax,2962
"SABUTOCLAX, BI-97C1",2962
salermide,2963
SALERMIDE,2963
SALICOSIDE,2964
SALUBRINAL,2965
Salubrinal,2965
SANT-1,2966
SAR-125844,2967
SAR131675,2968
SAR245409 (XL765),2969
SAR405838,2970
SAVOLITINIB,2971
SB 202190,2972
SB-202190,2972
SB202190,2972
SB202190 (FHPI),2972
SB203580,2973
SB-203580,2973
SB 203580,2973
SB216763,2974
SB-216763,2974
SB 216763,2974
SB 218078,2975
SB-225002,2976
SB 225002,2976
SB-431542,2977
SB 431542,2977
SB-431542 ,2977
SB431542,2977
SB-505124,2978
SB505124,2978
SB 505124,2978
SB 742457,2979
SB-743921,2980
SB 743921,2980
SB743921,2980
SB-1317,2981
SB-1578,2982
SB-239063,2983
SB239063,2983
SB-525334,2984
SB525334,2984
SB-590885,2985
SB590885,2985
SB1317,2986
SB218078,2987
SB415286,2988
SB52334,2989
SC-1,2990
SC-514,2991
SC1,2992
SCH-529074,2993
SCH 529074,2993
VORAPAXAR,2994
vorapaxar,2994
Vorapaxar sulfate,2994
SCH 530348,2994
SCH 79797 DIHYDROCHLORIDE,2995
SCH-79797,2995
SCH-1473759,2996
"SCH772984, CS-1421",2997
SCH772984,2997
SCV-07,2998
SD 169,2999
SD 208,3000
SD-208,3000
SDM25N HCl,3001
SEN-450,3002
SF2523,3003
SGC0946,3004
SGC 0946,3004
SGC-CBP30,3005
SGI-1027,3006
SGI-1776 free base,3007
SGI-1776,3007
SGI-7079,3008
SGX-523,3009
SH-4-54,3010
Shikonin,3011
SHIKONIN,3011
SID 2668150,3012
SID 26681509,3013
Sildenafil,3014
Sildenafil citrate,3014
sildenafil,3014
SILDENAFIL,3014
Simvastatin,3015
SIMVASTATIN,3015
simvastatin,3015
SINULARIN,3016
sitagliptin,3017
SITAGLIPTIN,3017
Sitagliptin,3017
SJ 172550,3018
SJ-172550,3019
SKF-96365,3020
SKI-II,3021
SKI II,3021
SL-0101,3022
SL 0101-1,3022
SL-327,3023
SMER 3,3024
SMER-3,3024
SMI-4a,3025
pim-1 4a,3025
SNS-314 Mesylate,3026
sns314,3026
SNS-314,3026
SNS-595; SPC-595,3027
SNX-2112,3028
SNX-2112:bortezomib (250:1 mol/mol),3029
spautin-1,3030
SPAUTIN 1,3030
SR1001,3031
SR 1001,3031
SR 8278,3032
SR8278,3032
SR-13654,3033
SR-II-138A,3034
SR9011,3035
SRT-1720,3036
SRT1720,3036
SSR128129E,3037
ST-3595,3038
STA-21,3039
STF 31,3040
STF-31,3040
STF-62247,3041
STO609,3042
SU 11274,3043
SU11274,3043
SU 6656,3044
su6656,3044
SU6656,3044
SU-11274,3045
SU11652,3046
SU14813,3047
SU9516,3048
SULFISOMIDINE,3049
SULTAMICILLIN TOSYLATE,3050
SYK Inhibitor,3051
SZ4TA2,3052
Saikosaponin A,3053
Salbutamol,3054
Salicylamide,3055
Salicylanilide,3056
Sodium salicylate,3057
Salicylic acid,3057
Salinomycin,3058
Salmeterol,3059
Salvianolic acid B,3060
Sanguinarine chloride,3061
Sarafloxacin hydrochloride,3062
Sasapyrine,3063
Saxagliptin hydrate,3064
Schisandrin,3065
Schisandrin B,3066
Schisandrin B (Sch B),3067
Scoparone,3068
Scopolamine HBr,3069
Scopolamine HBr trihydrate,3070
Scopolamine N-oxide HBr,3071
Scopolamine butylbromide,3072
Scopoletin,3073
Secnidazole,3074
Selamectin,3075
Selenomethionine,3076
Selexipag(NS-304),3077
Selinexor,3078
Selitrectinib,3079
Selonsertib,3080
Selpercatinib,3081
Semaxanib (SU5416),3082
Semaxanib,3082
Semaxinib(SU 5416),3083
Semicarbazide hydrochloride,3084
Senexin B,3085
Sennoside A,3086
YM-155,3087
YM155 (SEPANTRONIUM BROMIDE),3087
Sepantronium bromide,3087
YM155,3087
ym155,3087
Serabelisib,3088
Seratrodast,3089
Serotonin hydrochloride,3090
Sertindole,3091
Sertraline,3092
Sertraline hydrochloride,3092
Silibinin,3093
Silodosin,3094
Sulfadiazine,3095
Silver sulfadiazine,3095
Silymarin,3096
Simvastin,3097
Sinomenine hydrochloride,3098
Sisomicin Sulfate,3099
Sitravatinib,3100
skepinone-L,3101
Skepinone-L,3101
Sodium Aescinate,3102
Sodium Nitroprusside,3103
Sodium Phenylbutyrate,3104
"Sodium [(2,3-dihydro-1,5-dimethyl-3-oxo-2-phenyl-1H-pyrazol-4-yl)methylamino]methanesulfonate",3105
Sodium butanoate,3106
Sodium cromoglycate,3107
Sodium montmorillonite,3108
Sodium nitrite,3109
Sodium picosulfate monohydrate,3110
Sodium tauroglycocholate,3111
Solifenacin succinate,3112
Solithromycin ,3113
Sophoricoside,3114
Sotalol hydrochloride,3115
Sparfloxacin,3116
Spectinomycin dihydrochloride,3117
Spectinomycin dihydrochloride pentahydrate,3117
Spermine,3118
Spiculisporic Acid,3119
Spiperone,3120
Spiramycin,3121
Stanozolol,3122
Stattic,3123
Stavudine,3124
StemRegenin 1,3125
Stevioside,3126
Streptomycin sulfate,3127
Strontium ranelate,3128
Strychnine,3129
Stugeron,3130
Subasumstat,3131
Succimer,3132
Succinic acid,3133
Succinylsulfathiazole ,3134
Sucralfate,3135
Sulbactam,3136
Sulbentine,3137
Sulfabenzamide,3138
Sulfacetamide sodium,3139
Sulfadimethoxine,3140
Sulfadoxine,3141
Sulfaguanidine,3142
Sulfalen,3143
Sulfamerazine,3144
Sulfameter,3145
Sulfamethazine,3146
Sulfamethazine sodium salt,3146
Sulfamethizole,3147
Sulfamethoxazole,3148
Sulfamethoxypyridazine,3149
Sulfamonomethoxine,3150
Sulfanilamide,3151
Sulfanilylurea,3152
Sulfapyridine,3153
Sulfaquinoxaline,3154
Sulfaquinoxaline sodium,3154
Sulfasalazine,3155
Sulfathiazole,3156
Sulfinpyrazone,3157
Sulfisoxazole,3158
Sulindac,3159
Sulisobenzone,3160
Sulmazole,3161
Suloctidil,3162
Sulphadione,3163
Sulpiride,3164
Sumatriptan succinate,3165
Suplatast tosilate,3166
Suramin Sodium Salt,3167
Swertiamarin,3168
Synephrine,3169
Synergin,3170
T-5345967,3171
T-oligo,3172
t0901317,3173
T0901317,3173
Tacrolimus (FK506),3174
TACROLIMUS,3174
Tacrolimus,3174
tacrolimus,3174
TAE226 (NVP-TAE226),3175
TAE226,3175
TAK Plk inhibitor,3176
TAK-063,3177
TAK-285,3178
TAK-438(Vonoprazan fumarate),3179
TAK-441,3180
TAK-530,3181
TAK632,3182
TAK-632,3182
TAK-715,3183
TAK-733,3184
TAK901,3185
TAK-901,3185
TAK-960,3186
TAK-960 analog,3187
TAK875,3188
tamoxifen,3189
Tamoxifen ,3189
Tamoxifen,3189
TAMOXIFEN,3189
TAS-301,3190
TCS 2312,3191
TCS 359,3192
TDZD-8,3193
TED-347,3194
TEMSIROLIMUS,3195
Temsirolimus,3195
temsirolimus,3195
Temsirolimus ,3195
tenovin-6,3196
TENOVIN-6,3196
TEW-7197,3197
TG100-115,3198
TG-100-115,3198
TG003,3199
TG101209,3200
Umbralisib,3201
TGR-1202,3201
TGX 221,3202
TGX221,3202
TGX-221,3202
TGX-115,3203
TH588,3204
Thapsigargin,3205
THAPSIGARGIN,3205
THZ-1-87,3206
THZ-2-102-1,3207
THZ-2-49,3208
THZ1,3209
THZ2,3210
TIC10 Analogue,3211
TIC 10,3211
Tigecycline,3212
tigecycline,3212
TIGECYCLINE,3212
TIPIFARNIB (S ENANTIOMER),3213
TK216,3214
TL-1-85,3215
TL-2-105,3216
TLK-199,3217
TMP269,3218
TOLFENAMIC ACID,3219
Torin 2,3220
TORIN-2,3220
Tosedostat,3221
TOSEDOSTAT,3221
tosedostat,3221
tozasertib/vx680,3222
TOZASERTIB,3222
VX-680,3222
tozasertib,3222
"VX-680 (Tozasertib, MK-0457)",3222
Tozasertib,3222
Tozasertib (VX-680),3222
TPCA-1,3223
TPX-0005,3224
TRAM-34,3225
TRICHOSTATIN A,3226
Trichostatin A,3226
TRICHOSTATIN-A,3227
TRICIRIBINE,3228
Triciribine,3228
TRIFLUOPERAZINE,3229
Trifluoperazine dihydrochloride,3229
trifluoperazine,3229
Triptolide,3230
triptolide,3230
TRIPTOLIDE,3230
TTNBP,3231
Tubastatin A,3232
TUBASTATIN A,3232
tubastatin A,3232
TW 37,3233
TW-37,3233
TWS119,3234
TWS-119,3234
Tacrine hydrochloride hydrate,3235
Talc,3236
Talmapimod,3237
Tamibarotene,3238
"Tamoxifen, citrate",3239
Tamsulosin hydrochloride,3240
Tanshinone I,3241
Tanshinone IIA,3242
Tanshinone IIA-sulfonic sodium,3243
Tanzisertib,3244
Tapentadol hydrochloride,3245
Taprenepag,3246
Tarenflurbil,3247
Targegen B-Raf/PDGFR inhibitor Cpd 6,3248
Tasocitinib,3249
cp690550,3249
Tofacitinib,3249
"Tofacitinib (CP-690550,Tasocitinib)",3249
Tofacitinib (CP-690550),3249
Tasquinimod,3250
Taurine,3251
Taurocholic acid sodium salt hydrate,3252
Tauroursodeoxycholic Acid,3253
Tazarotene,3254
Tazobactam,3255
Tazobactam acid,3255
Tegafur,3256
"Tegafur (FT-207, NSC 148958)",3257
Teicoplanin,3258
Telaprevir (VX-950),3259
Telatinib,3260
Telbivudine,3261
Telmisartan,3262
"Temsirolimus (CCI-779, NSC 683864)",3263
Tenofovir,3264
Tenovin-6 derivat A,3265
Tenovin-6 derivat B,3266
Tenoxicam,3267
Teprotumumab,3268
Terazosin hydrochloride,3269
Terbinafine hydrochloride,3270
Terbutaline Sulfate,3271
Terconazole,3272
Terfenadine,3273
Teriflunomide,3274
Terpin Monohydrate,3275
Terreic acid,3276
XL-647,3277
Tesevatinib,3277
Testosterone,3278
Testosterone Enanthate,3279
Testosterone Phenylpropionate,3280
Testosterone propionate,3281
Tetrabenazine,3282
Tetracaine hydrochloride,3283
Tetracycline,3284
Tetracycline hydrochloride,3284
Tetraethylenepentamine Pentahydrochloride,3285
Tetrahydropalmatine hydrochloride,3286
Tetryzoline,3287
Tetrahydrozoline hydrochloride,3287
Tetramisole hydrochloride,3288
Tetrandrine,3289
Theobromine,3290
Theophylline-7-acetic acid,3291
Thiabendazole,3292
Thiamine hydrochloride,3293
Thiamphenicol,3294
Thiazovivin,3295
Thimerosal,3296
Thioctamide,3297
Thioctic acid,3298
Thioguanosine,3299
Thioproline,3300
Thioproperazine dimesylate,3301
Thioridazine hydrochloride,3302
Thiostrepton,3303
Thymopentin,3304
Tiagabine,3305
Tianeptine sodium,3306
Tiapride hydrochloride,3307
Ticagrelor,3308
Ticarcillin disodium,3309
Ticlopidine hydrochloride,3310
tideglusib,3311
Tideglusib,3311
Tie2 kinase inhibitor,3312
Tiletamine hydrochloride,3313
Tilmicosin,3314
Tilorone dihydrochloride,3315
Timolol Maleate,3316
Tinidazole,3317
Tiopronin,3318
Tiotropium bromide,3319
Tioxolone,3320
Tipiracil hydrochloride,3321
Tiplaxtinin(PAI-039),3322
Tiratricol,3323
Tirofiban hydrochloride monohydrate,3324
Tizanidine hydrochloride,3325
Tizoxanide,3326
ToM,3327
Tobramycin,3328
Tofacitinib (CP-690550) Citrate,3329
Tofacitinib citrate,3329
Tolazamide,3330
Tolazoline hydrochloride,3331
Tolbutamide,3332
Tolmetin,3333
Tolnaftate,3334
Tolperisone hydrochloride,3335
Tolterodine tartrate,3336
Toltrazuril,3337
Tolvaptan,3338
Topiramate,3339
Topiroxostat,3340
Toradol,3341
Torasemide,3342
Torcetrapib,3343
Toremifene,3344
Toremifene citrate,3345
Torezolid,3346
Trabectedin,3347
Tranilast,3348
Trans-Tranilast,3348
Trans-Anethole,3349
Tranylcypromine (2-PCPA) hydrochloride,3350
Trapidil,3351
Trazodone hydrochloride,3352
Trelagliptin,3353
Trelagliptin succinate,3353
Triacetin,3354
Triamcinolone,3355
Triamcinolone acetonide,3356
Trichlormethiazide,3357
Triclabendazole,3358
Triclosan,3359
Triflupromazine hydrochloride,3360
Trifluridine,3361
Triflusal,3362
Trilostane,3363
Trimebutine,3364
Trimebutine maleate,3364
Trimeprazine tartrate,3365
Trimetazidine dihydrochloride,3366
Trimethadione,3367
Trimethoprim,3368
Trimetozine,3369
Trimipramine maleate,3370
Tripelennamine hydrochloride,3371
Triprolidine hydrochloride,3372
Trometamol,3373
Tropicamide,3374
Tropisetron hydrochloride,3375
Trospium chloride,3376
Troxerutin,3377
Troxipide,3378
Tubacin,3379
Tucidinostat,3380
Tulobuterol hydrochloride,3381
Tylosin tartrate,3382
Tylosin,3382
Tyloxapol,3383
Tyrosine,3384
Tyrothricin,3385
Tyrphostin 25,3386
Tyrphostin 47,3387
Tyrphostin 9,3388
Tyrphostin AG 1295,3389
Tyrphostin AG 1296,3390
Tyrphostin AG 879,3391
U73122,3392
u73122,3392
U 73122,3392
U-0126,3393
U0126,3393
U0126-EtOH,3393
UCN-01,3394
UM729,3395
"UMI-77, UMI 77",3396
UMI-77,3396
UNBS-5162,3397
UNC0638,3398
UNC-0638,3398
UNC 0638,3398
UNC0321,3399
UNC0638:navitoclax (1:1 mol/mol),3400
UNC0642,3401
UNC1215,3402
UNC2881,3403
Uprosertib,3404
Uprosertib (GSK2141795),3404
UPROSERTIB,3404
URB597,3405
URMC-099,3406
Ubenimex,3407
Ulipristal acetate,3408
Upadacitinib,3409
Uracil,3410
Urapidil,3411
Urea,3412
Urethane,3413
Uridine ,3414
Uridine,3414
Ursodeoxycholic acid,3415
ursolic acid,3416
Ursolic acid,3416
VAF-347,3417
Valdecoxib,3418
VALDECOXIB,3418
valdecoxib,3418
VE-821,3419
VE821,3419
"VENOTOCLAX, ABT-199, VENECLEXTA, GDC-0199",3420
VER 155008,3421
VER-155008,3421
VER-49009,3422
VGX-1027,3423
VLX1570,3424
VLX-1570,3424
VNLG/124,3425
XL765,3426
Voxtalisib,3426
XL-765,3426
VOXTALISIB,3426
VPS34-IN1,3427
VS-4718,3428
VS-507,3429
VS-5584 (SB2343),3430
VS-5584,3430
VU0155056,3431
VX-11e ,3432
VX-11E,3432
VX-11e,3432
VX-322,3433
vx702,3434
VX-702,3434
VX661,3435
Vacquinol-1,3436
Vagistat,3437
Vakuinol-1,3438
Valacyclovir hydrochloride,3439
Valproic acid,3440
Valerin,3440
Valethamate bromide,3441
Valganciclovir hydrochloride,3442
Valinomycin,3443
Valpramide,3444
Valproic acid aq,3445
Valsartan,3446
Vanatone,3447
Vancomycin hydrochloride,3448
Vanillin,3449
Vardenafil,3450
Vardenafil hydrochloride Trihydrate,3450
Varenicline Tartrate,3451
Varespladib (LY315920),3452
Varespladib,3452
Varlitinib,3453
Vecuronium bromide,3454
Velpatasvir,3455
Vemurafenib + Cobimetinib,3456
Venlafaxine hydrochloride,3457
Verapamil hydrochloride,3458
Verdinexor,3459
Verdinexor (KPT-335),3460
Verteporfin ,3461
Vertex ATR inhibitor Cpd 45,3462
Vesatolimod,3463
Vidarabine,3464
Vidofludimus,3465
Vidofludimus(4SC-101; SC12267),3465
Vigabatrin,3466
Vigabatrin Hydrochloride,3466
Vilazodone,3467
Vildagliptin (LAF-237),3468
Vincamine,3469
Vincristine sulfate salt,3470
Vindesine,3471
Vinflunine,3472
Vinorelbinetartrate,3473
Vinpocetine,3474
Vipadenant,3475
Vitamin D2,3476
Vitamin E,3477
Vitamin E Acetate,3478
Vorasidenib,3479
Voriconazole,3480
Vortioxetine (Lu AA21004) HBr,3481
Vortioxetine,3481
WAY-100635 Maleate,3482
WAY-181187(SAX-187),3483
WAY-362450,3484
WAY-600,3485
WEHI-539,3486
"WEHI-539, WEHI539",3487
WH-4-023,3488
WHI-P131,3489
WHI-P154,3490
"WHI-P97, KIN001-055",3491
WIKI4,3492
Wnt-C59,3493
Wnt-C59 (C59),3493
WNT-C59,3493
WP-1034,3494
WP1066,3495
WT-161,3496
WY-14643 (Pirinixic Acid),3497
WYE-125132 (WYE-132),3498
WYE-125132,3498
WYE-354,3499
"WZ-1-84, KIN001-123",3500
WZ4002,3501
WZ-4002,3501
WZ3105,3502
WZ3146,3503
WZ4003,3504
WZ8040,3505
Warfarin sodium,3506
Warfarin,3506
Wee1 Inhibitor,3507
Wnt agonist 1,3508
Wortmannin,3509
XAV 939,3510
XAV-939 ,3510
XAV939,3510
XAV-939,3510
xav939,3510
XK-469,3511
XL-019,3512
XL019,3512
XL-541,3513
XL-888,3514
XL147,3515
xl147,3515
XL147 analogue,3515
XL388,3516
XMD 8-87,3517
XMD11-85H,3518
XMD13-2,3519
XMD14-99,3520
XMD15-27,3521
XMD8-85,3522
XMD8-92,3523
XR-5000,3524
XR-5944,3525
Xanthohumol,3526
Xentuzumab,3527
Xylazine hydrochloride,3528
Xylitol,3529
Xylometazoline hydrochloride,3530
Y-27632,3531
Y-27632 2HCl,3531
Y-39983,3532
Y39983,3533
YC-1,3534
YK-4-279,3535
YK 4-279,3535
YL54,3536
YM-201636,3537
YM201636,3537
YM 201636,3537
Yohimbine hydrochloride,3538
"Z-LLNLE-CHO, Z-L-NORLEUCINE-CHO",3539
ZD,3540
ZEBULARINE,3541
Zebularine,3541
zebularine,3541
ZG-10,3542
ZIBOTENTAN,3543
Zibotentan,3543
"ZK-811752, BX-471",3544
ZM 306416,3545
ZM 323881,3546
ZM 323881 HCl,3546
ZM336372,3547
ZM-336372,3547
ZM 336372,3547
zm336372,3547
ZM 39923 HCl,3548
ZM 39923,3548
ZM-447439,3549
ZM 447439,3549
ZM447439,3549
ZSTK474,3550
ZSTK-474,3550
Zafirlukast,3551
Zalcitabine,3552
Zaltoprofen,3553
Zanamivir,3554
Zidovudine,3555
Zileuton,3556
Zinc bacitracin,3557
Zinc pyrithione,3558
Zinc undecylenate,3559
Ziprasidone hydrochloride,3560
Ziprasidone hydrochloride monohydrate,3560
Ziprasidone,3560
Ziprasidone  Hydrochloride,3560
Zolendronic acid,3561
Zolmitriptan,3562
Zolpidem,3563
Zomepirac Sodium,3564
Zonisamide,3565
Zopiclone,3566
Zosuquidar trihydrochloride,3567
Zosuquidar,3567
Zotarolimus,3568
Zotarolimus(ABT-578),3569
Zotatifin,3570
Zotepine,3571
Zoxazolamine,3572
alisertib:navitoclax (2:1 mol/mol),3573
austocystin D,3574
avicin D,3575
avrainvillamide,3576
batimastat,3577
bi78d3,3578
bid1870,3579
bistramide A,3580
carboplatin:UNC0638 (2:1 mol/mol),3581
carboplatin:etoposide (40:17 mol/mol),3582
cerivastatin,3583
chaetocin,3584
chlophenadione,3585
cis-Anethol,3586
compound 1B,3587
crizotinib:PLX-4032 (2:1 mol/mol),3588
cyanoquinoline 11,3589
dBET1,3590
decitabine:carboplatin (1:1 mol/mol),3591
decitabine:navitoclax (2:1 mol/mol),3592
deltarasin,3593
docetaxel:tanespimycin (2:1 mol/mol),3594
dovitinib/chir-258,3595
doxorubicin:navitoclax (2:1 mol/mol),3596
enantiomer of PF-4176340,3597
erlotinib:PLX-4032 (2:1 mol/mol),3598
ex527,3599
fatostatin,3600
fumagillol,3601
gefetinib,3602
gsk0660,3603
gw0742,3604
gw9662,3605
hif-1i,3606
isoleucine,3607
isonicotinohydroxamic acid,3608
jnk5a,3609
kahalalide F,3610
kinetin riboside,3611
l778123,3612
l779450,3613
leucascandrolide A,3614
lovastatin acid,3615
lsn415169,3616
methylstat,3617
mitomicyn,3618
mk-4541,3619
mrk-003,3620
mrtx1133,3621
musc,3622
musc_zd,3623
nafcillin sodium,3624
nakiterpiosin,3625
navitoclax:MST-312 (1:1 mol/mol),3626
navitoclax:PLX-4032 (1:1 mol/mol),3627
navitoclax:birinapant (1:1 mol/mol),3628
navitoclax:gemcitabine (1:1 mol/mol),3629
navitoclax:piperlongumine (1:1 mol/mol),3630
navitoclax:pluripotin (1:1 mol/mol),3631
navitoclax:sorafenib (1:1 mol/mol),3632
neopeltolide,3633
p-Coumaric acid,3634
p38 MAP Kinase Inhibitor,3635
pandacostat,3636
peptide R18 (14-3-3 antagonist),3637
piperlongumine:MST-312 (1:1 mol/mol),3638
prm-116,3639
prm-122,3640
quinoclamine,3641
rki983,3642
salermide:PLX-4032 (12:1 mol/mol),3643
selumetinib:BRD-A02303741 (4:1 mol/mol),3644
selumetinib:GDC-0941 (4:1 mol/mol),3645
selumetinib:JQ-1 (4:1 mol/mol),3646
selumetinib:MK-2206 (8:1 mol/mol),3647
selumetinib:PLX-4032 (8:1 mol/mol),3648
selumetinib:UNC0638 (4:1 mol/mol),3649
selumetinib:decitabine (4:1 mol/mol),3650
selumetinib:navitoclax (8:1 mol/mol),3651
selumetinib:piperlongumine (8:1 mol/mol),3652
selumetinib:tretinoin (2:1 mol/mol),3653
selumetinib:vorinostat (8:1 mol/mol),3654
serdemetan:SCH-529074 (1:1 mol/mol),3655
sirolimus:bortezomib (250:1 mol/mol),3656
sotorasib,3657
sparfosic acid,3658
srci1,3659
stibogluconate,3660
tanespimycin/17-aag,3661
tanespimycin:bortezomib (250:1 mol/mol),3662
tanespimycin:gemcitabine (1:1 mol/mol),3663
tcs401,3664
tie2i,3665
tipifarnib-P1,3666
tipifarnib-P2,3667
tretinoin:carboplatin (2:1 mol/mol),3668
tretinoin:navitoclax (4:1 mol/mol),3669
triacsin C,3670
triazolothiadiazine,3671
trifluridine-tipiracil,3672
ubistatin B,3673
vasastrol,3674
vorinostat:carboplatin (1:1 mol/mol),3675
vorinostat:navitoclax (4:1 mol/mol),3676
withaferin,3677
wnti,3678
